question_text,option_a,option_b,option_c,option_d,,correct_answer,quiz_test_id,created_at
Community health nursing is primarily focused on:,Individual patient care in hospitals,Health promotion and disease prevention for populations,Surgical interventions,Pharmaceutical research,b,B,79,16-07-2025 14:32
The primary goal of community health nursing is to:,Cure diseases in individuals,Improve the health of the entire community,Administer medications,Conduct medical diagnoses,a,A,79,16-07-2025 14:32
Which of the following is a core function of community health nursing?,Providing acute care,Conducting home visits for health assessment and education,Performing complex surgeries,Managing hospital admissions,d,D,79,16-07-2025 14:32
"The term ""community"" in community health nursing refers to:",A group of people living in the same geographical area,A group of people with shared interests or characteristics,Both a and b,Only healthcare professionals,a,A,79,16-07-2025 14:32
Primary healthcare emphasizes:,High-tech medical procedures,"Accessible, affordable, and community-oriented healthcare",Specialized hospital care,Emergency medical services,b,B,79,16-07-2025 14:32
The Alma-Ata Declaration (1978) is significant in community health because it:,Established the concept of universal health insurance,"Advocated for primary healthcare as the key to achieving ""Health for All""",Focused on disease eradication through vaccination,Promoted private healthcare systems,d,D,79,16-07-2025 14:32
Which of the following is a principle of primary healthcare?,Centralized decision-making,Community participation,Focus on curative services only,High-cost technology,b,B,79,16-07-2025 14:32
Health education in community health nursing aims to:,Dictate health behaviors,Empower individuals and communities to make informed health decisions,Provide medical treatment,Conduct research on diseases,b,B,79,16-07-2025 14:32
Epidemiology is the study of:,Individual patient symptoms,"The distribution and determinants of health-related states or events in specified populations, and the application of this study to the control of health problems",Surgical techniques,Drug development,b,B,79,16-07-2025 14:32
The incidence rate in epidemiology refers to:,The total number of existing cases of a disease in a population at a specific time,The number of new cases of a disease in a population over a specified period,The proportion of deaths due to a specific disease,The average duration of a disease,d,D,79,16-07-2025 14:32
The prevalence rate in epidemiology refers to:,The number of new cases of a disease in a population over a specified period,The total number of existing cases of a disease in a population at a specific time,The rate of recovery from a disease,The number of people susceptible to a disease,b,B,79,16-07-2025 14:32
"A ""risk factor"" in epidemiology is:",A protective factor against disease,"A characteristic, condition, or behavior that increases the likelihood of developing a disease or injury",A definitive cause of disease,A treatment for a disease,d,D,79,16-07-2025 14:32
Which of the following is an example of a modifiable risk factor?,Age,Genetic predisposition,Smoking,Gender,a,A,79,16-07-2025 14:32
"The ""natural history of disease"" describes:","The progression of a disease in an individual over time, from exposure to resolution, without intervention",The history of medical treatments for a disease,The geographical distribution of a disease,The genetic basis of a disease,b,B,79,16-07-2025 14:32
Levels of prevention in public health include:,"Primary, secondary, and tertiary",Only primary,Only secondary,Only tertiary,d,D,79,16-07-2025 14:32
Primary prevention aims to:,Detect disease early,Prevent the onset of disease or injury,Reduce the impact of an existing disease,Provide rehabilitation,b,B,79,16-07-2025 14:32
An example of primary prevention is:,Cancer screening,Vaccination,Physical therapy after a stroke,Dialysis for kidney failure,b,B,79,16-07-2025 14:32
Secondary prevention aims to:,Prevent the onset of disease,Detect and treat disease early to prevent progression or complications,Reduce the impact of an existing disease,Provide rehabilitation,a,A,79,16-07-2025 14:32
An example of secondary prevention is:,Health education on healthy eating,Blood pressure screening,Chemotherapy for advanced cancer,Hospice care,d,D,79,16-07-2025 14:32
Tertiary prevention aims to:,Prevent the onset of disease,Detect disease early,Reduce the impact of an existing disease and restore function,Promote healthy lifestyles,b,B,79,16-07-2025 14:32
An example of tertiary prevention is:,Immunization programs,Mammography,Rehabilitation programs for stroke patients,Nutritional counseling for healthy individuals,d,D,79,16-07-2025 14:32
Family health nursing focuses on:,Treating individual family members in isolation,The health of the family as a unit and its impact on individual members,Only the health of children in a family,Only the health of elderly family members,b,B,79,16-07-2025 14:32
A genogram is a tool used in family health nursing to:,Track family finances,"Map family relationships, health history, and patterns over generations",Record daily family activities,Assess individual dietary intake,d,D,79,16-07-2025 14:32
An ecomap is a tool used in family health nursing to:,Illustrate the family's internal dynamics,Depict the family's relationships with external systems and resources,Track family medical expenses,Plan family vacations,b,B,79,16-07-2025 14:32
Home visiting in community health nursing is important for:,Providing a comfortable environment for the nurse,"Assessing the home environment, family dynamics, and providing individualized care",Avoiding hospital visits,Limiting patient interaction,d,D,79,16-07-2025 14:32
The nursing process in community health nursing includes:,"Assessment, Diagnosis, Planning, Implementation, Evaluation",Only assessment and implementation,Only diagnosis and treatment,Only planning and evaluation,b,B,79,16-07-2025 14:32
Cultural competence in community health nursing means:,Treating all patients the same regardless of their cultural background,"Understanding and respecting the beliefs, values, and practices of diverse cultural groups",Ignoring cultural differences,Imposing one's own cultural beliefs on others,d,D,79,16-07-2025 14:32
Vulnerable populations in community health are groups who:,Are always sick,"Have a higher risk for poor health outcomes due to various factors (e.g., poverty, homelessness, chronic illness)",Are always wealthy,Are always healthy,b,B,79,16-07-2025 14:32
Advocacy in community health nursing involves:,Making decisions for the community,Speaking up for and supporting the rights and needs of individuals and communities,Ignoring community concerns,Promoting personal opinions,d,D,79,16-07-2025 14:32
Disaster nursing involves:,Only treating injuries after a disaster,"Preparedness, response, and recovery efforts related to natural or man-made disasters",Ignoring community needs during a disaster,Focusing only on individual care,b,B,79,16-07-2025 14:32
The role of a community health nurse during a disaster preparedness phase includes:,Providing direct medical care to victims,"Developing emergency plans, educating the public, and participating in drills",Conducting damage assessment,Managing mass casualties,d,D,79,16-07-2025 14:32
Environmental health in community nursing focuses on:,The health of individual plants,The impact of environmental factors on human health,Animal welfare,Climate change only,b,B,79,16-07-2025 14:32
Which of the following is an environmental health concern?,Air pollution,Water contamination,Exposure to hazardous waste,All of the above,d,D,79,16-07-2025 14:32
Occupational health nursing focuses on:,Health of unemployed individuals,Health and safety of workers in their workplaces,Health of retired individuals,Health of children in schools,b,B,79,16-07-2025 14:32
School health nursing involves:,Only treating sick children in school,Promoting the health and well-being of students and staff within the school setting,Teaching academic subjects,Managing school finances,d,D,79,16-07-2025 14:32
Maternal and child health (MCH) nursing focuses on:,Only the health of pregnant women,"The health of women during pregnancy, childbirth, and postpartum, and the health of infants, children, and adolescents",Only the health of adults,Only the health of the elderly,b,B,79,16-07-2025 14:32
Immunization programs are a key component of MCH nursing because they:,Treat existing diseases,Prevent infectious diseases in children and the community,Are only for adults,Are not effective,d,D,79,16-07-2025 14:32
Nutrition in community health nursing involves:,Only treating malnutrition,"Assessing nutritional status, providing education, and promoting healthy eating habits",Prescribing dietary supplements,Conducting food research,b,B,79,16-07-2025 14:32
Mental health nursing in the community focuses on:,Only treating severe mental illness in institutions,"Promoting mental well-being, preventing mental illness, and providing care for individuals with mental health conditions in the community",Ignoring mental health issues,Focusing only on physical health,d,D,79,16-07-2025 14:32
Geriatric nursing in the community focuses on:,Only treating acute illnesses in the elderly,"Promoting health, preventing disease, and providing care for older adults in their homes and communities",Ignoring the needs of the elderly,Focusing only on institutional care,b,B,79,16-07-2025 14:32
Health promotion is the process of:,Forcing people to be healthy,"Enabling people to increase control over, and to improve, their health",Providing medical treatment,Conducting medical research,d,D,79,16-07-2025 14:32
"The Ottawa Charter for Health Promotion (1986) identified key action areas for health promotion, including:",Building healthy public policy,Creating supportive environments,Strengthening community action,All of the above,b,B,79,16-07-2025 14:32
Community assessment in community health nursing involves:,Only collecting data from individuals,"Systematically collecting and analyzing data about a community's health status, needs, and resources",Making assumptions about a community's health,Ignoring community input,d,D,79,16-07-2025 14:32
Data collection methods for community assessment include:,"Surveys, interviews, focus groups","Observation, windshield surveys","Review of existing data (e.g., vital statistics)",All of the above,b,B,79,16-07-2025 14:32
"A ""windshield survey"" in community assessment involves:",Interviewing community leaders,Observing the community from a vehicle to gain an overview of its characteristics,Analyzing demographic data,Conducting laboratory tests,d,D,79,16-07-2025 14:32
Community diagnosis in community health nursing involves:,Diagnosing individual diseases,Identifying health problems and their contributing factors within a community,Prescribing medications for the community,Conducting surgical procedures,b,B,79,16-07-2025 14:32
Planning in community health nursing involves:,Setting goals and objectives for community health interventions,Ignoring community input,Focusing only on short-term solutions,Avoiding evaluation,d,D,79,16-07-2025 14:32
Implementation in community health nursing involves:,Putting the planned interventions into action,Only theoretical discussions,Avoiding direct community contact,Focusing only on individual care,b,B,79,16-07-2025 14:32
Evaluation in community health nursing involves:,Judging the community's performance,Determining the extent to which the planned interventions achieved their goals and objectives,Ignoring outcomes,Focusing only on process,d,D,79,16-07-2025 14:32
"The term ""health disparities"" refers to:",Differences in health outcomes that are due to random chance,"Preventable differences in the burden of disease, injury, violence, or opportunities to achieve optimal health that are experienced by socially disadvantaged populations",Differences in healthcare costs,Differences in medical technology,b,B,79,16-07-2025 14:32
Social determinants of health are:,Only individual lifestyle choices,"The conditions in which people are born, grow, live, work, and age, and the wider set of forces and systems shaping the conditions of daily life",Only genetic factors,Only medical treatments,d,D,80,16-07-2025 14:32
Examples of social determinants of health include:,"Socioeconomic status, education, housing, access to healthy food",Individual genetic makeup,Personal preferences for healthcare,Acute medical conditions,b,B,80,16-07-2025 14:32
Health equity means:,Everyone has the same health outcomes,Everyone has a fair and just opportunity to be as healthy as possible,Healthcare is free for everyone,Healthcare is equally distributed,d,D,80,16-07-2025 14:32
Empowerment in community health involves:,Nurses making all decisions for the community,Supporting individuals and communities to gain control over their lives and health,Creating dependency on healthcare providers,Limiting community participation,b,B,80,16-07-2025 14:32
Community organizing is a process by which:,External agencies impose solutions on a community,"Community members come together to identify common problems, mobilize resources, and develop strategies to address them",Individuals are treated in isolation,Healthcare is provided without community input,d,D,80,16-07-2025 14:32
"A ""stakeholder"" in community health is:",Only a healthcare provider,"Any individual, group, or organization that has an interest or is affected by a community health issue or intervention",Only a patient,Only a government official,b,B,80,16-07-2025 14:32
Collaboration in community health nursing involves:,Working in isolation,"Working with other healthcare professionals, community members, and organizations to achieve common health goals",Competing with other agencies,Avoiding partnerships,d,D,80,16-07-2025 14:32
"Intersectoral collaboration in community health involves working with sectors beyond healthcare, such as:","Education, housing, transportation",Only medical clinics,Only hospitals,Only pharmacies,b,B,80,16-07-2025 14:32
The role of a community health nurse in health policy development includes:,Ignoring policy issues,Advocating for policies that promote health and address health disparities,Only implementing existing policies,Focusing only on individual patient care,d,D,80,16-07-2025 14:32
Telehealth in community health nursing involves:,Only in-person visits,Using technology to deliver healthcare services remotely,Avoiding patient contact,Only providing emergency care,b,B,80,16-07-2025 14:32
Advantages of telehealth in community health include:,"Increased access to care, especially for rural or underserved populations",Reduced travel time and costs,Continuity of care,All of the above,d,D,80,16-07-2025 14:32
Challenges of telehealth in community health include:,Digital divide (lack of access to technology),Privacy and security concerns,Reimbursement issues,All of the above,b,B,80,16-07-2025 14:32
Ethical considerations in community health nursing include:,"Autonomy, beneficence, non-maleficence, justice",Only individual rights,Only community benefits,Ignoring ethical dilemmas,d,D,80,16-07-2025 14:32
Confidentiality in community health nursing means:,Sharing patient information freely,Protecting the privacy of patient information,Only applies to hospital settings,Is not important in community settings,b,B,80,16-07-2025 14:32
"The term ""informed consent"" in community health involves:",Obtaining verbal agreement only,"Ensuring individuals or communities understand the purpose, risks, and benefits of an intervention before agreeing to participate",Forcing participation,Ignoring patient preferences,d,D,80,16-07-2025 14:32
Health surveillance in community health nursing involves:,Only treating sick individuals,"The ongoing systematic collection, analysis, interpretation, and dissemination of health data for public health action",Conducting medical experiments,Providing individual counseling,b,B,80,16-07-2025 14:32
Data sources for health surveillance include:,Birth and death records,Disease registries,Surveys and reports,All of the above,d,D,80,16-07-2025 14:32
The purpose of health surveillance is to:,Identify health trends and patterns,Detect outbreaks early,Monitor the effectiveness of interventions,All of the above,b,B,80,16-07-2025 14:32
Program planning in community health nursing involves:,Only implementing existing programs,"A systematic process of designing, implementing, and evaluating health programs to address specific community needs",Avoiding community input,Focusing only on short-term solutions,d,D,80,16-07-2025 14:32
The PRECEDE-PROCEED model is a framework commonly used in:,Individual patient care,Health program planning and evaluation,Surgical procedures,Pharmaceutical manufacturing,b,B,80,16-07-2025 14:32
"The ""PRECEDE"" part of the PRECEDE-PROCEED model focuses on:",Program implementation,"Assessment and planning phases (predisposing, reinforcing, and enabling factors)",Program evaluation,Budgeting,d,D,80,16-07-2025 14:32
"The ""PROCEED"" part of the PRECEDE-PROCEED model focuses on:",Assessment and planning,"Implementation and evaluation phases (policy, regulatory, organizational constructs in educational and environmental development)",Theoretical frameworks,Data collection only,b,B,80,16-07-2025 14:32
Logic models are visual representations that illustrate:,Only program inputs,"The relationships between program inputs, activities, outputs, and outcomes",Only program outcomes,Only program budget,d,D,80,16-07-2025 14:32
"A ""needs assessment"" in community health aims to:",Identify what a community wants,Identify the health problems and needs of a community and the resources available to address them,Dictate community priorities,Avoid community involvement,b,B,80,16-07-2025 14:32
"A ""community asset map"" identifies:",Only community problems,"The strengths, resources, and capacities within a community",Only community deficits,Only financial assets,d,D,80,16-07-2025 14:32
"The term ""capacity building"" in community health refers to:",Building new physical structures,"Developing and strengthening the skills, resources, and abilities of individuals and communities to improve their health",Limiting community resources,Creating dependency,b,B,80,16-07-2025 14:32
Health literacy is the degree to which individuals have the capacity to:,Read medical textbooks,"Obtain, process, and understand basic health information and services needed to make appropriate health decisions",Memorize medical terms,Diagnose diseases,d,D,80,16-07-2025 14:32
Strategies to improve health literacy include:,Using plain language,Providing visual aids,Encouraging questions,All of the above,b,B,80,16-07-2025 14:32
"The ""social ecological model"" of health emphasizes that health is influenced by:",Only individual factors,"Multiple levels of influence, including individual, interpersonal, organizational, community, and public policy",Only environmental factors,Only genetic factors,d,D,80,16-07-2025 14:32
"The ""health belief model"" suggests that health behaviors are influenced by an individual's perceptions of:",Susceptibility to a disease,Severity of the disease,Benefits of taking action and barriers to action,All of the above,b,B,80,16-07-2025 14:32
"The ""transtheoretical model"" or ""stages of change model"" describes health behavior change as a process involving distinct stages, including:","Precontemplation, contemplation, preparation, action, maintenance",Only action,Only maintenance,Only contemplation,d,D,80,16-07-2025 14:32
"The ""social cognitive theory"" emphasizes the role of:",Unconscious desires,"Observational learning, self-efficacy, and reciprocal determinism in shaping health behaviors",Genetic predispositions,Environmental factors only,b,B,80,16-07-2025 14:32
"The ""theory of reasoned action"" and ""theory of planned behavior"" suggest that behavior is influenced by:",Past behavior only,"Attitudes toward the behavior, subjective norms, and perceived behavioral control",Random chance,Unconscious motivations,d,D,80,16-07-2025 14:32
"The term ""community participation"" in community health nursing means:",Community members are passive recipients of care,"Active involvement of community members in identifying health problems, planning, implementing, and evaluating health programs",Nurses making all decisions for the community,Limiting community input,b,B,80,16-07-2025 14:32
Barriers to community participation can include:,Lack of time or resources,Lack of trust in healthcare providers,Language and cultural barriers,All of the above,d,D,80,16-07-2025 14:32
Strategies to enhance community participation include:,Building trust and rapport,Providing culturally appropriate communication,Offering incentives and support,All of the above,b,B,80,16-07-2025 14:32
"The term ""advocacy"" in community health nursing can be at the:",Individual level,Community level,Policy level,All of the above,d,D,80,16-07-2025 14:32
An example of individual advocacy by a community health nurse is:,Lobbying for new health legislation,Helping a patient navigate the healthcare system to access services,Organizing a community health fair,Conducting a research study,b,B,80,16-07-2025 14:32
An example of community advocacy by a community health nurse is:,Providing one-on-one counseling,"Organizing a community group to address a local health concern (e.g., lack of safe playgrounds)",Administering vaccinations,Performing physical assessments,d,D,80,16-07-2025 14:32
An example of policy advocacy by a community health nurse is:,Educating an individual on healthy eating,Participating in legislative efforts to promote smoke-free environments,Providing direct patient care,Conducting home visits,b,B,80,16-07-2025 14:32
"The term ""case management"" in community health nursing involves:",Only providing direct medical care,"A collaborative process of assessment, planning, facilitation, care coordination, evaluation, and advocacy for options and services to meet an individual's and family's comprehensive health needs through communication and available resources to promote quality, cost-effective outcomes.",Only managing financial aspects of care,Only providing emergency services,d,D,80,16-07-2025 14:32
The goal of case management is to:,Increase healthcare costs,Optimize client health outcomes and quality of life while ensuring cost-effectiveness,Limit access to services,Create fragmented care,b,B,80,16-07-2025 14:32
"The term ""referral"" in community health nursing means:",Discharging a patient from care,Directing a client to another healthcare professional or service for further assessment or treatment,Ignoring a client's needs,Providing all care oneself,d,D,80,16-07-2025 14:32
"The term ""continuity of care"" refers to:",Fragmented care delivery,Seamless and coordinated healthcare services across different settings and providers over time,Only acute care,Only long-term care,b,B,80,16-07-2025 14:32
"The term ""transitional care"" focuses on:",Care provided only in hospitals,Coordinated care activities designed to ensure the safe and effective transfer of patients from one level of care or setting to another,Long-term care only,Emergency care only,d,D,80,16-07-2025 14:32
"The term ""palliative care"" focuses on:",Curing life-threatening illnesses,"Providing relief from the symptoms and stress of a serious illness, with the goal of improving quality of life for both the patient and the family",Only end-of-life care,Only curative treatments,b,B,80,16-07-2025 14:32
"The term ""hospice care"" is a type of palliative care for individuals who:",Are seeking curative treatment,Have a life expectancy of six months or less and choose to focus on comfort and quality of life,Are in the early stages of a chronic illness,Are recovering from an acute illness,d,D,80,16-07-2025 14:32
"The term ""health informatics"" is the application of information science and technology to public health practice, research, and learning.",TRUE,FALSE,Health informatics is only about electronic health records,Health informatics is not relevant to public health,b,B,80,16-07-2025 14:32
Electronic Health Records (EHRs) can improve community health nursing by:,Reducing access to patient information,"Enhancing communication, improving data collection, and supporting evidence-based practice",Increasing medical errors,Making documentation more difficult,d,D,80,16-07-2025 14:32
"The term ""data privacy"" in health informatics refers to:",Sharing all patient data publicly,The right of individuals to control their personal health information,Only applies to paper records,Is not a concern in community health,b,B,80,16-07-2025 14:32
"The term ""data security"" in health informatics refers to:",Allowing unauthorized access to data,"Protecting health information from unauthorized access, use, disclosure, disruption, modification, or destruction",Only applies to physical security,Is not a concern in community health,d,D,81,16-07-2025 14:32
"The term ""public health ethics"" is the application of ethical principles to public health practice and research.",TRUE,FALSE,Public health ethics is only about individual rights,Public health ethics is not a recognized field,b,B,81,16-07-2025 14:32
Ethical challenges in public health often involve balancing:,Individual rights with the collective good of the community,Only financial considerations,Only political agendas,Only personal preferences,d,D,81,16-07-2025 14:32
"The principle of ""justice"" in public health ethics means:",Treating everyone equally,"Ensuring fair distribution of benefits and burdens, and addressing health disparities",Focusing only on the most vulnerable,Focusing only on the most privileged,b,B,81,16-07-2025 14:32
"The term ""social marketing"" in public health involves:",Selling health products for profit,Using commercial marketing techniques to promote health behaviors or public health programs,Ignoring public opinion,Only traditional advertising,d,D,81,16-07-2025 14:32
Social marketing campaigns often aim to change:,Individual attitudes and beliefs,Social norms,Public policies,All of the above,b,B,81,16-07-2025 14:32
"The ""4 Ps"" of social marketing include:","Product, Price, Place, Promotion","People, Programs, Policies, Prevention","Patients, Providers, Payments, Plans","Problems, Planning, Progress, Performance",d,D,81,16-07-2025 14:32
"The term ""health communication"" is the study and practice of communicating promotional health information, such as health education, public health campaigns, and health journalism.",TRUE,FALSE,Health communication is only about one-way information delivery,Health communication is not relevant to public health,b,B,81,16-07-2025 14:32
Effective health communication is:,One-way and didactic,"Tailored to the audience, clear, concise, and culturally appropriate",Complex and technical,Only verbal,d,D,81,16-07-2025 14:32
"The term ""risk communication"" is the interactive process of exchanging information and opinions about risks among risk assessors, risk managers, and other interested parties.",TRUE,FALSE,Risk communication is only about telling people what to do,Risk communication is not important during crises,b,B,81,16-07-2025 14:32
"During a public health emergency, effective risk communication aims to:",Cause panic,"Provide timely, accurate, and actionable information to the public",Withhold information,Only communicate with experts,d,D,81,16-07-2025 14:32
"The term ""community-based participatory research (CBPR)"" is a collaborative approach to research that equitably involves all partners in the research process and recognizes the unique strengths that each brings.",TRUE,FALSE,CBPR is only conducted by academic researchers,CBPR ignores community input,b,B,81,16-07-2025 14:32
CBPR aims to:,Extract data from communities without their involvement,"Build trust, share power, enhance research quality, and promote social change",Only benefit researchers,Only benefit funding agencies,d,D,81,16-07-2025 14:32
"The term ""program evaluation"" is a systematic method for collecting, analyzing, and using information to determine the effectiveness and efficiency of programs.",TRUE,FALSE,Program evaluation is only about finding faults,Program evaluation is not necessary for public health programs,b,B,81,16-07-2025 14:32
Types of program evaluation include:,Process evaluation (how the program is implemented),Outcome evaluation (what changes occurred as a result of the program),Impact evaluation (long-term effects),All of the above,d,D,81,16-07-2025 14:32
"The term ""formative evaluation"" is conducted:",After the program is completed,During the early stages of program development or implementation to provide feedback for improvement,Only for research purposes,Only for funding decisions,b,B,81,16-07-2025 14:32
"The term ""summative evaluation"" is conducted:",During program implementation,At the end of a program to assess its overall effectiveness and impact,Only for process improvement,Only for initial planning,d,D,81,16-07-2025 14:32
"The term ""quality improvement (QI)"" in healthcare is a systematic approach to making changes that lead to better patient outcomes, system performance, and professional development.",TRUE,FALSE,QI is only about cost reduction,QI is not relevant to community health,b,B,81,16-07-2025 14:32
QI methodologies often involve:,Random changes,Plan-Do-Study-Act (PDSA) cycles,Ignoring data,Blaming individuals,d,D,81,16-07-2025 14:32
"The term ""benchmarking"" in QI involves:",Comparing one's performance against the best in class or industry standards,Ignoring external performance,Only internal comparisons,Setting unrealistic goals,b,B,81,16-07-2025 14:32
"The term ""health policy"" refers to decisions, plans, and actions that are undertaken to achieve specific health care goals within a society.",TRUE,FALSE,Health policy is only about individual health,Health policy has no impact on healthcare systems,d,D,81,16-07-2025 14:32
Public health policies can address issues such as:,Disease prevention and control,Environmental health,Access to healthcare services,All of the above,b,B,81,16-07-2025 14:32
The policy-making process typically involves:,"Problem identification, policy formulation, policy adoption, policy implementation, policy evaluation",Only problem identification,Only policy implementation,Only policy evaluation,d,D,81,16-07-2025 14:32
Lobbying in health policy involves:,Ignoring elected officials,Attempting to influence decisions made by officials in the government,Only providing direct patient care,Avoiding political engagement,b,B,81,16-07-2025 14:32
"The term ""coalition building"" in community health involves:",Working in isolation,"Forming alliances with various organizations, groups, and individuals to achieve a common goal",Creating divisions within the community,Competing for resources,d,D,81,16-07-2025 14:32
"A ""health impact assessment (HIA)"" is a systematic process that uses an array of data sources and analytic methods and considers input from stakeholders to determine the potential effects of a proposed policy, plan, program, or project on the health of a population and the distribution of those effects within the population.",TRUE,FALSE,HIA only assesses economic impact,HIA is not relevant for policy decisions,b,B,81,16-07-2025 14:32
"The term ""global health"" refers to:",Only the health of people in developed countries,"The health of populations in a global context; it is about worldwide health improvement, reduction of disparities, and protection against global threats that disregard national borders",Only the health of people in developing countries,Only the health of travelers,d,D,81,16-07-2025 14:32
Global health challenges include:,"Infectious diseases (e.g., HIV/AIDS, tuberculosis, malaria)","Non-communicable diseases (e.g., cardiovascular disease, diabetes, cancer)",Maternal and child mortality,All of the above,b,B,81,16-07-2025 14:32
The Sustainable Development Goals (SDGs) include a goal specifically focused on health and well-being (SDG 3).,TRUE,FALSE,SDGs only focus on economic development,SDGs do not address health,d,D,81,16-07-2025 14:32
"The term ""health diplomacy"" refers to:",Only negotiating trade agreements,The process by which health issues are addressed in foreign policy decisions and negotiations,Ignoring international health issues,Only providing humanitarian aid,b,B,81,16-07-2025 14:32
The World Health Organization (WHO) is the leading international authority on public health.,TRUE,FALSE,WHO only deals with infectious diseases,WHO is a private organization,d,D,81,16-07-2025 14:32
"The term ""health surveillance"" is the ongoing systematic collection, analysis, interpretation, and dissemination of health data for public health action.",TRUE,FALSE,Health surveillance is only for individual patients,Health surveillance is not important for public health,b,B,81,16-07-2025 14:32
"The term ""epidemic"" refers to a sudden increase in the number of cases of a disease above what is normally expected in that population in that area.",TRUE,FALSE,An epidemic is a global outbreak,An epidemic is a single case of disease,d,D,81,16-07-2025 14:32
"The term ""pandemic"" refers to an epidemic that has spread over several countries or continents, usually affecting a large number of people.",TRUE,FALSE,A pandemic is a localized outbreak,A pandemic is a mild disease,b,B,81,16-07-2025 14:32
"The term ""endemic"" refers to the constant presence and/or usual prevalence of a disease or infectious agent in a population within a geographic area.",TRUE,FALSE,An endemic disease is always severe,An endemic disease is always new,d,D,81,16-07-2025 14:32
"The ""chain of infection"" describes the sequence of events that allows an infectious agent to spread from one host to another.",TRUE,FALSE,The chain of infection is only for non-infectious diseases,The chain of infection is not relevant for disease prevention,b,B,81,16-07-2025 14:32
Breaking any link in the chain of infection can prevent disease transmission.,TRUE,FALSE,Only breaking all links can prevent transmission,Breaking links has no effect,d,D,81,16-07-2025 14:32
Components of the chain of infection include:,"Infectious agent, reservoir, portal of exit, mode of transmission, portal of entry, susceptible host",Only infectious agent and host,Only mode of transmission,Only reservoir,b,B,81,16-07-2025 14:32
"The term ""herd immunity"" refers to a form of indirect protection from infectious disease that occurs when a large percentage of a population has become immune to an infection, thereby providing a measure of protection for individuals who are not immune.",TRUE,FALSE,Herd immunity means everyone is immune,Herd immunity is not effective,d,D,81,16-07-2025 14:32
Vaccination is a key strategy for achieving herd immunity.,TRUE,FALSE,Vaccination is only for individual protection,Vaccination has no impact on herd immunity,b,B,81,16-07-2025 14:32
"The term ""vector-borne disease"" refers to diseases transmitted by:",Direct contact,"An arthropod or other invertebrate host (e.g., mosquitoes, ticks)",Contaminated food,Airborne droplets,d,D,81,16-07-2025 14:32
Examples of vector-borne diseases include:,"Malaria, Dengue fever, Lyme disease","Common cold, Flu","Diabetes, Heart disease","Cancer, Arthritis",b,B,81,16-07-2025 14:32
"The term ""zoonotic disease"" refers to diseases that can be transmitted from:",Human to human,Animals to humans,Plant to human,Water to human,d,D,81,16-07-2025 14:32
Examples of zoonotic diseases include:,"Rabies, Anthrax, Leptospirosis","Measles, Mumps, Rubella","Hypertension, Obesity","Allergies, Asthma",b,B,81,16-07-2025 14:32
"The term ""foodborne illness"" refers to illness caused by:",Eating too much food,Consuming contaminated food or beverages,Food allergies,Food cravings,d,D,81,16-07-2025 14:32
Common causes of foodborne illness include:,"Bacteria (e.g., Salmonella, E. coli)","Viruses (e.g., Norovirus)","Parasites (e.g., Giardia)",All of the above,b,B,81,16-07-2025 14:32
"The term ""waterborne disease"" refers to diseases caused by:",Drinking too much water,Pathogenic microorganisms transmitted through contaminated water,Water allergies,Water temperature,d,D,81,16-07-2025 14:32
Examples of waterborne diseases include:,"Cholera, Typhoid fever, Giardiasis","Common cold, Flu","Diabetes, Heart disease","Cancer, Arthritis",b,B,81,16-07-2025 14:32
"The term ""non-communicable diseases (NCDs)"" are chronic diseases that are not passed from person to person.",TRUE,FALSE,NCDs are always infectious,NCDs are always acute,d,D,81,16-07-2025 14:32
Examples of NCDs include:,"Cardiovascular diseases, cancers, chronic respiratory diseases, diabetes","Malaria, Tuberculosis, HIV/AIDS","Measles, Mumps, Rubella","Common cold, Flu",b,B,81,16-07-2025 14:32
Risk factors for NCDs include:,Unhealthy diet,Physical inactivity,Tobacco use,All of the above,d,D,82,16-07-2025 14:32
"The term ""health promotion"" is the process of:",Forcing people to be healthy,"Enabling people to increase control over, and to improve, their health",Providing medical treatment,Conducting medical research,b,B,82,16-07-2025 14:32
"The Ottawa Charter for Health Promotion (1986) identified key action areas for health promotion, including:",Building healthy public policy,Creating supportive environments,Strengthening community action,All of the above,d,D,82,16-07-2025 14:32
"The term ""disease prevention"" refers to:",Actions aimed at avoiding the onset of disease,Actions aimed at treating existing disease,Actions aimed at curing disease,Actions aimed at diagnosing disease,a,A,82,16-07-2025 14:32
"The term ""health protection"" refers to:",Actions aimed at preventing the spread of disease,Actions aimed at safeguarding public health through environmental and other controls,Actions aimed at treating individual patients,Actions aimed at promoting healthy lifestyles,b,B,82,16-07-2025 14:32
Examples of health protection measures include:,Water fluoridation,Food safety regulations,Occupational health and safety standards,All of the above,d,D,82,16-07-2025 14:32
"The term ""health equity"" means:",Everyone has the same health outcomes,Everyone has a fair and just opportunity to be as healthy as possible,Healthcare is free for everyone,Healthcare is equally distributed,b,B,82,16-07-2025 14:32
"The term ""health disparity"" refers to:",Differences in health outcomes that are due to random chance,"Preventable differences in the burden of disease, injury, violence, or opportunities to achieve optimal health that are experienced by socially disadvantaged populations",Differences in healthcare costs,Differences in medical technology,b,B,82,16-07-2025 14:32
Social determinants of health are:,Only individual lifestyle choices,"The conditions in which people are born, grow, live, work, and age, and the wider set of forces and systems shaping the conditions of daily life",Only genetic factors,Only medical treatments,b,B,82,16-07-2025 14:32
Examples of social determinants of health include:,"Socioeconomic status, education, housing, access to healthy food",Individual genetic makeup,Personal preferences for healthcare,Acute medical conditions,a,A,82,16-07-2025 14:32
"The term ""vulnerable populations"" in community health are groups who:",Are always sick,"Have a higher risk for poor health outcomes due to various factors (e.g., poverty, homelessness, chronic illness)",Are always wealthy,Are always healthy,b,B,82,16-07-2025 14:32
"The term ""cultural competence"" in community health nursing means:",Treating all patients the same regardless of their cultural background,"Understanding and respecting the beliefs, values, and practices of diverse cultural groups",Ignoring cultural differences,Imposing one's own cultural beliefs on others,b,B,82,16-07-2025 14:32
"The term ""cultural humility"" is a lifelong process of self-reflection and self-critique whereby the individual not only learns about another's culture but also examines her/his own cultural identity and biases.",TRUE,FALSE,Cultural humility is the same as cultural competence,Cultural humility is not important in nursing,a,A,82,16-07-2025 14:32
"The term ""health literacy"" is the degree to which individuals have the capacity to:",Read medical textbooks,"Obtain, process, and understand basic health information and services needed to make appropriate health decisions",Memorize medical terms,Diagnose diseases,b,B,82,16-07-2025 14:32
Strategies to improve health literacy include:,Using plain language,Providing visual aids,Encouraging questions,All of the above,d,D,82,16-07-2025 14:32
"The term ""community assessment"" in community health nursing involves:",Only collecting data from individuals,"Systematically collecting and analyzing data about a community's health status, needs, and resources",Making assumptions about a community's health,Ignoring community input,b,B,82,16-07-2025 14:32
Data collection methods for community assessment include:,"Surveys, interviews, focus groups","Observation, windshield surveys","Review of existing data (e.g., vital statistics)",All of the above,d,D,82,16-07-2025 14:32
"A ""windshield survey"" in community assessment involves:",Interviewing community leaders,Observing the community from a vehicle to gain an overview of its characteristics,Analyzing demographic data,Conducting laboratory tests,b,B,82,16-07-2025 14:32
"The term ""community diagnosis"" in community health nursing involves:",Diagnosing individual diseases,Identifying health problems and their contributing factors within a community,Prescribing medications for the community,Conducting surgical procedures,b,B,82,16-07-2025 14:32
"The term ""program planning"" in community health nursing involves:",Only implementing existing programs,"A systematic process of designing, implementing, and evaluating health programs to address specific community needs",Avoiding community input,Focusing only on short-term solutions,b,B,82,16-07-2025 14:32
The PRECEDE-PROCEED model is a framework commonly used in:,Individual patient care,Health program planning and evaluation,Surgical procedures,Pharmaceutical manufacturing,b,B,82,16-07-2025 14:32
"The term ""logic model"" is a visual representation that illustrates:",Only program inputs,"The relationships between program inputs, activities, outputs, and outcomes",Only program outcomes,Only program budget,b,B,82,16-07-2025 14:32
"A ""needs assessment"" in community health aims to:",Identify what a community wants,Identify the health problems and needs of a community and the resources available to address them,Dictate community priorities,Avoid community involvement,b,B,82,16-07-2025 14:32
"A ""community asset map"" identifies:",Only community problems,"The strengths, resources, and capacities within a community",Only community deficits,Only financial assets,b,B,82,16-07-2025 14:32
"The term ""capacity building"" in community health refers to:",Building new physical structures,"Developing and strengthening the skills, resources, and abilities of individuals and communities to improve their health",Limiting community resources,Creating dependency,b,B,82,16-07-2025 14:32
"The term ""advocacy"" in community health nursing involves:",Making decisions for the community,Speaking up for and supporting the rights and needs of individuals and communities,Ignoring community concerns,Promoting personal opinions,b,B,82,16-07-2025 14:32
"The term ""case management"" in community health nursing involves:",Only providing direct medical care,"A collaborative process of assessment, planning, facilitation, care coordination, evaluation, and advocacy for options and services to meet an individual's and family's comprehensive health needs through communication and available resources to promote quality, cost-effective outcomes.",Only managing financial aspects of care,Only providing emergency services,b,B,82,16-07-2025 14:32
The goal of case management is to:,Increase healthcare costs,Optimize client health outcomes and quality of life while ensuring cost-effectiveness,Limit access to services,Create fragmented care,b,B,82,16-07-2025 14:32
"The term ""referral"" in community health nursing means:",Discharging a patient from care,Directing a client to another healthcare professional or service for further assessment or treatment,Ignoring a client's needs,Providing all care oneself,b,B,82,16-07-2025 14:32
"The term ""continuity of care"" refers to:",Fragmented care delivery,Seamless and coordinated healthcare services across different settings and providers over time,Only acute care,Only long-term care,b,B,82,16-07-2025 14:32
"The term ""transitional care"" focuses on:",Care provided only in hospitals,Coordinated care activities designed to ensure the safe and effective transfer of patients from one level of care or setting to another,Long-term care only,Emergency care only,b,B,82,16-07-2025 14:32
"The term ""palliative care"" focuses on:",Curing life-threatening illnesses,"Providing relief from the symptoms and stress of a serious illness, with the goal of improving quality of life for both the patient and the family",Only end-of-life care,Only curative treatments,b,B,82,16-07-2025 14:32
"The term ""hospice care"" is a type of palliative care for individuals who:",Are seeking curative treatment,Have a life expectancy of six months or less and choose to focus on comfort and quality of life,Are in the early stages of a chronic illness,Are recovering from an acute illness,b,B,82,16-07-2025 14:32
"The term ""health informatics"" is the application of information science and technology to public health practice, research, and learning.",TRUE,FALSE,Health informatics is only about electronic health records,Health informatics is not relevant to public health,a,A,82,16-07-2025 14:32
Electronic Health Records (EHRs) can improve community health nursing by:,Reducing access to patient information,"Enhancing communication, improving data collection, and supporting evidence-based practice",Increasing medical errors,Making documentation more difficult,b,B,82,16-07-2025 14:32
"The term ""data privacy"" in health informatics refers to:",Sharing all patient data publicly,The right of individuals to control their personal health information,Only applies to paper records,Is not a concern in community health,b,B,82,16-07-2025 14:32
"The term ""data security"" in health informatics refers to:",Allowing unauthorized access to data,"Protecting health information from unauthorized access, use, disclosure, disruption, modification, or destruction",Only applies to physical security,Is not a concern in community health,b,B,82,16-07-2025 14:32
"The term ""public health ethics"" is the application of ethical principles to public health practice and research.",TRUE,FALSE,Public health ethics is only about individual rights,Public health ethics is not a recognized field,a,A,82,16-07-2025 14:32
Ethical challenges in public health often involve balancing:,Individual rights with the collective good of the community,Only financial considerations,Only political agendas,Only personal preferences,a,A,82,16-07-2025 14:32
"The principle of ""justice"" in public health ethics means:",Treating everyone equally,"Ensuring fair distribution of benefits and burdens, and addressing health disparities",Focusing only on the most vulnerable,Focusing only on the most privileged,b,B,82,16-07-2025 14:32
"The term ""social marketing"" in public health involves:",Selling health products for profit,Using commercial marketing techniques to promote health behaviors or public health programs,Ignoring public opinion,Only traditional advertising,b,B,82,16-07-2025 14:32
Social marketing campaigns often aim to change:,Individual attitudes and beliefs,Social norms,Public policies,All of the above,d,D,82,16-07-2025 14:32
"The ""4 Ps"" of social marketing include:","Product, Price, Place, Promotion","People, Programs, Policies, Prevention","Patients, Providers, Payments, Plans","Problems, Planning, Progress, Performance",a,A,82,16-07-2025 14:32
"The term ""health communication"" is the study and practice of communicating promotional health information, such as health education, public health campaigns, and health journalism.",TRUE,FALSE,Health communication is only about one-way information delivery,Health communication is not relevant to public health,a,A,82,16-07-2025 14:32
Effective health communication is:,One-way and didactic,"Tailored to the audience, clear, concise, and culturally appropriate",Complex and technical,Only verbal,b,B,82,16-07-2025 14:32
"The term ""risk communication"" is the interactive process of exchanging information and opinions about risks among risk assessors, risk managers, and other interested parties.",TRUE,FALSE,Risk communication is only about telling people what to do,Risk communication is not important during crises,a,A,82,16-07-2025 14:32
"During a public health emergency, effective risk communication aims to:",Cause panic,"Provide timely, accurate, and actionable information to the public",Withhold information,Only communicate with experts,b,B,82,16-07-2025 14:32
"The term ""community-based participatory research (CBPR)"" is a collaborative approach to research that equitably involves all partners in the research process and recognizes the unique strengths that each brings.",TRUE,FALSE,CBPR is only conducted by academic researchers,CBPR ignores community input,a,A,82,16-07-2025 14:32
CBPR aims to:,Extract data from communities without their involvement,"Build trust, share power, enhance research quality, and promote social change",Only benefit researchers,Only benefit funding agencies,b,B,82,16-07-2025 14:32
"The term ""program evaluation"" is a systematic method for collecting, analyzing, and using information to determine the effectiveness and efficiency of programs.",TRUE,FALSE,Program evaluation is only about finding faults,Program evaluation is not necessary for public health programs,a,A,82,16-07-2025 14:32
Types of program evaluation include:,Process evaluation (how the program is implemented),Outcome evaluation (what changes occurred as a result of the program),Impact evaluation (long-term effects),All of the above,d,D,83,16-07-2025 14:32
"The term ""formative evaluation"" is conducted:",After the program is completed,During the early stages of program development or implementation to provide feedback for improvement,Only for research purposes,Only for funding decisions,b,B,83,16-07-2025 14:32
"The term ""summative evaluation"" is conducted:",During program implementation,At the end of a program to assess its overall effectiveness and impact,Only for process improvement,Only for initial planning,b,B,83,16-07-2025 14:32
"The term ""quality improvement (QI)"" in healthcare is a systematic approach to making changes that lead to better patient outcomes, system performance, and professional development.",TRUE,FALSE,QI is only about cost reduction,QI is not relevant to community health,a,A,83,16-07-2025 14:32
QI methodologies often involve:,Random changes,Plan-Do-Study-Act (PDSA) cycles,Ignoring data,Blaming individuals,b,B,83,16-07-2025 14:32
"The term ""benchmarking"" in QI involves:",Comparing one's performance against the best in class or industry standards,Ignoring external performance,Only internal comparisons,Setting unrealistic goals,a,A,83,16-07-2025 14:32
"The term ""health policy"" refers to decisions, plans, and actions that are undertaken to achieve specific health care goals within a society.",TRUE,FALSE,Health policy is only about individual health,Health policy has no impact on healthcare systems,a,A,83,16-07-2025 14:32
Public health policies can address issues such as:,Disease prevention and control,Environmental health,Access to healthcare services,All of the above,d,D,83,16-07-2025 14:32
The policy-making process typically involves:,"Problem identification, policy formulation, policy adoption, policy implementation, policy evaluation",Only problem identification,Only policy implementation,Only policy evaluation,a,A,83,16-07-2025 14:32
Lobbying in health policy involves:,Ignoring elected officials,Attempting to influence decisions made by officials in the government,Only providing direct patient care,Avoiding political engagement,b,B,83,16-07-2025 14:32
"The term ""coalition building"" in community health involves:",Working in isolation,"Forming alliances with various organizations, groups, and individuals to achieve a common goal",Creating divisions within the community,Competing for resources,b,B,83,16-07-2025 14:32
"A ""health impact assessment (HIA)"" is a systematic process that uses an array of data sources and analytic methods and considers input from stakeholders to determine the potential effects of a proposed policy, plan, program, or project on the health of a population and the distribution of those effects within the population.",TRUE,FALSE,HIA only assesses economic impact,HIA is not relevant for policy decisions,a,A,83,16-07-2025 14:32
"The term ""global health"" refers to:",Only the health of people in developed countries,"The health of populations in a global context; it is about worldwide health improvement, reduction of disparities, and protection against global threats that disregard national borders",Only the health of people in developing countries,Only the health of travelers,b,B,83,16-07-2025 14:32
Global health challenges include:,"Infectious diseases (e.g., HIV/AIDS, tuberculosis, malaria)","Non-communicable diseases (e.g., cardiovascular disease, diabetes, cancer)",Maternal and child mortality,All of the above,d,D,83,16-07-2025 14:32
The Sustainable Development Goals (SDGs) include a goal specifically focused on health and well-being (SDG 3).,TRUE,FALSE,SDGs only focus on economic development,SDGs do not address health,a,A,83,16-07-2025 14:32
"The term ""health diplomacy"" refers to:",Only negotiating trade agreements,The process by which health issues are addressed in foreign policy decisions and negotiations,Ignoring international health issues,Only providing humanitarian aid,b,B,83,16-07-2025 14:32
The World Health Organization (WHO) is the leading international authority on public health.,TRUE,FALSE,WHO only deals with infectious diseases,WHO is a private organization,a,A,83,16-07-2025 14:32
"The term ""health surveillance"" is the ongoing systematic collection, analysis, interpretation, and dissemination of health data for public health action.",TRUE,FALSE,Health surveillance is only for individual patients,Health surveillance is not important for public health,a,A,83,16-07-2025 14:32
"The term ""epidemic"" refers to a sudden increase in the number of cases of a disease above what is normally expected in that population in that area.",TRUE,FALSE,An epidemic is a global outbreak,An epidemic is a single case of disease,a,A,83,16-07-2025 14:32
"The term ""pandemic"" refers to an epidemic that has spread over several countries or continents, usually affecting a large number of people.",TRUE,FALSE,A pandemic is a localized outbreak,A pandemic is a mild disease,a,A,83,16-07-2025 14:32
"The term ""endemic"" refers to the constant presence and/or usual prevalence of a disease or infectious agent in a population within a geographic area.",TRUE,FALSE,An endemic disease is always severe,An endemic disease is always new,a,A,83,16-07-2025 14:32
"The ""chain of infection"" describes the sequence of events that allows an infectious agent to spread from one host to another.",TRUE,FALSE,The chain of infection is only for non-infectious diseases,The chain of infection is not relevant for disease prevention,a,A,83,16-07-2025 14:32
Breaking any link in the chain of infection can prevent disease transmission.,TRUE,FALSE,Only breaking all links can prevent transmission,Breaking links has no effect,a,A,83,16-07-2025 14:32
Components of the chain of infection include:,"Infectious agent, reservoir, portal of exit, mode of transmission, portal of entry, susceptible host",Only infectious agent and host,Only mode of transmission,Only reservoir,a,A,83,16-07-2025 14:32
"The term ""herd immunity"" refers to a form of indirect protection from infectious disease that occurs when a large percentage of a population has become immune to an infection, thereby providing a measure of protection for individuals who are not immune.",TRUE,FALSE,Herd immunity means everyone is immune,Herd immunity is not effective,a,A,83,16-07-2025 14:32
Vaccination is a key strategy for achieving herd immunity.,TRUE,FALSE,Vaccination is only for individual protection,Vaccination has no impact on herd immunity,a,A,83,16-07-2025 14:32
"The term ""vector-borne disease"" refers to diseases transmitted by:",Direct contact,"An arthropod or other invertebrate host (e.g., mosquitoes, ticks)",Contaminated food,Airborne droplets,b,B,83,16-07-2025 14:32
Examples of vector-borne diseases include:,"Malaria, Dengue fever, Lyme disease","Common cold, Flu","Diabetes, Heart disease","Cancer, Arthritis",a,A,83,16-07-2025 14:32
"The term ""zoonotic disease"" refers to diseases that can be transmitted from:",Human to human,Animals to humans,Plant to human,Water to human,b,B,83,16-07-2025 14:32
Examples of zoonotic diseases include:,"Rabies, Anthrax, Leptospirosis","Measles, Mumps, Rubella","Hypertension, Obesity","Allergies, Asthma",a,A,83,16-07-2025 14:32
"The term ""foodborne illness"" refers to illness caused by:",Eating too much food,Consuming contaminated food or beverages,Food allergies,Food cravings,b,B,83,16-07-2025 14:32
Common causes of foodborne illness include:,"Bacteria (e.g., Salmonella, E. coli)","Viruses (e.g., Norovirus)","Parasites (e.g., Giardia)",All of the above,d,D,83,16-07-2025 14:32
"The term ""waterborne disease"" refers to diseases caused by:",Drinking too much water,Pathogenic microorganisms transmitted through contaminated water,Water allergies,Water temperature,b,B,83,16-07-2025 14:32
Examples of waterborne diseases include:,"Cholera, Typhoid fever, Giardiasis","Common cold, Flu","Diabetes, Heart disease","Cancer, Arthritis",a,A,83,16-07-2025 14:32
"The term ""non-communicable diseases (NCDs)"" are chronic diseases that are not passed from person to person.",TRUE,FALSE,NCDs are always infectious,NCDs are always acute,a,A,83,16-07-2025 14:32
Examples of NCDs include:,"Cardiovascular diseases, cancers, chronic respiratory diseases, diabetes","Malaria, Tuberculosis, HIV/AIDS","Measles, Mumps, Rubella","Common cold, Flu",a,A,83,16-07-2025 14:32
Risk factors for NCDs include:,Unhealthy diet,Physical inactivity,Tobacco use,All of the above,d,D,83,16-07-2025 14:32
"The term ""health promotion"" is the process of:",Forcing people to be healthy,"Enabling people to increase control over, and to improve, their health",Providing medical treatment,Conducting medical research,b,B,83,16-07-2025 14:32
"The Ottawa Charter for Health Promotion (1986) identified key action areas for health promotion, including:",Building healthy public policy,Creating supportive environments,Strengthening community action,All of the above,d,D,83,16-07-2025 14:32
"The term ""disease prevention"" refers to:",Actions aimed at avoiding the onset of disease,Actions aimed at treating existing disease,Actions aimed at curing disease,Actions aimed at diagnosing disease,a,A,83,16-07-2025 14:32
"The term ""health protection"" refers to:",Actions aimed at preventing the spread of disease,Actions aimed at safeguarding public health through environmental and other controls,Actions aimed at treating individual patients,Actions aimed at promoting healthy lifestyles,b,B,83,16-07-2025 14:32
Examples of health protection measures include:,Water fluoridation,Food safety regulations,Occupational health and safety standards,All of the above,d,D,83,16-07-2025 14:32
"The term ""health equity"" means:",Everyone has the same health outcomes,Everyone has a fair and just opportunity to be as healthy as possible,Healthcare is free for everyone,Healthcare is equally distributed,b,B,83,16-07-2025 14:32
"The term ""health disparity"" refers to:",Differences in health outcomes that are due to random chance,"Preventable differences in the burden of disease, injury, violence, or opportunities to achieve optimal health that are experienced by socially disadvantaged populations",Differences in healthcare costs,Differences in medical technology,b,B,83,16-07-2025 14:32
Social determinants of health are:,Only individual lifestyle choices,"The conditions in which people are born, grow, live, work, and age, and the wider set of forces and systems shaping the conditions of daily life",Only genetic factors,Only medical treatments,b,B,83,16-07-2025 14:32
Examples of social determinants of health include:,"Socioeconomic status, education, housing, access to healthy food",Individual genetic makeup,Personal preferences for healthcare,Acute medical conditions,a,A,83,16-07-2025 14:32
"The term ""vulnerable populations"" in community health are groups who:",Are always sick,"Have a higher risk for poor health outcomes due to various factors (e.g., poverty, homelessness, chronic illness)",Are always wealthy,Are always healthy,b,B,83,16-07-2025 14:32
"The term ""cultural competence"" in community health nursing means:",Treating all patients the same regardless of their cultural background,"Understanding and respecting the beliefs, values, and practices of diverse cultural groups",Ignoring cultural differences,Imposing one's own cultural beliefs on others,b,B,83,16-07-2025 14:32
"The term ""cultural humility"" is a lifelong process of self-reflection and self-critique whereby the individual not only learns about another's culture but also examines her/his own cultural identity and biases.",TRUE,FALSE,Cultural humility is the same as cultural competence,Cultural humility is not important in nursing,a,A,83,16-07-2025 14:32
"The term ""health literacy"" is the degree to which individuals have the capacity to:",Read medical textbooks,"Obtain, process, and understand basic health information and services needed to make appropriate health decisions",Memorize medical terms,Diagnose diseases,b,B,83,16-07-2025 14:32
Strategies to improve health literacy include:,Using plain language,Providing visual aids,Encouraging questions,All of the above,d,D,84,16-07-2025 14:32
"The term ""community assessment"" in community health nursing involves:",Only collecting data from individuals,"Systematically collecting and analyzing data about a community's health status, needs, and resources",Making assumptions about a community's health,Ignoring community input,b,B,84,16-07-2025 14:32
Data collection methods for community assessment include:,"Surveys, interviews, focus groups","Observation, windshield surveys","Review of existing data (e.g., vital statistics)",All of the above,d,D,84,16-07-2025 14:32
"A ""windshield survey"" in community assessment involves:",Interviewing community leaders,Observing the community from a vehicle to gain an overview of its characteristics,Analyzing demographic data,Conducting laboratory tests,b,B,84,16-07-2025 14:32
"The term ""community diagnosis"" in community health nursing involves:",Diagnosing individual diseases,Identifying health problems and their contributing factors within a community,Prescribing medications for the community,Conducting surgical procedures,b,B,84,16-07-2025 14:32
"The term ""program planning"" in community health nursing involves:",Only implementing existing programs,"A systematic process of designing, implementing, and evaluating health programs to address specific community needs",Avoiding community input,Focusing only on short-term solutions,b,B,84,16-07-2025 14:32
The PRECEDE-PROCEED model is a framework commonly used in:,Individual patient care,Health program planning and evaluation,Surgical procedures,Pharmaceutical manufacturing,b,B,84,16-07-2025 14:32
"The term ""logic model"" is a visual representation that illustrates:",Only program inputs,"The relationships between program inputs, activities, outputs, and outcomes",Only program outcomes,Only program budget,b,B,84,16-07-2025 14:32
"A ""needs assessment"" in community health aims to:",Identify what a community wants,Identify the health problems and needs of a community and the resources available to address them,Dictate community priorities,Avoid community involvement,b,B,84,16-07-2025 14:32
"A ""community asset map"" identifies:",Only community problems,"The strengths, resources, and capacities within a community",Only community deficits,Only financial assets,b,B,84,16-07-2025 14:32
"The term ""capacity building"" in community health refers to:",Building new physical structures,"Developing and strengthening the skills, resources, and abilities of individuals and communities to improve their health",Limiting community resources,Creating dependency,b,B,84,16-07-2025 14:32
"The term ""advocacy"" in community health nursing involves:",Making decisions for the community,Speaking up for and supporting the rights and needs of individuals and communities,Ignoring community concerns,Promoting personal opinions,b,B,84,16-07-2025 14:32
"The term ""case management"" in community health nursing involves:",Only providing direct medical care,"A collaborative process of assessment, planning, facilitation, care coordination, evaluation, and advocacy for options and services to meet an individual's and family's comprehensive health needs through communication and available resources to promote quality, cost-effective outcomes.",Only managing financial aspects of care,Only providing emergency services,b,B,84,16-07-2025 14:32
The goal of case management is to:,Increase healthcare costs,Optimize client health outcomes and quality of life while ensuring cost-effectiveness,Limit access to services,Create fragmented care,b,B,84,16-07-2025 14:32
"The term ""referral"" in community health nursing means:",Discharging a patient from care,Directing a client to another healthcare professional or service for further assessment or treatment,Ignoring a client's needs,Providing all care oneself,b,B,84,16-07-2025 14:32
"The term ""continuity of care"" refers to:",Fragmented care delivery,Seamless and coordinated healthcare services across different settings and providers over time,Only acute care,Only long-term care,b,B,84,16-07-2025 14:32
"The term ""transitional care"" focuses on:",Care provided only in hospitals,Coordinated care activities designed to ensure the safe and effective transfer of patients from one level of care or setting to another,Long-term care only,Emergency care only,b,B,84,16-07-2025 14:32
"The term ""palliative care"" focuses on:",Curing life-threatening illnesses,"Providing relief from the symptoms and stress of a serious illness, with the goal of improving quality of life for both the patient and the family",Only end-of-life care,Only curative treatments,b,B,84,16-07-2025 14:32
"The term ""hospice care"" is a type of palliative care for individuals who:",Are seeking curative treatment,Have a life expectancy of six months or less and choose to focus on comfort and quality of life,Are in the early stages of a chronic illness,Are recovering from an acute illness,b,B,84,16-07-2025 14:32
"The term ""health informatics"" is the application of information science and technology to public health practice, research, and learning.",TRUE,FALSE,Health informatics is only about electronic health records,Health informatics is not relevant to public health,a,A,84,16-07-2025 14:32
Electronic Health Records (EHRs) can improve community health nursing by:,Reducing access to patient information,"Enhancing communication, improving data collection, and supporting evidence-based practice",Increasing medical errors,Making documentation more difficult,b,B,84,16-07-2025 14:32
"The term ""data privacy"" in health informatics refers to:",Sharing all patient data publicly,The right of individuals to control their personal health information,Only applies to paper records,Is not a concern in community health,b,B,84,16-07-2025 14:32
"The term ""data security"" in health informatics refers to:",Allowing unauthorized access to data,"Protecting health information from unauthorized access, use, disclosure, disruption, modification, or destruction",Only applies to physical security,Is not a concern in community health,b,B,84,16-07-2025 14:32
"The term ""public health ethics"" is the application of ethical principles to public health practice and research.",TRUE,FALSE,Public health ethics is only about individual rights,Public health ethics is not a recognized field,a,A,84,16-07-2025 14:32
Ethical challenges in public health often involve balancing:,Individual rights with the collective good of the community,Only financial considerations,Only political agendas,Only personal preferences,a,A,84,16-07-2025 14:32
"The principle of ""justice"" in public health ethics means:",Treating everyone equally,"Ensuring fair distribution of benefits and burdens, and addressing health disparities",Focusing only on the most vulnerable,Focusing only on the most privileged,b,B,84,16-07-2025 14:32
"The term ""social marketing"" in public health involves:",Selling health products for profit,Using commercial marketing techniques to promote health behaviors or public health programs,Ignoring public opinion,Only traditional advertising,b,B,84,16-07-2025 14:32
Social marketing campaigns often aim to change:,Individual attitudes and beliefs,Social norms,Public policies,All of the above,d,D,84,16-07-2025 14:32
"The ""4 Ps"" of social marketing include:","Product, Price, Place, Promotion","People, Programs, Policies, Prevention","Patients, Providers, Payments, Plans","Problems, Planning, Progress, Performance",a,A,84,16-07-2025 14:32
"The term ""health communication"" is the study and practice of communicating promotional health information, such as health education, public health campaigns, and health journalism.",TRUE,FALSE,Health communication is only about one-way information delivery,Health communication is not relevant to public health,a,A,84,16-07-2025 14:32
Effective health communication is:,One-way and didactic,"Tailored to the audience, clear, concise, and culturally appropriate",Complex and technical,Only verbal,b,B,84,16-07-2025 14:32
"The term ""risk communication"" is the interactive process of exchanging information and opinions about risks among risk assessors, risk managers, and other interested parties.",TRUE,FALSE,Risk communication is only about telling people what to do,Risk communication is not important during crises,a,A,84,16-07-2025 14:32
"During a public health emergency, effective risk communication aims to:",Cause panic,"Provide timely, accurate, and actionable information to the public",Withhold information,Only communicate with experts,b,B,84,16-07-2025 14:32
"The term ""community-based participatory research (CBPR)"" is a collaborative approach to research that equitably involves all partners in the research process and recognizes the unique strengths that each brings.",TRUE,FALSE,CBPR is only conducted by academic researchers,CBPR ignores community input,a,A,84,16-07-2025 14:32
CBPR aims to:,Extract data from communities without their involvement,"Build trust, share power, enhance research quality, and promote social change",Only benefit researchers,Only benefit funding agencies,b,B,84,16-07-2025 14:32
"The term ""program evaluation"" is a systematic method for collecting, analyzing, and using information to determine the effectiveness and efficiency of programs.",TRUE,FALSE,Program evaluation is only about finding faults,Program evaluation is not necessary for public health programs,a,A,84,16-07-2025 14:32
Types of program evaluation include:,Process evaluation (how the program is implemented),Outcome evaluation (what changes occurred as a result of the program),Impact evaluation (long-term effects),All of the above,d,D,84,16-07-2025 14:32
"The term ""formative evaluation"" is conducted:",After the program is completed,During the early stages of program development or implementation to provide feedback for improvement,Only for research purposes,Only for funding decisions,b,B,84,16-07-2025 14:32
"The term ""summative evaluation"" is conducted:",During program implementation,At the end of a program to assess its overall effectiveness and impact,Only for process improvement,Only for initial planning,b,B,84,16-07-2025 14:32
"The term ""quality improvement (QI)"" in healthcare is a systematic approach to making changes that lead to better patient outcomes, system performance, and professional development.",TRUE,FALSE,QI is only about cost reduction,QI is not relevant to community health,a,A,84,16-07-2025 14:32
QI methodologies often involve:,Random changes,Plan-Do-Study-Act (PDSA) cycles,Ignoring data,Blaming individuals,b,B,84,16-07-2025 14:32
"The term ""benchmarking"" in QI involves:",Comparing one's performance against the best in class or industry standards,Ignoring external performance,Only internal comparisons,Setting unrealistic goals,a,A,84,16-07-2025 14:32
"The term ""health policy"" refers to decisions, plans, and actions that are undertaken to achieve specific health care goals within a society.",TRUE,FALSE,Health policy is only about individual health,Health policy has no impact on healthcare systems,a,A,84,16-07-2025 14:32
Public health policies can address issues such as:,Disease prevention and control,Environmental health,Access to healthcare services,All of the above,d,D,84,16-07-2025 14:32
The policy-making process typically involves:,"Problem identification, policy formulation, policy adoption, policy implementation, policy evaluation",Only problem identification,Only policy implementation,Only policy evaluation,a,A,84,16-07-2025 14:32
Lobbying in health policy involves:,Ignoring elected officials,Attempting to influence decisions made by officials in the government,Only providing direct patient care,Avoiding political engagement,b,B,84,16-07-2025 14:32
"The term ""coalition building"" in community health involves:",Working in isolation,"Forming alliances with various organizations, groups, and individuals to achieve a common goal",Creating divisions within the community,Competing for resources,b,B,84,16-07-2025 14:32
"A ""health impact assessment (HIA)"" is a systematic process that uses an array of data sources and analytic methods and considers input from stakeholders to determine the potential effects of a proposed policy, plan, program, or project on the health of a population and the distribution of those effects within the population.",TRUE,FALSE,HIA only assesses economic impact,HIA is not relevant for policy decisions,a,A,84,16-07-2025 14:32
"The term ""global health"" refers to:",Only the health of people in developed countries,"The health of populations in a global context; it is about worldwide health improvement, reduction of disparities, and protection against global threats that disregard national borders",Only the health of people in developing countries,Only the health of travelers,b,B,84,16-07-2025 14:32
Global health challenges include:,"Infectious diseases (e.g., HIV/AIDS, tuberculosis, malaria)","Non-communicable diseases (e.g., cardiovascular disease, diabetes, cancer)",Maternal and child mortality,All of the above,d,D,84,16-07-2025 14:32
The Sustainable Development Goals (SDGs) include a goal specifically focused on health and well-being (SDG 3).,TRUE,FALSE,SDGs only focus on economic development,SDGs do not address health,a,A,85,16-07-2025 14:32
"The term ""health diplomacy"" refers to:",Only negotiating trade agreements,The process by which health issues are addressed in foreign policy decisions and negotiations,Ignoring international health issues,Only providing humanitarian aid,b,B,85,16-07-2025 14:32
The World Health Organization (WHO) is the leading international authority on public health.,TRUE,FALSE,WHO only deals with infectious diseases,WHO is a private organization,a,A,85,16-07-2025 14:32
"The term ""health surveillance"" is the ongoing systematic collection, analysis, interpretation, and dissemination of health data for public health action.",TRUE,FALSE,Health surveillance is only for individual patients,Health surveillance is not important for public health,a,A,85,16-07-2025 14:32
"The term ""epidemic"" refers to a sudden increase in the number of cases of a disease above what is normally expected in that population in that area.",TRUE,FALSE,An epidemic is a global outbreak,An epidemic is a single case of disease,a,A,85,16-07-2025 14:32
"The term ""pandemic"" refers to an epidemic that has spread over several countries or continents, usually affecting a large number of people.",TRUE,FALSE,A pandemic is a localized outbreak,A pandemic is a mild disease,a,A,85,16-07-2025 14:32
"The term ""endemic"" refers to the constant presence and/or usual prevalence of a disease or infectious agent in a population within a geographic area.",TRUE,FALSE,An endemic disease is always severe,An endemic disease is always new,a,A,85,16-07-2025 14:32
"The ""chain of infection"" describes the sequence of events that allows an infectious agent to spread from one host to another.",TRUE,FALSE,The chain of infection is only for non-infectious diseases,The chain of infection is not relevant for disease prevention,a,A,85,16-07-2025 14:32
Breaking any link in the chain of infection can prevent disease transmission.,TRUE,FALSE,Only breaking all links can prevent transmission,Breaking links has no effect,a,A,85,16-07-2025 14:32
Components of the chain of infection include:,"Infectious agent, reservoir, portal of exit, mode of transmission, portal of entry, susceptible host",Only infectious agent and host,Only mode of transmission,Only reservoir,a,A,85,16-07-2025 14:32
"The term ""herd immunity"" refers to a form of indirect protection from infectious disease that occurs when a large percentage of a population has become immune to an infection, thereby providing a measure of protection for individuals who are not immune.",TRUE,FALSE,Herd immunity means everyone is immune,Herd immunity is not effective,a,A,85,16-07-2025 14:32
Vaccination is a key strategy for achieving herd immunity.,TRUE,FALSE,Vaccination is only for individual protection,Vaccination has no impact on herd immunity,a,A,85,16-07-2025 14:32
"The term ""vector-borne disease"" refers to diseases transmitted by:",Direct contact,"An arthropod or other invertebrate host (e.g., mosquitoes, ticks)",Contaminated food,Airborne droplets,b,B,85,16-07-2025 14:32
Examples of vector-borne diseases include:,"Malaria, Dengue fever, Lyme disease","Common cold, Flu","Diabetes, Heart disease","Cancer, Arthritis",a,A,85,16-07-2025 14:32
"The term ""zoonotic disease"" refers to diseases that can be transmitted from:",Human to human,Animals to humans,Plant to human,Water to human,b,B,85,16-07-2025 14:32
Examples of zoonotic diseases include:,"Rabies, Anthrax, Leptospirosis","Measles, Mumps, Rubella","Hypertension, Obesity","Allergies, Asthma",a,A,85,16-07-2025 14:32
"The term ""foodborne illness"" refers to illness caused by:",Eating too much food,Consuming contaminated food or beverages,Food allergies,Food cravings,b,B,85,16-07-2025 14:32
Common causes of foodborne illness include:,"Bacteria (e.g., Salmonella, E. coli)","Viruses (e.g., Norovirus)","Parasites (e.g., Giardia)",All of the above,d,D,85,16-07-2025 14:32
"The term ""waterborne disease"" refers to diseases caused by:",Drinking too much water,Pathogenic microorganisms transmitted through contaminated water,Water allergies,Water temperature,b,B,85,16-07-2025 14:32
Examples of waterborne diseases include:,"Cholera, Typhoid fever, Giardiasis","Common cold, Flu","Diabetes, Heart disease","Cancer, Arthritis",a,A,85,16-07-2025 14:32
"The term ""non-communicable diseases (NCDs)"" are chronic diseases that are not passed from person to person.",TRUE,FALSE,NCDs are always infectious,NCDs are always acute,a,A,85,16-07-2025 14:32
Examples of NCDs include:,"Cardiovascular diseases, cancers, chronic respiratory diseases, diabetes","Malaria, Tuberculosis, HIV/AIDS","Measles, Mumps, Rubella","Common cold, Flu",a,A,85,16-07-2025 14:32
Risk factors for NCDs include:,Unhealthy diet,Physical inactivity,Tobacco use,All of the above,d,D,85,16-07-2025 14:32
"The term ""health promotion"" is the process of:",Forcing people to be healthy,"Enabling people to increase control over, and to improve, their health",Providing medical treatment,Conducting medical research,b,B,85,16-07-2025 14:32
"The Ottawa Charter for Health Promotion (1986) identified key action areas for health promotion, including:",Building healthy public policy,Creating supportive environments,Strengthening community action,All of the above,d,D,85,16-07-2025 14:32
"The term ""disease prevention"" refers to:",Actions aimed at avoiding the onset of disease,Actions aimed at treating existing disease,Actions aimed at curing disease,Actions aimed at diagnosing disease,a,A,85,16-07-2025 14:32
"The term ""health protection"" refers to:",Actions aimed at preventing the spread of disease,Actions aimed at safeguarding public health through environmental and other controls,Actions aimed at treating individual patients,Actions aimed at promoting healthy lifestyles,b,B,85,16-07-2025 14:32
Examples of health protection measures include:,Water fluoridation,Food safety regulations,Occupational health and safety standards,All of the above,d,D,85,16-07-2025 14:32
"The term ""health equity"" means:",Everyone has the same health outcomes,Everyone has a fair and just opportunity to be as healthy as possible,Healthcare is free for everyone,Healthcare is equally distributed,b,B,85,16-07-2025 14:32
"The term ""health disparity"" refers to:",Differences in health outcomes that are due to random chance,"Preventable differences in the burden of disease, injury, violence, or opportunities to achieve optimal health that are experienced by socially disadvantaged populations",Differences in healthcare costs,Differences in medical technology,b,B,85,16-07-2025 14:32
Social determinants of health are:,Only individual lifestyle choices,"The conditions in which people are born, grow, live, work, and age, and the wider set of forces and systems shaping the conditions of daily life",Only genetic factors,Only medical treatments,b,B,85,16-07-2025 14:32
Examples of social determinants of health include:,"Socioeconomic status, education, housing, access to healthy food",Individual genetic makeup,Personal preferences for healthcare,Acute medical conditions,a,A,85,16-07-2025 14:32
"The term ""vulnerable populations"" in community health are groups who:",Are always sick,"Have a higher risk for poor health outcomes due to various factors (e.g., poverty, homelessness, chronic illness)",Are always wealthy,Are always healthy,b,B,85,16-07-2025 14:32
"The term ""cultural competence"" in community health nursing means:",Treating all patients the same regardless of their cultural background,"Understanding and respecting the beliefs, values, and practices of diverse cultural groups",Ignoring cultural differences,Imposing one's own cultural beliefs on others,b,B,85,16-07-2025 14:32
"The term ""cultural humility"" is a lifelong process of self-reflection and self-critique whereby the individual not only learns about another's culture but also examines her/his own cultural identity and biases.",TRUE,FALSE,Cultural humility is the same as cultural competence,Cultural humility is not important in nursing,a,A,85,16-07-2025 14:32
"The term ""health literacy"" is the degree to which individuals have the capacity to:",Read medical textbooks,"Obtain, process, and understand basic health information and services needed to make appropriate health decisions",Memorize medical terms,Diagnose diseases,b,B,85,16-07-2025 14:32
Strategies to improve health literacy include:,Using plain language,Providing visual aids,Encouraging questions,All of the above,d,D,85,16-07-2025 14:32
"The term ""community assessment"" in community health nursing involves:",Only collecting data from individuals,"Systematically collecting and analyzing data about a community's health status, needs, and resources",Making assumptions about a community's health,Ignoring community input,b,B,85,16-07-2025 14:32
Data collection methods for community assessment include:,"Surveys, interviews, focus groups","Observation, windshield surveys","Review of existing data (e.g., vital statistics)",All of the above,d,D,85,16-07-2025 14:32
"A ""windshield survey"" in community assessment involves:",Interviewing community leaders,Observing the community from a vehicle to gain an overview of its characteristics,Analyzing demographic data,Conducting laboratory tests,b,B,85,16-07-2025 14:32
"The term ""community diagnosis"" in community health nursing involves:",Diagnosing individual diseases,Identifying health problems and their contributing factors within a community,Prescribing medications for the community,Conducting surgical procedures,b,B,85,16-07-2025 14:32
"The term ""program planning"" in community health nursing involves:",Only implementing existing programs,"A systematic process of designing, implementing, and evaluating health programs to address specific community needs",Avoiding community input,Focusing only on short-term solutions,b,B,85,16-07-2025 14:32
The PRECEDE-PROCEED model is a framework commonly used in:,Individual patient care,Health program planning and evaluation,Surgical procedures,Pharmaceutical manufacturing,b,B,85,16-07-2025 14:32
"The term ""logic model"" is a visual representation that illustrates:",Only program inputs,"The relationships between program inputs, activities, outputs, and outcomes",Only program outcomes,Only program budget,b,B,85,16-07-2025 14:32
"A ""needs assessment"" in community health aims to:",Identify what a community wants,Identify the health problems and needs of a community and the resources available to address them,Dictate community priorities,Avoid community involvement,b,B,85,16-07-2025 14:32
"A ""community asset map"" identifies:",Only community problems,"The strengths, resources, and capacities within a community",Only community deficits,Only financial assets,b,B,85,16-07-2025 14:32
"The term ""capacity building"" in community health refers to:",Building new physical structures,"Developing and strengthening the skills, resources, and abilities of individuals and communities to improve their health",Limiting community resources,Creating dependency,b,B,85,16-07-2025 14:32
"The term ""advocacy"" in community health nursing involves:",Making decisions for the community,Speaking up for and supporting the rights and needs of individuals and communities,Ignoring community concerns,Promoting personal opinions,b,B,85,16-07-2025 14:32
"The term ""case management"" in community health nursing involves:",Only providing direct medical care,"A collaborative process of assessment, planning, facilitation, care coordination, evaluation, and advocacy for options and services to meet an individual's and family's comprehensive health needs through communication and available resources to promote quality, cost-effective outcomes.",Only managing financial aspects of care,Only providing emergency services,b,B,85,16-07-2025 14:32
The goal of case management is to:,Increase healthcare costs,Optimize client health outcomes and quality of life while ensuring cost-effectiveness,Limit access to services,Create fragmented care,b,B,85,16-07-2025 14:32
"The term ""referral"" in community health nursing means:",Discharging a patient from care,Directing a client to another healthcare professional or service for further assessment or treatment,Ignoring a client's needs,Providing all care oneself,b,B,86,16-07-2025 14:32
"The term ""continuity of care"" refers to:",Fragmented care delivery,Seamless and coordinated healthcare services across different settings and providers over time,Only acute care,Only long-term care,b,B,86,16-07-2025 14:32
"The term ""transitional care"" focuses on:",Care provided only in hospitals,Coordinated care activities designed to ensure the safe and effective transfer of patients from one level of care or setting to another,Long-term care only,Emergency care only,b,B,86,16-07-2025 14:32
"The term ""palliative care"" focuses on:",Curing life-threatening illnesses,"Providing relief from the symptoms and stress of a serious illness, with the goal of improving quality of life for both the patient and the family",Only end-of-life care,Only curative treatments,b,B,86,16-07-2025 14:32
"The term ""hospice care"" is a type of palliative care for individuals who:",Are seeking curative treatment,Have a life expectancy of six months or less and choose to focus on comfort and quality of life,Are in the early stages of a chronic illness,Are recovering from an acute illness,b,B,86,16-07-2025 14:32
"The term ""health informatics"" is the application of information science and technology to public health practice, research, and learning.",TRUE,FALSE,Health informatics is only about electronic health records,Health informatics is not relevant to public health,a,A,86,16-07-2025 14:32
Electronic Health Records (EHRs) can improve community health nursing by:,Reducing access to patient information,"Enhancing communication, improving data collection, and supporting evidence-based practice",Increasing medical errors,Making documentation more difficult,b,B,86,16-07-2025 14:32
"The term ""data privacy"" in health informatics refers to:",Sharing all patient data publicly,The right of individuals to control their personal health information,Only applies to paper records,Is not a concern in community health,b,B,86,16-07-2025 14:32
"The term ""data security"" in health informatics refers to:",Allowing unauthorized access to data,"Protecting health information from unauthorized access, use, disclosure, disruption, modification, or destruction",Only applies to physical security,Is not a concern in community health,b,B,86,16-07-2025 14:32
"The term ""public health ethics"" is the application of ethical principles to public health practice and research.",TRUE,FALSE,Public health ethics is only about individual rights,Public health ethics is not a recognized field,a,A,86,16-07-2025 14:32
Ethical challenges in public health often involve balancing:,Individual rights with the collective good of the community,Only financial considerations,Only political agendas,Only personal preferences,a,A,86,16-07-2025 14:32
"The principle of ""justice"" in public health ethics means:",Treating everyone equally,"Ensuring fair distribution of benefits and burdens, and addressing health disparities",Focusing only on the most vulnerable,Focusing only on the most privileged,b,B,86,16-07-2025 14:32
"The term ""social marketing"" in public health involves:",Selling health products for profit,Using commercial marketing techniques to promote health behaviors or public health programs,Ignoring public opinion,Only traditional advertising,b,B,86,16-07-2025 14:32
Social marketing campaigns often aim to change:,Individual attitudes and beliefs,Social norms,Public policies,All of the above,d,D,86,16-07-2025 14:32
"The ""4 Ps"" of social marketing include:","Product, Price, Place, Promotion","People, Programs, Policies, Prevention","Patients, Providers, Payments, Plans","Problems, Planning, Progress, Performance",a,A,86,16-07-2025 14:32
"The term ""health communication"" is the study and practice of communicating promotional health information, such as health education, public health campaigns, and health journalism.",TRUE,FALSE,Health communication is only about one-way information delivery,Health communication is not relevant to public health,a,A,86,16-07-2025 14:32
Effective health communication is:,One-way and didactic,"Tailored to the audience, clear, concise, and culturally appropriate",Complex and technical,Only verbal,b,B,86,16-07-2025 14:32
"The term ""risk communication"" is the interactive process of exchanging information and opinions about risks among risk assessors, risk managers, and other interested parties.",TRUE,FALSE,Risk communication is only about telling people what to do,Risk communication is not important during crises,a,A,86,16-07-2025 14:32
"During a public health emergency, effective risk communication aims to:",Cause panic,"Provide timely, accurate, and actionable information to the public",Withhold information,Only communicate with experts,b,B,86,16-07-2025 14:32
"The term ""community-based participatory research (CBPR)"" is a collaborative approach to research that equitably involves all partners in the research process and recognizes the unique strengths that each brings.",TRUE,FALSE,CBPR is only conducted by academic researchers,CBPR ignores community input,a,A,86,16-07-2025 14:32
CBPR aims to:,Extract data from communities without their involvement,"Build trust, share power, enhance research quality, and promote social change",Only benefit researchers,Only benefit funding agencies,b,B,86,16-07-2025 14:32
"The term ""program evaluation"" is a systematic method for collecting, analyzing, and using information to determine the effectiveness and efficiency of programs.",TRUE,FALSE,Program evaluation is only about finding faults,Program evaluation is not necessary for public health programs,a,A,86,16-07-2025 14:32
Types of program evaluation include:,Process evaluation (how the program is implemented),Outcome evaluation (what changes occurred as a result of the program),Impact evaluation (long-term effects),All of the above,d,D,86,16-07-2025 14:32
"The term ""formative evaluation"" is conducted:",After the program is completed,During the early stages of program development or implementation to provide feedback for improvement,Only for research purposes,Only for funding decisions,b,B,86,16-07-2025 14:32
"The term ""summative evaluation"" is conducted:",During program implementation,At the end of a program to assess its overall effectiveness and impact,Only for process improvement,Only for initial planning,b,B,86,16-07-2025 14:32
"The term ""quality improvement (QI)"" in healthcare is a systematic approach to making changes that lead to better patient outcomes, system performance, and professional development.",TRUE,FALSE,QI is only about cost reduction,QI is not relevant to community health,a,A,86,16-07-2025 14:32
QI methodologies often involve:,Random changes,Plan-Do-Study-Act (PDSA) cycles,Ignoring data,Blaming individuals,b,B,86,16-07-2025 14:32
"The term ""benchmarking"" in QI involves:",Comparing one's performance against the best in class or industry standards,Ignoring external performance,Only internal comparisons,Setting unrealistic goals,a,A,86,16-07-2025 14:32
"The term ""health policy"" refers to decisions, plans, and actions that are undertaken to achieve specific health care goals within a society.",TRUE,FALSE,Health policy is only about individual health,Health policy has no impact on healthcare systems,a,A,86,16-07-2025 14:32
Public health policies can address issues such as:,Disease prevention and control,Environmental health,Access to healthcare services,All of the above,d,D,86,16-07-2025 14:32
The policy-making process typically involves:,"Problem identification, policy formulation, policy adoption, policy implementation, policy evaluation",Only problem identification,Only policy implementation,Only policy evaluation,a,A,86,16-07-2025 14:32
Lobbying in health policy involves:,Ignoring elected officials,Attempting to influence decisions made by officials in the government,Only providing direct patient care,Avoiding political engagement,b,B,86,16-07-2025 14:32
"The term ""coalition building"" in community health involves:",Working in isolation,"Forming alliances with various organizations, groups, and individuals to achieve a common goal",Creating divisions within the community,Competing for resources,b,B,86,16-07-2025 14:32
"A ""health impact assessment (HIA)"" is a systematic process that uses an array of data sources and analytic methods and considers input from stakeholders to determine the potential effects of a proposed policy, plan, program, or project on the health of a population and the distribution of those effects within the population.",TRUE,FALSE,HIA only assesses economic impact,HIA is not relevant for policy decisions,a,A,86,16-07-2025 14:32
"The term ""global health"" refers to:",Only the health of people in developed countries,"The health of populations in a global context; it is about worldwide health improvement, reduction of disparities, and protection against global threats that disregard national borders",Only the health of people in developing countries,Only the health of travelers,b,B,86,16-07-2025 14:32
Global health challenges include:,"Infectious diseases (e.g., HIV/AIDS, tuberculosis, malaria)","Non-communicable diseases (e.g., cardiovascular disease, diabetes, cancer)",Maternal and child mortality,All of the above,d,D,86,16-07-2025 14:32
The Sustainable Development Goals (SDGs) include a goal specifically focused on health and well-being (SDG 3).,TRUE,FALSE,SDGs only focus on economic development,SDGs do not address health,a,A,86,16-07-2025 14:32
"The term ""health diplomacy"" refers to:",Only negotiating trade agreements,The process by which health issues are addressed in foreign policy decisions and negotiations,Ignoring international health issues,Only providing humanitarian aid,b,B,86,16-07-2025 14:32
The World Health Organization (WHO) is the leading international authority on public health.,TRUE,FALSE,WHO only deals with infectious diseases,WHO is a private organization,a,A,86,16-07-2025 14:32
"The term ""health surveillance"" is the ongoing systematic collection, analysis, interpretation, and dissemination of health data for public health action.",TRUE,FALSE,Health surveillance is only for individual patients,Health surveillance is not important for public health,a,A,86,16-07-2025 14:32
"The term ""epidemic"" refers to a sudden increase in the number of cases of a disease above what is normally expected in that population in that area.",TRUE,FALSE,An epidemic is a global outbreak,An epidemic is a single case of disease,a,A,86,16-07-2025 14:32
"The term ""pandemic"" refers to an epidemic that has spread over several countries or continents, usually affecting a large number of people.",TRUE,FALSE,A pandemic is a localized outbreak,A pandemic is a mild disease,a,A,86,16-07-2025 14:32
"The term ""endemic"" refers to the constant presence and/or usual prevalence of a disease or infectious agent in a population within a geographic area.",TRUE,FALSE,An endemic disease is always severe,An endemic disease is always new,a,A,86,16-07-2025 14:32
"The ""chain of infection"" describes the sequence of events that allows an infectious agent to spread from one host to another.",TRUE,FALSE,The chain of infection is only for non-infectious diseases,The chain of infection is not relevant for disease prevention,a,A,86,16-07-2025 14:32
Breaking any link in the chain of infection can prevent disease transmission.,TRUE,FALSE,Only breaking all links can prevent transmission,Breaking links has no effect,a,A,86,16-07-2025 14:32
Components of the chain of infection include:,"Infectious agent, reservoir, portal of exit, mode of transmission, portal of entry, susceptible host",Only infectious agent and host,Only mode of transmission,Only reservoir,a,A,86,16-07-2025 14:32
"The term ""herd immunity"" refers to a form of indirect protection from infectious disease that occurs when a large percentage of a population has become immune to an infection, thereby providing a measure of protection for individuals who are not immune.",TRUE,FALSE,Herd immunity means everyone is immune,Herd immunity is not effective,a,A,86,16-07-2025 14:32
Vaccination is a key strategy for achieving herd immunity.,TRUE,FALSE,Vaccination is only for individual protection,Vaccination has no impact on herd immunity,a,A,86,16-07-2025 14:32
"The term ""vector-borne disease"" refers to diseases transmitted by:",Direct contact,"An arthropod or other invertebrate host (e.g., mosquitoes, ticks)",Contaminated food,Airborne droplets,b,B,86,16-07-2025 14:32
Examples of vector-borne diseases include:,"Malaria, Dengue fever, Lyme disease","Common cold, Flu","Diabetes, Heart disease","Cancer, Arthritis",a,A,86,16-07-2025 14:32
"The term ""zoonotic disease"" refers to diseases that can be transmitted from:",Human to human,Animals to humans,Plant to human,Water to human,b,B,87,16-07-2025 14:32
Examples of zoonotic diseases include:,"Rabies, Anthrax, Leptospirosis","Measles, Mumps, Rubella","Hypertension, Obesity","Allergies, Asthma",a,A,87,16-07-2025 14:32
"The term ""foodborne illness"" refers to illness caused by:",Eating too much food,Consuming contaminated food or beverages,Food allergies,Food cravings,b,B,87,16-07-2025 14:32
Common causes of foodborne illness include:,"Bacteria (e.g., Salmonella, E. coli)","Viruses (e.g., Norovirus)","Parasites (e.g., Giardia)",All of the above,d,D,87,16-07-2025 14:32
"The term ""waterborne disease"" refers to diseases caused by:",Drinking too much water,Pathogenic microorganisms transmitted through contaminated water,Water allergies,Water temperature,b,B,87,16-07-2025 14:32
Examples of waterborne diseases include:,"Cholera, Typhoid fever, Giardiasis","Common cold, Flu","Diabetes, Heart disease","Cancer, Arthritis",a,A,87,16-07-2025 14:32
"The term ""non-communicable diseases (NCDs)"" are chronic diseases that are not passed from person to person.",TRUE,FALSE,NCDs are always infectious,NCDs are always acute,a,A,87,16-07-2025 14:32
Examples of NCDs include:,"Cardiovascular diseases, cancers, chronic respiratory diseases, diabetes","Malaria, Tuberculosis, HIV/AIDS","Measles, Mumps, Rubella","Common cold, Flu",a,A,87,16-07-2025 14:32
Risk factors for NCDs include:,Unhealthy diet,Physical inactivity,Tobacco use,All of the above,d,D,87,16-07-2025 14:32
"The term ""health promotion"" is the process of:",Forcing people to be healthy,"Enabling people to increase control over, and to improve, their health",Providing medical treatment,Conducting medical research,b,B,87,16-07-2025 14:32
"The Ottawa Charter for Health Promotion (1986) identified key action areas for health promotion, including:",Building healthy public policy,Creating supportive environments,Strengthening community action,All of the above,d,D,87,16-07-2025 14:32
"The term ""disease prevention"" refers to:",Actions aimed at avoiding the onset of disease,Actions aimed at treating existing disease,Actions aimed at curing disease,Actions aimed at diagnosing disease,a,A,87,16-07-2025 14:32
"The term ""health protection"" refers to:",Actions aimed at preventing the spread of disease,Actions aimed at safeguarding public health through environmental and other controls,Actions aimed at treating individual patients,Actions aimed at promoting healthy lifestyles,b,B,87,16-07-2025 14:32
Examples of health protection measures include:,Water fluoridation,Food safety regulations,Occupational health and safety standards,All of the above,d,D,87,16-07-2025 14:32
"The term ""health equity"" means:",Everyone has the same health outcomes,Everyone has a fair and just opportunity to be as healthy as possible,Healthcare is free for everyone,Healthcare is equally distributed,b,B,87,16-07-2025 14:32
"The term ""health disparity"" refers to:",Differences in health outcomes that are due to random chance,"Preventable differences in the burden of disease, injury, violence, or opportunities to achieve optimal health that are experienced by socially disadvantaged populations",Differences in healthcare costs,Differences in medical technology,b,B,87,16-07-2025 14:32
Social determinants of health are:,Only individual lifestyle choices,"The conditions in which people are born, grow, live, work, and age, and the wider set of forces and systems shaping the conditions of daily life",Only genetic factors,Only medical treatments,b,B,87,16-07-2025 14:32
Examples of social determinants of health include:,"Socioeconomic status, education, housing, access to healthy food",Individual genetic makeup,Personal preferences for healthcare,Acute medical conditions,a,A,87,16-07-2025 14:32
"The term ""vulnerable populations"" in community health are groups who:",Are always sick,"Have a higher risk for poor health outcomes due to various factors (e.g., poverty, homelessness, chronic illness)",Are always wealthy,Are always healthy,b,B,87,16-07-2025 14:32
"The term ""cultural competence"" in community health nursing means:",Treating all patients the same regardless of their cultural background,"Understanding and respecting the beliefs, values, and practices of diverse cultural groups",Ignoring cultural differences,Imposing one's own cultural beliefs on others,b,B,87,16-07-2025 14:32
"The term ""cultural humility"" is a lifelong process of self-reflection and self-critique whereby the individual not only learns about another's culture but also examines her/his own cultural identity and biases.",TRUE,FALSE,Cultural humility is the same as cultural competence,Cultural humility is not important in nursing,a,A,87,16-07-2025 14:32
"The term ""health literacy"" is the degree to which individuals have the capacity to:",Read medical textbooks,"Obtain, process, and understand basic health information and services needed to make appropriate health decisions",Memorize medical terms,Diagnose diseases,b,B,87,16-07-2025 14:32
Strategies to improve health literacy include:,Using plain language,Providing visual aids,Encouraging questions,All of the above,d,D,87,16-07-2025 14:32
"The term ""community assessment"" in community health nursing involves:",Only collecting data from individuals,"Systematically collecting and analyzing data about a community's health status, needs, and resources",Making assumptions about a community's health,Ignoring community input,b,B,87,16-07-2025 14:32
Data collection methods for community assessment include:,"Surveys, interviews, focus groups","Observation, windshield surveys","Review of existing data (e.g., vital statistics)",All of the above,d,D,87,16-07-2025 14:32
"A ""windshield survey"" in community assessment involves:",Interviewing community leaders,Observing the community from a vehicle to gain an overview of its characteristics,Analyzing demographic data,Conducting laboratory tests,b,B,87,16-07-2025 14:32
"The term ""community diagnosis"" in community health nursing involves:",Diagnosing individual diseases,Identifying health problems and their contributing factors within a community,Prescribing medications for the community,Conducting surgical procedures,b,B,87,16-07-2025 14:32
"The term ""program planning"" in community health nursing involves:",Only implementing existing programs,"A systematic process of designing, implementing, and evaluating health programs to address specific community needs",Avoiding community input,Focusing only on short-term solutions,b,B,87,16-07-2025 14:32
The PRECEDE-PROCEED model is a framework commonly used in:,Individual patient care,Health program planning and evaluation,Surgical procedures,Pharmaceutical manufacturing,b,B,87,16-07-2025 14:32
"The term ""logic model"" is a visual representation that illustrates:",Only program inputs,"The relationships between program inputs, activities, outputs, and outcomes",Only program outcomes,Only program budget,b,B,87,16-07-2025 14:32
"A ""needs assessment"" in community health aims to:",Identify what a community wants,Identify the health problems and needs of a community and the resources available to address them,Dictate community priorities,Avoid community involvement,b,B,87,16-07-2025 14:32
"A ""community asset map"" identifies:",Only community problems,"The strengths, resources, and capacities within a community",Only community deficits,Only financial assets,b,B,87,16-07-2025 14:32
"The term ""capacity building"" in community health refers to:",Building new physical structures,"Developing and strengthening the skills, resources, and abilities of individuals and communities to improve their health",Limiting community resources,Creating dependency,b,B,87,16-07-2025 14:32
"The term ""advocacy"" in community health nursing involves:",Making decisions for the community,Speaking up for and supporting the rights and needs of individuals and communities,Ignoring community concerns,Promoting personal opinions,b,B,87,16-07-2025 14:32
"The term ""case management"" in community health nursing involves:",Only providing direct medical care,"A collaborative process of assessment, planning, facilitation, care coordination, evaluation, and advocacy for options and services to meet an individual's and family's comprehensive health needs through communication and available resources to promote quality, cost-effective outcomes.",Only managing financial aspects of care,Only providing emergency services,b,B,87,16-07-2025 14:32
The goal of case management is to:,Increase healthcare costs,Optimize client health outcomes and quality of life while ensuring cost-effectiveness,Limit access to services,Create fragmented care,b,B,87,16-07-2025 14:32
"The term ""referral"" in community health nursing means:",Discharging a patient from care,Directing a client to another healthcare professional or service for further assessment or treatment,Ignoring a client's needs,Providing all care oneself,b,B,87,16-07-2025 14:32
"The term ""continuity of care"" refers to:",Fragmented care delivery,Seamless and coordinated healthcare services across different settings and providers over time,Only acute care,Only long-term care,b,B,87,16-07-2025 14:32
"The term ""transitional care"" focuses on:",Care provided only in hospitals,Coordinated care activities designed to ensure the safe and effective transfer of patients from one level of care or setting to another,Long-term care only,Emergency care only,b,B,87,16-07-2025 14:32
"The term ""palliative care"" focuses on:",Curing life-threatening illnesses,"Providing relief from the symptoms and stress of a serious illness, with the goal of improving quality of life for both the patient and the family",Only end-of-life care,Only curative treatments,b,B,87,16-07-2025 14:32
"The term ""hospice care"" is a type of palliative care for individuals who:",Are seeking curative treatment,Have a life expectancy of six months or less and choose to focus on comfort and quality of life,Are in the early stages of a chronic illness,Are recovering from an acute illness,b,B,87,16-07-2025 14:32
"The term ""health informatics"" is the application of information science and technology to public health practice, research, and learning.",TRUE,FALSE,Health informatics is only about electronic health records,Health informatics is not relevant to public health,a,A,87,16-07-2025 14:32
Electronic Health Records (EHRs) can improve community health nursing by:,Reducing access to patient information,"Enhancing communication, improving data collection, and supporting evidence-based practice",Increasing medical errors,Making documentation more difficult,b,B,87,16-07-2025 14:32
"The term ""data privacy"" in health informatics refers to:",Sharing all patient data publicly,The right of individuals to control their personal health information,Only applies to paper records,Is not a concern in community health,b,B,87,16-07-2025 14:32
"The term ""data security"" in health informatics refers to:",Allowing unauthorized access to data,"Protecting health information from unauthorized access, use, disclosure, disruption, modification, or destruction",Only applies to physical security,Is not a concern in community health,b,B,87,16-07-2025 14:32
"The term ""public health ethics"" is the application of ethical principles to public health practice and research.",TRUE,FALSE,Public health ethics is only about individual rights,Public health ethics is not a recognized field,a,A,87,16-07-2025 14:32
Ethical challenges in public health often involve balancing:,Individual rights with the collective good of the community,Only financial considerations,Only political agendas,Only personal preferences,a,A,87,16-07-2025 14:32
"The principle of ""justice"" in public health ethics means:",Treating everyone equally,"Ensuring fair distribution of benefits and burdens, and addressing health disparities",Focusing only on the most vulnerable,Focusing only on the most privileged,b,B,87,16-07-2025 14:32
"The term ""social marketing"" in public health involves:",Selling health products for profit,Using commercial marketing techniques to promote health behaviors or public health programs,Ignoring public opinion,Only traditional advertising,b,B,87,16-07-2025 14:32
Social marketing campaigns often aim to change:,Individual attitudes and beliefs,Social norms,Public policies,All of the above,d,D,87,16-07-2025 14:32
"The ""4 Ps"" of social marketing include:","Product, Price, Place, Promotion","People, Programs, Policies, Prevention","Patients, Providers, Payments, Plans","Problems, Planning, Progress, Performance",a,A,88,16-07-2025 14:32
"The term ""health communication"" is the study and practice of communicating promotional health information, such as health education, public health campaigns, and health journalism.",TRUE,FALSE,Health communication is only about one-way information delivery,Health communication is not relevant to public health,a,A,88,16-07-2025 14:32
Effective health communication is:,One-way and didactic,"Tailored to the audience, clear, concise, and culturally appropriate",Complex and technical,Only verbal,b,B,88,16-07-2025 14:32
"The term ""risk communication"" is the interactive process of exchanging information and opinions about risks among risk assessors, risk managers, and other interested parties.",TRUE,FALSE,Risk communication is only about telling people what to do,Risk communication is not important during crises,a,A,88,16-07-2025 14:32
"During a public health emergency, effective risk communication aims to:",Cause panic,"Provide timely, accurate, and actionable information to the public",Withhold information,Only communicate with experts,b,B,88,16-07-2025 14:32
"The term ""community-based participatory research (CBPR)"" is a collaborative approach to research that equitably involves all partners in the research process and recognizes the unique strengths that each brings.",TRUE,FALSE,CBPR is only conducted by academic researchers,CBPR ignores community input,a,A,88,16-07-2025 14:32
CBPR aims to:,Extract data from communities without their involvement,"Build trust, share power, enhance research quality, and promote social change",Only benefit researchers,Only benefit funding agencies,b,B,88,16-07-2025 14:32
"The term ""program evaluation"" is a systematic method for collecting, analyzing, and using information to determine the effectiveness and efficiency of programs.",TRUE,FALSE,Program evaluation is only about finding faults,Program evaluation is not necessary for public health programs,a,A,88,16-07-2025 14:32
Types of program evaluation include:,Process evaluation (how the program is implemented),Outcome evaluation (what changes occurred as a result of the program),Impact evaluation (long-term effects),All of the above,d,D,88,16-07-2025 14:32
"The term ""formative evaluation"" is conducted:",After the program is completed,During the early stages of program development or implementation to provide feedback for improvement,Only for research purposes,Only for funding decisions,b,B,88,16-07-2025 14:32
"The term ""summative evaluation"" is conducted:",During program implementation,At the end of a program to assess its overall effectiveness and impact,Only for process improvement,Only for initial planning,b,B,88,16-07-2025 14:32
"The term ""quality improvement (QI)"" in healthcare is a systematic approach to making changes that lead to better patient outcomes, system performance, and professional development.",TRUE,FALSE,QI is only about cost reduction,QI is not relevant to community health,a,A,88,16-07-2025 14:32
QI methodologies often involve:,Random changes,Plan-Do-Study-Act (PDSA) cycles,Ignoring data,Blaming individuals,b,B,88,16-07-2025 14:32
"The term ""benchmarking"" in QI involves:",Comparing one's performance against the best in class or industry standards,Ignoring external performance,Only internal comparisons,Setting unrealistic goals,a,A,88,16-07-2025 14:32
"The term ""health policy"" refers to decisions, plans, and actions that are undertaken to achieve specific health care goals within a society.",TRUE,FALSE,Health policy is only about individual health,Health policy has no impact on healthcare systems,a,A,88,16-07-2025 14:32
Public health policies can address issues such as:,Disease prevention and control,Environmental health,Access to healthcare services,All of the above,d,D,88,16-07-2025 14:32
The policy-making process typically involves:,"Problem identification, policy formulation, policy adoption, policy implementation, policy evaluation",Only problem identification,Only policy implementation,Only policy evaluation,a,A,88,16-07-2025 14:32
Lobbying in health policy involves:,Ignoring elected officials,Attempting to influence decisions made by officials in the government,Only providing direct patient care,Avoiding political engagement,b,B,88,16-07-2025 14:32
"The term ""coalition building"" in community health involves:",Working in isolation,"Forming alliances with various organizations, groups, and individuals to achieve a common goal",Creating divisions within the community,Competing for resources,b,B,88,16-07-2025 14:32
"A ""health impact assessment (HIA)"" is a systematic process that uses an array of data sources and analytic methods and considers input from stakeholders to determine the potential effects of a proposed policy, plan, program, or project on the health of a population and the distribution of those effects within the population.",TRUE,FALSE,HIA only assesses economic impact,HIA is not relevant for policy decisions,a,A,88,16-07-2025 14:32
"The term ""global health"" refers to:",Only the health of people in developed countries,"The health of populations in a global context; it is about worldwide health improvement, reduction of disparities, and protection against global threats that disregard national borders",Only the health of people in developing countries,Only the health of travelers,b,B,88,16-07-2025 14:32
Global health challenges include:,"Infectious diseases (e.g., HIV/AIDS, tuberculosis, malaria)","Non-communicable diseases (e.g., cardiovascular disease, diabetes, cancer)",Maternal and child mortality,All of the above,d,D,88,16-07-2025 14:32
The Sustainable Development Goals (SDGs) include a goal specifically focused on health and well-being (SDG 3).,TRUE,FALSE,SDGs only focus on economic development,SDGs do not address health,a,A,88,16-07-2025 14:32
"The term ""health diplomacy"" refers to:",Only negotiating trade agreements,The process by which health issues are addressed in foreign policy decisions and negotiations,Ignoring international health issues,Only providing humanitarian aid,b,B,88,16-07-2025 14:32
The World Health Organization (WHO) is the leading international authority on public health.,TRUE,FALSE,WHO only deals with infectious diseases,WHO is a private organization,a,A,88,16-07-2025 14:32
"The term ""health surveillance"" is the ongoing systematic collection, analysis, interpretation, and dissemination of health data for public health action.",TRUE,FALSE,Health surveillance is only for individual patients,Health surveillance is not important for public health,a,A,88,16-07-2025 14:32
"The term ""epidemic"" refers to a sudden increase in the number of cases of a disease above what is normally expected in that population in that area.",TRUE,FALSE,An epidemic is a global outbreak,An epidemic is a single case of disease,a,A,88,16-07-2025 14:32
"The term ""pandemic"" refers to an epidemic that has spread over several countries or continents, usually affecting a large number of people.",TRUE,FALSE,A pandemic is a localized outbreak,A pandemic is a mild disease,a,A,88,16-07-2025 14:32
"The term ""endemic"" refers to the constant presence and/or usual prevalence of a disease or infectious agent in a population within a geographic area.",TRUE,FALSE,An endemic disease is always severe,An endemic disease is always new,a,A,88,16-07-2025 14:32
"The ""chain of infection"" describes the sequence of events that allows an infectious agent to spread from one host to another.",TRUE,FALSE,The chain of infection is only for non-infectious diseases,The chain of infection is not relevant for disease prevention,a,A,88,16-07-2025 14:32
Breaking any link in the chain of infection can prevent disease transmission.,TRUE,FALSE,Only breaking all links can prevent transmission,Breaking links has no effect,a,A,88,16-07-2025 14:32
Components of the chain of infection include:,"Infectious agent, reservoir, portal of exit, mode of transmission, portal of entry, susceptible host",Only infectious agent and host,Only mode of transmission,Only reservoir,a,A,88,16-07-2025 14:32
"The term ""herd immunity"" refers to a form of indirect protection from infectious disease that occurs when a large percentage of a population has become immune to an infection, thereby providing a measure of protection for individuals who are not immune.",TRUE,FALSE,Herd immunity means everyone is immune,Herd immunity is not effective,a,A,88,16-07-2025 14:32
Vaccination is a key strategy for achieving herd immunity.,TRUE,FALSE,Vaccination is only for individual protection,Vaccination has no impact on herd immunity,a,A,88,16-07-2025 14:32
"The term ""vector-borne disease"" refers to diseases transmitted by:",Direct contact,"An arthropod or other invertebrate host (e.g., mosquitoes, ticks)",Contaminated food,Airborne droplets,b,B,88,16-07-2025 14:32
Examples of vector-borne diseases include:,"Malaria, Dengue fever, Lyme disease","Common cold, Flu","Diabetes, Heart disease","Cancer, Arthritis",a,A,88,16-07-2025 14:32
"The term ""zoonotic disease"" refers to diseases that can be transmitted from:",Human to human,Animals to humans,Plant to human,Water to human,b,B,88,16-07-2025 14:32
Examples of zoonotic diseases include:,"Rabies, Anthrax, Leptospirosis","Measles, Mumps, Rubella","Hypertension, Obesity","Allergies, Asthma",a,A,88,16-07-2025 14:32
"The term ""foodborne illness"" refers to illness caused by:",Eating too much food,Consuming contaminated food or beverages,Food allergies,Food cravings,b,B,88,16-07-2025 14:32
Common causes of foodborne illness include:,"Bacteria (e.g., Salmonella, E. coli)","Viruses (e.g., Norovirus)","Parasites (e.g., Giardia)",All of the above,d,D,88,16-07-2025 14:32
"The term ""waterborne disease"" refers to diseases caused by:",Drinking too much water,Pathogenic microorganisms transmitted through contaminated water,Water allergies,Water temperature,b,B,88,16-07-2025 14:32
Examples of waterborne diseases include:,"Cholera, Typhoid fever, Giardiasis","Common cold, Flu","Diabetes, Heart disease","Cancer, Arthritis",a,A,88,16-07-2025 14:32
"The term ""non-communicable diseases (NCDs)"" are chronic diseases that are not passed from person to person.",TRUE,FALSE,NCDs are always infectious,NCDs are always acute,a,A,88,16-07-2025 14:32
Examples of NCDs include:,"Cardiovascular diseases, cancers, chronic respiratory diseases, diabetes","Malaria, Tuberculosis, HIV/AIDS","Measles, Mumps, Rubella","Common cold, Flu",a,A,88,16-07-2025 14:32
Risk factors for NCDs include:,Unhealthy diet,Physical inactivity,Tobacco use,All of the above,d,D,88,16-07-2025 14:32
"The term ""health promotion"" is the process of:",Forcing people to be healthy,"Enabling people to increase control over, and to improve, their health",Providing medical treatment,Conducting medical research,b,B,88,16-07-2025 14:32
"The Ottawa Charter for Health Promotion (1986) identified key action areas for health promotion, including:",Building healthy public policy,Creating supportive environments,Strengthening community action,All of the above,d,D,88,16-07-2025 14:32
"The term ""disease prevention"" refers to:",Actions aimed at avoiding the onset of disease,Actions aimed at treating existing disease,Actions aimed at curing disease,Actions aimed at diagnosing disease,a,A,88,16-07-2025 14:32
"The term ""health protection"" refers to:",Actions aimed at preventing the spread of disease,Actions aimed at safeguarding public health through environmental and other controls,Actions aimed at treating individual patients,Actions aimed at promoting healthy lifestyles,b,B,88,16-07-2025 14:32
Examples of health protection measures include:,Water fluoridation,Food safety regulations,Occupational health and safety standards,All of the above,d,D,88,16-07-2025 14:32
"The term ""health equity"" means:",Everyone has the same health outcomes,Everyone has a fair and just opportunity to be as healthy as possible,Healthcare is free for everyone,Healthcare is equally distributed,b,B,89,16-07-2025 14:32
"The term ""health disparity"" refers to:",Differences in health outcomes that are due to random chance,"Preventable differences in the burden of disease, injury, violence, or opportunities to achieve optimal health that are experienced by socially disadvantaged populations",Differences in healthcare costs,Differences in medical technology,b,B,89,16-07-2025 14:32
Social determinants of health are:,Only individual lifestyle choices,"The conditions in which people are born, grow, live, work, and age, and the wider set of forces and systems shaping the conditions of daily life",Only genetic factors,Only medical treatments,b,B,89,16-07-2025 14:32
Examples of social determinants of health include:,"Socioeconomic status, education, housing, access to healthy food",Individual genetic makeup,Personal preferences for healthcare,Acute medical conditions,a,A,89,16-07-2025 14:32
"The term ""vulnerable populations"" in community health are groups who:",Are always sick,"Have a higher risk for poor health outcomes due to various factors (e.g., poverty, homelessness, chronic illness)",Are always wealthy,Are always healthy,b,B,89,16-07-2025 14:32
"The term ""cultural competence"" in community health nursing means:",Treating all patients the same regardless of their cultural background,"Understanding and respecting the beliefs, values, and practices of diverse cultural groups",Ignoring cultural differences,Imposing one's own cultural beliefs on others,b,B,89,16-07-2025 14:32
"The term ""cultural humility"" is a lifelong process of self-reflection and self-critique whereby the individual not only learns about another's culture but also examines her/his own cultural identity and biases.",TRUE,FALSE,Cultural humility is the same as cultural competence,Cultural humility is not important in nursing,a,A,89,16-07-2025 14:32
"The term ""health literacy"" is the degree to which individuals have the capacity to:",Read medical textbooks,"Obtain, process, and understand basic health information and services needed to make appropriate health decisions",Memorize medical terms,Diagnose diseases,b,B,89,16-07-2025 14:32
Strategies to improve health literacy include:,Using plain language,Providing visual aids,Encouraging questions,All of the above,d,D,89,16-07-2025 14:32
"The term ""community assessment"" in community health nursing involves:",Only collecting data from individuals,"Systematically collecting and analyzing data about a community's health status, needs, and resources",Making assumptions about a community's health,Ignoring community input,b,B,89,16-07-2025 14:32
Data collection methods for community assessment include:,"Surveys, interviews, focus groups","Observation, windshield surveys","Review of existing data (e.g., vital statistics)",All of the above,d,D,89,16-07-2025 14:32
"A ""windshield survey"" in community assessment involves:",Interviewing community leaders,Observing the community from a vehicle to gain an overview of its characteristics,Analyzing demographic data,Conducting laboratory tests,b,B,89,16-07-2025 14:32
"The term ""community diagnosis"" in community health nursing involves:",Diagnosing individual diseases,Identifying health problems and their contributing factors within a community,Prescribing medications for the community,Conducting surgical procedures,b,B,89,16-07-2025 14:32
"The term ""program planning"" in community health nursing involves:",Only implementing existing programs,"A systematic process of designing, implementing, and evaluating health programs to address specific community needs",Avoiding community input,Focusing only on short-term solutions,b,B,89,16-07-2025 14:32
The PRECEDE-PROCEED model is a framework commonly used in:,Individual patient care,Health program planning and evaluation,Surgical procedures,Pharmaceutical manufacturing,b,B,89,16-07-2025 14:32
"The term ""logic model"" is a visual representation that illustrates:",Only program inputs,"The relationships between program inputs, activities, outputs, and outcomes",Only program outcomes,Only program budget,b,B,89,16-07-2025 14:32
"A ""needs assessment"" in community health aims to:",Identify what a community wants,Identify the health problems and needs of a community and the resources available to address them,Dictate community priorities,Avoid community involvement,b,B,89,16-07-2025 14:32
"A ""community asset map"" identifies:",Only community problems,"The strengths, resources, and capacities within a community",Only community deficits,Only financial assets,b,B,89,16-07-2025 14:32
"The term ""capacity building"" in community health refers to:",Building new physical structures,"Developing and strengthening the skills, resources, and abilities of individuals and communities to improve their health",Limiting community resources,Creating dependency,b,B,89,16-07-2025 14:32
"The term ""advocacy"" in community health nursing involves:",Making decisions for the community,Speaking up for and supporting the rights and needs of individuals and communities,Ignoring community concerns,Promoting personal opinions,b,B,89,16-07-2025 14:32
"The term ""case management"" in community health nursing involves:",Only providing direct medical care,"A collaborative process of assessment, planning, facilitation, care coordination, evaluation, and advocacy for options and services to meet an individual's and family's comprehensive health needs through communication and available resources to promote quality, cost-effective outcomes.",Only managing financial aspects of care,Only providing emergency services,b,B,89,16-07-2025 14:32
The goal of case management is to:,Increase healthcare costs,Optimize client health outcomes and quality of life while ensuring cost-effectiveness,Limit access to services,Create fragmented care,b,B,89,16-07-2025 14:32
"The term ""referral"" in community health nursing means:",Discharging a patient from care,Directing a client to another healthcare professional or service for further assessment or treatment,Ignoring a client's needs,Providing all care oneself,b,B,89,16-07-2025 14:32
"The term ""continuity of care"" refers to:",Fragmented care delivery,Seamless and coordinated healthcare services across different settings and providers over time,Only acute care,Only long-term care,b,B,89,16-07-2025 14:32
"The term ""transitional care"" focuses on:",Care provided only in hospitals,Coordinated care activities designed to ensure the safe and effective transfer of patients from one level of care or setting to another,Long-term care only,Emergency care only,b,B,89,16-07-2025 14:32
"The term ""palliative care"" focuses on:",Curing life-threatening illnesses,"Providing relief from the symptoms and stress of a serious illness, with the goal of improving quality of life for both the patient and the family",Only end-of-life care,Only curative treatments,b,B,89,16-07-2025 14:32
"The term ""hospice care"" is a type of palliative care for individuals who:",Are seeking curative treatment,Have a life expectancy of six months or less and choose to focus on comfort and quality of life,Are in the early stages of a chronic illness,Are recovering from an acute illness,b,B,89,16-07-2025 14:32
"The term ""health informatics"" is the application of information science and technology to public health practice, research, and learning.",TRUE,FALSE,Health informatics is only about electronic health records,Health informatics is not relevant to public health,a,A,89,16-07-2025 14:32
Electronic Health Records (EHRs) can improve community health nursing by:,Reducing access to patient information,"Enhancing communication, improving data collection, and supporting evidence-based practice",Increasing medical errors,Making documentation more difficult,b,B,89,16-07-2025 14:32
"The term ""data privacy"" in health informatics refers to:",Sharing all patient data publicly,The right of individuals to control their personal health information,Only applies to paper records,Is not a concern in community health,b,B,89,16-07-2025 14:32
"The term ""data security"" in health informatics refers to:",Allowing unauthorized access to data,"Protecting health information from unauthorized access, use, disclosure, disruption, modification, or destruction",Only applies to physical security,Is not a concern in community health,b,B,89,16-07-2025 14:32
"The term ""public health ethics"" is the application of ethical principles to public health practice and research.",TRUE,FALSE,Public health ethics is only about individual rights,Public health ethics is not a recognized field,a,A,89,16-07-2025 14:32
Ethical challenges in public health often involve balancing:,Individual rights with the collective good of the community,Only financial considerations,Only political agendas,Only personal preferences,a,A,89,16-07-2025 14:32
"The principle of ""justice"" in public health ethics means:",Treating everyone equally,"Ensuring fair distribution of benefits and burdens, and addressing health disparities",Focusing only on the most vulnerable,Focusing only on the most privileged,b,B,89,16-07-2025 14:32
"The term ""social marketing"" in public health involves:",Selling health products for profit,Using commercial marketing techniques to promote health behaviors or public health programs,Ignoring public opinion,Only traditional advertising,b,B,89,16-07-2025 14:32
Social marketing campaigns often aim to change:,Individual attitudes and beliefs,Social norms,Public policies,All of the above,d,D,89,16-07-2025 14:32
"The ""4 Ps"" of social marketing include:","Product, Price, Place, Promotion","People, Programs, Policies, Prevention","Patients, Providers, Payments, Plans","Problems, Planning, Progress, Performance",a,A,89,16-07-2025 14:32
"The term ""health communication"" is the study and practice of communicating promotional health information, such as health education, public health campaigns, and health journalism.",TRUE,FALSE,Health communication is only about one-way information delivery,Health communication is not relevant to public health,a,A,89,16-07-2025 14:32
Effective health communication is:,One-way and didactic,"Tailored to the audience, clear, concise, and culturally appropriate",Complex and technical,Only verbal,b,B,89,16-07-2025 14:32
"The term ""risk communication"" is the interactive process of exchanging information and opinions about risks among risk assessors, risk managers, and other interested parties.",TRUE,FALSE,Risk communication is only about telling people what to do,Risk communication is not important during crises,a,A,89,16-07-2025 14:32
"During a public health emergency, effective risk communication aims to:",Cause panic,"Provide timely, accurate, and actionable information to the public",Withhold information,Only communicate with experts,b,B,89,16-07-2025 14:32
"The term ""community-based participatory research (CBPR)"" is a collaborative approach to research that equitably involves all partners in the research process and recognizes the unique strengths that each brings.",TRUE,FALSE,CBPR is only conducted by academic researchers,CBPR ignores community input,a,A,89,16-07-2025 14:32
CBPR aims to:,Extract data from communities without their involvement,"Build trust, share power, enhance research quality, and promote social change",Only benefit researchers,Only benefit funding agencies,b,B,89,16-07-2025 14:32
"The term ""program evaluation"" is a systematic method for collecting, analyzing, and using information to determine the effectiveness and efficiency of programs.",TRUE,FALSE,Program evaluation is only about finding faults,Program evaluation is not necessary for public health programs,a,A,89,16-07-2025 14:32
Types of program evaluation include:,Process evaluation (how the program is implemented),Outcome evaluation (what changes occurred as a result of the program),Impact evaluation (long-term effects),All of the above,d,D,89,16-07-2025 14:32
"The term ""formative evaluation"" is conducted:",After the program is completed,During the early stages of program development or implementation to provide feedback for improvement,Only for research purposes,Only for funding decisions,b,B,89,16-07-2025 14:32
"The term ""summative evaluation"" is conducted:",During program implementation,At the end of a program to assess its overall effectiveness and impact,Only for process improvement,Only for initial planning,b,B,89,16-07-2025 14:32
"The term ""quality improvement (QI)"" in healthcare is a systematic approach to making changes that lead to better patient outcomes, system performance, and professional development.",TRUE,FALSE,QI is only about cost reduction,QI is not relevant to community health,a,A,89,16-07-2025 14:32
QI methodologies often involve:,Random changes,Plan-Do-Study-Act (PDSA) cycles,Ignoring data,Blaming individuals,b,B,89,16-07-2025 14:32
"The term ""benchmarking"" in QI involves:",Comparing one's performance against the best in class or industry standards,Ignoring external performance,Only internal comparisons,Setting unrealistic goals,a,A,89,16-07-2025 14:32
"The term ""health policy"" refers to decisions, plans, and actions that are undertaken to achieve specific health care goals within a society.",TRUE,FALSE,Health policy is only about individual health,Health policy has no impact on healthcare systems,a,A,90,16-07-2025 14:32
Public health policies can address issues such as:,Disease prevention and control,Environmental health,Access to healthcare services,All of the above,d,D,90,16-07-2025 14:32
The policy-making process typically involves:,"Problem identification, policy formulation, policy adoption, policy implementation, policy evaluation",Only problem identification,Only policy implementation,Only policy evaluation,a,A,90,16-07-2025 14:32
Lobbying in health policy involves:,Ignoring elected officials,Attempting to influence decisions made by officials in the government,Only providing direct patient care,Avoiding political engagement,b,B,90,16-07-2025 14:32
"The term ""coalition building"" in community health involves:",Working in isolation,"Forming alliances with various organizations, groups, and individuals to achieve a common goal",Creating divisions within the community,Competing for resources,b,B,90,16-07-2025 14:32
"A ""health impact assessment (HIA)"" is a systematic process that uses an array of data sources and analytic methods and considers input from stakeholders to determine the potential effects of a proposed policy, plan, program, or project on the health of a population and the distribution of those effects within the population.",TRUE,FALSE,HIA only assesses economic impact,HIA is not relevant for policy decisions,a,A,90,16-07-2025 14:32
"The term ""global health"" refers to:",Only the health of people in developed countries,"The health of populations in a global context; it is about worldwide health improvement, reduction of disparities, and protection against global threats that disregard national borders",Only the health of people in developing countries,Only the health of travelers,b,B,90,16-07-2025 14:32
Global health challenges include:,"Infectious diseases (e.g., HIV/AIDS, tuberculosis, malaria)","Non-communicable diseases (e.g., cardiovascular disease, diabetes, cancer)",Maternal and child mortality,All of the above,d,D,90,16-07-2025 14:32
The Sustainable Development Goals (SDGs) include a goal specifically focused on health and well-being (SDG 3).,TRUE,FALSE,SDGs only focus on economic development,SDGs do not address health,a,A,90,16-07-2025 14:32
"The term ""health diplomacy"" refers to:",Only negotiating trade agreements,The process by which health issues are addressed in foreign policy decisions and negotiations,Ignoring international health issues,Only providing humanitarian aid,b,B,90,16-07-2025 14:32
The World Health Organization (WHO) is the leading international authority on public health.,TRUE,FALSE,WHO only deals with infectious diseases,WHO is a private organization,a,A,90,16-07-2025 14:32
"The term ""health surveillance"" is the ongoing systematic collection, analysis, interpretation, and dissemination of health data for public health action.",TRUE,FALSE,Health surveillance is only for individual patients,Health surveillance is not important for public health,a,A,90,16-07-2025 14:32
"The term ""epidemic"" refers to a sudden increase in the number of cases of a disease above what is normally expected in that population in that area.",TRUE,FALSE,An epidemic is a global outbreak,An epidemic is a single case of disease,a,A,90,16-07-2025 14:32
"The term ""pandemic"" refers to an epidemic that has spread over several countries or continents, usually affecting a large number of people.",TRUE,FALSE,A pandemic is a localized outbreak,A pandemic is a mild disease,a,A,90,16-07-2025 14:32
"The term ""endemic"" refers to the constant presence and/or usual prevalence of a disease or infectious agent in a population within a geographic area.",TRUE,FALSE,An endemic disease is always severe,An endemic disease is always new,a,A,90,16-07-2025 14:32
"The ""chain of infection"" describes the sequence of events that allows an infectious agent to spread from one host to another.",TRUE,FALSE,The chain of infection is only for non-infectious diseases,The chain of infection is not relevant for disease prevention,a,A,90,16-07-2025 14:32
Breaking any link in the chain of infection can prevent disease transmission.,TRUE,FALSE,Only breaking all links can prevent transmission,Breaking links has no effect,a,A,90,16-07-2025 14:32
Components of the chain of infection include:,"Infectious agent, reservoir, portal of exit, mode of transmission, portal of entry, susceptible host",Only infectious agent and host,Only mode of transmission,Only reservoir,a,A,90,16-07-2025 14:32
"The term ""herd immunity"" refers to a form of indirect protection from infectious disease that occurs when a large percentage of a population has become immune to an infection, thereby providing a measure of protection for individuals who are not immune.",TRUE,FALSE,Herd immunity means everyone is immune,Herd immunity is not effective,a,A,90,16-07-2025 14:32
Vaccination is a key strategy for achieving herd immunity.,TRUE,FALSE,Vaccination is only for individual protection,Vaccination has no impact on herd immunity,a,A,90,16-07-2025 14:32
"The term ""vector-borne disease"" refers to diseases transmitted by:",Direct contact,"An arthropod or other invertebrate host (e.g., mosquitoes, ticks)",Contaminated food,Airborne droplets,b,B,90,16-07-2025 14:32
Examples of vector-borne diseases include:,"Malaria, Dengue fever, Lyme disease","Common cold, Flu","Diabetes, Heart disease","Cancer, Arthritis",a,A,90,16-07-2025 14:32
"The term ""zoonotic disease"" refers to diseases that can be transmitted from:",Human to human,Animals to humans,Plant to human,Water to human,b,B,90,16-07-2025 14:32
Examples of zoonotic diseases include:,"Rabies, Anthrax, Leptospirosis","Measles, Mumps, Rubella","Hypertension, Obesity","Allergies, Asthma",a,A,90,16-07-2025 14:32
"The term ""foodborne illness"" refers to illness caused by:",Eating too much food,Consuming contaminated food or beverages,Food allergies,Food cravings,b,B,90,16-07-2025 14:32
Common causes of foodborne illness include:,"Bacteria (e.g., Salmonella, E. coli)","Viruses (e.g., Norovirus)","Parasites (e.g., Giardia)",All of the above,d,D,90,16-07-2025 14:32
"The term ""waterborne disease"" refers to diseases caused by:",Drinking too much water,Pathogenic microorganisms transmitted through contaminated water,Water allergies,Water temperature,b,B,90,16-07-2025 14:32
Examples of waterborne diseases include:,"Cholera, Typhoid fever, Giardiasis","Common cold, Flu","Diabetes, Heart disease","Cancer, Arthritis",a,A,90,16-07-2025 14:32
"The term ""non-communicable diseases (NCDs)"" are chronic diseases that are not passed from person to person.",TRUE,FALSE,NCDs are always infectious,NCDs are always acute,a,A,90,16-07-2025 14:32
Examples of NCDs include:,"Cardiovascular diseases, cancers, chronic respiratory diseases, diabetes","Malaria, Tuberculosis, HIV/AIDS","Measles, Mumps, Rubella","Common cold, Flu",a,A,90,16-07-2025 14:32
Risk factors for NCDs include:,Unhealthy diet,Physical inactivity,Tobacco use,All of the above,d,D,90,16-07-2025 14:32
"The term ""health promotion"" is the process of:",Forcing people to be healthy,"Enabling people to increase control over, and to improve, their health",Providing medical treatment,Conducting medical research,b,B,90,16-07-2025 14:32
"The Ottawa Charter for Health Promotion (1986) identified key action areas for health promotion, including:",Building healthy public policy,Creating supportive environments,Strengthening community action,All of the above,d,D,90,16-07-2025 14:32
"The term ""disease prevention"" refers to:",Actions aimed at avoiding the onset of disease,Actions aimed at treating existing disease,Actions aimed at curing disease,Actions aimed at diagnosing disease,a,A,90,16-07-2025 14:32
"The term ""health protection"" refers to:",Actions aimed at preventing the spread of disease,Actions aimed at safeguarding public health through environmental and other controls,Actions aimed at treating individual patients,Actions aimed at promoting healthy lifestyles,b,B,90,16-07-2025 14:32
Examples of health protection measures include:,Water fluoridation,Food safety regulations,Occupational health and safety standards,All of the above,d,D,90,16-07-2025 14:32
"The term ""health equity"" means:",Everyone has the same health outcomes,Everyone has a fair and just opportunity to be as healthy as possible,Healthcare is free for everyone,Healthcare is equally distributed,b,B,90,16-07-2025 14:32
"The term ""health disparity"" refers to:",Differences in health outcomes that are due to random chance,"Preventable differences in the burden of disease, injury, violence, or opportunities to achieve optimal health that are experienced by socially disadvantaged populations",Differences in healthcare costs,Differences in medical technology,b,B,90,16-07-2025 14:32
Social determinants of health are:,Only individual lifestyle choices,"The conditions in which people are born, grow, live, work, and age, and the wider set of forces and systems shaping the conditions of daily life",Only genetic factors,Only medical treatments,b,B,90,16-07-2025 14:32
Examples of social determinants of health include:,"Socioeconomic status, education, housing, access to healthy food",Individual genetic makeup,Personal preferences for healthcare,Acute medical conditions,a,A,90,16-07-2025 14:32
"The term ""vulnerable populations"" in community health are groups who:",Are always sick,"Have a higher risk for poor health outcomes due to various factors (e.g., poverty, homelessness, chronic illness)",Are always wealthy,Are always healthy,b,B,90,16-07-2025 14:32
"The term ""cultural competence"" in community health nursing means:",Treating all patients the same regardless of their cultural background,"Understanding and respecting the beliefs, values, and practices of diverse cultural groups",Ignoring cultural differences,Imposing one's own cultural beliefs on others,b,B,90,16-07-2025 14:32
"The term ""cultural humility"" is a lifelong process of self-reflection and self-critique whereby the individual not only learns about another's culture but also examines her/his own cultural identity and biases.",TRUE,FALSE,Cultural humility is the same as cultural competence,Cultural humility is not important in nursing,a,A,90,16-07-2025 14:32
"The term ""health literacy"" is the degree to which individuals have the capacity to:",Read medical textbooks,"Obtain, process, and understand basic health information and services needed to make appropriate health decisions",Memorize medical terms,Diagnose diseases,b,B,90,16-07-2025 14:32
Strategies to improve health literacy include:,Using plain language,Providing visual aids,Encouraging questions,All of the above,d,D,90,16-07-2025 14:32
"The term ""community assessment"" in community health nursing involves:",Only collecting data from individuals,"Systematically collecting and analyzing data about a community's health status, needs, and resources",Making assumptions about a community's health,Ignoring community input,b,B,90,16-07-2025 14:32
Data collection methods for community assessment include:,"Surveys, interviews, focus groups","Observation, windshield surveys","Review of existing data (e.g., vital statistics)",All of the above,d,D,90,16-07-2025 14:32
"A ""windshield survey"" in community assessment involves:",Interviewing community leaders,Observing the community from a vehicle to gain an overview of its characteristics,Analyzing demographic data,Conducting laboratory tests,b,B,90,16-07-2025 14:32
"The term ""community diagnosis"" in community health nursing involves:",Diagnosing individual diseases,Identifying health problems and their contributing factors within a community,Prescribing medications for the community,Conducting surgical procedures,b,B,90,16-07-2025 14:32
"The term ""program planning"" in community health nursing involves:",Only implementing existing programs,"A systematic process of designing, implementing, and evaluating health programs to address specific community needs",Avoiding community input,Focusing only on short-term solutions,b,B,90,16-07-2025 14:32
