question_text,option_a,option_b,option_c,option_d,correct_answer,quiz_test_id,created_at
Which of the following is NOT a primary function of drug store management?,Inventory control,Financial management,Patient diagnosis,Human resource management,B,1,12-07-2025 05:19
What is the main purpose of inventory management in a drug store?,To maximize storage space,To ensure product availability and minimize waste,To increase sales of specific drugs,To reduce the number of suppliers,B,1,12-07-2025 05:19
Which of the following inventory control methods involves ordering a fixed quantity of an item whenever stock reaches a reorder point?,Just-in-Time (JIT),ABC analysis,Economic Order Quantity (EOQ),Fixed-order quantity system,B,1,12-07-2025 05:19
What does FIFO stand for in inventory management?,"First In, First Out","First In, Final Out","Fast In, Fast Out","Final In, First Out",A,1,12-07-2025 05:19
Which of the following is a key benefit of effective financial management in a drug store?,Increased employee turnover,Improved patient satisfaction,Enhanced profitability and sustainability,Reduced regulatory compliance,C,1,12-07-2025 05:19
What is a balance sheet in financial accounting?,A summary of revenues and expenses over a period,"A snapshot of a company's assets, liabilities, and equity at a specific point in time",A report on cash inflows and outflows,A projection of future financial performance,B,1,12-07-2025 05:19
What is the purpose of a profit and loss statement (or income statement)?,To show the financial position of a business at a specific point in time,"To summarize the revenues, costs, and profits over a period",To track cash movements within a business,To forecast future sales,B,1,12-07-2025 05:19
Which of the following is a current asset?,Building,Inventory,Long-term loan,Equipment,B,1,12-07-2025 05:19
What is accounts payable?,Money owed to the business by customers,Money owed by the business to its suppliers,Money invested by the owners,Money held in a bank account,B,1,12-07-2025 05:19
What is the primary goal of human resource management in a drug store?,To minimize employee salaries,"To attract, develop, and retain a skilled and motivated workforce",To reduce the number of employees,To automate all tasks performed by staff,B,1,12-07-2025 05:19
Which of the following is a key aspect of staff training in a drug store?,Focusing solely on sales techniques,Ensuring compliance with regulations and enhancing professional skills,Limiting training to new hires only,Avoiding any discussion of patient interaction,B,1,12-07-2025 05:19
What is the importance of customer service in a drug store?,It is only important for increasing sales of non-prescription items,"It builds patient loyalty, trust, and positive word-of-mouth","It is primarily the responsibility of the pharmacist, not other staff",It is less important than competitive pricing,B,1,12-07-2025 05:19
Which of the following is a common challenge in drug store management?,Lack of available medications,Rapid changes in pharmaceutical regulations,Too many customers,Excessively high profit margins,B,1,12-07-2025 05:19
What is the role of technology in modern drug store management?,It is primarily for entertainment purposes,"It can streamline operations, improve accuracy, and enhance patient care",It replaces the need for human staff,It is too expensive for most drug stores,B,1,12-07-2025 05:19
What is a Point-of-Sale (POS) system in a drug store?,A system for tracking employee attendance,A system for managing inventory and sales transactions,A system for monitoring patient health records,A system for ordering supplies from wholesalers,B,1,12-07-2025 05:19
What is the purpose of a prescription management system?,To manage employee schedules,To track and dispense prescriptions accurately and efficiently,To manage customer loyalty programs,To process insurance claims only,B,1,12-07-2025 05:19
What is the importance of marketing and promotion for a drug store?,It is unnecessary as people will always need medication,"It helps attract new customers, retain existing ones, and build brand awareness",It is only relevant for large chain pharmacies,It is solely about advertising discounted products,B,1,12-07-2025 05:19
Which of the following is an ethical consideration in drug store management?,Maximizing profits at all costs,Ensuring patient privacy and confidentiality,Prioritizing sales of high-margin products,Discouraging patients from asking questions,B,1,12-07-2025 05:19
What is the role of a pharmacist in drug store management?,Solely dispensing medication,"Overseeing clinical aspects, ensuring safe medication use, and providing patient counseling",Primarily managing financial records,Only responsible for ordering new stock,B,1,12-07-2025 05:19
What is the importance of continuous professional development for drug store staff?,It is not necessary once initial training is complete,"It ensures staff remain updated on new medications, regulations, and best practices","It is only for pharmacists, not other staff",It is a waste of time and resources,B,1,12-07-2025 05:19
Which of the following is a key component of risk management in a drug store?,Ignoring customer complaints,Implementing procedures to prevent medication errors and ensure patient safety,Avoiding insurance coverage,Minimizing staff training,B,1,12-07-2025 05:19
What is the purpose of a quality assurance program in a drug store?,To ensure all products are from the cheapest supplier,To monitor and improve the quality of services and products provided,To reduce the number of staff,To increase the speed of dispensing without regard for accuracy,B,1,12-07-2025 05:19
What is the importance of maintaining a clean and organized drug store environment?,It is purely for aesthetic purposes,"It promotes a professional image, enhances patient confidence, and ensures product integrity","It is only necessary for large, high-volume stores",It has no impact on patient perception,B,1,12-07-2025 05:19
Which of the following is a legal requirement for drug stores?,Having a minimum of 10 employees,"Adhering to regulations regarding drug storage, dispensing, and record-keeping",Offering free samples to all customers,Being open 24 hours a day,B,1,12-07-2025 05:19
What is the role of a drug store manager?,To solely focus on dispensing medications,"To oversee all aspects of the store's operations, including staff, inventory, and finances",To only handle customer complaints,To be responsible for cleaning the store,B,1,12-07-2025 05:19
What is the importance of effective communication in a drug store?,It is only important for marketing to customers,"It ensures clear understanding between staff, patients, and healthcare providers, reducing errors",It is not as important as technical skills,It can lead to unnecessary delays,B,1,12-07-2025 05:19
Which of the following is a strategy for managing customer complaints effectively?,Ignoring the complaint and hoping it goes away,"Listening actively, empathizing, and seeking a resolution",Blaming the customer for the issue,"Referring all complaints to the pharmacist, regardless of nature",B,1,12-07-2025 05:19
What is the purpose of a security system in a drug store?,To monitor employee productivity,"To prevent theft, ensure safety, and protect sensitive information",To track customer movements,To control lighting and temperature,B,1,12-07-2025 05:19
What is the importance of maintaining accurate records in a drug store?,It is only for tax purposes,"It ensures legal compliance, facilitates inventory management, and supports patient care",It is a time-consuming and unnecessary task,It is only required for controlled substances,B,1,12-07-2025 05:19
Which of the following is a common method for preventing medication errors?,Relying solely on memory,"Implementing double-check systems and utilizing technology (e.g., barcoding)",Rushing the dispensing process,Discouraging questions from patients,B,1,12-07-2025 05:19
What is the role of a drug store in public health?,Primarily to sell medications,"To provide health education, immunization services, and participate in public health campaigns",To only serve as a retail outlet,To refer all public health matters to hospitals,B,1,12-07-2025 05:19
What is the importance of professional ethics in drug store management?,It is optional and depends on individual preference,"It builds trust, ensures patient well-being, and upholds the reputation of the profession",It is only relevant for pharmacists,It can hinder business growth,B,1,12-07-2025 05:19
Which of the following is a key aspect of managing controlled substances in a drug store?,Storing them with regular medications,"Strict adherence to federal and state regulations for storage, record-keeping, and dispensing",Dispensing them without a prescription,Allowing unrestricted access to all staff,B,1,12-07-2025 05:19
What is the purpose of a pharmacy benefit manager (PBM) in drug store operations?,They directly manage drug stores,They administer prescription drug programs for health plans and employers,They manufacture medications,They regulate drug prices,B,1,12-07-2025 05:19
What is the importance of continuous inventory auditing?,It is only done once a year,"It helps identify discrepancies, prevent theft, and ensure accurate stock levels",It is a task solely for external auditors,It has no impact on financial reporting,B,1,12-07-2025 05:19
Which of the following is a common challenge in managing drug store finances?,Predictable and stable revenue streams,Fluctuating drug prices and reimbursement rates,Low operating costs,Abundant access to capital,B,1,12-07-2025 05:19
What is the role of a drug store in medication therapy management (MTM)?,To only dispense medications as prescribed,"To provide comprehensive medication reviews, identify drug-related problems, and optimize therapy",To refer all MTM services to physicians,To focus solely on over-the-counter sales,B,1,12-07-2025 05:19
What is the importance of patient education in a drug store setting?,It is not necessary if the patient has a physician,"It empowers patients to understand their medications, adhere to therapy, and manage their health",It is a time-consuming activity with little benefit,It is only for new medications,B,1,12-07-2025 05:19
Which of the following is a key consideration when designing the layout of a drug store?,Maximizing storage space for all products,"Optimizing workflow, patient access, and product visibility",Placing all high-value items near the entrance,Minimizing interaction between staff and customers,B,1,12-07-2025 05:19
What is the purpose of a drug formulary?,A list of all medications available in the store,A list of medications approved for use by a healthcare system or insurance plan,A list of medications that are out of stock,A list of experimental drugs,B,1,12-07-2025 05:19
What is the importance of maintaining a positive work environment in a drug store?,It is not important as long as tasks are completed,"It improves staff morale, productivity, and reduces turnover",It is only important for the manager,It can lead to complacency,B,1,12-07-2025 05:19
Which of the following is a strategy for effective time management in a drug store?,Procrastinating on difficult tasks,"Prioritizing tasks, delegating when appropriate, and minimizing distractions",Trying to do everything at once,Avoiding breaks to save time,B,1,12-07-2025 05:19
What is the role of a drug store in emergency preparedness?,To close during emergencies,"To maintain emergency supplies, participate in disaster planning, and provide essential services",To only serve as a shelter,To evacuate all staff immediately,B,1,12-07-2025 05:19
What is the importance of cultural competence in drug store management?,It is not important as long as medications are dispensed correctly,It ensures effective communication and care for diverse patient populations,It is only relevant in certain geographic areas,It can lead to misunderstandings,B,1,12-07-2025 05:19
Which of the following is a key aspect of managing patient privacy in a drug store?,Sharing patient information with family members without consent,Adhering to HIPAA regulations and implementing strict data security measures,Discussing patient conditions openly with other staff,Storing patient records in easily accessible public areas,B,1,12-07-2025 05:19
What is the purpose of a medication reconciliation process?,To compare a patient's current medication list with medications prescribed at transitions of care,To reconcile financial accounts,To reconcile inventory discrepancies,To reconcile staff schedules,B,1,12-07-2025 05:19
What is the importance of professional networking for drug store managers?,It is not important as long as the store is profitable,"It provides opportunities for learning, collaboration, and staying updated on industry trends",It is only for social purposes,It can lead to conflicts of interest,B,1,12-07-2025 05:19
Which of the following is a key aspect of managing customer expectations in a drug store?,Promising unrealistic outcomes,"Providing clear and accurate information, managing wait times, and offering alternatives",Avoiding direct communication with customers,Always agreeing with customer demands,B,1,12-07-2025 05:19
What is the role of a drug store in chronic disease management?,To only dispense acute medications,"To provide education, monitoring, and support for patients with chronic conditions",To refer all chronic disease management to specialists,To discourage patients from self-managing their conditions,B,1,12-07-2025 05:19
What is the importance of continuous quality improvement in drug store management?,It is a one-time process,It involves ongoing efforts to identify areas for improvement and implement changes to enhance services,It is only necessary when there are major problems,It is solely focused on cost reduction,B,2,12-07-2025 05:19
Which of the following is a key consideration when selecting drug suppliers?,Only choosing the cheapest option,"Ensuring reliability, quality of products, and competitive pricing",Selecting suppliers based on personal relationships,Limiting options to a single supplier,B,2,12-07-2025 05:19
What is the purpose of a cold chain in drug storage?,To keep the store cool for staff comfort,To maintain specific temperature ranges for temperature-sensitive medications,To store frozen foods,To reduce energy consumption,B,2,12-07-2025 05:19
What is the importance of a well-defined return policy for medications?,It encourages customers to return medications frequently,"It ensures compliance with regulations, maintains product integrity, and protects public health",It is not necessary for over-the-counter medications,It is solely for the convenience of the customer,B,2,12-07-2025 05:19
Which of the following is a key aspect of managing waste in a drug store?,Disposing of all waste in regular trash bins,"Proper disposal of hazardous waste, expired medications, and sharps","Recycling all packaging materials, regardless of type",Burning all medical waste on-site,B,2,12-07-2025 05:19
What is the role of a drug store in health screenings?,To avoid all health screenings,"To offer basic health screenings (e.g., blood pressure, glucose) to the community",To refer all screenings to hospitals,To only screen for rare diseases,B,2,12-07-2025 05:19
What is the importance of a clear organizational structure in a drug store?,It creates confusion among staff,"It defines roles and responsibilities, promotes efficient operations, and improves communication",It is only necessary for very large pharmacies,It limits creativity and innovation,B,2,12-07-2025 05:19
Which of the following is a strategy for motivating drug store staff?,Providing no feedback on performance,"Offering competitive compensation, recognition, and opportunities for professional growth",Implementing strict disciplinary measures for minor errors,Encouraging competition among staff members,B,2,12-07-2025 05:19
What is the purpose of a customer loyalty program in a drug store?,To track customer purchases for market research only,"To reward frequent customers, encourage repeat business, and gather customer data",To offer discounts only on expired products,To discourage new customers,B,2,12-07-2025 05:19
What is the importance of a strong relationship with local healthcare providers?,It is not important as long as prescriptions are filled,"It facilitates patient referrals, improves continuity of care, and enhances the drug store's reputation",It can lead to conflicts of interest,It is only for large hospital pharmacies,B,2,12-07-2025 05:19
Which of the following is a key aspect of managing patient safety in a drug store?,Dispensing medications quickly without verification,Implementing robust medication error prevention strategies and fostering a culture of safety,Relying solely on automated systems,Discouraging patients from asking questions about their medications,B,2,12-07-2025 05:19
What is the purpose of a drug utilization review (DUR) in a drug store?,To review the cost-effectiveness of medications,"To identify potential drug-related problems (e.g., drug interactions, contraindications)",To review the marketing strategies for new drugs,To review the patient's medical history for non-drug related issues,B,2,12-07-2025 05:19
What is the importance of a well-trained and knowledgeable staff in a drug store?,It is not important as long as the pharmacist is knowledgeable,"It ensures accurate dispensing, effective patient counseling, and efficient operations",It is only important for customer-facing roles,It can lead to over-qualification and boredom,B,2,12-07-2025 05:19
Which of the following is a key consideration when managing prescription workflow?,Prioritizing speed over accuracy,"Optimizing efficiency, minimizing errors, and ensuring patient safety",Allowing staff to choose their own workflow,Avoiding any standardized procedures,B,2,12-07-2025 05:19
What is the role of a drug store in medication adherence programs?,To only dispense medications as prescribed,"To provide education, reminders, and support to help patients take their medications as directed",To refer all adherence issues to physicians,To discourage patients from participating in such programs,B,2,12-07-2025 05:19
What is the importance of a clear and concise pricing strategy in a drug store?,It is not important as long as prices are competitive,"It ensures transparency, attracts customers, and contributes to profitability",It should be constantly changing to confuse competitors,It is only relevant for over-the-counter products,B,2,12-07-2025 05:19
Which of the following is a common challenge in managing drug store security?,Lack of valuable inventory,"Theft of medications, cash, and personal information",Overly secure premises,Too many security cameras,B,2,12-07-2025 05:19
What is the purpose of a prescription drug monitoring program (PDMP) in drug store operations?,To monitor the sales of over-the-counter medications,To track controlled substance prescriptions to prevent abuse and diversion,To monitor employee performance,To track the inventory of all medications,B,2,12-07-2025 05:19
What is the importance of a strong online presence for a drug store?,It is not important as drug stores are physical locations,"It allows for online refills, patient education, and broader reach to customers",It is only for large chain pharmacies,It can lead to increased competition,B,2,12-07-2025 05:19
Which of the following is a key aspect of managing customer feedback in a drug store?,"Ignoring all feedback, positive or negative","Actively soliciting, analyzing, and responding to feedback to improve services",Only responding to positive feedback,Blaming customers for negative feedback,B,2,12-07-2025 05:19
What is the role of a drug store in public health emergencies?,To close and wait for instructions,"To serve as a point of dispensing for medications, vaccines, and health information",To refer all emergencies to hospitals,To only provide first aid,B,2,12-07-2025 05:19
What is the importance of a clear and accessible signage in a drug store?,It is purely for decoration,"It helps patients navigate the store, find products, and understand services",It is only important for new customers,It can be distracting,B,2,12-07-2025 05:19
Which of the following is a strategy for managing staff absenteeism in a drug store?,Ignoring the issue and hoping it resolves itself,"Implementing clear policies, tracking attendance, and addressing underlying causes","Punishing all absences, regardless of reason",Over-staffing to compensate for absences,B,2,12-07-2025 05:19
What is the purpose of a medication therapy review (MTR) in a drug store?,To review the patient's diet,To conduct a comprehensive review of a patient's medications to identify and resolve drug-related problems,To review the patient's exercise routine,To review the patient's social history,B,2,12-07-2025 05:19
What is the importance of a well-maintained and updated drug information system in a drug store?,It is only for pharmacists,"It provides accurate and current information on medications, dosages, and interactions","It is a luxury, not a necessity",It can be replaced by internet searches,B,2,12-07-2025 05:19
Which of the following is a key consideration when managing patient flow in a drug store?,Maximizing wait times to encourage impulse purchases,"Optimizing efficiency, minimizing bottlenecks, and ensuring a smooth patient experience",Allowing patients to wander freely without guidance,Prioritizing complex prescriptions over simple ones,B,2,12-07-2025 05:19
What is the role of a drug store in immunization services?,To refer all immunizations to clinics,To administer vaccines and provide patient education on immunization,To only provide information on vaccine availability,To discourage patients from getting vaccinated,B,2,12-07-2025 05:19
What is the importance of a strong relationship with pharmaceutical representatives?,It is not important as long as medications are available,"It provides access to new products, educational resources, and industry updates",It can lead to conflicts of interest,It is only for large chain pharmacies,B,2,12-07-2025 05:19
Which of the following is a strategy for managing stress in a drug store environment?,Ignoring stress and pushing through,"Implementing stress reduction techniques, promoting work-life balance, and providing support",Encouraging staff to work longer hours,Blaming staff for feeling stressed,B,2,12-07-2025 05:19
What is the purpose of a pharmacy audit?,To review marketing strategies,"To verify compliance with regulations, billing practices, and inventory management",To assess customer satisfaction,To evaluate employee performance,B,2,12-07-2025 05:19
What is the importance of a well-designed and regularly updated website for a drug store?,It is only for online sales,"It provides information, allows for online services, and enhances accessibility for patients","It is a luxury, not a necessity",It can be replaced by social media,B,2,12-07-2025 05:19
Which of the following is a key consideration when managing patient confidentiality in a drug store?,Sharing patient information with family members without consent,Adhering to HIPAA regulations and implementing strict data security measures,Discussing patient conditions openly with other staff,Storing patient records in easily accessible public areas,B,2,12-07-2025 05:19
What is the role of a drug store in public health education?,To avoid all public health education,"To provide information on disease prevention, healthy lifestyles, and medication safety",To refer all public health education to government agencies,To only provide information on prescription medications,B,2,12-07-2025 05:19
What is the importance of a strong brand identity for a drug store?,It is not important as long as medications are available,"It builds recognition, trust, and loyalty among customers",It is only for large chain pharmacies,It can lead to increased competition,B,2,12-07-2025 05:19
Which of the following is a strategy for managing difficult customers in a drug store?,Ignoring their concerns,"Listening actively, remaining calm, and offering solutions or alternatives",Arguing with the customer,Calling security immediately,B,2,12-07-2025 05:19
What is the purpose of a medication error reporting system in a drug store?,To punish staff for errors,"To identify, track, and analyze medication errors to prevent recurrence",To hide errors from regulatory bodies,To only report errors that cause patient harm,B,2,12-07-2025 05:19
What is the importance of a well-designed and functional dispensing area in a drug store?,It is purely for aesthetic purposes,"It optimizes workflow, minimizes errors, and ensures efficient medication preparation","It is only important for large, high-volume stores",It has no impact on patient safety,B,2,12-07-2025 05:19
Which of the following is a legal requirement for drug stores regarding patient counseling?,It is optional and depends on the pharmacist's discretion,It is required for all new prescriptions and when deemed necessary by the pharmacist,It is only required for controlled substances,It is only required if the patient asks for it,B,2,12-07-2025 05:19
What is the role of a drug store in managing drug shortages?,To ignore drug shortages and wait for them to resolve,"To monitor supply, communicate with prescribers, and seek alternative sources or therapies",To hoard medications during shortages,To raise prices during shortages,B,2,12-07-2025 05:19
What is the importance of a clear and consistent pricing policy for over-the-counter (OTC) products?,It is not important as long as they are cheaper than prescription drugs,"It builds customer trust, prevents confusion, and ensures fair competition",It should be constantly changing to maximize profits,It is only relevant for prescription medications,B,2,12-07-2025 05:19
Which of the following is a key aspect of managing employee performance in a drug store?,Avoiding performance reviews to prevent conflict,"Setting clear expectations, providing regular feedback, and offering opportunities for development",Only focusing on negative performance,Comparing employees to each other publicly,B,2,12-07-2025 05:19
What is the purpose of a drug recall process?,To remove all drugs from the shelves,To remove a drug from the market due to safety concerns or defects,To recall employees for training,To recall customers for feedback,B,2,12-07-2025 05:19
What is the importance of a well-defined emergency plan for a drug store?,It is not important as emergencies are rare,"It ensures the safety of staff and patients, protects assets, and maintains business continuity",It is only for natural disasters,It is a waste of time to prepare,B,2,12-07-2025 05:19
Which of the following is a key consideration when managing patient waiting times in a drug store?,Ignoring waiting times as patients will wait,Implementing strategies to minimize wait times and communicate effectively with patients,Prioritizing speed over accuracy,Encouraging patients to leave if they are impatient,B,2,12-07-2025 05:19
What is the role of a drug store in providing immunizations?,To refer all immunizations to clinics,To administer vaccines and provide patient education on immunization,To only provide information on vaccine availability,To discourage patients from getting vaccinated,B,2,12-07-2025 05:19
What is the importance of a strong relationship with local community organizations?,It is not important as long as the store is profitable,"It provides opportunities for community engagement, health promotion, and building goodwill",It is only for social purposes,It can lead to conflicts of interest,B,2,12-07-2025 05:19
Which of the following is a strategy for managing medication waste in a drug store?,Disposing of all waste in regular trash bins,Implementing proper disposal procedures for expired or unused medications,"Recycling all packaging materials, regardless of type",Burning all medical waste on-site,B,2,12-07-2025 05:19
What is the purpose of a patient safety reporting system in a drug store?,To punish staff for errors,"To identify, track, and analyze patient safety incidents to prevent recurrence",To hide incidents from regulatory bodies,To only report incidents that cause patient harm,B,2,12-07-2025 05:19
What is the importance of a well-organized and accessible medication storage area in a drug store?,It is purely for aesthetic purposes,"It optimizes workflow, minimizes errors, and ensures efficient medication retrieval","It is only important for large, high-volume stores",It has no impact on patient safety,B,2,12-07-2025 05:19
Which of the following is a legal requirement for drug stores regarding prescription labeling?,It is optional and depends on the pharmacist's discretion,"It is required to include specific information such as patient name, drug name, dosage, and directions",It is only required for controlled substances,It is only required if the patient asks for it,B,2,12-07-2025 05:19
What is the role of a drug store in managing medication side effects?,To ignore side effects and wait for them to resolve,"To educate patients on potential side effects, monitor for adverse reactions, and report to appropriate authorities",To tell patients to stop taking their medication if they experience side effects,To only provide information on common side effects,B,3,12-07-2025 05:19
What is the importance of a clear and consistent policy for handling prescription transfers?,It is not important as long as the patient gets their medication,"It ensures legal compliance, maintains patient continuity of care, and prevents errors",It should be constantly changing to confuse competitors,It is only relevant for out-of-state transfers,B,3,12-07-2025 05:19
Which of the following is a key aspect of managing employee training and development in a drug store?,Avoiding training to save costs,"Providing ongoing training on new medications, regulations, and customer service skills",Only focusing on initial training for new hires,Allowing employees to train themselves,B,3,12-07-2025 05:19
What is the purpose of a drug information center in a drug store?,To provide a quiet place for staff to relax,To provide comprehensive and accurate drug information to healthcare professionals and patients,To store old medical journals,To serve as a waiting area for patients,B,3,12-07-2025 05:19
What is the importance of a well-defined and regularly updated policy and procedure manual in a drug store?,It is not important as long as staff know what to do,"It ensures consistency, compliance, and provides guidance for all operations",It is only for regulatory inspections,It is a waste of time to create and maintain,B,3,12-07-2025 05:19
Which of the following is a key consideration when managing patient confidentiality in a drug store?,Sharing patient information with family members without consent,Adhering to HIPAA regulations and implementing strict data security measures,Discussing patient conditions openly with other staff,Storing patient records in easily accessible public areas,B,3,12-07-2025 05:19
What is the role of a drug store in public health education?,To avoid all public health education,"To provide information on disease prevention, healthy lifestyles, and medication safety",To refer all public health education to government agencies,To only provide information on prescription medications,B,3,12-07-2025 05:19
What is the importance of a strong brand identity for a drug store?,It is not important as long as medications are available,"It builds recognition, trust, and loyalty among customers",It is only for large chain pharmacies,It can lead to increased competition,B,3,12-07-2025 05:19
Which of the following is a strategy for managing difficult customers in a drug store?,Ignoring their concerns,"Listening actively, remaining calm, and offering solutions or alternatives",Arguing with the customer,Calling security immediately,B,3,12-07-2025 05:19
What is the purpose of a medication error reporting system in a drug store?,To punish staff for errors,"To identify, track, and analyze medication errors to prevent recurrence",To hide errors from regulatory bodies,To only report errors that cause patient harm,B,3,12-07-2025 05:19
What is the importance of a well-designed and functional dispensing area in a drug store?,It is purely for aesthetic purposes,"It optimizes workflow, minimizes errors, and ensures efficient medication preparation","It is only important for large, high-volume stores",It has no impact on patient safety,B,3,12-07-2025 05:19
Which of the following is a legal requirement for drug stores regarding patient counseling?,It is optional and depends on the pharmacist's discretion,It is required for all new prescriptions and when deemed necessary by the pharmacist,It is only required for controlled substances,It is only required if the patient asks for it,B,3,12-07-2025 05:19
What is the role of a drug store in managing drug shortages?,To ignore drug shortages and wait for them to resolve,"To monitor supply, communicate with prescribers, and seek alternative sources or therapies",To hoard medications during shortages,To raise prices during shortages,B,3,12-07-2025 05:19
What is the importance of a clear and consistent pricing policy for over-the-counter (OTC) products?,It is not important as long as they are cheaper than prescription drugs,"It builds customer trust, prevents confusion, and ensures fair competition",It should be constantly changing to maximize profits,It is only relevant for prescription medications,B,3,12-07-2025 05:19
Which of the following is a key aspect of managing employee performance in a drug store?,Avoiding performance reviews to prevent conflict,"Setting clear expectations, providing regular feedback, and offering opportunities for development",Only focusing on negative performance,Comparing employees to each other publicly,B,3,12-07-2025 05:19
What is the purpose of a drug recall process?,To remove all drugs from the shelves,To remove a drug from the market due to safety concerns or defects,To recall employees for training,To recall customers for feedback,B,3,12-07-2025 05:19
What is the importance of a well-defined emergency plan for a drug store?,It is not important as emergencies are rare,"It ensures the safety of staff and patients, protects assets, and maintains business continuity",It is only for natural disasters,It is a waste of time to prepare,B,3,12-07-2025 05:19
Which of the following is a key consideration when managing patient waiting times in a drug store?,Ignoring waiting times as patients will wait,Implementing strategies to minimize wait times and communicate effectively with patients,Prioritizing speed over accuracy,Encouraging patients to leave if they are impatient,B,3,12-07-2025 05:19
What is the role of a drug store in providing immunizations?,To refer all immunizations to clinics,To administer vaccines and provide patient education on immunization,To only provide information on vaccine availability,To discourage patients from getting vaccinated,B,3,12-07-2025 05:19
What is the importance of a strong relationship with local community organizations?,It is not important as long as the store is profitable,"It provides opportunities for community engagement, health promotion, and building goodwill",It is only for social purposes,It can lead to conflicts of interest,B,3,12-07-2025 05:19
Which of the following is a strategy for managing medication waste in a drug store?,Disposing of all waste in regular trash bins,Implementing proper disposal procedures for expired or unused medications,"Recycling all packaging materials, regardless of type",Burning all medical waste on-site,B,3,12-07-2025 05:19
What is the purpose of a patient safety reporting system in a drug store?,To punish staff for errors,"To identify, track, and analyze patient safety incidents to prevent recurrence",To hide incidents from regulatory bodies,To only report incidents that cause patient harm,B,3,12-07-2025 05:19
What is the importance of a well-organized and accessible medication storage area in a drug store?,It is purely for aesthetic purposes,"It optimizes workflow, minimizes errors, and ensures efficient medication retrieval","It is only important for large, high-volume stores",It has no impact on patient safety,B,3,12-07-2025 05:19
Which of the following is a legal requirement for drug stores regarding prescription labeling?,It is optional and depends on the pharmacist's discretion,"It is required to include specific information such as patient name, drug name, dosage, and directions",It is only required for controlled substances,It is only required if the patient asks for it,B,3,12-07-2025 05:19
What is the role of a drug store in managing medication side effects?,To ignore side effects and wait for them to resolve,"To educate patients on potential side effects, monitor for adverse reactions, and report to appropriate authorities",To tell patients to stop taking their medication if they experience side effects,To only provide information on common side effects,B,3,12-07-2025 05:19
What is the importance of a clear and consistent policy for handling prescription transfers?,It is not important as long as the patient gets their medication,"It ensures legal compliance, maintains patient continuity of care, and prevents errors",It should be constantly changing to confuse competitors,It is only relevant for out-of-state transfers,B,3,12-07-2025 05:19
Which of the following is a key aspect of managing employee training and development in a drug store?,Avoiding training to save costs,"Providing ongoing training on new medications, regulations, and customer service skills",Only focusing on initial training for new hires,Allowing employees to train themselves,B,3,12-07-2025 05:19
What is the purpose of a drug information center in a drug store?,To provide a quiet place for staff to relax,To provide comprehensive and accurate drug information to healthcare professionals and patients,To store old medical journals,To serve as a waiting area for patients,B,3,12-07-2025 05:19
What is the importance of a well-defined and regularly updated policy and procedure manual in a drug store?,It is not important as long as staff know what to do,"It ensures consistency, compliance, and provides guidance for all operations",It is only for regulatory inspections,It is a waste of time to create and maintain,B,3,12-07-2025 05:19
Which of the following is a key consideration when managing patient confidentiality in a drug store?,Sharing patient information with family members without consent,Adhering to HIPAA regulations and implementing strict data security measures,Discussing patient conditions openly with other staff,Storing patient records in easily accessible public areas,B,3,12-07-2025 05:19
What is the role of a drug store in public health education?,To avoid all public health education,"To provide information on disease prevention, healthy lifestyles, and medication safety",To refer all public health education to government agencies,To only provide information on prescription medications,B,3,12-07-2025 05:19
What is the importance of a strong brand identity for a drug store?,It is not important as long as medications are available,"It builds recognition, trust, and loyalty among customers",It is only for large chain pharmacies,It can lead to increased competition,B,3,12-07-2025 05:19
Which of the following is a strategy for managing difficult customers in a drug store?,Ignoring their concerns,"Listening actively, remaining calm, and offering solutions or alternatives",Arguing with the customer,Calling security immediately,B,3,12-07-2025 05:19
What is the purpose of a medication error reporting system in a drug store?,To punish staff for errors,"To identify, track, and analyze medication errors to prevent recurrence",To hide errors from regulatory bodies,To only report errors that cause patient harm,B,3,12-07-2025 05:19
What is the importance of a well-designed and functional dispensing area in a drug store?,It is purely for aesthetic purposes,"It optimizes workflow, minimizes errors, and ensures efficient medication preparation","It is only important for large, high-volume stores",It has no impact on patient safety,B,3,12-07-2025 05:19
Which of the following is a legal requirement for drug stores regarding patient counseling?,It is optional and depends on the pharmacist's discretion,It is required for all new prescriptions and when deemed necessary by the pharmacist,It is only required for controlled substances,It is only required if the patient asks for it,B,3,12-07-2025 05:19
What is the role of a drug store in managing drug shortages?,To ignore drug shortages and wait for them to resolve,"To monitor supply, communicate with prescribers, and seek alternative sources or therapies",To hoard medications during shortages,To raise prices during shortages,B,3,12-07-2025 05:19
What is the importance of a clear and consistent pricing policy for over-the-counter (OTC) products?,It is not important as long as they are cheaper than prescription drugs,"It builds customer trust, prevents confusion, and ensures fair competition",It should be constantly changing to maximize profits,It is only relevant for prescription medications,B,3,12-07-2025 05:19
Which of the following is a key aspect of managing employee performance in a drug store?,Avoiding performance reviews to prevent conflict,"Setting clear expectations, providing regular feedback, and offering opportunities for development",Only focusing on negative performance,Comparing employees to each other publicly,B,3,12-07-2025 05:19
What is the purpose of a drug recall process?,To remove all drugs from the shelves,To remove a drug from the market due to safety concerns or defects,To recall employees for training,To recall customers for feedback,B,3,12-07-2025 05:19
What is the importance of a well-defined emergency plan for a drug store?,It is not important as emergencies are rare,"It ensures the safety of staff and patients, protects assets, and maintains business continuity",It is only for natural disasters,It is a waste of time to prepare,B,3,12-07-2025 05:19
Which of the following is a key consideration when managing patient waiting times in a drug store?,Ignoring waiting times as patients will wait,Implementing strategies to minimize wait times and communicate effectively with patients,Prioritizing speed over accuracy,Encouraging patients to leave if they are impatient,B,3,12-07-2025 05:19
What is the role of a drug store in providing immunizations?,To refer all immunizations to clinics,To administer vaccines and provide patient education on immunization,To only provide information on vaccine availability,To discourage patients from getting vaccinated,B,3,12-07-2025 05:19
What is the importance of a strong relationship with local community organizations?,It is not important as long as the store is profitable,"It provides opportunities for community engagement, health promotion, and building goodwill",It is only for social purposes,It can lead to conflicts of interest,B,3,12-07-2025 05:19
Which of the following is a strategy for managing medication waste in a drug store?,Disposing of all waste in regular trash bins,Implementing proper disposal procedures for expired or unused medications,"Recycling all packaging materials, regardless of type",Burning all medical waste on-site,B,3,12-07-2025 05:19
What is the purpose of a patient safety reporting system in a drug store?,To punish staff for errors,"To identify, track, and analyze patient safety incidents to prevent recurrence",To hide incidents from regulatory bodies,To only report incidents that cause patient harm,B,3,12-07-2025 05:19
What is the importance of a well-organized and accessible medication storage area in a drug store?,It is purely for aesthetic purposes,"It optimizes workflow, minimizes errors, and ensures efficient medication retrieval","It is only important for large, high-volume stores",It has no impact on patient safety,B,3,12-07-2025 05:19
Which of the following is a legal requirement for drug stores regarding prescription labeling?,It is optional and depends on the pharmacist's discretion,"It is required to include specific information such as patient name, drug name, dosage, and directions",It is only required for controlled substances,It is only required if the patient asks for it,B,3,12-07-2025 05:19
What is the role of a drug store in managing medication side effects?,To ignore side effects and wait for them to resolve,"To educate patients on potential side effects, monitor for adverse reactions, and report to appropriate authorities",To tell patients to stop taking their medication if they experience side effects,To only provide information on common side effects,B,3,12-07-2025 05:19
What is the importance of a clear and consistent policy for handling prescription transfers?,It is not important as long as the patient gets their medication,"It ensures legal compliance, maintains patient continuity of care, and prevents errors",It should be constantly changing to confuse competitors,It is only relevant for out-of-state transfers,B,3,12-07-2025 05:19
Which of the following is a key aspect of managing employee training and development in a drug store?,Avoiding training to save costs,"Providing ongoing training on new medications, regulations, and customer service skills",Only focusing on initial training for new hires,Allowing employees to train themselves,B,4,12-07-2025 05:19
What is the purpose of a drug information center in a drug store?,To provide a quiet place for staff to relax,To provide comprehensive and accurate drug information to healthcare professionals and patients,To store old medical journals,To serve as a waiting area for patients,B,4,12-07-2025 05:19
What is the importance of a well-defined and regularly updated policy and procedure manual in a drug store?,It is not important as long as staff know what to do,"It ensures consistency, compliance, and provides guidance for all operations",It is only for regulatory inspections,It is a waste of time to create and maintain,B,4,12-07-2025 05:19
Which of the following is a key consideration when managing patient confidentiality in a drug store?,Sharing patient information with family members without consent,Adhering to HIPAA regulations and implementing strict data security measures,Discussing patient conditions openly with other staff,Storing patient records in easily accessible public areas,B,4,12-07-2025 05:19
What is the role of a drug store in public health education?,To avoid all public health education,"To provide information on disease prevention, healthy lifestyles, and medication safety",To refer all public health education to government agencies,To only provide information on prescription medications,B,4,12-07-2025 05:19
What is the importance of a strong brand identity for a drug store?,It is not important as long as medications are available,"It builds recognition, trust, and loyalty among customers",It is only for large chain pharmacies,It can lead to increased competition,B,4,12-07-2025 05:19
Which of the following is a strategy for managing difficult customers in a drug store?,Ignoring their concerns,"Listening actively, remaining calm, and offering solutions or alternatives",Arguing with the customer,Calling security immediately,B,4,12-07-2025 05:19
What is the purpose of a medication error reporting system in a drug store?,To punish staff for errors,"To identify, track, and analyze medication errors to prevent recurrence",To hide errors from regulatory bodies,To only report errors that cause patient harm,B,4,12-07-2025 05:19
What is the importance of a well-designed and functional dispensing area in a drug store?,It is purely for aesthetic purposes,"It optimizes workflow, minimizes errors, and ensures efficient medication preparation","It is only important for large, high-volume stores",It has no impact on patient safety,B,4,12-07-2025 05:19
Which of the following is a legal requirement for drug stores regarding patient counseling?,It is optional and depends on the pharmacist's discretion,It is required for all new prescriptions and when deemed necessary by the pharmacist,It is only required for controlled substances,It is only required if the patient asks for it,B,4,12-07-2025 05:19
What is the role of a drug store in managing drug shortages?,To ignore drug shortages and wait for them to resolve,"To monitor supply, communicate with prescribers, and seek alternative sources or therapies",To hoard medications during shortages,To raise prices during shortages,B,4,12-07-2025 05:19
What is the importance of a clear and consistent pricing policy for over-the-counter (OTC) products?,It is not important as long as they are cheaper than prescription drugs,"It builds customer trust, prevents confusion, and ensures fair competition",It should be constantly changing to maximize profits,It is only relevant for prescription medications,B,4,12-07-2025 05:19
Which of the following is a key aspect of managing employee performance in a drug store?,Avoiding performance reviews to prevent conflict,"Setting clear expectations, providing regular feedback, and offering opportunities for development",Only focusing on negative performance,Comparing employees to each other publicly,B,4,12-07-2025 05:19
What is the purpose of a drug recall process?,To remove all drugs from the shelves,To remove a drug from the market due to safety concerns or defects,To recall employees for training,To recall customers for feedback,B,4,12-07-2025 05:19
What is the importance of a well-defined emergency plan for a drug store?,It is not important as emergencies are rare,"It ensures the safety of staff and patients, protects assets, and maintains business continuity",It is only for natural disasters,It is a waste of time to prepare,B,4,12-07-2025 05:19
Which of the following is a key consideration when managing patient waiting times in a drug store?,Ignoring waiting times as patients will wait,Implementing strategies to minimize wait times and communicate effectively with patients,Prioritizing speed over accuracy,Encouraging patients to leave if they are impatient,B,4,12-07-2025 05:19
What is the role of a drug store in providing immunizations?,To refer all immunizations to clinics,To administer vaccines and provide patient education on immunization,To only provide information on vaccine availability,To discourage patients from getting vaccinated,B,4,12-07-2025 05:19
What is the importance of a strong relationship with local community organizations?,It is not important as long as the store is profitable,"It provides opportunities for community engagement, health promotion, and building goodwill",It is only for social purposes,It can lead to conflicts of interest,B,4,12-07-2025 05:19
Which of the following is a strategy for managing medication waste in a drug store?,Disposing of all waste in regular trash bins,Implementing proper disposal procedures for expired or unused medications,"Recycling all packaging materials, regardless of type",Burning all medical waste on-site,B,4,12-07-2025 05:19
What is the purpose of a patient safety reporting system in a drug store?,To punish staff for errors,"To identify, track, and analyze patient safety incidents to prevent recurrence",To hide incidents from regulatory bodies,To only report incidents that cause patient harm,B,4,12-07-2025 05:19
What is the importance of a well-organized and accessible medication storage area in a drug store?,It is purely for aesthetic purposes,"It optimizes workflow, minimizes errors, and ensures efficient medication retrieval","It is only important for large, high-volume stores",It has no impact on patient safety,B,4,12-07-2025 05:19
Which of the following is a legal requirement for drug stores regarding prescription labeling?,It is optional and depends on the pharmacist's discretion,"It is required to include specific information such as patient name, drug name, dosage, and directions",It is only required for controlled substances,It is only required if the patient asks for it,B,4,12-07-2025 05:19
What is the role of a drug store in managing medication side effects?,To ignore side effects and wait for them to resolve,"To educate patients on potential side effects, monitor for adverse reactions, and report to appropriate authorities",To tell patients to stop taking their medication if they experience side effects,To only provide information on common side effects,B,4,12-07-2025 05:19
What is the importance of a clear and consistent policy for handling prescription transfers?,It is not important as long as the patient gets their medication,"It ensures legal compliance, maintains patient continuity of care, and prevents errors",It should be constantly changing to confuse competitors,It is only relevant for out-of-state transfers,B,4,12-07-2025 05:19
Which of the following is a key aspect of managing employee training and development in a drug store?,Avoiding training to save costs,"Providing ongoing training on new medications, regulations, and customer service skills",Only focusing on initial training for new hires,Allowing employees to train themselves,B,4,12-07-2025 05:19
What is the purpose of a drug information center in a drug store?,To provide a quiet place for staff to relax,To provide comprehensive and accurate drug information to healthcare professionals and patients,To store old medical journals,To serve as a waiting area for patients,B,4,12-07-2025 05:19
What is the importance of a well-defined and regularly updated policy and procedure manual in a drug store?,It is not important as long as staff know what to do,"It ensures consistency, compliance, and provides guidance for all operations",It is only for regulatory inspections,It is a waste of time to create and maintain,B,4,12-07-2025 05:19
Which of the following is a key consideration when managing patient confidentiality in a drug store?,Sharing patient information with family members without consent,Adhering to HIPAA regulations and implementing strict data security measures,Discussing patient conditions openly with other staff,Storing patient records in easily accessible public areas,B,4,12-07-2025 05:19
What is the role of a drug store in public health education?,To avoid all public health education,"To provide information on disease prevention, healthy lifestyles, and medication safety",To refer all public health education to government agencies,To only provide information on prescription medications,B,4,12-07-2025 05:19
What is the importance of a strong brand identity for a drug store?,It is not important as long as medications are available,"It builds recognition, trust, and loyalty among customers",It is only for large chain pharmacies,It can lead to increased competition,B,4,12-07-2025 05:19
Which of the following is a strategy for managing difficult customers in a drug store?,Ignoring their concerns,"Listening actively, remaining calm, and offering solutions or alternatives",Arguing with the customer,Calling security immediately,B,4,12-07-2025 05:19
What is the purpose of a medication error reporting system in a drug store?,To punish staff for errors,"To identify, track, and analyze medication errors to prevent recurrence",To hide errors from regulatory bodies,To only report errors that cause patient harm,B,4,12-07-2025 05:19
What is the importance of a well-designed and functional dispensing area in a drug store?,It is purely for aesthetic purposes,"It optimizes workflow, minimizes errors, and ensures efficient medication preparation","It is only important for large, high-volume stores",It has no impact on patient safety,B,4,12-07-2025 05:19
Which of the following is a legal requirement for drug stores regarding patient counseling?,It is optional and depends on the pharmacist's discretion,It is required for all new prescriptions and when deemed necessary by the pharmacist,It is only required for controlled substances,It is only required if the patient asks for it,B,4,12-07-2025 05:19
What is the role of a drug store in managing drug shortages?,To ignore drug shortages and wait for them to resolve,"To monitor supply, communicate with prescribers, and seek alternative sources or therapies",To hoard medications during shortages,To raise prices during shortages,B,4,12-07-2025 05:19
What is the importance of a clear and consistent pricing policy for over-the-counter (OTC) products?,It is not important as long as they are cheaper than prescription drugs,"It builds customer trust, prevents confusion, and ensures fair competition",It should be constantly changing to maximize profits,It is only relevant for prescription medications,B,4,12-07-2025 05:19
Which of the following is a key aspect of managing employee performance in a drug store?,Avoiding performance reviews to prevent conflict,"Setting clear expectations, providing regular feedback, and offering opportunities for development",Only focusing on negative performance,Comparing employees to each other publicly,B,4,12-07-2025 05:19
What is the purpose of a drug recall process?,To remove all drugs from the shelves,To remove a drug from the market due to safety concerns or defects,To recall employees for training,To recall customers for feedback,B,4,12-07-2025 05:19
What is the importance of a well-defined emergency plan for a drug store?,It is not important as emergencies are rare,"It ensures the safety of staff and patients, protects assets, and maintains business continuity",It is only for natural disasters,It is a waste of time to prepare,B,4,12-07-2025 05:19
Which of the following is a key consideration when managing patient waiting times in a drug store?,Ignoring waiting times as patients will wait,Implementing strategies to minimize wait times and communicate effectively with patients,Prioritizing speed over accuracy,Encouraging patients to leave if they are impatient,B,4,12-07-2025 05:19
What is the role of a drug store in providing immunizations?,To refer all immunizations to clinics,To administer vaccines and provide patient education on immunization,To only provide information on vaccine availability,To discourage patients from getting vaccinated,B,4,12-07-2025 05:19
What is the importance of a strong relationship with local community organizations?,It is not important as long as the store is profitable,"It provides opportunities for community engagement, health promotion, and building goodwill",It is only for social purposes,It can lead to conflicts of interest,B,4,12-07-2025 05:19
Which of the following is a strategy for managing medication waste in a drug store?,Disposing of all waste in regular trash bins,Implementing proper disposal procedures for expired or unused medications,"Recycling all packaging materials, regardless of type",Burning all medical waste on-site,B,4,12-07-2025 05:19
What is the purpose of a patient safety reporting system in a drug store?,To punish staff for errors,"To identify, track, and analyze patient safety incidents to prevent recurrence",To hide incidents from regulatory bodies,To only report incidents that cause patient harm,B,4,12-07-2025 05:19
What is the importance of a well-organized and accessible medication storage area in a drug store?,It is purely for aesthetic purposes,"It optimizes workflow, minimizes errors, and ensures efficient medication retrieval","It is only important for large, high-volume stores",It has no impact on patient safety,B,4,12-07-2025 05:19
Which of the following is a legal requirement for drug stores regarding prescription labeling?,It is optional and depends on the pharmacist's discretion,"It is required to include specific information such as patient name, drug name, dosage, and directions",It is only required for controlled substances,It is only required if the patient asks for it,B,4,12-07-2025 05:19
What is the role of a drug store in managing medication side effects?,To ignore side effects and wait for them to resolve,"To educate patients on potential side effects, monitor for adverse reactions, and report to appropriate authorities",To tell patients to stop taking their medication if they experience side effects,To only provide information on common side effects,B,4,12-07-2025 05:19
What is the importance of a clear and consistent policy for handling prescription transfers?,It is not important as long as the patient gets their medication,"It ensures legal compliance, maintains patient continuity of care, and prevents errors",It should be constantly changing to confuse competitors,It is only relevant for out-of-state transfers,B,4,12-07-2025 05:19
Which of the following is a key aspect of managing employee training and development in a drug store?,Avoiding training to save costs,"Providing ongoing training on new medications, regulations, and customer service skills",Only focusing on initial training for new hires,Allowing employees to train themselves,B,4,12-07-2025 05:19
What is the purpose of a drug information center in a drug store?,To provide a quiet place for staff to relax,To provide comprehensive and accurate drug information to healthcare professionals and patients,To store old medical journals,To serve as a waiting area for patients,B,4,12-07-2025 05:19
What is the importance of a well-defined and regularly updated policy and procedure manual in a drug store?,It is not important as long as staff know what to do,"It ensures consistency, compliance, and provides guidance for all operations",It is only for regulatory inspections,It is a waste of time to create and maintain,B,5,12-07-2025 05:19
Which of the following is a key consideration when managing patient confidentiality in a drug store?,Sharing patient information with family members without consent,Adhering to HIPAA regulations and implementing strict data security measures,Discussing patient conditions openly with other staff,Storing patient records in easily accessible public areas,B,5,12-07-2025 05:19
What is the role of a drug store in public health education?,To avoid all public health education,"To provide information on disease prevention, healthy lifestyles, and medication safety",To refer all public health education to government agencies,To only provide information on prescription medications,B,5,12-07-2025 05:19
What is the importance of a strong brand identity for a drug store?,It is not important as long as medications are available,"It builds recognition, trust, and loyalty among customers",It is only for large chain pharmacies,It can lead to increased competition,B,5,12-07-2025 05:19
Which of the following is a strategy for managing difficult customers in a drug store?,Ignoring their concerns,"Listening actively, remaining calm, and offering solutions or alternatives",Arguing with the customer,Calling security immediately,B,5,12-07-2025 05:19
What is the purpose of a medication error reporting system in a drug store?,To punish staff for errors,"To identify, track, and analyze medication errors to prevent recurrence",To hide errors from regulatory bodies,To only report errors that cause patient harm,B,5,12-07-2025 05:19
What is the importance of a well-designed and functional dispensing area in a drug store?,It is purely for aesthetic purposes,"It optimizes workflow, minimizes errors, and ensures efficient medication preparation","It is only important for large, high-volume stores",It has no impact on patient safety,B,5,12-07-2025 05:19
Which of the following is a legal requirement for drug stores regarding patient counseling?,It is optional and depends on the pharmacist's discretion,It is required for all new prescriptions and when deemed necessary by the pharmacist,It is only required for controlled substances,It is only required if the patient asks for it,B,5,12-07-2025 05:19
What is the role of a drug store in managing drug shortages?,To ignore drug shortages and wait for them to resolve,"To monitor supply, communicate with prescribers, and seek alternative sources or therapies",To hoard medications during shortages,To raise prices during shortages,B,5,12-07-2025 05:19
What is the importance of a clear and consistent pricing policy for over-the-counter (OTC) products?,It is not important as long as they are cheaper than prescription drugs,"It builds customer trust, prevents confusion, and ensures fair competition",It should be constantly changing to maximize profits,It is only relevant for prescription medications,B,5,12-07-2025 05:19
Which of the following is a key aspect of managing employee performance in a drug store?,Avoiding performance reviews to prevent conflict,"Setting clear expectations, providing regular feedback, and offering opportunities for development",Only focusing on negative performance,Comparing employees to each other publicly,B,5,12-07-2025 05:19
What is the purpose of a drug recall process?,To remove all drugs from the shelves,To remove a drug from the market due to safety concerns or defects,To recall employees for training,To recall customers for feedback,B,5,12-07-2025 05:19
What is the importance of a well-defined emergency plan for a drug store?,It is not important as emergencies are rare,"It ensures the safety of staff and patients, protects assets, and maintains business continuity",It is only for natural disasters,It is a waste of time to prepare,B,5,12-07-2025 05:19
Which of the following is a key consideration when managing patient waiting times in a drug store?,Ignoring waiting times as patients will wait,Implementing strategies to minimize wait times and communicate effectively with patients,Prioritizing speed over accuracy,Encouraging patients to leave if they are impatient,B,5,12-07-2025 05:19
What is the role of a drug store in providing immunizations?,To refer all immunizations to clinics,To administer vaccines and provide patient education on immunization,To only provide information on vaccine availability,To discourage patients from getting vaccinated,B,5,12-07-2025 05:19
What is the importance of a strong relationship with local community organizations?,It is not important as long as the store is profitable,"It provides opportunities for community engagement, health promotion, and building goodwill",It is only for social purposes,It can lead to conflicts of interest,B,5,12-07-2025 05:19
Which of the following is a strategy for managing medication waste in a drug store?,Disposing of all waste in regular trash bins,Implementing proper disposal procedures for expired or unused medications,"Recycling all packaging materials, regardless of type",Burning all medical waste on-site,B,5,12-07-2025 05:19
What is the purpose of a patient safety reporting system in a drug store?,To punish staff for errors,"To identify, track, and analyze patient safety incidents to prevent recurrence",To hide incidents from regulatory bodies,To only report incidents that cause patient harm,B,5,12-07-2025 05:19
What is the importance of a well-organized and accessible medication storage area in a drug store?,It is purely for aesthetic purposes,"It optimizes workflow, minimizes errors, and ensures efficient medication retrieval","It is only important for large, high-volume stores",It has no impact on patient safety,B,5,12-07-2025 05:19
Which of the following is a legal requirement for drug stores regarding prescription labeling?,It is optional and depends on the pharmacist's discretion,"It is required to include specific information such as patient name, drug name, dosage, and directions",It is only required for controlled substances,It is only required if the patient asks for it,B,5,12-07-2025 05:19
What is the role of a drug store in managing medication side effects?,To ignore side effects and wait for them to resolve,"To educate patients on potential side effects, monitor for adverse reactions, and report to appropriate authorities",To tell patients to stop taking their medication if they experience side effects,To only provide information on common side effects,B,5,12-07-2025 05:19
What is the importance of a clear and consistent policy for handling prescription transfers?,It is not important as long as the patient gets their medication,"It ensures legal compliance, maintains patient continuity of care, and prevents errors",It should be constantly changing to confuse competitors,It is only relevant for out-of-state transfers,B,5,12-07-2025 05:19
Which of the following is a key aspect of managing employee training and development in a drug store?,Avoiding training to save costs,"Providing ongoing training on new medications, regulations, and customer service skills",Only focusing on initial training for new hires,Allowing employees to train themselves,B,5,12-07-2025 05:19
What is the purpose of a drug information center in a drug store?,To provide a quiet place for staff to relax,To provide comprehensive and accurate drug information to healthcare professionals and patients,To store old medical journals,To serve as a waiting area for patients,B,5,12-07-2025 05:19
What is the importance of a well-defined and regularly updated policy and procedure manual in a drug store?,It is not important as long as staff know what to do,"It ensures consistency, compliance, and provides guidance for all operations",It is only for regulatory inspections,It is a waste of time to create and maintain,B,5,12-07-2025 05:19
Which of the following is a key consideration when managing patient confidentiality in a drug store?,Sharing patient information with family members without consent,Adhering to HIPAA regulations and implementing strict data security measures,Discussing patient conditions openly with other staff,Storing patient records in easily accessible public areas,B,5,12-07-2025 05:19
What is the role of a drug store in public health education?,To avoid all public health education,"To provide information on disease prevention, healthy lifestyles, and medication safety",To refer all public health education to government agencies,To only provide information on prescription medications,B,5,12-07-2025 05:19
What is the importance of a strong brand identity for a drug store?,It is not important as long as medications are available,"It builds recognition, trust, and loyalty among customers",It is only for large chain pharmacies,It can lead to increased competition,B,5,12-07-2025 05:19
Which of the following is a strategy for managing difficult customers in a drug store?,Ignoring their concerns,"Listening actively, remaining calm, and offering solutions or alternatives",Arguing with the customer,Calling security immediately,B,5,12-07-2025 05:19
What is the purpose of a medication error reporting system in a drug store?,To punish staff for errors,"To identify, track, and analyze medication errors to prevent recurrence",To hide errors from regulatory bodies,To only report errors that cause patient harm,B,5,12-07-2025 05:19
What is the importance of a well-designed and functional dispensing area in a drug store?,It is purely for aesthetic purposes,"It optimizes workflow, minimizes errors, and ensures efficient medication preparation","It is only important for large, high-volume stores",It has no impact on patient safety,B,5,12-07-2025 05:19
Which of the following is a legal requirement for drug stores regarding patient counseling?,It is optional and depends on the pharmacist's discretion,It is required for all new prescriptions and when deemed necessary by the pharmacist,It is only required for controlled substances,It is only required if the patient asks for it,B,5,12-07-2025 05:19
What is the role of a drug store in managing drug shortages?,To ignore drug shortages and wait for them to resolve,"To monitor supply, communicate with prescribers, and seek alternative sources or therapies",To hoard medications during shortages,To raise prices during shortages,B,5,12-07-2025 05:19
What is the importance of a clear and consistent pricing policy for over-the-counter (OTC) products?,It is not important as long as they are cheaper than prescription drugs,"It builds customer trust, prevents confusion, and ensures fair competition",It should be constantly changing to maximize profits,It is only relevant for prescription medications,B,5,12-07-2025 05:19
Which of the following is a key aspect of managing employee performance in a drug store?,Avoiding performance reviews to prevent conflict,"Setting clear expectations, providing regular feedback, and offering opportunities for development",Only focusing on negative performance,Comparing employees to each other publicly,B,5,12-07-2025 05:19
What is the purpose of a drug recall process?,To remove all drugs from the shelves,To remove a drug from the market due to safety concerns or defects,To recall employees for training,To recall customers for feedback,B,5,12-07-2025 05:19
What is the importance of a well-defined emergency plan for a drug store?,It is not important as emergencies are rare,"It ensures the safety of staff and patients, protects assets, and maintains business continuity",It is only for natural disasters,It is a waste of time to prepare,B,5,12-07-2025 05:19
Which of the following is a key consideration when managing patient waiting times in a drug store?,Ignoring waiting times as patients will wait,Implementing strategies to minimize wait times and communicate effectively with patients,Prioritizing speed over accuracy,Encouraging patients to leave if they are impatient,B,5,12-07-2025 05:19
What is the role of a drug store in providing immunizations?,To refer all immunizations to clinics,To administer vaccines and provide patient education on immunization,To only provide information on vaccine availability,To discourage patients from getting vaccinated,B,5,12-07-2025 05:19
What is the importance of a strong relationship with local community organizations?,It is not important as long as the store is profitable,"It provides opportunities for community engagement, health promotion, and building goodwill",It is only for social purposes,It can lead to conflicts of interest,B,5,12-07-2025 05:19
Which of the following is a strategy for managing medication waste in a drug store?,Disposing of all waste in regular trash bins,Implementing proper disposal procedures for expired or unused medications,"Recycling all packaging materials, regardless of type",Burning all medical waste on-site,B,5,12-07-2025 05:19
What is the purpose of a patient safety reporting system in a drug store?,To punish staff for errors,"To identify, track, and analyze patient safety incidents to prevent recurrence",To hide incidents from regulatory bodies,To only report incidents that cause patient harm,B,5,12-07-2025 05:19
What is the importance of a well-organized and accessible medication storage area in a drug store?,It is purely for aesthetic purposes,"It optimizes workflow, minimizes errors, and ensures efficient medication retrieval","It is only important for large, high-volume stores",It has no impact on patient safety,B,5,12-07-2025 05:19
Which of the following is a legal requirement for drug stores regarding prescription labeling?,It is optional and depends on the pharmacist's discretion,"It is required to include specific information such as patient name, drug name, dosage, and directions",It is only required for controlled substances,It is only required if the patient asks for it,B,5,12-07-2025 05:19
What is the role of a drug store in managing medication side effects?,To ignore side effects and wait for them to resolve,"To educate patients on potential side effects, monitor for adverse reactions, and report to appropriate authorities",To tell patients to stop taking their medication if they experience side effects,To only provide information on common side effects,B,5,12-07-2025 05:19
What is the importance of a clear and consistent policy for handling prescription transfers?,It is not important as long as the patient gets their medication,"It ensures legal compliance, maintains patient continuity of care, and prevents errors",It should be constantly changing to confuse competitors,It is only relevant for out-of-state transfers,B,5,12-07-2025 05:19
Which of the following is a key aspect of managing employee training and development in a drug store?,Avoiding training to save costs,"Providing ongoing training on new medications, regulations, and customer service skills",Only focusing on initial training for new hires,Allowing employees to train themselves,B,5,12-07-2025 05:19
What is the purpose of a drug information center in a drug store?,To provide a quiet place for staff to relax,To provide comprehensive and accurate drug information to healthcare professionals and patients,To store old medical journals,To serve as a waiting area for patients,B,5,12-07-2025 05:19
What is the importance of a well-defined and regularly updated policy and procedure manual in a drug store?,It is not important as long as staff know what to do,"It ensures consistency, compliance, and provides guidance for all operations",It is only for regulatory inspections,It is a waste of time to create and maintain,B,5,12-07-2025 05:19
Which of the following is a key consideration when managing patient confidentiality in a drug store?,Sharing patient information with family members without consent,Adhering to HIPAA regulations and implementing strict data security measures,Discussing patient conditions openly with other staff,Storing patient records in easily accessible public areas,B,5,12-07-2025 05:19
What is the role of a drug store in public health education?,To avoid all public health education,"To provide information on disease prevention, healthy lifestyles, and medication safety",To refer all public health education to government agencies,To only provide information on prescription medications,B,6,12-07-2025 05:19
What is the importance of a strong brand identity for a drug store?,It is not important as long as medications are available,"It builds recognition, trust, and loyalty among customers",It is only for large chain pharmacies,It can lead to increased competition,B,6,12-07-2025 05:19
Which of the following is a strategy for managing difficult customers in a drug store?,Ignoring their concerns,"Listening actively, remaining calm, and offering solutions or alternatives",Arguing with the customer,Calling security immediately,B,6,12-07-2025 05:19
What is the purpose of a medication error reporting system in a drug store?,To punish staff for errors,"To identify, track, and analyze medication errors to prevent recurrence",To hide errors from regulatory bodies,To only report errors that cause patient harm,B,6,12-07-2025 05:19
What is the importance of a well-designed and functional dispensing area in a drug store?,It is purely for aesthetic purposes,"It optimizes workflow, minimizes errors, and ensures efficient medication preparation","It is only important for large, high-volume stores",It has no impact on patient safety,B,6,12-07-2025 05:19
Which of the following is a legal requirement for drug stores regarding patient counseling?,It is optional and depends on the pharmacist's discretion,It is required for all new prescriptions and when deemed necessary by the pharmacist,It is only required for controlled substances,It is only required if the patient asks for it,B,6,12-07-2025 05:19
What is the role of a drug store in managing drug shortages?,To ignore drug shortages and wait for them to resolve,"To monitor supply, communicate with prescribers, and seek alternative sources or therapies",To hoard medications during shortages,To raise prices during shortages,B,6,12-07-2025 05:19
What is the importance of a clear and consistent pricing policy for over-the-counter (OTC) products?,It is not important as long as they are cheaper than prescription drugs,"It builds customer trust, prevents confusion, and ensures fair competition",It should be constantly changing to maximize profits,It is only relevant for prescription medications,B,6,12-07-2025 05:19
Which of the following is a key aspect of managing employee performance in a drug store?,Avoiding performance reviews to prevent conflict,"Setting clear expectations, providing regular feedback, and offering opportunities for development",Only focusing on negative performance,Comparing employees to each other publicly,B,6,12-07-2025 05:19
What is the purpose of a drug recall process?,To remove all drugs from the shelves,To remove a drug from the market due to safety concerns or defects,To recall employees for training,To recall customers for feedback,B,6,12-07-2025 05:19
What is the importance of a well-defined emergency plan for a drug store?,It is not important as emergencies are rare,"It ensures the safety of staff and patients, protects assets, and maintains business continuity",It is only for natural disasters,It is a waste of time to prepare,B,6,12-07-2025 05:19
Which of the following is a key consideration when managing patient waiting times in a drug store?,Ignoring waiting times as patients will wait,Implementing strategies to minimize wait times and communicate effectively with patients,Prioritizing speed over accuracy,Encouraging patients to leave if they are impatient,B,6,12-07-2025 05:19
What is the role of a drug store in providing immunizations?,To refer all immunizations to clinics,To administer vaccines and provide patient education on immunization,To only provide information on vaccine availability,To discourage patients from getting vaccinated,B,6,12-07-2025 05:19
What is the importance of a strong relationship with local community organizations?,It is not important as long as the store is profitable,"It provides opportunities for community engagement, health promotion, and building goodwill",It is only for social purposes,It can lead to conflicts of interest,B,6,12-07-2025 05:19
Which of the following is a strategy for managing medication waste in a drug store?,Disposing of all waste in regular trash bins,Implementing proper disposal procedures for expired or unused medications,"Recycling all packaging materials, regardless of type",Burning all medical waste on-site,B,6,12-07-2025 05:19
What is the purpose of a patient safety reporting system in a drug store?,To punish staff for errors,"To identify, track, and analyze patient safety incidents to prevent recurrence",To hide incidents from regulatory bodies,To only report incidents that cause patient harm,B,6,12-07-2025 05:19
What is the importance of a well-organized and accessible medication storage area in a drug store?,It is purely for aesthetic purposes,"It optimizes workflow, minimizes errors, and ensures efficient medication retrieval","It is only important for large, high-volume stores",It has no impact on patient safety,B,6,12-07-2025 05:19
Which of the following is a legal requirement for drug stores regarding prescription labeling?,It is optional and depends on the pharmacist's discretion,"It is required to include specific information such as patient name, drug name, dosage, and directions",It is only required for controlled substances,It is only required if the patient asks for it,B,6,12-07-2025 05:19
What is the role of a drug store in managing medication side effects?,To ignore side effects and wait for them to resolve,"To educate patients on potential side effects, monitor for adverse reactions, and report to appropriate authorities",To tell patients to stop taking their medication if they experience side effects,To only provide information on common side effects,B,6,12-07-2025 05:19
What is the importance of a clear and consistent policy for handling prescription transfers?,It is not important as long as the patient gets their medication,"It ensures legal compliance, maintains patient continuity of care, and prevents errors",It should be constantly changing to confuse competitors,It is only relevant for out-of-state transfers,B,6,12-07-2025 05:19
Which of the following is a key aspect of managing employee training and development in a drug store?,Avoiding training to save costs,"Providing ongoing training on new medications, regulations, and customer service skills",Only focusing on initial training for new hires,Allowing employees to train themselves,B,6,12-07-2025 05:19
What is the purpose of a drug information center in a drug store?,To provide a quiet place for staff to relax,To provide comprehensive and accurate drug information to healthcare professionals and patients,To store old medical journals,To serve as a waiting area for patients,B,6,12-07-2025 05:19
What is the importance of a well-defined and regularly updated policy and procedure manual in a drug store?,It is not important as long as staff know what to do,"It ensures consistency, compliance, and provides guidance for all operations",It is only for regulatory inspections,It is a waste of time to create and maintain,B,6,12-07-2025 05:19
Which of the following is a key consideration when managing patient confidentiality in a drug store?,Sharing patient information with family members without consent,Adhering to HIPAA regulations and implementing strict data security measures,Discussing patient conditions openly with other staff,Storing patient records in easily accessible public areas,B,6,12-07-2025 05:19
What is the role of a drug store in public health education?,To avoid all public health education,"To provide information on disease prevention, healthy lifestyles, and medication safety",To refer all public health education to government agencies,To only provide information on prescription medications,B,6,12-07-2025 05:19
What is the importance of a strong brand identity for a drug store?,It is not important as long as medications are available,"It builds recognition, trust, and loyalty among customers",It is only for large chain pharmacies,It can lead to increased competition,B,6,12-07-2025 05:19
Which of the following is a strategy for managing difficult customers in a drug store?,Ignoring their concerns,"Listening actively, remaining calm, and offering solutions or alternatives",Arguing with the customer,Calling security immediately,B,6,12-07-2025 05:19
What is the purpose of a medication error reporting system in a drug store?,To punish staff for errors,"To identify, track, and analyze medication errors to prevent recurrence",To hide errors from regulatory bodies,To only report errors that cause patient harm,B,6,12-07-2025 05:19
What is the importance of a well-designed and functional dispensing area in a drug store?,It is purely for aesthetic purposes,"It optimizes workflow, minimizes errors, and ensures efficient medication preparation","It is only important for large, high-volume stores",It has no impact on patient safety,B,6,12-07-2025 05:19
Which of the following is a legal requirement for drug stores regarding patient counseling?,It is optional and depends on the pharmacist's discretion,It is required for all new prescriptions and when deemed necessary by the pharmacist,It is only required for controlled substances,It is only required if the patient asks for it,B,6,12-07-2025 05:19
What is the role of a drug store in managing drug shortages?,To ignore drug shortages and wait for them to resolve,"To monitor supply, communicate with prescribers, and seek alternative sources or therapies",To hoard medications during shortages,To raise prices during shortages,B,6,12-07-2025 05:19
What is the importance of a clear and consistent pricing policy for over-the-counter (OTC) products?,It is not important as long as they are cheaper than prescription drugs,"It builds customer trust, prevents confusion, and ensures fair competition",It should be constantly changing to maximize profits,It is only relevant for prescription medications,B,6,12-07-2025 05:19
Which of the following is a key aspect of managing employee performance in a drug store?,Avoiding performance reviews to prevent conflict,"Setting clear expectations, providing regular feedback, and offering opportunities for development",Only focusing on negative performance,Comparing employees to each other publicly,B,6,12-07-2025 05:19
What is the purpose of a drug recall process?,To remove all drugs from the shelves,To remove a drug from the market due to safety concerns or defects,To recall employees for training,To recall customers for feedback,B,6,12-07-2025 05:19
What is the importance of a well-defined emergency plan for a drug store?,It is not important as emergencies are rare,"It ensures the safety of staff and patients, protects assets, and maintains business continuity",It is only for natural disasters,It is a waste of time to prepare,B,6,12-07-2025 05:19
Which of the following is a key consideration when managing patient waiting times in a drug store?,Ignoring waiting times as patients will wait,Implementing strategies to minimize wait times and communicate effectively with patients,Prioritizing speed over accuracy,Encouraging patients to leave if they are impatient,B,6,12-07-2025 05:19
What is the role of a drug store in providing immunizations?,To refer all immunizations to clinics,To administer vaccines and provide patient education on immunization,To only provide information on vaccine availability,To discourage patients from getting vaccinated,B,6,12-07-2025 05:19
What is the importance of a strong relationship with local community organizations?,It is not important as long as the store is profitable,"It provides opportunities for community engagement, health promotion, and building goodwill",It is only for social purposes,It can lead to conflicts of interest,B,6,12-07-2025 05:19
Which of the following is a strategy for managing medication waste in a drug store?,Disposing of all waste in regular trash bins,Implementing proper disposal procedures for expired or unused medications,"Recycling all packaging materials, regardless of type",Burning all medical waste on-site,B,6,12-07-2025 05:19
What is the purpose of a patient safety reporting system in a drug store?,To punish staff for errors,"To identify, track, and analyze patient safety incidents to prevent recurrence",To hide incidents from regulatory bodies,To only report incidents that cause patient harm,B,6,12-07-2025 05:19
What is the importance of a well-organized and accessible medication storage area in a drug store?,It is purely for aesthetic purposes,"It optimizes workflow, minimizes errors, and ensures efficient medication retrieval","It is only important for large, high-volume stores",It has no impact on patient safety,B,6,12-07-2025 05:19
Which of the following is a legal requirement for drug stores regarding prescription labeling?,It is optional and depends on the pharmacist's discretion,"It is required to include specific information such as patient name, drug name, dosage, and directions",It is only required for controlled substances,It is only required if the patient asks for it,B,6,12-07-2025 05:19
What is the role of a drug store in managing medication side effects?,To ignore side effects and wait for them to resolve,"To educate patients on potential side effects, monitor for adverse reactions, and report to appropriate authorities",To tell patients to stop taking their medication if they experience side effects,To only provide information on common side effects,B,6,12-07-2025 05:19
What is the importance of a clear and consistent policy for handling prescription transfers?,It is not important as long as the patient gets their medication,"It ensures legal compliance, maintains patient continuity of care, and prevents errors",It should be constantly changing to confuse competitors,It is only relevant for out-of-state transfers,B,6,12-07-2025 05:19
Which of the following is a key aspect of managing employee training and development in a drug store?,Avoiding training to save costs,"Providing ongoing training on new medications, regulations, and customer service skills",Only focusing on initial training for new hires,Allowing employees to train themselves,B,6,12-07-2025 05:19
What is the purpose of a drug information center in a drug store?,To provide a quiet place for staff to relax,To provide comprehensive and accurate drug information to healthcare professionals and patients,To store old medical journals,To serve as a waiting area for patients,B,6,12-07-2025 05:19
What is the importance of a well-defined and regularly updated policy and procedure manual in a drug store?,It is not important as long as staff know what to do,"It ensures consistency, compliance, and provides guidance for all operations",It is only for regulatory inspections,It is a waste of time to create and maintain,B,6,12-07-2025 05:19
Which of the following is a key consideration when managing patient confidentiality in a drug store?,Sharing patient information with family members without consent,Adhering to HIPAA regulations and implementing strict data security measures,Discussing patient conditions openly with other staff,Storing patient records in easily accessible public areas,B,6,12-07-2025 05:19
What is the role of a drug store in public health education?,To avoid all public health education,"To provide information on disease prevention, healthy lifestyles, and medication safety",To refer all public health education to government agencies,To only provide information on prescription medications,B,6,12-07-2025 05:19
What is the importance of a strong brand identity for a drug store?,It is not important as long as medications are available,"It builds recognition, trust, and loyalty among customers",It is only for large chain pharmacies,It can lead to increased competition,B,6,12-07-2025 05:19
Which of the following is a strategy for managing difficult customers in a drug store?,Ignoring their concerns,"Listening actively, remaining calm, and offering solutions or alternatives",Arguing with the customer,Calling security immediately,B,7,12-07-2025 05:19
What is the purpose of a medication error reporting system in a drug store?,To punish staff for errors,"To identify, track, and analyze medication errors to prevent recurrence",To hide errors from regulatory bodies,To only report errors that cause patient harm,B,7,12-07-2025 05:19
What is the importance of a well-designed and functional dispensing area in a drug store?,It is purely for aesthetic purposes,"It optimizes workflow, minimizes errors, and ensures efficient medication preparation","It is only important for large, high-volume stores",It has no impact on patient safety,B,7,12-07-2025 05:19
Which of the following is a legal requirement for drug stores regarding patient counseling?,It is optional and depends on the pharmacist's discretion,It is required for all new prescriptions and when deemed necessary by the pharmacist,It is only required for controlled substances,It is only required if the patient asks for it,B,7,12-07-2025 05:19
What is the role of a drug store in managing drug shortages?,To ignore drug shortages and wait for them to resolve,"To monitor supply, communicate with prescribers, and seek alternative sources or therapies",To hoard medications during shortages,To raise prices during shortages,B,7,12-07-2025 05:19
What is the importance of a clear and consistent pricing policy for over-the-counter (OTC) products?,It is not important as long as they are cheaper than prescription drugs,"It builds customer trust, prevents confusion, and ensures fair competition",It should be constantly changing to maximize profits,It is only relevant for prescription medications,B,7,12-07-2025 05:19
Which of the following is a key aspect of managing employee performance in a drug store?,Avoiding performance reviews to prevent conflict,"Setting clear expectations, providing regular feedback, and offering opportunities for development",Only focusing on negative performance,Comparing employees to each other publicly,B,7,12-07-2025 05:19
What is the purpose of a drug recall process?,To remove all drugs from the shelves,To remove a drug from the market due to safety concerns or defects,To recall employees for training,To recall customers for feedback,B,7,12-07-2025 05:19
What is the importance of a well-defined emergency plan for a drug store?,It is not important as emergencies are rare,"It ensures the safety of staff and patients, protects assets, and maintains business continuity",It is only for natural disasters,It is a waste of time to prepare,B,7,12-07-2025 05:19
Which of the following is a key consideration when managing patient waiting times in a drug store?,Ignoring waiting times as patients will wait,Implementing strategies to minimize wait times and communicate effectively with patients,Prioritizing speed over accuracy,Encouraging patients to leave if they are impatient,B,7,12-07-2025 05:19
What is the role of a drug store in providing immunizations?,To refer all immunizations to clinics,To administer vaccines and provide patient education on immunization,To only provide information on vaccine availability,To discourage patients from getting vaccinated,B,7,12-07-2025 05:19
What is the importance of a strong relationship with local community organizations?,It is not important as long as the store is profitable,"It provides opportunities for community engagement, health promotion, and building goodwill",It is only for social purposes,It can lead to conflicts of interest,B,7,12-07-2025 05:19
Which of the following is a strategy for managing medication waste in a drug store?,Disposing of all waste in regular trash bins,Implementing proper disposal procedures for expired or unused medications,"Recycling all packaging materials, regardless of type",Burning all medical waste on-site,B,7,12-07-2025 05:19
What is the purpose of a patient safety reporting system in a drug store?,To punish staff for errors,"To identify, track, and analyze patient safety incidents to prevent recurrence",To hide incidents from regulatory bodies,To only report incidents that cause patient harm,B,7,12-07-2025 05:19
What is the importance of a well-organized and accessible medication storage area in a drug store?,It is purely for aesthetic purposes,"It optimizes workflow, minimizes errors, and ensures efficient medication retrieval","It is only important for large, high-volume stores",It has no impact on patient safety,B,7,12-07-2025 05:19
Which of the following is a legal requirement for drug stores regarding prescription labeling?,It is optional and depends on the pharmacist's discretion,"It is required to include specific information such as patient name, drug name, dosage, and directions",It is only required for controlled substances,It is only required if the patient asks for it,B,7,12-07-2025 05:19
What is the role of a drug store in managing medication side effects?,To ignore side effects and wait for them to resolve,"To educate patients on potential side effects, monitor for adverse reactions, and report to appropriate authorities",To tell patients to stop taking their medication if they experience side effects,To only provide information on common side effects,B,7,12-07-2025 05:19
What is the importance of a clear and consistent policy for handling prescription transfers?,It is not important as long as the patient gets their medication,"It ensures legal compliance, maintains patient continuity of care, and prevents errors",It should be constantly changing to confuse competitors,It is only relevant for out-of-state transfers,B,7,12-07-2025 05:19
Which of the following is a key aspect of managing employee training and development in a drug store?,Avoiding training to save costs,"Providing ongoing training on new medications, regulations, and customer service skills",Only focusing on initial training for new hires,Allowing employees to train themselves,B,7,12-07-2025 05:19
What is the purpose of a drug information center in a drug store?,To provide a quiet place for staff to relax,To provide comprehensive and accurate drug information to healthcare professionals and patients,To store old medical journals,To serve as a waiting area for patients,B,7,12-07-2025 05:19
What is the importance of a well-defined and regularly updated policy and procedure manual in a drug store?,It is not important as long as staff know what to do,"It ensures consistency, compliance, and provides guidance for all operations",It is only for regulatory inspections,It is a waste of time to create and maintain,B,7,12-07-2025 05:19
Which of the following is a key consideration when managing patient confidentiality in a drug store?,Sharing patient information with family members without consent,Adhering to HIPAA regulations and implementing strict data security measures,Discussing patient conditions openly with other staff,Storing patient records in easily accessible public areas,B,7,12-07-2025 05:19
What is the role of a drug store in public health education?,To avoid all public health education,"To provide information on disease prevention, healthy lifestyles, and medication safety",To refer all public health education to government agencies,To only provide information on prescription medications,B,7,12-07-2025 05:19
What is the importance of a strong brand identity for a drug store?,It is not important as long as medications are available,"It builds recognition, trust, and loyalty among customers",It is only for large chain pharmacies,It can lead to increased competition,B,7,12-07-2025 05:19
Which of the following is a strategy for managing difficult customers in a drug store?,Ignoring their concerns,"Listening actively, remaining calm, and offering solutions or alternatives",Arguing with the customer,Calling security immediately,B,7,12-07-2025 05:19
What is the purpose of a medication error reporting system in a drug store?,To punish staff for errors,"To identify, track, and analyze medication errors to prevent recurrence",To hide errors from regulatory bodies,To only report errors that cause patient harm,B,7,12-07-2025 05:19
What is the importance of a well-designed and functional dispensing area in a drug store?,It is purely for aesthetic purposes,"It optimizes workflow, minimizes errors, and ensures efficient medication preparation","It is only important for large, high-volume stores",It has no impact on patient safety,B,7,12-07-2025 05:19
Which of the following is a legal requirement for drug stores regarding patient counseling?,It is optional and depends on the pharmacist's discretion,It is required for all new prescriptions and when deemed necessary by the pharmacist,It is only required for controlled substances,It is only required if the patient asks for it,B,7,12-07-2025 05:19
What is the role of a drug store in managing drug shortages?,To ignore drug shortages and wait for them to resolve,"To monitor supply, communicate with prescribers, and seek alternative sources or therapies",To hoard medications during shortages,To raise prices during shortages,B,7,12-07-2025 05:19
What is the importance of a clear and consistent pricing policy for over-the-counter (OTC) products?,It is not important as long as they are cheaper than prescription drugs,"It builds customer trust, prevents confusion, and ensures fair competition",It should be constantly changing to maximize profits,It is only relevant for prescription medications,B,7,12-07-2025 05:19
Which of the following is a key aspect of managing employee performance in a drug store?,Avoiding performance reviews to prevent conflict,"Setting clear expectations, providing regular feedback, and offering opportunities for development",Only focusing on negative performance,Comparing employees to each other publicly,B,7,12-07-2025 05:19
What is the purpose of a drug recall process?,To remove all drugs from the shelves,To remove a drug from the market due to safety concerns or defects,To recall employees for training,To recall customers for feedback,B,7,12-07-2025 05:19
What is the importance of a well-defined emergency plan for a drug store?,It is not important as emergencies are rare,"It ensures the safety of staff and patients, protects assets, and maintains business continuity",It is only for natural disasters,It is a waste of time to prepare,B,7,12-07-2025 05:19
Which of the following is a key consideration when managing patient waiting times in a drug store?,Ignoring waiting times as patients will wait,Implementing strategies to minimize wait times and communicate effectively with patients,Prioritizing speed over accuracy,Encouraging patients to leave if they are impatient,B,7,12-07-2025 05:19
What is the role of a drug store in providing immunizations?,To refer all immunizations to clinics,To administer vaccines and provide patient education on immunization,To only provide information on vaccine availability,To discourage patients from getting vaccinated,B,7,12-07-2025 05:19
What is the importance of a strong relationship with local community organizations?,It is not important as long as the store is profitable,"It provides opportunities for community engagement, health promotion, and building goodwill",It is only for social purposes,It can lead to conflicts of interest,B,7,12-07-2025 05:19
Which of the following is a strategy for managing medication waste in a drug store?,Disposing of all waste in regular trash bins,Implementing proper disposal procedures for expired or unused medications,"Recycling all packaging materials, regardless of type",Burning all medical waste on-site,B,7,12-07-2025 05:19
What is the purpose of a patient safety reporting system in a drug store?,To punish staff for errors,"To identify, track, and analyze patient safety incidents to prevent recurrence",To hide incidents from regulatory bodies,To only report incidents that cause patient harm,B,7,12-07-2025 05:19
What is the importance of a well-organized and accessible medication storage area in a drug store?,It is purely for aesthetic purposes,"It optimizes workflow, minimizes errors, and ensures efficient medication retrieval","It is only important for large, high-volume stores",It has no impact on patient safety,B,7,12-07-2025 05:19
Which of the following is a legal requirement for drug stores regarding prescription labeling?,It is optional and depends on the pharmacist's discretion,"It is required to include specific information such as patient name, drug name, dosage, and directions",It is only required for controlled substances,It is only required if the patient asks for it,B,7,12-07-2025 05:19
What is the role of a drug store in managing medication side effects?,To ignore side effects and wait for them to resolve,"To educate patients on potential side effects, monitor for adverse reactions, and report to appropriate authorities",To tell patients to stop taking their medication if they experience side effects,To only provide information on common side effects,B,7,12-07-2025 05:19
What is the importance of a clear and consistent policy for handling prescription transfers?,It is not important as long as the patient gets their medication,"It ensures legal compliance, maintains patient continuity of care, and prevents errors",It should be constantly changing to confuse competitors,It is only relevant for out-of-state transfers,B,7,12-07-2025 05:19
Which of the following is a key aspect of managing employee training and development in a drug store?,Avoiding training to save costs,"Providing ongoing training on new medications, regulations, and customer service skills",Only focusing on initial training for new hires,Allowing employees to train themselves,B,7,12-07-2025 05:19
What is the purpose of a drug information center in a drug store?,To provide a quiet place for staff to relax,To provide comprehensive and accurate drug information to healthcare professionals and patients,To store old medical journals,To serve as a waiting area for patients,B,7,12-07-2025 05:19
What is the importance of a well-defined and regularly updated policy and procedure manual in a drug store?,It is not important as long as staff know what to do,"It ensures consistency, compliance, and provides guidance for all operations",It is only for regulatory inspections,It is a waste of time to create and maintain,B,7,12-07-2025 05:19
Which of the following is a key consideration when managing patient confidentiality in a drug store?,Sharing patient information with family members without consent,Adhering to HIPAA regulations and implementing strict data security measures,Discussing patient conditions openly with other staff,Storing patient records in easily accessible public areas,B,7,12-07-2025 05:19
What is the role of a drug store in public health education?,To avoid all public health education,"To provide information on disease prevention, healthy lifestyles, and medication safety",To refer all public health education to government agencies,To only provide information on prescription medications,B,7,12-07-2025 05:19
What is the importance of a strong brand identity for a drug store?,It is not important as long as medications are available,"It builds recognition, trust, and loyalty among customers",It is only for large chain pharmacies,It can lead to increased competition,B,7,12-07-2025 05:19
Which of the following is a strategy for managing difficult customers in a drug store?,Ignoring their concerns,"Listening actively, remaining calm, and offering solutions or alternatives",Arguing with the customer,Calling security immediately,B,7,12-07-2025 05:19
What is the purpose of a medication error reporting system in a drug store?,To punish staff for errors,"To identify, track, and analyze medication errors to prevent recurrence",To hide errors from regulatory bodies,To only report errors that cause patient harm,B,7,12-07-2025 05:19
What is the importance of a well-designed and functional dispensing area in a drug store?,It is purely for aesthetic purposes,"It optimizes workflow, minimizes errors, and ensures efficient medication preparation","It is only important for large, high-volume stores",It has no impact on patient safety,B,8,12-07-2025 05:19
Which of the following is a legal requirement for drug stores regarding patient counseling?,It is optional and depends on the pharmacist's discretion,It is required for all new prescriptions and when deemed necessary by the pharmacist,It is only required for controlled substances,It is only required if the patient asks for it,B,8,12-07-2025 05:19
What is the role of a drug store in managing drug shortages?,To ignore drug shortages and wait for them to resolve,"To monitor supply, communicate with prescribers, and seek alternative sources or therapies",To hoard medications during shortages,To raise prices during shortages,B,8,12-07-2025 05:19
What is the importance of a clear and consistent pricing policy for over-the-counter (OTC) products?,It is not important as long as they are cheaper than prescription drugs,"It builds customer trust, prevents confusion, and ensures fair competition",It should be constantly changing to maximize profits,It is only relevant for prescription medications,B,8,12-07-2025 05:19
Which of the following is a key aspect of managing employee performance in a drug store?,Avoiding performance reviews to prevent conflict,"Setting clear expectations, providing regular feedback, and offering opportunities for development",Only focusing on negative performance,Comparing employees to each other publicly,B,8,12-07-2025 05:19
What is the purpose of a drug recall process?,To remove all drugs from the shelves,To remove a drug from the market due to safety concerns or defects,To recall employees for training,To recall customers for feedback,B,8,12-07-2025 05:19
What is the importance of a well-defined emergency plan for a drug store?,It is not important as emergencies are rare,"It ensures the safety of staff and patients, protects assets, and maintains business continuity",It is only for natural disasters,It is a waste of time to prepare,B,8,12-07-2025 05:19
Which of the following is a key consideration when managing patient waiting times in a drug store?,Ignoring waiting times as patients will wait,Implementing strategies to minimize wait times and communicate effectively with patients,Prioritizing speed over accuracy,Encouraging patients to leave if they are impatient,B,8,12-07-2025 05:19
What is the role of a drug store in providing immunizations?,To refer all immunizations to clinics,To administer vaccines and provide patient education on immunization,To only provide information on vaccine availability,To discourage patients from getting vaccinated,B,8,12-07-2025 05:19
What is the importance of a strong relationship with local community organizations?,It is not important as long as the store is profitable,"It provides opportunities for community engagement, health promotion, and building goodwill",It is only for social purposes,It can lead to conflicts of interest,B,8,12-07-2025 05:19
Which of the following is a strategy for managing medication waste in a drug store?,Disposing of all waste in regular trash bins,Implementing proper disposal procedures for expired or unused medications,"Recycling all packaging materials, regardless of type",Burning all medical waste on-site,B,8,12-07-2025 05:19
What is the purpose of a patient safety reporting system in a drug store?,To punish staff for errors,"To identify, track, and analyze patient safety incidents to prevent recurrence",To hide incidents from regulatory bodies,To only report incidents that cause patient harm,B,8,12-07-2025 05:19
What is the importance of a well-organized and accessible medication storage area in a drug store?,It is purely for aesthetic purposes,"It optimizes workflow, minimizes errors, and ensures efficient medication retrieval","It is only important for large, high-volume stores",It has no impact on patient safety,B,8,12-07-2025 05:19
Which of the following is a legal requirement for drug stores regarding prescription labeling?,It is optional and depends on the pharmacist's discretion,"It is required to include specific information such as patient name, drug name, dosage, and directions",It is only required for controlled substances,It is only required if the patient asks for it,B,8,12-07-2025 05:19
What is the role of a drug store in managing medication side effects?,To ignore side effects and wait for them to resolve,"To educate patients on potential side effects, monitor for adverse reactions, and report to appropriate authorities",To tell patients to stop taking their medication if they experience side effects,To only provide information on common side effects,B,8,12-07-2025 05:19
What is the importance of a clear and consistent policy for handling prescription transfers?,It is not important as long as the patient gets their medication,"It ensures legal compliance, maintains patient continuity of care, and prevents errors",It should be constantly changing to confuse competitors,It is only relevant for out-of-state transfers,B,8,12-07-2025 05:19
Which of the following is a key aspect of managing employee training and development in a drug store?,Avoiding training to save costs,"Providing ongoing training on new medications, regulations, and customer service skills",Only focusing on initial training for new hires,Allowing employees to train themselves,B,8,12-07-2025 05:19
What is the purpose of a drug information center in a drug store?,To provide a quiet place for staff to relax,To provide comprehensive and accurate drug information to healthcare professionals and patients,To store old medical journals,To serve as a waiting area for patients,B,8,12-07-2025 05:19
What is the importance of a well-defined and regularly updated policy and procedure manual in a drug store?,It is not important as long as staff know what to do,"It ensures consistency, compliance, and provides guidance for all operations",It is only for regulatory inspections,It is a waste of time to create and maintain,B,8,12-07-2025 05:19
Which of the following is a key consideration when managing patient confidentiality in a drug store?,Sharing patient information with family members without consent,Adhering to HIPAA regulations and implementing strict data security measures,Discussing patient conditions openly with other staff,Storing patient records in easily accessible public areas,B,8,12-07-2025 05:19
What is the role of a drug store in public health education?,To avoid all public health education,"To provide information on disease prevention, healthy lifestyles, and medication safety",To refer all public health education to government agencies,To only provide information on prescription medications,B,8,12-07-2025 05:19
What is the importance of a strong brand identity for a drug store?,It is not important as long as medications are available,"It builds recognition, trust, and loyalty among customers",It is only for large chain pharmacies,It can lead to increased competition,B,8,12-07-2025 05:19
Which of the following is a strategy for managing difficult customers in a drug store?,Ignoring their concerns,"Listening actively, remaining calm, and offering solutions or alternatives",Arguing with the customer,Calling security immediately,B,8,12-07-2025 05:19
What is the purpose of a medication error reporting system in a drug store?,To punish staff for errors,"To identify, track, and analyze medication errors to prevent recurrence",To hide errors from regulatory bodies,To only report errors that cause patient harm,B,8,12-07-2025 05:19
What is the importance of a well-designed and functional dispensing area in a drug store?,It is purely for aesthetic purposes,"It optimizes workflow, minimizes errors, and ensures efficient medication preparation","It is only important for large, high-volume stores",It has no impact on patient safety,B,8,12-07-2025 05:19
Which of the following is a legal requirement for drug stores regarding patient counseling?,It is optional and depends on the pharmacist's discretion,It is required for all new prescriptions and when deemed necessary by the pharmacist,It is only required for controlled substances,It is only required if the patient asks for it,B,8,12-07-2025 05:19
What is the role of a drug store in managing drug shortages?,To ignore drug shortages and wait for them to resolve,"To monitor supply, communicate with prescribers, and seek alternative sources or therapies",To hoard medications during shortages,To raise prices during shortages,B,8,12-07-2025 05:19
What is the importance of a clear and consistent pricing policy for over-the-counter (OTC) products?,It is not important as long as they are cheaper than prescription drugs,"It builds customer trust, prevents confusion, and ensures fair competition",It should be constantly changing to maximize profits,It is only relevant for prescription medications,B,8,12-07-2025 05:19
Which of the following is a key aspect of managing employee performance in a drug store?,Avoiding performance reviews to prevent conflict,"Setting clear expectations, providing regular feedback, and offering opportunities for development",Only focusing on negative performance,Comparing employees to each other publicly,B,8,12-07-2025 05:19
What is the purpose of a drug recall process?,To remove all drugs from the shelves,To remove a drug from the market due to safety concerns or defects,To recall employees for training,To recall customers for feedback,B,8,12-07-2025 05:19
What is the importance of a well-defined emergency plan for a drug store?,It is not important as emergencies are rare,"It ensures the safety of staff and patients, protects assets, and maintains business continuity",It is only for natural disasters,It is a waste of time to prepare,B,8,12-07-2025 05:19
Which of the following is a key consideration when managing patient waiting times in a drug store?,Ignoring waiting times as patients will wait,Implementing strategies to minimize wait times and communicate effectively with patients,Prioritizing speed over accuracy,Encouraging patients to leave if they are impatient,B,8,12-07-2025 05:19
What is the role of a drug store in providing immunizations?,To refer all immunizations to clinics,To administer vaccines and provide patient education on immunization,To only provide information on vaccine availability,To discourage patients from getting vaccinated,B,8,12-07-2025 05:19
What is the importance of a strong relationship with local community organizations?,It is not important as long as the store is profitable,"It provides opportunities for community engagement, health promotion, and building goodwill",It is only for social purposes,It can lead to conflicts of interest,B,8,12-07-2025 05:19
Which of the following is a strategy for managing medication waste in a drug store?,Disposing of all waste in regular trash bins,Implementing proper disposal procedures for expired or unused medications,"Recycling all packaging materials, regardless of type",Burning all medical waste on-site,B,8,12-07-2025 05:19
What is the purpose of a patient safety reporting system in a drug store?,To punish staff for errors,"To identify, track, and analyze patient safety incidents to prevent recurrence",To hide incidents from regulatory bodies,To only report incidents that cause patient harm,B,8,12-07-2025 05:19
What is the importance of a well-organized and accessible medication storage area in a drug store?,It is purely for aesthetic purposes,"It optimizes workflow, minimizes errors, and ensures efficient medication retrieval","It is only important for large, high-volume stores",It has no impact on patient safety,B,8,12-07-2025 05:19
Which of the following is a legal requirement for drug stores regarding prescription labeling?,It is optional and depends on the pharmacist's discretion,"It is required to include specific information such as patient name, drug name, dosage, and directions",It is only required for controlled substances,It is only required if the patient asks for it,B,8,12-07-2025 05:19
What is the role of a drug store in managing medication side effects?,To ignore side effects and wait for them to resolve,"To educate patients on potential side effects, monitor for adverse reactions, and report to appropriate authorities",To tell patients to stop taking their medication if they experience side effects,To only provide information on common side effects,B,8,12-07-2025 05:19
What is the importance of a clear and consistent policy for handling prescription transfers?,It is not important as long as the patient gets their medication,"It ensures legal compliance, maintains patient continuity of care, and prevents errors",It should be constantly changing to confuse competitors,It is only relevant for out-of-state transfers,B,8,12-07-2025 05:19
Which of the following is a key aspect of managing employee training and development in a drug store?,Avoiding training to save costs,"Providing ongoing training on new medications, regulations, and customer service skills",Only focusing on initial training for new hires,Allowing employees to train themselves,B,8,12-07-2025 05:19
What is the purpose of a drug information center in a drug store?,To provide a quiet place for staff to relax,To provide comprehensive and accurate drug information to healthcare professionals and patients,To store old medical journals,To serve as a waiting area for patients,B,8,12-07-2025 05:19
What is the importance of a well-defined and regularly updated policy and procedure manual in a drug store?,It is not important as long as staff know what to do,"It ensures consistency, compliance, and provides guidance for all operations",It is only for regulatory inspections,It is a waste of time to create and maintain,B,8,12-07-2025 05:19
Which of the following is a key consideration when managing patient confidentiality in a drug store?,Sharing patient information with family members without consent,Adhering to HIPAA regulations and implementing strict data security measures,Discussing patient conditions openly with other staff,Storing patient records in easily accessible public areas,B,8,12-07-2025 05:19
What is the role of a drug store in public health education?,To avoid all public health education,"To provide information on disease prevention, healthy lifestyles, and medication safety",To refer all public health education to government agencies,To only provide information on prescription medications,B,8,12-07-2025 05:19
What is the importance of a strong brand identity for a drug store?,It is not important as long as medications are available,"It builds recognition, trust, and loyalty among customers",It is only for large chain pharmacies,It can lead to increased competition,B,8,12-07-2025 05:19
Which of the following is a strategy for managing difficult customers in a drug store?,Ignoring their concerns,"Listening actively, remaining calm, and offering solutions or alternatives",Arguing with the customer,Calling security immediately,B,8,12-07-2025 05:19
What is the purpose of a medication error reporting system in a drug store?,To punish staff for errors,"To identify, track, and analyze medication errors to prevent recurrence",To hide errors from regulatory bodies,To only report errors that cause patient harm,B,8,12-07-2025 05:19
What is the importance of a well-designed and functional dispensing area in a drug store?,It is purely for aesthetic purposes,"It optimizes workflow, minimizes errors, and ensures efficient medication preparation","It is only important for large, high-volume stores",It has no impact on patient safety,B,8,12-07-2025 05:19
Which of the following is a legal requirement for drug stores regarding patient counseling?,It is optional and depends on the pharmacist's discretion,It is required for all new prescriptions and when deemed necessary by the pharmacist,It is only required for controlled substances,It is only required if the patient asks for it,B,8,12-07-2025 05:19
What is the role of a drug store in managing drug shortages?,To ignore drug shortages and wait for them to resolve,"To monitor supply, communicate with prescribers, and seek alternative sources or therapies",To hoard medications during shortages,To raise prices during shortages,B,9,12-07-2025 05:19
What is the importance of a clear and consistent pricing policy for over-the-counter (OTC) products?,It is not important as long as they are cheaper than prescription drugs,"It builds customer trust, prevents confusion, and ensures fair competition",It should be constantly changing to maximize profits,It is only relevant for prescription medications,B,9,12-07-2025 05:19
Which of the following is a key aspect of managing employee performance in a drug store?,Avoiding performance reviews to prevent conflict,"Setting clear expectations, providing regular feedback, and offering opportunities for development",Only focusing on negative performance,Comparing employees to each other publicly,B,9,12-07-2025 05:19
What is the purpose of a drug recall process?,To remove all drugs from the shelves,To remove a drug from the market due to safety concerns or defects,To recall employees for training,To recall customers for feedback,B,9,12-07-2025 05:19
What is the importance of a well-defined emergency plan for a drug store?,It is not important as emergencies are rare,"It ensures the safety of staff and patients, protects assets, and maintains business continuity",It is only for natural disasters,It is a waste of time to prepare,B,9,12-07-2025 05:19
Which of the following is a key consideration when managing patient waiting times in a drug store?,Ignoring waiting times as patients will wait,Implementing strategies to minimize wait times and communicate effectively with patients,Prioritizing speed over accuracy,Encouraging patients to leave if they are impatient,B,9,12-07-2025 05:19
What is the role of a drug store in providing immunizations?,To refer all immunizations to clinics,To administer vaccines and provide patient education on immunization,To only provide information on vaccine availability,To discourage patients from getting vaccinated,B,9,12-07-2025 05:19
What is the importance of a strong relationship with local community organizations?,It is not important as long as the store is profitable,"It provides opportunities for community engagement, health promotion, and building goodwill",It is only for social purposes,It can lead to conflicts of interest,B,9,12-07-2025 05:19
Which of the following is a strategy for managing medication waste in a drug store?,Disposing of all waste in regular trash bins,Implementing proper disposal procedures for expired or unused medications,"Recycling all packaging materials, regardless of type",Burning all medical waste on-site,B,9,12-07-2025 05:19
What is the purpose of a patient safety reporting system in a drug store?,To punish staff for errors,"To identify, track, and analyze patient safety incidents to prevent recurrence",To hide incidents from regulatory bodies,To only report incidents that cause patient harm,B,9,12-07-2025 05:19
What is the importance of a well-organized and accessible medication storage area in a drug store?,It is purely for aesthetic purposes,"It optimizes workflow, minimizes errors, and ensures efficient medication retrieval","It is only important for large, high-volume stores",It has no impact on patient safety,B,9,12-07-2025 05:19
Which of the following is a legal requirement for drug stores regarding prescription labeling?,It is optional and depends on the pharmacist's discretion,"It is required to include specific information such as patient name, drug name, dosage, and directions",It is only required for controlled substances,It is only required if the patient asks for it,B,9,12-07-2025 05:19
What is the role of a drug store in managing medication side effects?,To ignore side effects and wait for them to resolve,"To educate patients on potential side effects, monitor for adverse reactions, and report to appropriate authorities",To tell patients to stop taking their medication if they experience side effects,To only provide information on common side effects,B,9,12-07-2025 05:19
What is the importance of a clear and consistent policy for handling prescription transfers?,It is not important as long as the patient gets their medication,"It ensures legal compliance, maintains patient continuity of care, and prevents errors",It should be constantly changing to confuse competitors,It is only relevant for out-of-state transfers,B,9,12-07-2025 05:19
Which of the following is a key aspect of managing employee training and development in a drug store?,Avoiding training to save costs,"Providing ongoing training on new medications, regulations, and customer service skills",Only focusing on initial training for new hires,Allowing employees to train themselves,B,9,12-07-2025 05:19
What is the purpose of a drug information center in a drug store?,To provide a quiet place for staff to relax,To provide comprehensive and accurate drug information to healthcare professionals and patients,To store old medical journals,To serve as a waiting area for patients,B,9,12-07-2025 05:19
What is the importance of a well-defined and regularly updated policy and procedure manual in a drug store?,It is not important as long as staff know what to do,"It ensures consistency, compliance, and provides guidance for all operations",It is only for regulatory inspections,It is a waste of time to create and maintain,B,9,12-07-2025 05:19
Which of the following is a key consideration when managing patient confidentiality in a drug store?,Sharing patient information with family members without consent,Adhering to HIPAA regulations and implementing strict data security measures,Discussing patient conditions openly with other staff,Storing patient records in easily accessible public areas,B,9,12-07-2025 05:19
What is the role of a drug store in public health education?,To avoid all public health education,"To provide information on disease prevention, healthy lifestyles, and medication safety",To refer all public health education to government agencies,To only provide information on prescription medications,B,9,12-07-2025 05:19
What is the importance of a strong brand identity for a drug store?,It is not important as long as medications are available,"It builds recognition, trust, and loyalty among customers",It is only for large chain pharmacies,It can lead to increased competition,B,9,12-07-2025 05:19
Which of the following is a strategy for managing difficult customers in a drug store?,Ignoring their concerns,"Listening actively, remaining calm, and offering solutions or alternatives",Arguing with the customer,Calling security immediately,B,9,12-07-2025 05:19
What is the purpose of a medication error reporting system in a drug store?,To punish staff for errors,"To identify, track, and analyze medication errors to prevent recurrence",To hide errors from regulatory bodies,To only report errors that cause patient harm,B,9,12-07-2025 05:19
What is the importance of a well-designed and functional dispensing area in a drug store?,It is purely for aesthetic purposes,"It optimizes workflow, minimizes errors, and ensures efficient medication preparation","It is only important for large, high-volume stores",It has no impact on patient safety,B,9,12-07-2025 05:19
Which of the following is a legal requirement for drug stores regarding patient counseling?,It is optional and depends on the pharmacist's discretion,It is required for all new prescriptions and when deemed necessary by the pharmacist,It is only required for controlled substances,It is only required if the patient asks for it,B,9,12-07-2025 05:19
What is the role of a drug store in managing drug shortages?,To ignore drug shortages and wait for them to resolve,"To monitor supply, communicate with prescribers, and seek alternative sources or therapies",To hoard medications during shortages,To raise prices during shortages,B,9,12-07-2025 05:19
What is the importance of a clear and consistent pricing policy for over-the-counter (OTC) products?,It is not important as long as they are cheaper than prescription drugs,"It builds customer trust, prevents confusion, and ensures fair competition",It should be constantly changing to maximize profits,It is only relevant for prescription medications,B,9,12-07-2025 05:19
Which of the following is a key aspect of managing employee performance in a drug store?,Avoiding performance reviews to prevent conflict,"Setting clear expectations, providing regular feedback, and offering opportunities for development",Only focusing on negative performance,Comparing employees to each other publicly,B,9,12-07-2025 05:19
What is the purpose of a drug recall process?,To remove all drugs from the shelves,To remove a drug from the market due to safety concerns or defects,To recall employees for training,To recall customers for feedback,B,9,12-07-2025 05:19
What is the importance of a well-defined emergency plan for a drug store?,It is not important as emergencies are rare,"It ensures the safety of staff and patients, protects assets, and maintains business continuity",It is only for natural disasters,It is a waste of time to prepare,B,9,12-07-2025 05:19
Which of the following is a key consideration when managing patient waiting times in a drug store?,Ignoring waiting times as patients will wait,Implementing strategies to minimize wait times and communicate effectively with patients,Prioritizing speed over accuracy,Encouraging patients to leave if they are impatient,B,9,12-07-2025 05:19
What is the role of a drug store in providing immunizations?,To refer all immunizations to clinics,To administer vaccines and provide patient education on immunization,To only provide information on vaccine availability,To discourage patients from getting vaccinated,B,9,12-07-2025 05:19
What is the importance of a strong relationship with local community organizations?,It is not important as long as the store is profitable,"It provides opportunities for community engagement, health promotion, and building goodwill",It is only for social purposes,It can lead to conflicts of interest,B,9,12-07-2025 05:19
Which of the following is a strategy for managing medication waste in a drug store?,Disposing of all waste in regular trash bins,Implementing proper disposal procedures for expired or unused medications,"Recycling all packaging materials, regardless of type",Burning all medical waste on-site,B,9,12-07-2025 05:19
What is the purpose of a patient safety reporting system in a drug store?,To punish staff for errors,"To identify, track, and analyze patient safety incidents to prevent recurrence",To hide incidents from regulatory bodies,To only report incidents that cause patient harm,B,9,12-07-2025 05:19
What is the importance of a well-organized and accessible medication storage area in a drug store?,It is purely for aesthetic purposes,"It optimizes workflow, minimizes errors, and ensures efficient medication retrieval","It is only important for large, high-volume stores",It has no impact on patient safety,B,9,12-07-2025 05:19
Which of the following is a legal requirement for drug stores regarding prescription labeling?,It is optional and depends on the pharmacist's discretion,"It is required to include specific information such as patient name, drug name, dosage, and directions",It is only required for controlled substances,It is only required if the patient asks for it,B,9,12-07-2025 05:19
What is the role of a drug store in managing medication side effects?,To ignore side effects and wait for them to resolve,"To educate patients on potential side effects, monitor for adverse reactions, and report to appropriate authorities",To tell patients to stop taking their medication if they experience side effects,To only provide information on common side effects,B,9,12-07-2025 05:19
What is the importance of a clear and consistent policy for handling prescription transfers?,It is not important as long as the patient gets their medication,"It ensures legal compliance, maintains patient continuity of care, and prevents errors",It should be constantly changing to confuse competitors,It is only relevant for out-of-state transfers,B,9,12-07-2025 05:19
Which of the following is a key aspect of managing employee training and development in a drug store?,Avoiding training to save costs,"Providing ongoing training on new medications, regulations, and customer service skills",Only focusing on initial training for new hires,Allowing employees to train themselves,B,9,12-07-2025 05:19
What is the purpose of a drug information center in a drug store?,To provide a quiet place for staff to relax,To provide comprehensive and accurate drug information to healthcare professionals and patients,To store old medical journals,To serve as a waiting area for patients,B,9,12-07-2025 05:19
What is the importance of a well-defined and regularly updated policy and procedure manual in a drug store?,It is not important as long as staff know what to do,"It ensures consistency, compliance, and provides guidance for all operations",It is only for regulatory inspections,It is a waste of time to create and maintain,B,9,12-07-2025 05:19
Which of the following is a key consideration when managing patient confidentiality in a drug store?,Sharing patient information with family members without consent,Adhering to HIPAA regulations and implementing strict data security measures,Discussing patient conditions openly with other staff,Storing patient records in easily accessible public areas,B,9,12-07-2025 05:19
What is the role of a drug store in public health education?,To avoid all public health education,"To provide information on disease prevention, healthy lifestyles, and medication safety",To refer all public health education to government agencies,To only provide information on prescription medications,B,9,12-07-2025 05:19
What is the importance of a strong brand identity for a drug store?,It is not important as long as medications are available,"It builds recognition, trust, and loyalty among customers",It is only for large chain pharmacies,It can lead to increased competition,B,9,12-07-2025 05:19
Which of the following is a strategy for managing difficult customers in a drug store?,Ignoring their concerns,"Listening actively, remaining calm, and offering solutions or alternatives",Arguing with the customer,Calling security immediately,B,9,12-07-2025 05:19
What is the purpose of a medication error reporting system in a drug store?,To punish staff for errors,"To identify, track, and analyze medication errors to prevent recurrence",To hide errors from regulatory bodies,To only report errors that cause patient harm,B,9,12-07-2025 05:19
What is the importance of a well-designed and functional dispensing area in a drug store?,It is purely for aesthetic purposes,"It optimizes workflow, minimizes errors, and ensures efficient medication preparation","It is only important for large, high-volume stores",It has no impact on patient safety,B,9,12-07-2025 05:19
Which of the following is a legal requirement for drug stores regarding patient counseling?,It is optional and depends on the pharmacist's discretion,It is required for all new prescriptions and when deemed necessary by the pharmacist,It is only required for controlled substances,It is only required if the patient asks for it,B,9,12-07-2025 05:19
What is the role of a drug store in managing drug shortages?,To ignore drug shortages and wait for them to resolve,"To monitor supply, communicate with prescribers, and seek alternative sources or therapies",To hoard medications during shortages,To raise prices during shortages,B,9,12-07-2025 05:19
What is the importance of a clear and consistent pricing policy for over-the-counter (OTC) products?,It is not important as long as they are cheaper than prescription drugs,"It builds customer trust, prevents confusion, and ensures fair competition",It should be constantly changing to maximize profits,It is only relevant for prescription medications,B,9,12-07-2025 05:19
Which of the following is a key aspect of managing employee performance in a drug store?,Avoiding performance reviews to prevent conflict,"Setting clear expectations, providing regular feedback, and offering opportunities for development",Only focusing on negative performance,Comparing employees to each other publicly,B,10,12-07-2025 05:19
What is the purpose of a drug recall process?,To remove all drugs from the shelves,To remove a drug from the market due to safety concerns or defects,To recall employees for training,To recall customers for feedback,B,10,12-07-2025 05:19
What is the importance of a well-defined emergency plan for a drug store?,It is not important as emergencies are rare,"It ensures the safety of staff and patients, protects assets, and maintains business continuity",It is only for natural disasters,It is a waste of time to prepare,B,10,12-07-2025 05:19
Which of the following is a key consideration when managing patient waiting times in a drug store?,Ignoring waiting times as patients will wait,Implementing strategies to minimize wait times and communicate effectively with patients,Prioritizing speed over accuracy,Encouraging patients to leave if they are impatient,B,10,12-07-2025 05:19
What is the role of a drug store in providing immunizations?,To refer all immunizations to clinics,To administer vaccines and provide patient education on immunization,To only provide information on vaccine availability,To discourage patients from getting vaccinated,B,10,12-07-2025 05:19
What is the importance of a strong relationship with local community organizations?,It is not important as long as the store is profitable,"It provides opportunities for community engagement, health promotion, and building goodwill",It is only for social purposes,It can lead to conflicts of interest,B,10,12-07-2025 05:19
Which of the following is a strategy for managing medication waste in a drug store?,Disposing of all waste in regular trash bins,Implementing proper disposal procedures for expired or unused medications,"Recycling all packaging materials, regardless of type",Burning all medical waste on-site,B,10,12-07-2025 05:19
What is the purpose of a patient safety reporting system in a drug store?,To punish staff for errors,"To identify, track, and analyze patient safety incidents to prevent recurrence",To hide incidents from regulatory bodies,To only report incidents that cause patient harm,B,10,12-07-2025 05:19
What is the importance of a well-organized and accessible medication storage area in a drug store?,It is purely for aesthetic purposes,"It optimizes workflow, minimizes errors, and ensures efficient medication retrieval","It is only important for large, high-volume stores",It has no impact on patient safety,B,10,12-07-2025 05:19
Which of the following is a legal requirement for drug stores regarding prescription labeling?,It is optional and depends on the pharmacist's discretion,"It is required to include specific information such as patient name, drug name, dosage, and directions",It is only required for controlled substances,It is only required if the patient asks for it,B,10,12-07-2025 05:19
What is the role of a drug store in managing medication side effects?,To ignore side effects and wait for them to resolve,"To educate patients on potential side effects, monitor for adverse reactions, and report to appropriate authorities",To tell patients to stop taking their medication if they experience side effects,To only provide information on common side effects,B,10,12-07-2025 05:19
What is the importance of a clear and consistent policy for handling prescription transfers?,It is not important as long as the patient gets their medication,"It ensures legal compliance, maintains patient continuity of care, and prevents errors",It should be constantly changing to confuse competitors,It is only relevant for out-of-state transfers,B,10,12-07-2025 05:19
Which of the following is a key aspect of managing employee training and development in a drug store?,Avoiding training to save costs,"Providing ongoing training on new medications, regulations, and customer service skills",Only focusing on initial training for new hires,Allowing employees to train themselves,B,10,12-07-2025 05:19
What is the purpose of a drug information center in a drug store?,To provide a quiet place for staff to relax,To provide comprehensive and accurate drug information to healthcare professionals and patients,To store old medical journals,To serve as a waiting area for patients,B,10,12-07-2025 05:19
What is the importance of a well-defined and regularly updated policy and procedure manual in a drug store?,It is not important as long as staff know what to do,"It ensures consistency, compliance, and provides guidance for all operations",It is only for regulatory inspections,It is a waste of time to create and maintain,B,10,12-07-2025 05:19
Which of the following is a key consideration when managing patient confidentiality in a drug store?,Sharing patient information with family members without consent,Adhering to HIPAA regulations and implementing strict data security measures,Discussing patient conditions openly with other staff,Storing patient records in easily accessible public areas,B,10,12-07-2025 05:19
What is the role of a drug store in public health education?,To avoid all public health education,"To provide information on disease prevention, healthy lifestyles, and medication safety",To refer all public health education to government agencies,To only provide information on prescription medications,B,10,12-07-2025 05:19
What is the importance of a strong brand identity for a drug store?,It is not important as long as medications are available,"It builds recognition, trust, and loyalty among customers",It is only for large chain pharmacies,It can lead to increased competition,B,10,12-07-2025 05:19
Which of the following is a strategy for managing difficult customers in a drug store?,Ignoring their concerns,"Listening actively, remaining calm, and offering solutions or alternatives",Arguing with the customer,Calling security immediately,B,10,12-07-2025 05:19
What is the purpose of a medication error reporting system in a drug store?,To punish staff for errors,"To identify, track, and analyze medication errors to prevent recurrence",To hide errors from regulatory bodies,To only report errors that cause patient harm,B,10,12-07-2025 05:19
What is the importance of a well-designed and functional dispensing area in a drug store?,It is purely for aesthetic purposes,"It optimizes workflow, minimizes errors, and ensures efficient medication preparation","It is only important for large, high-volume stores",It has no impact on patient safety,B,10,12-07-2025 05:19
Which of the following is a legal requirement for drug stores regarding patient counseling?,It is optional and depends on the pharmacist's discretion,It is required for all new prescriptions and when deemed necessary by the pharmacist,It is only required for controlled substances,It is only required if the patient asks for it,B,10,12-07-2025 05:19
What is the role of a drug store in managing drug shortages?,To ignore drug shortages and wait for them to resolve,"To monitor supply, communicate with prescribers, and seek alternative sources or therapies",To hoard medications during shortages,To raise prices during shortages,B,10,12-07-2025 05:19
What is the importance of a clear and consistent pricing policy for over-the-counter (OTC) products?,It is not important as long as they are cheaper than prescription drugs,"It builds customer trust, prevents confusion, and ensures fair competition",It should be constantly changing to maximize profits,It is only relevant for prescription medications,B,10,12-07-2025 05:19
Which of the following is a key aspect of managing employee performance in a drug store?,Avoiding performance reviews to prevent conflict,"Setting clear expectations, providing regular feedback, and offering opportunities for development",Only focusing on negative performance,Comparing employees to each other publicly,B,10,12-07-2025 05:19
What is the purpose of a drug recall process?,To remove all drugs from the shelves,To remove a drug from the market due to safety concerns or defects,To recall employees for training,To recall customers for feedback,B,10,12-07-2025 05:19
What is the importance of a well-defined emergency plan for a drug store?,It is not important as emergencies are rare,"It ensures the safety of staff and patients, protects assets, and maintains business continuity",It is only for natural disasters,It is a waste of time to prepare,B,10,12-07-2025 05:19
Which of the following is a key consideration when managing patient waiting times in a drug store?,Ignoring waiting times as patients will wait,Implementing strategies to minimize wait times and communicate effectively with patients,Prioritizing speed over accuracy,Encouraging patients to leave if they are impatient,B,10,12-07-2025 05:19
What is the role of a drug store in providing immunizations?,To refer all immunizations to clinics,To administer vaccines and provide patient education on immunization,To only provide information on vaccine availability,To discourage patients from getting vaccinated,B,10,12-07-2025 05:19
What is the importance of a strong relationship with local community organizations?,It is not important as long as the store is profitable,"It provides opportunities for community engagement, health promotion, and building goodwill",It is only for social purposes,It can lead to conflicts of interest,B,10,12-07-2025 05:19
Which of the following is a strategy for managing medication waste in a drug store?,Disposing of all waste in regular trash bins,Implementing proper disposal procedures for expired or unused medications,"Recycling all packaging materials, regardless of type",Burning all medical waste on-site,B,10,12-07-2025 05:19
What is the purpose of a patient safety reporting system in a drug store?,To punish staff for errors,"To identify, track, and analyze patient safety incidents to prevent recurrence",To hide incidents from regulatory bodies,To only report incidents that cause patient harm,B,10,12-07-2025 05:19
What is the importance of a well-organized and accessible medication storage area in a drug store?,It is purely for aesthetic purposes,"It optimizes workflow, minimizes errors, and ensures efficient medication retrieval","It is only important for large, high-volume stores",It has no impact on patient safety,B,10,12-07-2025 05:19
Which of the following is a legal requirement for drug stores regarding prescription labeling?,It is optional and depends on the pharmacist's discretion,"It is required to include specific information such as patient name, drug name, dosage, and directions",It is only required for controlled substances,It is only required if the patient asks for it,B,10,12-07-2025 05:19
What is the role of a drug store in managing medication side effects?,To ignore side effects and wait for them to resolve,"To educate patients on potential side effects, monitor for adverse reactions, and report to appropriate authorities",To tell patients to stop taking their medication if they experience side effects,To only provide information on common side effects,B,10,12-07-2025 05:19
What is the importance of a clear and consistent policy for handling prescription transfers?,It is not important as long as the patient gets their medication,"It ensures legal compliance, maintains patient continuity of care, and prevents errors",It should be constantly changing to confuse competitors,It is only relevant for out-of-state transfers,B,10,12-07-2025 05:19
Which of the following is a key aspect of managing employee training and development in a drug store?,Avoiding training to save costs,"Providing ongoing training on new medications, regulations, and customer service skills",Only focusing on initial training for new hires,Allowing employees to train themselves,B,10,12-07-2025 05:19
What is the purpose of a drug information center in a drug store?,To provide a quiet place for staff to relax,To provide comprehensive and accurate drug information to healthcare professionals and patients,To store old medical journals,To serve as a waiting area for patients,B,10,12-07-2025 05:19
What is the importance of a well-defined and regularly updated policy and procedure manual in a drug store?,It is not important as long as staff know what to do,"It ensures consistency, compliance, and provides guidance for all operations",It is only for regulatory inspections,It is a waste of time to create and maintain,B,10,12-07-2025 05:19
Which of the following is a key consideration when managing patient confidentiality in a drug store?,Sharing patient information with family members without consent,Adhering to HIPAA regulations and implementing strict data security measures,Discussing patient conditions openly with other staff,Storing patient records in easily accessible public areas,B,10,12-07-2025 05:19
What is the role of a drug store in public health education?,To avoid all public health education,"To provide information on disease prevention, healthy lifestyles, and medication safety",To refer all public health education to government agencies,To only provide information on prescription medications,B,10,12-07-2025 05:19
What is the importance of a strong brand identity for a drug store?,It is not important as long as medications are available,"It builds recognition, trust, and loyalty among customers",It is only for large chain pharmacies,It can lead to increased competition,B,10,12-07-2025 05:19
Which of the following is a strategy for managing difficult customers in a drug store?,Ignoring their concerns,"Listening actively, remaining calm, and offering solutions or alternatives",Arguing with the customer,Calling security immediately,B,10,12-07-2025 05:19
What is the purpose of a medication error reporting system in a drug store?,To punish staff for errors,"To identify, track, and analyze medication errors to prevent recurrence",To hide errors from regulatory bodies,To only report errors that cause patient harm,B,10,12-07-2025 05:19
What is the importance of a well-designed and functional dispensing area in a drug store?,It is purely for aesthetic purposes,"It optimizes workflow, minimizes errors, and ensures efficient medication preparation","It is only important for large, high-volume stores",It has no impact on patient safety,B,10,12-07-2025 05:19
Which of the following is a legal requirement for drug stores regarding patient counseling?,It is optional and depends on the pharmacist's discretion,It is required for all new prescriptions and when deemed necessary by the pharmacist,It is only required for controlled substances,It is only required if the patient asks for it,B,10,12-07-2025 05:19
What is the role of a drug store in managing drug shortages?,To ignore drug shortages and wait for them to resolve,"To monitor supply, communicate with prescribers, and seek alternative sources or therapies",To hoard medications during shortages,To raise prices during shortages,B,10,12-07-2025 05:19
What is the importance of a clear and consistent pricing policy for over-the-counter (OTC) products?,It is not important as long as they are cheaper than prescription drugs,"It builds customer trust, prevents confusion, and ensures fair competition",It should be constantly changing to maximize profits,It is only relevant for prescription medications,B,10,12-07-2025 05:19
Which of the following is a key aspect of managing employee performance in a drug store?,Avoiding performance reviews to prevent conflict,"Setting clear expectations, providing regular feedback, and offering opportunities for development",Only focusing on negative performance,Comparing employees to each other publicly,B,10,12-07-2025 05:19
What is the purpose of a drug recall process?,To remove all drugs from the shelves,To remove a drug from the market due to safety concerns or defects,To recall employees for training,To recall customers for feedback,B,10,12-07-2025 05:19
What is the importance of a well-defined emergency plan for a drug store?,It is not important as emergencies are rare,"It ensures the safety of staff and patients, protects assets, and maintains business continuity",It is only for natural disasters,It is a waste of time to prepare,B,10,12-07-2025 05:19
Which of the following is a key consideration when managing patient waiting times in a drug store?,Ignoring waiting times as patients will wait,Implementing strategies to minimize wait times and communicate effectively with patients,Prioritizing speed over accuracy,Encouraging patients to leave if they are impatient,B,10,12-07-2025 05:19
What is the role of a drug store in providing immunizations?,To refer all immunizations to clinics,To administer vaccines and provide patient education on immunization,To only provide information on vaccine availability,To discourage patients from getting vaccinated,B,10,12-07-2025 05:19
What is the importance of a strong relationship with local community organizations?,It is not important as long as the store is profitable,"It provides opportunities for community engagement, health promotion, and building goodwill",It is only for social purposes,It can lead to conflicts of interest,B,10,12-07-2025 05:19
Which of the following is a strategy for managing medication waste in a drug store?,Disposing of all waste in regular trash bins,Implementing proper disposal procedures for expired or unused medications,"Recycling all packaging materials, regardless of type",Burning all medical waste on-site,B,10,12-07-2025 05:19
What is the purpose of a patient safety reporting system in a drug store?,To punish staff for errors,"To identify, track, and analyze patient safety incidents to prevent recurrence",To hide incidents from regulatory bodies,To only report incidents that cause patient harm,B,10,12-07-2025 05:19
What is the importance of a well-organized and accessible medication storage area in a drug store?,It is purely for aesthetic purposes,"It optimizes workflow, minimizes errors, and ensures efficient medication retrieval","It is only important for large, high-volume stores",It has no impact on patient safety,B,10,12-07-2025 05:19
Which of the following is a legal requirement for drug stores regarding prescription labeling?,It is optional and depends on the pharmacist's discretion,"It is required to include specific information such as patient name, drug name, dosage, and directions",It is only required for controlled substances,It is only required if the patient asks for it,B,10,12-07-2025 05:19
What is the role of a drug store in managing medication side effects?,To ignore side effects and wait for them to resolve,"To educate patients on potential side effects, monitor for adverse reactions, and report to appropriate authorities",To tell patients to stop taking their medication if they experience side effects,To only provide information on common side effects,B,10,12-07-2025 05:19
What is the importance of a clear and consistent policy for handling prescription transfers?,It is not important as long as the patient gets their medication,"It ensures legal compliance, maintains patient continuity of care, and prevents errors",It should be constantly changing to confuse competitors,It is only relevant for out-of-state transfers,B,10,12-07-2025 05:19
Which of the following is a key aspect of managing employee training and development in a drug store?,Avoiding training to save costs,"Providing ongoing training on new medications, regulations, and customer service skills",Only focusing on initial training for new hires,Allowing employees to train themselves,B,10,12-07-2025 05:19
