question_text,option_a,option_b,option_c,option_d,,correct_answer,quiz_test_id,created_at
Which of the following is the primary purpose of the nursing process?,To ensure patient satisfaction,To provide a systematic approach to patient care,To reduce healthcare costs,To document nursing interventions,b,B,192,16-07-2025 14:32
The nursing process consists of which five steps?,"Assessment, Diagnosis, Planning, Implementation, Evaluation","Observation, Interpretation, Intervention, Documentation, Follow-up","Data collection, Problem identification, Goal setting, Action, Reassessment","History taking, Physical examination, Treatment, Discharge, Referral",a,A,192,16-07-2025 14:32
"During the assessment phase of the nursing process, what is the primary source of information about the patient?",Family members,Medical records,The patient themselves,Other healthcare professionals,c,C,192,16-07-2025 14:32
"A nursing diagnosis is a clinical judgment about individual, family, or community responses to actual or potential health problems/life processes. Which of the following is a correctly formulated nursing diagnosis?",Diabetes Mellitus,Pain related to surgical incision,Needs more education about medication,Patient is anxious,b,B,192,16-07-2025 14:32
What is the purpose of setting SMART goals in the planning phase of the nursing process?,To make goals easy to achieve,"To ensure goals are specific, measurable, achievable, relevant, and time-bound",To involve the patient in goal setting,To prioritize nursing interventions,b,B,192,16-07-2025 14:32
"During the implementation phase, the nurse performs the planned interventions. Which of the following is an example of an independent nursing intervention?",Administering prescribed medication,Changing a sterile dressing as ordered by the physician,Providing emotional support to a grieving patient,Obtaining a blood sample for laboratory analysis,c,C,192,16-07-2025 14:32
The evaluation phase of the nursing process involves determining the effectiveness of nursing care. What is the primary question asked during this phase?,Was the patient satisfied with the care?,Were the nursing interventions completed?,Were the patient's goals met?,Was the care cost-effective?,c,C,192,16-07-2025 14:32
Which of the following is a key principle of therapeutic communication in nursing?,Using medical jargon to impress the patient,Dominating the conversation to ensure compliance,Active listening and empathy,Avoiding eye contact to respect privacy,c,C,192,16-07-2025 14:32
What is the primary purpose of hand hygiene in a healthcare setting?,To prevent the spread of microorganisms,To keep hands clean and moisturized,To comply with hospital policy,To reduce the need for gloves,a,A,192,16-07-2025 14:32
"Before administering medication, the nurse should always check the",Right patient,Right time,Right doctor,Right dose,c,C,192,16-07-2025 14:32
A nurse is preparing to administer medication to a patient. Which of the following actions should the nurse take to ensure patient safety?,Administer medication without checking the patient's identity,Ask the patient to state their name and date of birth,Rely on the patient's room number for identification,Assume the patient knows their medication and dosage,b,B,192,16-07-2025 14:32
What is the correct order for donning personal protective equipment (PPE)?,"Gown, mask, goggles, gloves","Gloves, gown, mask, goggles","Mask, goggles, gown, gloves","Goggles, mask, gown, gloves",a,A,192,16-07-2025 14:32
What is the correct order for doffing personal protective equipment (PPE)?,"Gloves, goggles, gown, mask","Gown, gloves, goggles, mask","Mask, goggles, gown, gloves","Goggles, mask, gloves, gown",a,A,192,16-07-2025 14:32
Which of the following is a common sign of inflammation?,Pallor,Cyanosis,Redness and swelling,Jaundice,c,C,192,16-07-2025 14:32
What is the primary purpose of documenting patient care?,To justify billing,To provide a legal record of care,To communicate patient information among healthcare providers,All of the above,d,D,192,16-07-2025 14:32
Which of the following is an example of subjective data?,Blood pressure reading,"Patient states, ""I have a headache.""",Temperature of 99.8°F,Visible rash on the arm,b,B,192,16-07-2025 14:32
Which of the following is an example of objective data?,Patient reports feeling nauseous,"Patient states, ""I feel dizzy.""",Heart rate of 80 bpm,Patient complains of pain,c,C,192,16-07-2025 14:32
What is the normal range for adult oral temperature?,95.0°F - 97.0°F,97.6°F - 99.6°F,99.0°F - 101.0°F,100.0°F - 102.0°F,b,B,192,16-07-2025 14:32
What is the normal range for adult pulse rate?,40-60 bpm,60-100 bpm,100-120 bpm,120-140 bpm,b,B,192,16-07-2025 14:32
What is the normal range for adult respiratory rate?,8-12 breaths/min,12-20 breaths/min,20-24 breaths/min,24-30 breaths/min,b,B,192,16-07-2025 14:32
What is the normal range for adult blood pressure?,90/60 mmHg - 110/70 mmHg,120/80 mmHg - 140/90 mmHg,140/90 mmHg - 160/100 mmHg,160/100 mmHg - 180/110 mmHg,a,A,192,16-07-2025 14:32
Which of the following is the most accurate method for taking a patient's temperature?,Axillary,Oral,Rectal,Tympanic,c,C,192,16-07-2025 14:32
"When assessing a patient's pain, what mnemonic is commonly used?",ABC,PQRST,FAST,RICE,b,B,192,16-07-2025 14:32
What does the P in PQRST stand for?,Pain,Provokes,Position,Pressure,b,B,192,16-07-2025 14:32
What does the Q in PQRST stand for?,Quality,Quantity,Quickness,Quiet,a,A,192,16-07-2025 14:32
What does the R in PQRST stand for?,Radiation,Relief,Region,Response,a,A,192,16-07-2025 14:32
What does the S in PQRST stand for?,Severity,Scale,Site,Sensation,a,A,192,16-07-2025 14:32
What does the T in PQRST stand for?,Time,Type,Tenderness,Treatment,a,A,192,16-07-2025 14:32
Which of the following is a common ethical principle in nursing that refers to doing good for the patient?,Autonomy,Beneficence,Non-maleficence,Justice,b,B,192,16-07-2025 14:32
Which of the following ethical principles refers to avoiding harm to the patient?,Autonomy,Beneficence,Non-maleficence,Justice,c,C,192,16-07-2025 14:32
Which of the following ethical principles refers to the patient's right to make their own decisions?,Autonomy,Beneficence,Non-maleficence,Justice,a,A,192,16-07-2025 14:32
Which of the following ethical principles refers to fairness and equal treatment?,Autonomy,Beneficence,Non-maleficence,Justice,d,D,192,16-07-2025 14:32
What is the legal term for touching a patient without their consent?,Battery,Assault,False imprisonment,Defamation,a,A,192,16-07-2025 14:32
What is the legal term for threatening a patient with harm?,Battery,Assault,False imprisonment,Defamation,b,B,192,16-07-2025 14:32
What is the legal term for restraining a patient without proper justification?,Battery,Assault,False imprisonment,Defamation,c,C,192,16-07-2025 14:32
What is the legal term for making false statements that harm a person's reputation?,Battery,Assault,False imprisonment,Defamation,d,D,192,16-07-2025 14:32
What is the primary purpose of a patient care plan?,To dictate nursing actions,To provide individualized patient care,To ensure all patients receive the same care,To simplify documentation,b,B,192,16-07-2025 14:32
Which of the following is a key component of a patient care plan?,Patient's financial information,Nursing diagnoses,Nurse's personal opinions,Hospital's administrative policies,b,B,192,16-07-2025 14:32
What is the primary goal of patient education?,To make the patient dependent on the nurse,To empower the patient to manage their own health,To reduce the nurse's workload,To ensure compliance with medical orders,b,B,192,16-07-2025 14:32
Which of the following is an effective teaching strategy for patient education?,Using complex medical terminology,Providing a large amount of information at once,Using visual aids and demonstrations,Lecturing the patient without interaction,c,C,192,16-07-2025 14:32
What is the primary purpose of a patient handoff report?,To gossip about patients,To provide a concise and accurate overview of the patient's condition,To assign blame for errors,To socialize with colleagues,b,B,192,16-07-2025 14:32
Which of the following is a common method for patient handoff reports?,"SBAR (Situation, Background, Assessment, Recommendation)","ABC (Airway, Breathing, Circulation)","SOAP (Subjective, Objective, Assessment, Plan)","PQRST (Provokes, Quality, Radiation, Severity, Time)",a,A,192,16-07-2025 14:32
What is the primary purpose of a nursing care conference?,To discuss personal issues,To collaborate on patient care and problem-solve,To complain about workload,To socialize with other nurses,b,B,192,16-07-2025 14:32
Which of the following is a key element of effective teamwork in nursing?,Competition among team members,Clear communication and mutual respect,Individual decision-making without consultation,Avoiding conflict at all costs,b,B,192,16-07-2025 14:32
What is the primary purpose of a nursing audit?,To punish nurses for errors,To evaluate the quality of nursing care,To reduce staffing levels,To increase hospital revenue,b,B,192,16-07-2025 14:32
Which of the following is a common type of nursing audit?,Financial audit,Chart audit,Equipment audit,Supply audit,b,B,192,16-07-2025 14:32
What is the primary purpose of a quality improvement (QI) initiative in nursing?,To maintain the status quo,To identify and address areas for improvement in patient care,To increase patient complaints,To reduce staff morale,b,B,192,16-07-2025 14:32
Which of the following is a common tool used in quality improvement?,Brainstorming,Fishbone diagram (Ishikawa diagram),Random sampling,Personal interviews,b,B,192,16-07-2025 14:32
What is the primary purpose of evidence-based practice (EBP) in nursing?,To rely solely on tradition,To integrate the best available research evidence with clinical expertise and patient values,To ignore patient preferences,To use only anecdotal evidence,b,B,192,16-07-2025 14:32
Which of the following is a key step in the evidence-based practice process?,Ignoring research findings,Asking a clinical question,Relying on personal experience only,Avoiding critical appraisal of evidence,b,B,192,16-07-2025 14:32
What is the primary purpose of a nursing research study?,To prove a hypothesis,To generate new knowledge to improve nursing practice,To discredit existing theories,To confirm personal biases,b,B,193,16-07-2025 14:32
Which of the following is a common type of nursing research?,Historical research,Quantitative research,Philosophical research,Artistic research,b,B,193,16-07-2025 14:32
What is the primary purpose of a nursing theory?,To provide a rigid set of rules for nursing practice,"To describe, explain, predict, and/or prescribe nursing care",To complicate nursing interventions,To limit the scope of nursing practice,b,B,193,16-07-2025 14:32
Which of the following is a well-known nursing theorist?,Sigmund Freud,Florence Nightingale,Albert Einstein,Isaac Newton,b,B,193,16-07-2025 14:32
What is the primary purpose of a nursing professional organization?,To promote individual nurses,To advance the nursing profession and advocate for nurses,To regulate healthcare costs,To provide social gatherings for nurses,b,B,193,16-07-2025 14:32
Which of the following is a major nursing professional organization?,American Medical Association (AMA),American Nurses Association (ANA),American Bar Association (ABA),National Education Association (NEA),b,B,193,16-07-2025 14:32
What is the primary purpose of continuing education for nurses?,To maintain licensure,To stay current with best practices and advancements in healthcare,To earn more money,To avoid patient contact,b,B,193,16-07-2025 14:32
Which of the following is a common method for continuing education?,Reading old textbooks,Attending conferences and workshops,Ignoring new research,Relying on word-of-mouth information,b,B,193,16-07-2025 14:32
What is the primary purpose of a nursing code of ethics?,To provide legal guidelines for nurses,To outline the ethical obligations and duties of nurses,To dictate personal beliefs,To enforce religious doctrines,b,B,193,16-07-2025 14:32
Which of the following is a core value in the nursing code of ethics?,Self-interest,Patient advocacy,Financial gain,Personal convenience,b,B,193,16-07-2025 14:32
What is the primary purpose of a nursing license?,To restrict nurses from practicing,To ensure public safety by regulating nursing practice,To generate revenue for the state,To limit career opportunities,b,B,193,16-07-2025 14:32
Which of the following is a common requirement for nursing licensure?,High school diploma only,Completion of an approved nursing program and passing a licensure exam,Personal connections,Wealth and social status,b,B,193,16-07-2025 14:32
What is the primary purpose of a nursing scope of practice?,To limit nurses' responsibilities,To define the legal and professional boundaries of nursing practice,To allow nurses to perform any medical procedure,To create confusion about roles,b,B,193,16-07-2025 14:32
Which of the following factors influences a nurse's scope of practice?,Personal preferences,State nurse practice acts,Patient's demands,Physician's orders only,b,B,193,16-07-2025 14:32
What is the primary purpose of delegation in nursing?,To avoid responsibility,To assign tasks to the lowest-paid personnel,To optimize patient care by assigning tasks to appropriate personnel,To create a hierarchical structure,c,C,193,16-07-2025 14:32
Which of the following tasks can typically be delegated to an unlicensed assistive personnel (UAP)?,Administering medication,Performing a comprehensive assessment,Assisting with activities of daily living (ADLs),Providing patient education on complex medical conditions,c,C,193,16-07-2025 14:32
What is the primary purpose of supervision in nursing?,To micromanage staff,To ensure that delegated tasks are performed safely and effectively,To demonstrate authority,To criticize performance,b,B,193,16-07-2025 14:32
Which of the following is a key aspect of effective supervision?,Ignoring errors,Providing constructive feedback,Avoiding communication,Blaming individuals,b,B,193,16-07-2025 14:32
What is the primary purpose of conflict resolution in nursing?,To avoid all disagreements,To manage and resolve disputes in a constructive manner,To escalate conflicts,To ignore problems,b,B,193,16-07-2025 14:32
Which of the following is an effective strategy for conflict resolution?,Aggressive confrontation,Passive avoidance,Collaborative problem-solving,Blaming others,c,C,193,16-07-2025 14:32
What is the primary purpose of stress management for nurses?,To ignore stress,To cope with the demands of the nursing profession and maintain well-being,To increase burnout,To avoid patient care,b,B,193,16-07-2025 14:32
Which of the following is an effective stress management technique?,Suppressing emotions,Engaging in regular physical activity,Isolating oneself,Excessive consumption of unhealthy foods,b,B,193,16-07-2025 14:32
What is the primary purpose of self-care for nurses?,To be selfish,"To maintain physical, mental, and emotional health to provide optimal patient care",To neglect professional responsibilities,To avoid personal growth,b,B,193,16-07-2025 14:32
Which of the following is an example of self-care for nurses?,Working extra shifts without breaks,Prioritizing personal needs and hobbies,Ignoring signs of fatigue,Avoiding social interaction,b,B,193,16-07-2025 14:32
What is the primary purpose of professional development for nurses?,To remain stagnant in practice,"To enhance knowledge, skills, and abilities throughout their career",To avoid new challenges,To limit career advancement,b,B,193,16-07-2025 14:32
Which of the following is a common professional development activity?,Refusing to learn new technologies,Attending workshops and seminars,Avoiding mentorship,Relying solely on initial education,b,B,193,16-07-2025 14:32
What is the primary purpose of advocacy in nursing?,To promote personal agendas,To speak up for and protect the rights and interests of patients,To challenge medical authority,To avoid responsibility,b,B,193,16-07-2025 14:32
Which of the following is an example of patient advocacy?,Ignoring a patient's concerns,Ensuring a patient's wishes are respected in their care plan,Making decisions for the patient without their input,Disregarding ethical dilemmas,b,B,193,16-07-2025 14:32
What is the primary purpose of interprofessional collaboration in healthcare?,To work in isolation,To provide fragmented care,To improve patient outcomes through coordinated care among different healthcare professionals,To create competition among disciplines,c,C,193,16-07-2025 14:32
Which of the following is a key element of effective interprofessional collaboration?,Lack of communication,Shared decision-making,Hierarchical power structures,Ignoring diverse perspectives,b,B,193,16-07-2025 14:32
What is the primary purpose of cultural competence in nursing?,To impose one's own cultural beliefs on patients,To understand and respect the cultural beliefs and practices of diverse patients,To stereotype patients based on their culture,To avoid caring for patients from different cultures,b,B,193,16-07-2025 14:32
Which of the following is a key aspect of cultural competence?,Assuming all patients from a certain culture are the same,Being aware of one's own cultural biases,Ignoring cultural differences,Relying on stereotypes,b,B,193,16-07-2025 14:32
What is the primary purpose of spiritual care in nursing?,To convert patients to a specific religion,To address the patient's spiritual needs and beliefs,To avoid discussing spiritual topics,To impose religious practices,b,B,193,16-07-2025 14:32
Which of the following is an appropriate nursing intervention for spiritual care?,Debating religious beliefs,Offering to pray with the patient if appropriate and desired,Dismissing spiritual concerns,Providing unsolicited religious advice,b,B,193,16-07-2025 14:32
What is the primary purpose of palliative care?,To cure terminal illnesses,To provide comfort and support to patients with serious illnesses and their families,To prolong life at all costs,To hasten death,b,B,193,16-07-2025 14:32
Which of the following is a key focus of palliative care?,Aggressive medical treatments,Symptom management and quality of life,Ignoring emotional needs,Avoiding discussions about death,b,B,193,16-07-2025 14:32
What is the primary purpose of end-of-life care?,To prolong the dying process,To provide comfort and dignity to patients in their final stages of life,To ignore patient wishes,To focus solely on medical interventions,b,B,193,16-07-2025 14:32
Which of the following is a key aspect of end-of-life care?,Denying the reality of death,Respecting patient autonomy and choices,Avoiding family involvement,Focusing on curative treatments,b,B,193,16-07-2025 14:32
What is the primary purpose of grief counseling in nursing?,To eliminate grief,To support individuals and families experiencing loss,To encourage denial,To provide quick fixes for emotional pain,b,B,193,16-07-2025 14:32
Which of the following is an appropriate nursing intervention for grief counseling?,Telling the person to,Encouraging open expression of feelings,Avoiding discussion of the deceased,Minimizing the loss,b,B,193,16-07-2025 14:32
What is the primary purpose of rehabilitation in nursing?,To cure chronic conditions,To help patients regain maximum functional ability after illness or injury,To encourage dependence,To focus solely on medical treatments,b,B,193,16-07-2025 14:32
Which of the following is a key aspect of rehabilitation nursing?,Ignoring patient strengths,Promoting self-care and independence,Discouraging physical activity,Focusing only on deficits,b,B,193,16-07-2025 14:32
What is the primary purpose of health promotion in nursing?,To treat existing diseases,"To enable people to increase control over, and to improve, their health",To encourage unhealthy behaviors,To focus solely on illness prevention,b,B,193,16-07-2025 14:32
Which of the following is an example of a health promotion activity?,Administering medication for a chronic illness,Providing education on healthy eating and exercise,Treating an acute infection,Performing a surgical procedure,b,B,193,16-07-2025 14:32
What is the primary purpose of disease prevention in nursing?,To ignore risk factors,To reduce the incidence and prevalence of diseases,To encourage unhealthy lifestyles,To focus solely on treatment,b,B,193,16-07-2025 14:32
Which of the following is an example of a primary disease prevention activity?,Administering antibiotics for an infection,Providing immunizations,Performing surgery to remove a tumor,Managing chronic pain,b,B,193,16-07-2025 14:32
Which of the following is an example of a secondary disease prevention activity?,Health education on smoking cessation,Blood pressure screening,Rehabilitation after a stroke,Palliative care for a terminal illness,b,B,193,16-07-2025 14:32
Which of the following is an example of a tertiary disease prevention activity?,Vaccinations,Early detection of cancer through screening,Physical therapy after a hip replacement,Promoting healthy eating habits,c,C,193,16-07-2025 14:32
What is the primary purpose of infection control in nursing?,To increase the spread of pathogens,To prevent the transmission of infectious agents,To ignore aseptic techniques,To encourage cross-contamination,b,B,193,16-07-2025 14:32
Which of the following is a fundamental principle of infection control?,Avoiding hand hygiene,Standard precautions,Sharing personal protective equipment,Reusing single-use medical devices,b,B,193,16-07-2025 14:32
What is the primary purpose of patient safety initiatives in nursing?,To increase medical errors,To minimize the risk of harm to patients,To ignore adverse events,To blame individuals for system failures,b,B,194,16-07-2025 14:32
Which of the following is a common strategy for improving patient safety?,Punishing staff for reporting errors,Implementing a culture of safety and reporting,Hiding mistakes,Avoiding root cause analysis,b,B,194,16-07-2025 14:32
What is the primary purpose of medication reconciliation?,To confuse patients about their medications,To prevent medication errors by comparing a patient's medication orders to all of the medications that the patient has been taking,To increase polypharmacy,To avoid communication with patients about their medications,b,B,194,16-07-2025 14:32
When should medication reconciliation typically occur?,Only upon discharge,"At every transition of care (admission, transfer, discharge)",Only when a patient complains about medication,"Never, it's a waste of time",b,B,194,16-07-2025 14:32
What is the primary purpose of a rapid response team (RRT)?,To delay care for critically ill patients,To provide early intervention for patients whose condition is deteriorating,To replace the code team,To increase hospital costs,b,B,194,16-07-2025 14:32
Which of the following is a trigger for activating a rapid response team?,Stable vital signs,"Significant change in patient condition (e.g., sudden decrease in consciousness, respiratory distress)",Patient asking for a glass of water,Nurse feeling bored,b,B,194,16-07-2025 14:32
What is the primary purpose of a fall prevention program?,To increase patient falls,To reduce the risk of falls in healthcare settings,To ignore environmental hazards,To blame patients for falling,b,B,194,16-07-2025 14:32
Which of the following is a common intervention for fall prevention?,Leaving bed rails down,Ensuring adequate lighting and clear pathways,Encouraging patients to walk unassisted if they are at risk,Ignoring call lights,b,B,194,16-07-2025 14:32
What is the primary purpose of pressure injury prevention?,To increase the incidence of pressure injuries,To prevent skin breakdown caused by prolonged pressure,To ignore patient mobility,To blame patients for developing pressure injuries,b,B,194,16-07-2025 14:32
Which of the following is a common intervention for pressure injury prevention?,Leaving patients in the same position for extended periods,Regular repositioning and skin assessment,Avoiding special mattresses,Ignoring signs of skin redness,b,B,194,16-07-2025 14:32
What is the primary purpose of pain management in nursing?,To ignore patient pain,To alleviate patient suffering and improve quality of life,To encourage drug seeking behavior,To administer minimal pain medication,b,B,194,16-07-2025 14:32
Which of the following is a common non-pharmacological intervention for pain management?,Administering opioids,Distraction and relaxation techniques,Ignoring patient complaints,Telling the patient to,b,B,194,16-07-2025 14:32
What is the primary purpose of wound care in nursing?,To delay wound healing,To promote wound healing and prevent infection,To ignore wound assessment,To cause further tissue damage,b,B,194,16-07-2025 14:32
Which of the following is a key principle of wound care?,Keeping the wound dry and exposed to air,Maintaining a moist wound environment,Using harsh antiseptics on all wounds,Avoiding wound cleansing,b,B,194,16-07-2025 14:32
What is the primary purpose of nutritional support in nursing?,To restrict patient intake,To provide adequate nutrients to meet patient needs,To ignore dietary preferences,To promote malnutrition,b,B,194,16-07-2025 14:32
Which of the following is a common method of nutritional support?,Force-feeding,Enteral feeding (tube feeding),Avoiding all food,Only offering sugary drinks,b,B,194,16-07-2025 14:32
What is the primary purpose of fluid and electrolyte balance in nursing?,To cause imbalances,To maintain homeostasis of body fluids and electrolytes,To ignore patient hydration status,To promote dehydration,b,B,194,16-07-2025 14:32
Which of the following is a common sign of fluid volume deficit (dehydration)?,Edema,Bounding pulse,Dry mucous membranes and decreased skin turgor,Increased urine output,c,C,194,16-07-2025 14:32
What is the primary purpose of elimination management in nursing?,To ignore patient bowel and bladder habits,To promote regular bowel and bladder function,To cause constipation,To encourage incontinence,b,B,194,16-07-2025 14:32
Which of the following is a common intervention for promoting bowel regularity?,Restricting fluid intake,Encouraging a high-fiber diet and adequate fluid intake,Avoiding physical activity,Ignoring the urge to defecate,b,B,194,16-07-2025 14:32
What is the primary purpose of rest and sleep promotion in nursing?,To disrupt patient sleep,To facilitate patient recovery and well-being,To encourage insomnia,To ignore environmental factors,b,B,194,16-07-2025 14:32
Which of the following is a common intervention for promoting sleep?,Providing a noisy environment,Establishing a regular sleep routine and comfortable environment,Offering stimulating activities before bed,Administering caffeine,b,B,194,16-07-2025 14:32
What is the primary purpose of mobility and immobility management in nursing?,To restrict patient movement,To maintain or improve patient mobility and prevent complications of immobility,To encourage bed rest,To ignore musculoskeletal health,b,B,194,16-07-2025 14:32
Which of the following is a common complication of immobility?,Increased muscle strength,Deep vein thrombosis (DVT),Improved respiratory function,Enhanced bone density,b,B,194,16-07-2025 14:32
What is the primary purpose of hygiene care in nursing?,To neglect patient cleanliness,"To promote patient comfort, cleanliness, and skin integrity",To cause skin breakdown,To ignore personal preferences,b,B,194,16-07-2025 14:32
Which of the following is a key principle of providing hygiene care?,Performing all care independently,Encouraging patient participation and independence,Rushing through the process,Using harsh soaps and hot water,b,B,194,16-07-2025 14:32
What is the primary purpose of safety and security in nursing?,To create a hazardous environment,To protect patients from harm and ensure a safe environment,To ignore potential risks,To promote fear and anxiety,b,B,194,16-07-2025 14:32
Which of the following is a common safety measure in a healthcare setting?,Leaving spills on the floor,Ensuring call lights are within reach,Ignoring patient identification,Leaving medications unsecured,b,B,194,16-07-2025 14:32
What is the primary purpose of communication in nursing?,To confuse patients,To establish therapeutic relationships and exchange information effectively,To avoid patient interaction,To use medical jargon exclusively,b,B,194,16-07-2025 14:32
Which of the following is an example of effective communication?,Interrupting the patient frequently,Using open-ended questions and active listening,Giving unsolicited advice,Avoiding eye contact,b,B,194,16-07-2025 14:32
What is the primary purpose of teaching and learning in nursing?,To withhold information from patients,To facilitate patient understanding and acquisition of new knowledge and skills,To promote ignorance,To make learning difficult,b,B,194,16-07-2025 14:32
Which of the following is a key principle of effective teaching?,Presenting information in a complex manner,Assessing the patient's readiness to learn,Ignoring patient questions,Using only one teaching method,b,B,194,16-07-2025 14:32
What is the primary purpose of documentation in nursing?,To create unnecessary paperwork,"To provide a clear, accurate, and concise record of patient care",To hide errors,To delay communication,b,B,194,16-07-2025 14:32
Which of the following is a characteristic of good documentation?,Vague and ambiguous language,"Timely, accurate, and factual",Based on assumptions,Written only when convenient,b,B,194,16-07-2025 14:32
What is the primary purpose of critical thinking in nursing?,"To make quick, impulsive decisions","To analyze information, evaluate situations, and make sound clinical judgments",To rely solely on intuition,To avoid problem-solving,b,B,194,16-07-2025 14:32
Which of the following is a component of critical thinking?,Jumping to conclusions,Open-mindedness and intellectual curiosity,Ignoring evidence,Blindly following orders,b,B,194,16-07-2025 14:32
What is the primary purpose of ethical decision-making in nursing?,To avoid difficult choices,To navigate moral dilemmas and make choices that align with ethical principles,To prioritize personal gain,To ignore patient values,b,B,194,16-07-2025 14:32
Which of the following is a step in ethical decision-making?,Acting impulsively,Identifying the ethical dilemma,Ignoring consequences,Blaming others,b,B,194,16-07-2025 14:32
What is the primary purpose of legal aspects in nursing?,To encourage malpractice,To ensure nurses practice within legal boundaries and protect themselves from liability,To ignore laws and regulations,To promote negligence,b,B,194,16-07-2025 14:32
Which of the following is a common legal issue in nursing?,Providing excellent care,Malpractice and negligence,Adhering to professional standards,Obtaining informed consent,b,B,194,16-07-2025 14:32
What is the primary purpose of professional boundaries in nursing?,To create distance between nurses and patients,To define appropriate limits in the nurse-patient relationship,To encourage over-involvement,To blur lines of responsibility,b,B,194,16-07-2025 14:32
Which of the following is an example of maintaining professional boundaries?,Sharing personal problems with patients,Accepting expensive gifts from patients,Avoiding dual relationships with patients,Spending excessive time with one patient,c,C,194,16-07-2025 14:32
What is the primary purpose of self-reflection in nursing?,To avoid personal growth,To critically examine one's own practice and identify areas for improvement,To blame others for mistakes,To ignore feedback,b,B,194,16-07-2025 14:32
Which of the following is a benefit of self-reflection?,Stagnation in practice,Enhanced self-awareness and professional development,Increased errors,Decreased empathy,b,B,194,16-07-2025 14:32
What is the primary purpose of mentorship in nursing?,To create dependency,"To provide guidance, support, and role modeling for less experienced nurses",To discourage learning,To promote isolation,b,B,194,16-07-2025 14:32
Which of the following is a characteristic of an effective mentor?,Critical and unsupportive,"Knowledgeable, experienced, and encouraging",Unavailable and distant,Self-centered,b,B,194,16-07-2025 14:32
What is the primary purpose of preceptorship in nursing?,To provide informal guidance only,"To provide structured, supervised clinical experience for new nurses",To avoid direct patient care,To limit learning opportunities,b,B,194,16-07-2025 14:32
Which of the following is a key role of a preceptor?,Ignoring the preceptee's learning needs,Providing direct supervision and feedback on clinical skills,Allowing the preceptee to make critical errors,Avoiding teaching opportunities,b,B,194,16-07-2025 14:32
What is the primary purpose of continuing professional development (CPD) in nursing?,To avoid new knowledge,To maintain and enhance professional competence throughout one's career,To become stagnant in practice,To limit career advancement,b,B,194,16-07-2025 14:32
Which of the following is an example of CPD?,Refusing to attend workshops,"Attending conferences, completing online courses, and reading professional journals",Relying solely on initial education,Ignoring new research findings,b,B,194,16-07-2025 14:32
What is the primary purpose of nursing informatics?,To complicate patient care,"To integrate nursing science, computer science, and information science to manage and communicate data, information, and knowledge in nursing practice",To replace nurses with computers,To limit access to patient information,b,B,195,16-07-2025 14:32
Which of the following is a benefit of nursing informatics?,Increased medication errors,Improved patient safety and efficiency of care,Decreased communication,More paperwork,b,B,195,16-07-2025 14:32
What is the primary purpose of telehealth in nursing?,To replace in-person care entirely,To provide healthcare services remotely using technology,To limit access to care,To increase healthcare costs,b,B,195,16-07-2025 14:32
Which of the following is a benefit of telehealth?,Decreased patient access to care,Improved access to care for rural populations,Increased travel time for patients,Limited communication with healthcare providers,b,B,195,16-07-2025 14:32
What is the primary purpose of simulation in nursing education?,To replace clinical experience,To provide a safe and realistic environment for students to practice clinical skills,To increase student anxiety,To limit learning opportunities,b,B,195,16-07-2025 14:32
Which of the following is a benefit of simulation?,Decreased critical thinking skills,Improved clinical judgment and decision-making,Increased risk to patients,Limited feedback,b,B,195,16-07-2025 14:32
What is the primary purpose of debriefing after a clinical experience or simulation?,To criticize performance,"To facilitate reflection, learning, and emotional processing",To avoid discussion of errors,To assign blame,b,B,195,16-07-2025 14:32
Which of the following is a key aspect of effective debriefing?,One-way communication,Open and honest discussion in a non-judgmental environment,Focusing only on negative aspects,Avoiding emotional responses,b,B,195,16-07-2025 14:32
What is the primary purpose of a portfolio in nursing?,To showcase only perfect work,"To document professional growth, achievements, and competence",To hide weaknesses,To avoid self-assessment,b,B,195,16-07-2025 14:32
Which of the following should be included in a nursing portfolio?,Personal opinions about colleagues,"Resumes, certifications, and examples of professional work",Unrelated personal documents,Gossip and rumors,b,B,195,16-07-2025 14:32
What is the primary purpose of professional accountability in nursing?,To avoid responsibility,To be answerable for one's actions and decisions in practice,To blame others for mistakes,To ignore consequences,b,B,195,16-07-2025 14:32
Which of the following is a characteristic of a professionally accountable nurse?,Denying errors,Taking responsibility for actions and seeking to learn from mistakes,Avoiding feedback,Blaming the system,b,B,195,16-07-2025 14:32
What is the primary purpose of professional advocacy in nursing?,To promote personal gain,To speak up for the nursing profession and its role in healthcare,To undermine other healthcare professions,To remain silent on important issues,b,B,195,16-07-2025 14:32
Which of the following is an example of professional advocacy?,Complaining about working conditions without seeking solutions,Participating in policy-making and legislative efforts to improve healthcare,Ignoring professional organizations,Focusing only on individual patient care,b,B,195,16-07-2025 14:32
What is the primary purpose of leadership in nursing?,To control others,To inspire and guide individuals and teams towards achieving common goals,To avoid responsibility,To maintain the status quo,b,B,195,16-07-2025 14:32
Which of the following is a characteristic of an effective nursing leader?,Autocratic and dictatorial,"Collaborative, supportive, and visionary",Indecisive and passive,Self-serving,b,B,195,16-07-2025 14:32
What is the primary purpose of management in nursing?,To avoid organization,"To plan, organize, staff, direct, and control resources to achieve organizational goals",To create chaos,To ignore efficiency,b,B,195,16-07-2025 14:32
Which of the following is a key function of nursing management?,Ignoring budget constraints,Resource allocation and scheduling,Avoiding decision-making,Micromanaging staff,b,B,195,16-07-2025 14:32
What is the primary purpose of change management in nursing?,To resist all changes,"To facilitate the successful implementation of new processes, technologies, or policies",To create confusion,To ignore staff concerns,b,B,195,16-07-2025 14:32
Which of the following is a key principle of change management?,Imposing change without explanation,Involving stakeholders and communicating clearly,Avoiding feedback,Ignoring resistance,b,B,195,16-07-2025 14:32
What is the primary purpose of quality assurance (QA) in nursing?,To identify individual errors only,To ensure that nursing care meets established standards and benchmarks,To ignore quality issues,To reduce accountability,b,B,195,16-07-2025 14:32
Which of the following is a common QA activity?,Random inspections without criteria,Chart audits and peer reviews,Ignoring patient complaints,Focusing only on negative outcomes,b,B,195,16-07-2025 14:32
What is the primary purpose of risk management in nursing?,To increase risks,"To identify, assess, and mitigate potential risks to patients and the organization",To ignore safety concerns,To blame individuals for adverse events,b,B,195,16-07-2025 14:32
Which of the following is a key component of risk management?,Hiding incidents,Incident reporting and analysis,Avoiding preventative measures,Ignoring near misses,b,B,195,16-07-2025 14:32
What is the primary purpose of patient satisfaction surveys in nursing?,To ignore patient feedback,To gather feedback on patient experiences and identify areas for improvement,To increase patient complaints,To solely focus on positive comments,b,B,195,16-07-2025 14:32
Which of the following is a benefit of patient satisfaction surveys?,Decreased patient engagement,Improved patient-centered care,Increased staff dissatisfaction,Limited understanding of patient needs,b,B,195,16-07-2025 14:32
What is the primary purpose of a grievance process in nursing?,To ignore staff concerns,To provide a formal mechanism for addressing employee complaints and disputes,To suppress dissent,To create an adversarial environment,b,B,195,16-07-2025 14:32
Which of the following is a key principle of a fair grievance process?,Bias and favoritism,"Timeliness, impartiality, and confidentiality",Lack of transparency,Retaliation against complainants,b,B,195,16-07-2025 14:32
What is the primary purpose of performance appraisal in nursing?,To criticize staff,"To evaluate employee performance, provide feedback, and identify development needs",To avoid professional growth,To discourage motivation,b,B,195,16-07-2025 14:32
Which of the following is a characteristic of an effective performance appraisal?,Subjective and biased,"Objective, fair, and constructive",Infrequent and informal,Focused only on weaknesses,b,B,195,16-07-2025 14:32
What is the primary purpose of staff development in nursing?,To limit staff skills,"To enhance the knowledge, skills, and abilities of nursing staff",To reduce training opportunities,To promote stagnation,b,B,195,16-07-2025 14:32
Which of the following is an example of staff development?,Avoiding new technologies,Providing in-service training and continuing education programs,Ignoring professional growth,Relying solely on on-the-job learning,b,B,195,16-07-2025 14:32
What is the primary purpose of a healthy work environment in nursing?,To promote stress and burnout,"To foster a supportive, respectful, and safe environment for nurses to thrive",To encourage conflict,To ignore staff well-being,b,B,195,16-07-2025 14:32
Which of the following is a characteristic of a healthy work environment?,Poor communication,"Open communication, psychological safety, and fair treatment",High turnover rates,Lack of recognition,b,B,195,16-07-2025 14:32
What is the primary purpose of shared governance in nursing?,To centralize decision-making,To empower nurses to participate in decision-making processes that affect their practice,To exclude nurses from leadership,To maintain a hierarchical structure,b,B,195,16-07-2025 14:32
Which of the following is a benefit of shared governance?,Decreased nurse autonomy,Increased job satisfaction and improved patient outcomes,Reduced accountability,Limited professional development,b,B,195,16-07-2025 14:32
What is the primary purpose of Magnet Recognition Program in nursing?,To recognize hospitals with poor nursing care,To recognize healthcare organizations that demonstrate excellence in nursing practice,To promote mediocrity,To increase staff dissatisfaction,b,B,195,16-07-2025 14:32
Which of the following is a characteristic of a Magnet-recognized organization?,High nurse-to-patient ratios,Strong nursing leadership and professional development opportunities,Limited autonomy for nurses,Poor patient outcomes,b,B,195,16-07-2025 14:32
What is the primary purpose of professional image in nursing?,To appear unprofessional,To project a positive and competent image of the nursing profession,To disregard appearance,To create a negative perception,b,B,195,16-07-2025 14:32
Which of the following contributes to a positive professional image?,Unkempt appearance,Adhering to dress codes and professional conduct,Using slang and unprofessional language,Ignoring ethical guidelines,b,B,195,16-07-2025 14:32
What is the primary purpose of professional boundaries in nursing?,To create distance between nurses and patients,To define appropriate limits in the nurse-patient relationship,To encourage over-involvement,To blur lines of responsibility,b,B,195,16-07-2025 14:32
Which of the following is an example of maintaining professional boundaries?,Sharing personal problems with patients,Accepting expensive gifts from patients,Avoiding dual relationships with patients,Spending excessive time with one patient,c,C,195,16-07-2025 14:32
What is the primary purpose of self-reflection in nursing?,To avoid personal growth,To critically examine one's own practice and identify areas for improvement,To blame others for mistakes,To ignore feedback,b,B,195,16-07-2025 14:32
Which of the following is a benefit of self-reflection?,Stagnation in practice,Enhanced self-awareness and professional development,Increased errors,Decreased empathy,b,B,195,16-07-2025 14:32
What is the primary purpose of mentorship in nursing?,To create dependency,"To provide guidance, support, and role modeling for less experienced nurses",To discourage learning,To promote isolation,b,B,195,16-07-2025 14:32
Which of the following is a characteristic of an effective mentor?,Critical and unsupportive,"Knowledgeable, experienced, and encouraging",Unavailable and distant,Self-centered,b,B,195,16-07-2025 14:32
What is the primary purpose of preceptorship in nursing?,To provide informal guidance only,"To provide structured, supervised clinical experience for new nurses",To avoid direct patient care,To limit learning opportunities,b,B,195,16-07-2025 14:32
Which of the following is a key role of a preceptor?,Ignoring the preceptee's learning needs,Providing direct supervision and feedback on clinical skills,Allowing the preceptee to make critical errors,Avoiding teaching opportunities,b,B,195,16-07-2025 14:32
What is the primary purpose of continuing professional development (CPD) in nursing?,To avoid new knowledge,To maintain and enhance professional competence throughout one's career,To become stagnant in practice,To limit career advancement,b,B,195,16-07-2025 14:32
Which of the following is an example of CPD?,Refusing to attend workshops,"Attending conferences, completing online courses, and reading professional journals",Relying solely on initial education,Ignoring new research findings,b,B,195,16-07-2025 14:32
What is the primary purpose of nursing informatics?,To complicate patient care,"To integrate nursing science, computer science, and information science to manage and communicate data, information, and knowledge in nursing practice",To replace nurses with computers,To limit access to patient information,b,B,196,16-07-2025 14:32
Which of the following is a benefit of nursing informatics?,Increased medication errors,Improved patient safety and efficiency of care,Decreased communication,More paperwork,b,B,196,16-07-2025 14:32
What is the primary purpose of telehealth in nursing?,To replace in-person care entirely,To provide healthcare services remotely using technology,To limit access to care,To increase healthcare costs,b,B,196,16-07-2025 14:32
Which of the following is a benefit of telehealth?,Decreased patient access to care,Improved access to care for rural populations,Increased travel time for patients,Limited communication with healthcare providers,b,B,196,16-07-2025 14:32
What is the primary purpose of simulation in nursing education?,To replace clinical experience,To provide a safe and realistic environment for students to practice clinical skills,To increase student anxiety,To limit learning opportunities,b,B,196,16-07-2025 14:32
Which of the following is a benefit of simulation?,Decreased critical thinking skills,Improved clinical judgment and decision-making,Increased risk to patients,Limited feedback,b,B,196,16-07-2025 14:32
What is the primary purpose of debriefing after a clinical experience or simulation?,To criticize performance,"To facilitate reflection, learning, and emotional processing",To avoid discussion of errors,To assign blame,b,B,196,16-07-2025 14:32
Which of the following is a key aspect of effective debriefing?,One-way communication,Open and honest discussion in a non-judgmental environment,Focusing only on negative aspects,Avoiding emotional responses,b,B,196,16-07-2025 14:32
What is the primary purpose of a portfolio in nursing?,To showcase only perfect work,"To document professional growth, achievements, and competence",To hide weaknesses,To avoid self-assessment,b,B,196,16-07-2025 14:32
Which of the following should be included in a nursing portfolio?,Personal opinions about colleagues,"Resumes, certifications, and examples of professional work",Unrelated personal documents,Gossip and rumors,b,B,196,16-07-2025 14:32
What is the primary purpose of professional accountability in nursing?,To avoid responsibility,To be answerable for one's actions and decisions in practice,To blame others for mistakes,To ignore consequences,b,B,196,16-07-2025 14:32
Which of the following is a characteristic of a professionally accountable nurse?,Denying errors,Taking responsibility for actions and seeking to learn from mistakes,Avoiding feedback,Blaming the system,b,B,196,16-07-2025 14:32
What is the primary purpose of professional advocacy in nursing?,To promote personal gain,To speak up for the nursing profession and its role in healthcare,To undermine other healthcare professions,To remain silent on important issues,b,B,196,16-07-2025 14:32
Which of the following is an example of professional advocacy?,Complaining about working conditions without seeking solutions,Participating in policy-making and legislative efforts to improve healthcare,Ignoring professional organizations,Focusing only on individual patient care,b,B,196,16-07-2025 14:32
What is the primary purpose of leadership in nursing?,To control others,To inspire and guide individuals and teams towards achieving common goals,To avoid responsibility,To maintain the status quo,b,B,196,16-07-2025 14:32
Which of the following is a characteristic of an effective nursing leader?,Autocratic and dictatorial,"Collaborative, supportive, and visionary",Indecisive and passive,Self-serving,b,B,196,16-07-2025 14:32
What is the primary purpose of management in nursing?,To avoid organization,"To plan, organize, staff, direct, and control resources to achieve organizational goals",To create chaos,To ignore efficiency,b,B,196,16-07-2025 14:32
Which of the following is a key function of nursing management?,Ignoring budget constraints,Resource allocation and scheduling,Avoiding decision-making,Micromanaging staff,b,B,196,16-07-2025 14:32
What is the primary purpose of change management in nursing?,To resist all changes,"To facilitate the successful implementation of new processes, technologies, or policies",To create confusion,To ignore staff concerns,b,B,196,16-07-2025 14:32
Which of the following is a key principle of change management?,Imposing change without explanation,Involving stakeholders and communicating clearly,Avoiding feedback,Ignoring resistance,b,B,196,16-07-2025 14:32
What is the primary purpose of quality assurance (QA) in nursing?,To identify individual errors only,To ensure that nursing care meets established standards and benchmarks,To ignore quality issues,To reduce accountability,b,B,196,16-07-2025 14:32
Which of the following is a common QA activity?,Random inspections without criteria,Chart audits and peer reviews,Ignoring patient complaints,Focusing only on negative outcomes,b,B,196,16-07-2025 14:32
What is the primary purpose of risk management in nursing?,To increase risks,"To identify, assess, and mitigate potential risks to patients and the organization",To ignore safety concerns,To blame individuals for adverse events,b,B,196,16-07-2025 14:32
Which of the following is a key component of risk management?,Hiding incidents,Incident reporting and analysis,Avoiding preventative measures,Ignoring near misses,b,B,196,16-07-2025 14:32
What is the primary purpose of patient satisfaction surveys in nursing?,To ignore patient feedback,To gather feedback on patient experiences and identify areas for improvement,To increase patient complaints,To solely focus on positive comments,b,B,196,16-07-2025 14:32
Which of the following is a benefit of patient satisfaction surveys?,Decreased patient engagement,Improved patient-centered care,Increased staff dissatisfaction,Limited understanding of patient needs,b,B,196,16-07-2025 14:32
What is the primary purpose of a grievance process in nursing?,To ignore staff concerns,To provide a formal mechanism for addressing employee complaints and disputes,To suppress dissent,To create an adversarial environment,b,B,196,16-07-2025 14:32
Which of the following is a key principle of a fair grievance process?,Bias and favoritism,"Timeliness, impartiality, and confidentiality",Lack of transparency,Retaliation against complainants,b,B,196,16-07-2025 14:32
What is the primary purpose of performance appraisal in nursing?,To criticize staff,"To evaluate employee performance, provide feedback, and identify development needs",To avoid professional growth,To discourage motivation,b,B,196,16-07-2025 14:32
Which of the following is a characteristic of an effective performance appraisal?,Subjective and biased,"Objective, fair, and constructive",Infrequent and informal,Focused only on weaknesses,b,B,196,16-07-2025 14:32
What is the primary purpose of staff development in nursing?,To limit staff skills,"To enhance the knowledge, skills, and abilities of nursing staff",To reduce training opportunities,To promote stagnation,b,B,196,16-07-2025 14:32
Which of the following is an example of staff development?,Avoiding new technologies,Providing in-service training and continuing education programs,Ignoring professional growth,Relying solely on on-the-job learning,b,B,196,16-07-2025 14:32
What is the primary purpose of a healthy work environment in nursing?,To promote stress and burnout,"To foster a supportive, respectful, and safe environment for nurses to thrive",To encourage conflict,To ignore staff well-being,b,B,196,16-07-2025 14:32
Which of the following is a characteristic of a healthy work environment?,Poor communication,"Open communication, psychological safety, and fair treatment",High turnover rates,Lack of recognition,b,B,196,16-07-2025 14:32
What is the primary purpose of shared governance in nursing?,To centralize decision-making,To empower nurses to participate in decision-making processes that affect their practice,To exclude nurses from leadership,To maintain a hierarchical structure,b,B,196,16-07-2025 14:32
Which of the following is a benefit of shared governance?,Decreased nurse autonomy,Increased job satisfaction and improved patient outcomes,Reduced accountability,Limited professional development,b,B,196,16-07-2025 14:32
What is the primary purpose of Magnet Recognition Program in nursing?,To recognize hospitals with poor nursing care,To recognize healthcare organizations that demonstrate excellence in nursing practice,To promote mediocrity,To increase staff dissatisfaction,b,B,196,16-07-2025 14:32
Which of the following is a characteristic of a Magnet-recognized organization?,High nurse-to-patient ratios,Strong nursing leadership and professional development opportunities,Limited autonomy for nurses,Poor patient outcomes,b,B,196,16-07-2025 14:32
What is the primary purpose of professional image in nursing?,To appear unprofessional,To project a positive and competent image of the nursing profession,To disregard appearance,To create a negative perception,b,B,196,16-07-2025 14:32
Which of the following contributes to a positive professional image?,Unkempt appearance,Adhering to dress codes and professional conduct,Using slang and unprofessional language,Ignoring ethical guidelines,b,B,196,16-07-2025 14:32
What is the primary purpose of professional boundaries in nursing?,To create distance between nurses and patients,To define appropriate limits in the nurse-patient relationship,To encourage over-involvement,To blur lines of responsibility,b,B,196,16-07-2025 14:32
Which of the following is an example of maintaining professional boundaries?,Sharing personal problems with patients,Accepting expensive gifts from patients,Avoiding dual relationships with patients,Spending excessive time with one patient,c,C,196,16-07-2025 14:32
What is the primary purpose of self-reflection in nursing?,To avoid personal growth,To critically examine one's own practice and identify areas for improvement,To blame others for mistakes,To ignore feedback,b,B,196,16-07-2025 14:32
Which of the following is a benefit of self-reflection?,Stagnation in practice,Enhanced self-awareness and professional development,Increased errors,Decreased empathy,b,B,196,16-07-2025 14:32
What is the primary purpose of mentorship in nursing?,To create dependency,"To provide guidance, support, and role modeling for less experienced nurses",To discourage learning,To promote isolation,b,B,196,16-07-2025 14:32
Which of the following is a characteristic of an effective mentor?,Critical and unsupportive,"Knowledgeable, experienced, and encouraging",Unavailable and distant,Self-centered,b,B,196,16-07-2025 14:32
What is the primary purpose of preceptorship in nursing?,To provide informal guidance only,"To provide structured, supervised clinical experience for new nurses",To avoid direct patient care,To limit learning opportunities,b,B,196,16-07-2025 14:32
Which of the following is a key role of a preceptor?,Ignoring the preceptee's learning needs,Providing direct supervision and feedback on clinical skills,Allowing the preceptee to make critical errors,Avoiding teaching opportunities,b,B,196,16-07-2025 14:32
What is the primary purpose of continuing professional development (CPD) in nursing?,To avoid new knowledge,To maintain and enhance professional competence throughout one's career,To become stagnant in practice,To limit career advancement,b,B,196,16-07-2025 14:32
Which of the following is an example of CPD?,Refusing to attend workshops,"Attending conferences, completing online courses, and reading professional journals",Relying solely on initial education,Ignoring new research findings,b,B,196,16-07-2025 14:32
What is the primary purpose of nursing informatics?,To complicate patient care,"To integrate nursing science, computer science, and information science to manage and communicate data, information, and knowledge in nursing practice",To replace nurses with computers,To limit access to patient information,b,B,197,16-07-2025 14:32
Which of the following is a benefit of nursing informatics?,Increased medication errors,Improved patient safety and efficiency of care,Decreased communication,More paperwork,b,B,197,16-07-2025 14:32
What is the primary purpose of telehealth in nursing?,To replace in-person care entirely,To provide healthcare services remotely using technology,To limit access to care,To increase healthcare costs,b,B,197,16-07-2025 14:32
Which of the following is a benefit of telehealth?,Decreased patient access to care,Improved access to care for rural populations,Increased travel time for patients,Limited communication with healthcare providers,b,B,197,16-07-2025 14:32
What is the primary purpose of simulation in nursing education?,To replace clinical experience,To provide a safe and realistic environment for students to practice clinical skills,To increase student anxiety,To limit learning opportunities,b,B,197,16-07-2025 14:32
Which of the following is a benefit of simulation?,Decreased critical thinking skills,Improved clinical judgment and decision-making,Increased risk to patients,Limited feedback,b,B,197,16-07-2025 14:32
What is the primary purpose of debriefing after a clinical experience or simulation?,To criticize performance,"To facilitate reflection, learning, and emotional processing",To avoid discussion of errors,To assign blame,b,B,197,16-07-2025 14:32
Which of the following is a key aspect of effective debriefing?,One-way communication,Open and honest discussion in a non-judgmental environment,Focusing only on negative aspects,Avoiding emotional responses,b,B,197,16-07-2025 14:32
What is the primary purpose of a portfolio in nursing?,To showcase only perfect work,"To document professional growth, achievements, and competence",To hide weaknesses,To avoid self-assessment,b,B,197,16-07-2025 14:32
Which of the following should be included in a nursing portfolio?,Personal opinions about colleagues,"Resumes, certifications, and examples of professional work",Unrelated personal documents,Gossip and rumors,b,B,197,16-07-2025 14:32
What is the primary purpose of professional accountability in nursing?,To avoid responsibility,To be answerable for one's actions and decisions in practice,To blame others for mistakes,To ignore consequences,b,B,197,16-07-2025 14:32
Which of the following is a characteristic of a professionally accountable nurse?,Denying errors,Taking responsibility for actions and seeking to learn from mistakes,Avoiding feedback,Blaming the system,b,B,197,16-07-2025 14:32
What is the primary purpose of professional advocacy in nursing?,To promote personal gain,To speak up for the nursing profession and its role in healthcare,To undermine other healthcare professions,To remain silent on important issues,b,B,197,16-07-2025 14:32
Which of the following is an example of professional advocacy?,Complaining about working conditions without seeking solutions,Participating in policy-making and legislative efforts to improve healthcare,Ignoring professional organizations,Focusing only on individual patient care,b,B,197,16-07-2025 14:32
What is the primary purpose of leadership in nursing?,To control others,To inspire and guide individuals and teams towards achieving common goals,To avoid responsibility,To maintain the status quo,b,B,197,16-07-2025 14:32
Which of the following is a characteristic of an effective nursing leader?,Autocratic and dictatorial,"Collaborative, supportive, and visionary",Indecisive and passive,Self-serving,b,B,197,16-07-2025 14:32
What is the primary purpose of management in nursing?,To avoid organization,"To plan, organize, staff, direct, and control resources to achieve organizational goals",To create chaos,To ignore efficiency,b,B,197,16-07-2025 14:32
Which of the following is a key function of nursing management?,Ignoring budget constraints,Resource allocation and scheduling,Avoiding decision-making,Micromanaging staff,b,B,197,16-07-2025 14:32
What is the primary purpose of change management in nursing?,To resist all changes,"To facilitate the successful implementation of new processes, technologies, or policies",To create confusion,To ignore staff concerns,b,B,197,16-07-2025 14:32
Which of the following is a key principle of change management?,Imposing change without explanation,Involving stakeholders and communicating clearly,Avoiding feedback,Ignoring resistance,b,B,197,16-07-2025 14:32
What is the primary purpose of quality assurance (QA) in nursing?,To identify individual errors only,To ensure that nursing care meets established standards and benchmarks,To ignore quality issues,To reduce accountability,b,B,197,16-07-2025 14:32
Which of the following is a common QA activity?,Random inspections without criteria,Chart audits and peer reviews,Ignoring patient complaints,Focusing only on negative outcomes,b,B,197,16-07-2025 14:32
What is the primary purpose of risk management in nursing?,To increase risks,"To identify, assess, and mitigate potential risks to patients and the organization",To ignore safety concerns,To blame individuals for adverse events,b,B,197,16-07-2025 14:32
Which of the following is a key component of risk management?,Hiding incidents,Incident reporting and analysis,Avoiding preventative measures,Ignoring near misses,b,B,197,16-07-2025 14:32
What is the primary purpose of patient satisfaction surveys in nursing?,To ignore patient feedback,To gather feedback on patient experiences and identify areas for improvement,To increase patient complaints,To solely focus on positive comments,b,B,197,16-07-2025 14:32
Which of the following is a benefit of patient satisfaction surveys?,Decreased patient engagement,Improved patient-centered care,Increased staff dissatisfaction,Limited understanding of patient needs,b,B,197,16-07-2025 14:32
What is the primary purpose of a grievance process in nursing?,To ignore staff concerns,To provide a formal mechanism for addressing employee complaints and disputes,To suppress dissent,To create an adversarial environment,b,B,197,16-07-2025 14:32
Which of the following is a key principle of a fair grievance process?,Bias and favoritism,"Timeliness, impartiality, and confidentiality",Lack of transparency,Retaliation against complainants,b,B,197,16-07-2025 14:32
What is the primary purpose of performance appraisal in nursing?,To criticize staff,"To evaluate employee performance, provide feedback, and identify development needs",To avoid professional growth,To discourage motivation,b,B,197,16-07-2025 14:32
Which of the following is a characteristic of an effective performance appraisal?,Subjective and biased,"Objective, fair, and constructive",Infrequent and informal,Focused only on weaknesses,b,B,197,16-07-2025 14:32
What is the primary purpose of staff development in nursing?,To limit staff skills,"To enhance the knowledge, skills, and abilities of nursing staff",To reduce training opportunities,To promote stagnation,b,B,197,16-07-2025 14:32
Which of the following is an example of staff development?,Avoiding new technologies,Providing in-service training and continuing education programs,Ignoring professional growth,Relying solely on on-the-job learning,b,B,197,16-07-2025 14:32
What is the primary purpose of a healthy work environment in nursing?,To promote stress and burnout,"To foster a supportive, respectful, and safe environment for nurses to thrive",To encourage conflict,To ignore staff well-being,b,B,197,16-07-2025 14:32
Which of the following is a characteristic of a healthy work environment?,Poor communication,"Open communication, psychological safety, and fair treatment",High turnover rates,Lack of recognition,b,B,197,16-07-2025 14:32
What is the primary purpose of shared governance in nursing?,To centralize decision-making,To empower nurses to participate in decision-making processes that affect their practice,To exclude nurses from leadership,To maintain a hierarchical structure,b,B,197,16-07-2025 14:32
Which of the following is a benefit of shared governance?,Decreased nurse autonomy,Increased job satisfaction and improved patient outcomes,Reduced accountability,Limited professional development,b,B,197,16-07-2025 14:32
What is the primary purpose of Magnet Recognition Program in nursing?,To recognize hospitals with poor nursing care,To recognize healthcare organizations that demonstrate excellence in nursing practice,To promote mediocrity,To increase staff dissatisfaction,b,B,197,16-07-2025 14:32
Which of the following is a characteristic of a Magnet-recognized organization?,High nurse-to-patient ratios,Strong nursing leadership and professional development opportunities,Limited autonomy for nurses,Poor patient outcomes,b,B,197,16-07-2025 14:32
What is the primary purpose of professional image in nursing?,To appear unprofessional,To project a positive and competent image of the nursing profession,To disregard appearance,To create a negative perception,b,B,197,16-07-2025 14:32
Which of the following contributes to a positive professional image?,Unkempt appearance,Adhering to dress codes and professional conduct,Using slang and unprofessional language,Ignoring ethical guidelines,b,B,197,16-07-2025 14:32
What is the primary purpose of professional boundaries in nursing?,To create distance between nurses and patients,To define appropriate limits in the nurse-patient relationship,To encourage over-involvement,To blur lines of responsibility,b,B,197,16-07-2025 14:32
Which of the following is an example of maintaining professional boundaries?,Sharing personal problems with patients,Accepting expensive gifts from patients,Avoiding dual relationships with patients,Spending excessive time with one patient,c,C,197,16-07-2025 14:32
What is the primary purpose of self-reflection in nursing?,To avoid personal growth,To critically examine one's own practice and identify areas for improvement,To blame others for mistakes,To ignore feedback,b,B,197,16-07-2025 14:32
Which of the following is a benefit of self-reflection?,Stagnation in practice,Enhanced self-awareness and professional development,Increased errors,Decreased empathy,b,B,197,16-07-2025 14:32
What is the primary purpose of mentorship in nursing?,To create dependency,"To provide guidance, support, and role modeling for less experienced nurses",To discourage learning,To promote isolation,b,B,197,16-07-2025 14:32
Which of the following is a characteristic of an effective mentor?,Critical and unsupportive,"Knowledgeable, experienced, and encouraging",Unavailable and distant,Self-centered,b,B,197,16-07-2025 14:32
What is the primary purpose of preceptorship in nursing?,To provide informal guidance only,"To provide structured, supervised clinical experience for new nurses",To avoid direct patient care,To limit learning opportunities,b,B,197,16-07-2025 14:32
Which of the following is a key role of a preceptor?,Ignoring the preceptee's learning needs,Providing direct supervision and feedback on clinical skills,Allowing the preceptee to make critical errors,Avoiding teaching opportunities,b,B,197,16-07-2025 14:32
What is the primary purpose of continuing professional development (CPD) in nursing?,To avoid new knowledge,To maintain and enhance professional competence throughout one's career,To become stagnant in practice,To limit career advancement,b,B,197,16-07-2025 14:32
Which of the following is an example of CPD?,Refusing to attend workshops,"Attending conferences, completing online courses, and reading professional journals",Relying solely on initial education,Ignoring new research findings,b,B,197,16-07-2025 14:32
What is the primary purpose of nursing informatics?,To complicate patient care,"To integrate nursing science, computer science, and information science to manage and communicate data, information, and knowledge in nursing practice",To replace nurses with computers,To limit access to patient information,b,B,198,16-07-2025 14:32
Which of the following is a benefit of nursing informatics?,Increased medication errors,Improved patient safety and efficiency of care,Decreased communication,More paperwork,b,B,198,16-07-2025 14:32
What is the primary purpose of telehealth in nursing?,To replace in-person care entirely,To provide healthcare services remotely using technology,To limit access to care,To increase healthcare costs,b,B,198,16-07-2025 14:32
Which of the following is a benefit of telehealth?,Decreased patient access to care,Improved access to care for rural populations,Increased travel time for patients,Limited communication with healthcare providers,b,B,198,16-07-2025 14:32
What is the primary purpose of simulation in nursing education?,To replace clinical experience,To provide a safe and realistic environment for students to practice clinical skills,To increase student anxiety,To limit learning opportunities,b,B,198,16-07-2025 14:32
Which of the following is a benefit of simulation?,Decreased critical thinking skills,Improved clinical judgment and decision-making,Increased risk to patients,Limited feedback,b,B,198,16-07-2025 14:32
What is the primary purpose of debriefing after a clinical experience or simulation?,To criticize performance,"To facilitate reflection, learning, and emotional processing",To avoid discussion of errors,To assign blame,b,B,198,16-07-2025 14:32
Which of the following is a key aspect of effective debriefing?,One-way communication,Open and honest discussion in a non-judgmental environment,Focusing only on negative aspects,Avoiding emotional responses,b,B,198,16-07-2025 14:32
What is the primary purpose of a portfolio in nursing?,To showcase only perfect work,"To document professional growth, achievements, and competence",To hide weaknesses,To avoid self-assessment,b,B,198,16-07-2025 14:32
Which of the following should be included in a nursing portfolio?,Personal opinions about colleagues,"Resumes, certifications, and examples of professional work",Unrelated personal documents,Gossip and rumors,b,B,198,16-07-2025 14:32
What is the primary purpose of professional accountability in nursing?,To avoid responsibility,To be answerable for one's actions and decisions in practice,To blame others for mistakes,To ignore consequences,b,B,198,16-07-2025 14:32
Which of the following is a characteristic of a professionally accountable nurse?,Denying errors,Taking responsibility for actions and seeking to learn from mistakes,Avoiding feedback,Blaming the system,b,B,198,16-07-2025 14:32
What is the primary purpose of professional advocacy in nursing?,To promote personal gain,To speak up for the nursing profession and its role in healthcare,To undermine other healthcare professions,To remain silent on important issues,b,B,198,16-07-2025 14:32
Which of the following is an example of professional advocacy?,Complaining about working conditions without seeking solutions,Participating in policy-making and legislative efforts to improve healthcare,Ignoring professional organizations,Focusing only on individual patient care,b,B,198,16-07-2025 14:32
What is the primary purpose of leadership in nursing?,To control others,To inspire and guide individuals and teams towards achieving common goals,To avoid responsibility,To maintain the status quo,b,B,198,16-07-2025 14:32
Which of the following is a characteristic of an effective nursing leader?,Autocratic and dictatorial,"Collaborative, supportive, and visionary",Indecisive and passive,Self-serving,b,B,198,16-07-2025 14:32
What is the primary purpose of management in nursing?,To avoid organization,"To plan, organize, staff, direct, and control resources to achieve organizational goals",To create chaos,To ignore efficiency,b,B,198,16-07-2025 14:32
Which of the following is a key function of nursing management?,Ignoring budget constraints,Resource allocation and scheduling,Avoiding decision-making,Micromanaging staff,b,B,198,16-07-2025 14:32
What is the primary purpose of change management in nursing?,To resist all changes,"To facilitate the successful implementation of new processes, technologies, or policies",To create confusion,To ignore staff concerns,b,B,198,16-07-2025 14:32
Which of the following is a key principle of change management?,Imposing change without explanation,Involving stakeholders and communicating clearly,Avoiding feedback,Ignoring resistance,b,B,198,16-07-2025 14:32
What is the primary purpose of quality assurance (QA) in nursing?,To identify individual errors only,To ensure that nursing care meets established standards and benchmarks,To ignore quality issues,To reduce accountability,b,B,198,16-07-2025 14:32
Which of the following is a common QA activity?,Random inspections without criteria,Chart audits and peer reviews,Ignoring patient complaints,Focusing only on negative outcomes,b,B,198,16-07-2025 14:32
What is the primary purpose of risk management in nursing?,To increase risks,"To identify, assess, and mitigate potential risks to patients and the organization",To ignore safety concerns,To blame individuals for adverse events,b,B,198,16-07-2025 14:32
Which of the following is a key component of risk management?,Hiding incidents,Incident reporting and analysis,Avoiding preventative measures,Ignoring near misses,b,B,198,16-07-2025 14:32
What is the primary purpose of patient satisfaction surveys in nursing?,To ignore patient feedback,To gather feedback on patient experiences and identify areas for improvement,To increase patient complaints,To solely focus on positive comments,b,B,198,16-07-2025 14:32
Which of the following is a benefit of patient satisfaction surveys?,Decreased patient engagement,Improved patient-centered care,Increased staff dissatisfaction,Limited understanding of patient needs,b,B,198,16-07-2025 14:32
What is the primary purpose of a grievance process in nursing?,To ignore staff concerns,To provide a formal mechanism for addressing employee complaints and disputes,To suppress dissent,To create an adversarial environment,b,B,198,16-07-2025 14:32
Which of the following is a key principle of a fair grievance process?,Bias and favoritism,"Timeliness, impartiality, and confidentiality",Lack of transparency,Retaliation against complainants,b,B,198,16-07-2025 14:32
What is the primary purpose of performance appraisal in nursing?,To criticize staff,"To evaluate employee performance, provide feedback, and identify development needs",To avoid professional growth,To discourage motivation,b,B,198,16-07-2025 14:32
Which of the following is a characteristic of an effective performance appraisal?,Subjective and biased,"Objective, fair, and constructive",Infrequent and informal,Focused only on weaknesses,b,B,198,16-07-2025 14:32
What is the primary purpose of staff development in nursing?,To limit staff skills,"To enhance the knowledge, skills, and abilities of nursing staff",To reduce training opportunities,To promote stagnation,b,B,198,16-07-2025 14:32
Which of the following is an example of staff development?,Avoiding new technologies,Providing in-service training and continuing education programs,Ignoring professional growth,Relying solely on on-the-job learning,b,B,198,16-07-2025 14:32
What is the primary purpose of a healthy work environment in nursing?,To promote stress and burnout,"To foster a supportive, respectful, and safe environment for nurses to thrive",To encourage conflict,To ignore staff well-being,b,B,198,16-07-2025 14:32
Which of the following is a characteristic of a healthy work environment?,Poor communication,"Open communication, psychological safety, and fair treatment",High turnover rates,Lack of recognition,b,B,198,16-07-2025 14:32
What is the primary purpose of shared governance in nursing?,To centralize decision-making,To empower nurses to participate in decision-making processes that affect their practice,To exclude nurses from leadership,To maintain a hierarchical structure,b,B,198,16-07-2025 14:32
Which of the following is a benefit of shared governance?,Decreased nurse autonomy,Increased job satisfaction and improved patient outcomes,Reduced accountability,Limited professional development,b,B,198,16-07-2025 14:32
What is the primary purpose of Magnet Recognition Program in nursing?,To recognize hospitals with poor nursing care,To recognize healthcare organizations that demonstrate excellence in nursing practice,To promote mediocrity,To increase staff dissatisfaction,b,B,198,16-07-2025 14:32
Which of the following is a characteristic of a Magnet-recognized organization?,High nurse-to-patient ratios,Strong nursing leadership and professional development opportunities,Limited autonomy for nurses,Poor patient outcomes,b,B,198,16-07-2025 14:32
What is the primary purpose of professional image in nursing?,To appear unprofessional,To project a positive and competent image of the nursing profession,To disregard appearance,To create a negative perception,b,B,198,16-07-2025 14:32
Which of the following contributes to a positive professional image?,Unkempt appearance,Adhering to dress codes and professional conduct,Using slang and unprofessional language,Ignoring ethical guidelines,b,B,198,16-07-2025 14:32
What is the primary purpose of professional boundaries in nursing?,To create distance between nurses and patients,To define appropriate limits in the nurse-patient relationship,To encourage over-involvement,To blur lines of responsibility,b,B,198,16-07-2025 14:32
Which of the following is an example of maintaining professional boundaries?,Sharing personal problems with patients,Accepting expensive gifts from patients,Avoiding dual relationships with patients,Spending excessive time with one patient,c,C,198,16-07-2025 14:32
What is the primary purpose of self-reflection in nursing?,To avoid personal growth,To critically examine one's own practice and identify areas for improvement,To blame others for mistakes,To ignore feedback,b,B,198,16-07-2025 14:32
Which of the following is a benefit of self-reflection?,Stagnation in practice,Enhanced self-awareness and professional development,Increased errors,Decreased empathy,b,B,198,16-07-2025 14:32
What is the primary purpose of mentorship in nursing?,To create dependency,"To provide guidance, support, and role modeling for less experienced nurses",To discourage learning,To promote isolation,b,B,198,16-07-2025 14:32
Which of the following is a characteristic of an effective mentor?,Critical and unsupportive,"Knowledgeable, experienced, and encouraging",Unavailable and distant,Self-centered,b,B,198,16-07-2025 14:32
What is the primary purpose of preceptorship in nursing?,To provide informal guidance only,"To provide structured, supervised clinical experience for new nurses",To avoid direct patient care,To limit learning opportunities,b,B,198,16-07-2025 14:32
Which of the following is a key role of a preceptor?,Ignoring the preceptee's learning needs,Providing direct supervision and feedback on clinical skills,Allowing the preceptee to make critical errors,Avoiding teaching opportunities,b,B,198,16-07-2025 14:32
What is the primary purpose of continuing professional development (CPD) in nursing?,To avoid new knowledge,To maintain and enhance professional competence throughout one's career,To become stagnant in practice,To limit career advancement,b,B,198,16-07-2025 14:32
Which of the following is an example of CPD?,Refusing to attend workshops,"Attending conferences, completing online courses, and reading professional journals",Relying solely on initial education,Ignoring new research findings,b,B,198,16-07-2025 14:32
What is the primary purpose of nursing informatics?,To complicate patient care,"To integrate nursing science, computer science, and information science to manage and communicate data, information, and knowledge in nursing practice",To replace nurses with computers,To limit access to patient information,b,B,199,16-07-2025 14:32
Which of the following is a benefit of nursing informatics?,Increased medication errors,Improved patient safety and efficiency of care,Decreased communication,More paperwork,b,B,199,16-07-2025 14:32
What is the primary purpose of telehealth in nursing?,To replace in-person care entirely,To provide healthcare services remotely using technology,To limit access to care,To increase healthcare costs,b,B,199,16-07-2025 14:32
Which of the following is a benefit of telehealth?,Decreased patient access to care,Improved access to care for rural populations,Increased travel time for patients,Limited communication with healthcare providers,b,B,199,16-07-2025 14:32
What is the primary purpose of simulation in nursing education?,To replace clinical experience,To provide a safe and realistic environment for students to practice clinical skills,To increase student anxiety,To limit learning opportunities,b,B,199,16-07-2025 14:32
Which of the following is a benefit of simulation?,Decreased critical thinking skills,Improved clinical judgment and decision-making,Increased risk to patients,Limited feedback,b,B,199,16-07-2025 14:32
What is the primary purpose of debriefing after a clinical experience or simulation?,To criticize performance,"To facilitate reflection, learning, and emotional processing",To avoid discussion of errors,To assign blame,b,B,199,16-07-2025 14:32
Which of the following is a key aspect of effective debriefing?,One-way communication,Open and honest discussion in a non-judgmental environment,Focusing only on negative aspects,Avoiding emotional responses,b,B,199,16-07-2025 14:32
What is the primary purpose of a portfolio in nursing?,To showcase only perfect work,"To document professional growth, achievements, and competence",To hide weaknesses,To avoid self-assessment,b,B,199,16-07-2025 14:32
Which of the following should be included in a nursing portfolio?,Personal opinions about colleagues,"Resumes, certifications, and examples of professional work",Unrelated personal documents,Gossip and rumors,b,B,199,16-07-2025 14:32
What is the primary purpose of professional accountability in nursing?,To avoid responsibility,To be answerable for one's actions and decisions in practice,To blame others for mistakes,To ignore consequences,b,B,199,16-07-2025 14:32
Which of the following is a characteristic of a professionally accountable nurse?,Denying errors,Taking responsibility for actions and seeking to learn from mistakes,Avoiding feedback,Blaming the system,b,B,199,16-07-2025 14:32
What is the primary purpose of professional advocacy in nursing?,To promote personal gain,To speak up for the nursing profession and its role in healthcare,To undermine other healthcare professions,To remain silent on important issues,b,B,199,16-07-2025 14:32
Which of the following is an example of professional advocacy?,Complaining about working conditions without seeking solutions,Participating in policy-making and legislative efforts to improve healthcare,Ignoring professional organizations,Focusing only on individual patient care,b,B,199,16-07-2025 14:32
What is the primary purpose of leadership in nursing?,To control others,To inspire and guide individuals and teams towards achieving common goals,To avoid responsibility,To maintain the status quo,b,B,199,16-07-2025 14:32
Which of the following is a characteristic of an effective nursing leader?,Autocratic and dictatorial,"Collaborative, supportive, and visionary",Indecisive and passive,Self-serving,b,B,199,16-07-2025 14:32
What is the primary purpose of management in nursing?,To avoid organization,"To plan, organize, staff, direct, and control resources to achieve organizational goals",To create chaos,To ignore efficiency,b,B,199,16-07-2025 14:32
Which of the following is a key function of nursing management?,Ignoring budget constraints,Resource allocation and scheduling,Avoiding decision-making,Micromanaging staff,b,B,199,16-07-2025 14:32
What is the primary purpose of change management in nursing?,To resist all changes,"To facilitate the successful implementation of new processes, technologies, or policies",To create confusion,To ignore staff concerns,b,B,199,16-07-2025 14:32
Which of the following is a key principle of change management?,Imposing change without explanation,Involving stakeholders and communicating clearly,Avoiding feedback,Ignoring resistance,b,B,199,16-07-2025 14:32
What is the primary purpose of quality assurance (QA) in nursing?,To identify individual errors only,To ensure that nursing care meets established standards and benchmarks,To ignore quality issues,To reduce accountability,b,B,199,16-07-2025 14:32
Which of the following is a common QA activity?,Random inspections without criteria,Chart audits and peer reviews,Ignoring patient complaints,Focusing only on negative outcomes,b,B,199,16-07-2025 14:32
What is the primary purpose of risk management in nursing?,To increase risks,"To identify, assess, and mitigate potential risks to patients and the organization",To ignore safety concerns,To blame individuals for adverse events,b,B,199,16-07-2025 14:32
Which of the following is a key component of risk management?,Hiding incidents,Incident reporting and analysis,Avoiding preventative measures,Ignoring near misses,b,B,199,16-07-2025 14:32
What is the primary purpose of patient satisfaction surveys in nursing?,To ignore patient feedback,To gather feedback on patient experiences and identify areas for improvement,To increase patient complaints,To solely focus on positive comments,b,B,199,16-07-2025 14:32
Which of the following is a benefit of patient satisfaction surveys?,Decreased patient engagement,Improved patient-centered care,Increased staff dissatisfaction,Limited understanding of patient needs,b,B,199,16-07-2025 14:32
What is the primary purpose of a grievance process in nursing?,To ignore staff concerns,To provide a formal mechanism for addressing employee complaints and disputes,To suppress dissent,To create an adversarial environment,b,B,199,16-07-2025 14:32
Which of the following is a key principle of a fair grievance process?,Bias and favoritism,"Timeliness, impartiality, and confidentiality",Lack of transparency,Retaliation against complainants,b,B,199,16-07-2025 14:32
What is the primary purpose of performance appraisal in nursing?,To criticize staff,"To evaluate employee performance, provide feedback, and identify development needs",To avoid professional growth,To discourage motivation,b,B,199,16-07-2025 14:32
Which of the following is a characteristic of an effective performance appraisal?,Subjective and biased,"Objective, fair, and constructive",Infrequent and informal,Focused only on weaknesses,b,B,199,16-07-2025 14:32
What is the primary purpose of staff development in nursing?,To limit staff skills,"To enhance the knowledge, skills, and abilities of nursing staff",To reduce training opportunities,To promote stagnation,b,B,199,16-07-2025 14:32
Which of the following is an example of staff development?,Avoiding new technologies,Providing in-service training and continuing education programs,Ignoring professional growth,Relying solely on on-the-job learning,b,B,199,16-07-2025 14:32
What is the primary purpose of a healthy work environment in nursing?,To promote stress and burnout,"To foster a supportive, respectful, and safe environment for nurses to thrive",To encourage conflict,To ignore staff well-being,b,B,199,16-07-2025 14:32
Which of the following is a characteristic of a healthy work environment?,Poor communication,"Open communication, psychological safety, and fair treatment",High turnover rates,Lack of recognition,b,B,199,16-07-2025 14:32
What is the primary purpose of shared governance in nursing?,To centralize decision-making,To empower nurses to participate in decision-making processes that affect their practice,To exclude nurses from leadership,To maintain a hierarchical structure,b,B,199,16-07-2025 14:32
Which of the following is a benefit of shared governance?,Decreased nurse autonomy,Increased job satisfaction and improved patient outcomes,Reduced accountability,Limited professional development,b,B,199,16-07-2025 14:32
What is the primary purpose of Magnet Recognition Program in nursing?,To recognize hospitals with poor nursing care,To recognize healthcare organizations that demonstrate excellence in nursing practice,To promote mediocrity,To increase staff dissatisfaction,b,B,199,16-07-2025 14:32
Which of the following is a characteristic of a Magnet-recognized organization?,High nurse-to-patient ratios,Strong nursing leadership and professional development opportunities,Limited autonomy for nurses,Poor patient outcomes,b,B,199,16-07-2025 14:32
What is the primary purpose of professional image in nursing?,To appear unprofessional,To project a positive and competent image of the nursing profession,To disregard appearance,To create a negative perception,b,B,199,16-07-2025 14:32
Which of the following contributes to a positive professional image?,Unkempt appearance,Adhering to dress codes and professional conduct,Using slang and unprofessional language,Ignoring ethical guidelines,b,B,199,16-07-2025 14:32
What is the primary purpose of professional boundaries in nursing?,To create distance between nurses and patients,To define appropriate limits in the nurse-patient relationship,To encourage over-involvement,To blur lines of responsibility,b,B,199,16-07-2025 14:32
Which of the following is an example of maintaining professional boundaries?,Sharing personal problems with patients,Accepting expensive gifts from patients,Avoiding dual relationships with patients,Spending excessive time with one patient,c,C,199,16-07-2025 14:32
What is the primary purpose of self-reflection in nursing?,To avoid personal growth,To critically examine one's own practice and identify areas for improvement,To blame others for mistakes,To ignore feedback,b,B,199,16-07-2025 14:32
Which of the following is a benefit of self-reflection?,Stagnation in practice,Enhanced self-awareness and professional development,Increased errors,Decreased empathy,b,B,199,16-07-2025 14:32
What is the primary purpose of mentorship in nursing?,To create dependency,"To provide guidance, support, and role modeling for less experienced nurses",To discourage learning,To promote isolation,b,B,199,16-07-2025 14:32
Which of the following is a characteristic of an effective mentor?,Critical and unsupportive,"Knowledgeable, experienced, and encouraging",Unavailable and distant,Self-centered,b,B,199,16-07-2025 14:32
What is the primary purpose of preceptorship in nursing?,To provide informal guidance only,"To provide structured, supervised clinical experience for new nurses",To avoid direct patient care,To limit learning opportunities,b,B,199,16-07-2025 14:32
Which of the following is a key role of a preceptor?,Ignoring the preceptee's learning needs,Providing direct supervision and feedback on clinical skills,Allowing the preceptee to make critical errors,Avoiding teaching opportunities,b,B,199,16-07-2025 14:32
What is the primary purpose of continuing professional development (CPD) in nursing?,To avoid new knowledge,To maintain and enhance professional competence throughout one's career,To become stagnant in practice,To limit career advancement,b,B,199,16-07-2025 14:32
Which of the following is an example of CPD?,Refusing to attend workshops,"Attending conferences, completing online courses, and reading professional journals",Relying solely on initial education,Ignoring new research findings,b,B,199,16-07-2025 14:32
What is the primary purpose of nursing informatics?,To complicate patient care,"To integrate nursing science, computer science, and information science to manage and communicate data, information, and knowledge in nursing practice",To replace nurses with computers,To limit access to patient information,b,B,200,16-07-2025 14:32
Which of the following is a benefit of nursing informatics?,Increased medication errors,Improved patient safety and efficiency of care,Decreased communication,More paperwork,b,B,200,16-07-2025 14:32
What is the primary purpose of telehealth in nursing?,To replace in-person care entirely,To provide healthcare services remotely using technology,To limit access to care,To increase healthcare costs,b,B,200,16-07-2025 14:32
Which of the following is a benefit of telehealth?,Decreased patient access to care,Improved access to care for rural populations,Increased travel time for patients,Limited communication with healthcare providers,b,B,200,16-07-2025 14:32
What is the primary purpose of simulation in nursing education?,To replace clinical experience,To provide a safe and realistic environment for students to practice clinical skills,To increase student anxiety,To limit learning opportunities,b,B,200,16-07-2025 14:32
Which of the following is a benefit of simulation?,Decreased critical thinking skills,Improved clinical judgment and decision-making,Increased risk to patients,Limited feedback,b,B,200,16-07-2025 14:32
What is the primary purpose of debriefing after a clinical experience or simulation?,To criticize performance,"To facilitate reflection, learning, and emotional processing",To avoid discussion of errors,To assign blame,b,B,200,16-07-2025 14:32
Which of the following is a key aspect of effective debriefing?,One-way communication,Open and honest discussion in a non-judgmental environment,Focusing only on negative aspects,Avoiding emotional responses,b,B,200,16-07-2025 14:32
What is the primary purpose of a portfolio in nursing?,To showcase only perfect work,"To document professional growth, achievements, and competence",To hide weaknesses,To avoid self-assessment,b,B,200,16-07-2025 14:32
Which of the following should be included in a nursing portfolio?,Personal opinions about colleagues,"Resumes, certifications, and examples of professional work",Unrelated personal documents,Gossip and rumors,b,B,200,16-07-2025 14:32
What is the primary purpose of professional accountability in nursing?,To avoid responsibility,To be answerable for one's actions and decisions in practice,To blame others for mistakes,To ignore consequences,b,B,200,16-07-2025 14:32
Which of the following is a characteristic of a professionally accountable nurse?,Denying errors,Taking responsibility for actions and seeking to learn from mistakes,Avoiding feedback,Blaming the system,b,B,200,16-07-2025 14:32
What is the primary purpose of professional advocacy in nursing?,To promote personal gain,To speak up for the nursing profession and its role in healthcare,To undermine other healthcare professions,To remain silent on important issues,b,B,200,16-07-2025 14:32
Which of the following is an example of professional advocacy?,Complaining about working conditions without seeking solutions,Participating in policy-making and legislative efforts to improve healthcare,Ignoring professional organizations,Focusing only on individual patient care,b,B,200,16-07-2025 14:32
What is the primary purpose of leadership in nursing?,To control others,To inspire and guide individuals and teams towards achieving common goals,To avoid responsibility,To maintain the status quo,b,B,200,16-07-2025 14:32
Which of the following is a characteristic of an effective nursing leader?,Autocratic and dictatorial,"Collaborative, supportive, and visionary",Indecisive and passive,Self-serving,b,B,200,16-07-2025 14:32
What is the primary purpose of management in nursing?,To avoid organization,"To plan, organize, staff, direct, and control resources to achieve organizational goals",To create chaos,To ignore efficiency,b,B,200,16-07-2025 14:32
Which of the following is a key function of nursing management?,Ignoring budget constraints,Resource allocation and scheduling,Avoiding decision-making,Micromanaging staff,b,B,200,16-07-2025 14:32
What is the primary purpose of change management in nursing?,To resist all changes,"To facilitate the successful implementation of new processes, technologies, or policies",To create confusion,To ignore staff concerns,b,B,200,16-07-2025 14:32
Which of the following is a key principle of change management?,Imposing change without explanation,Involving stakeholders and communicating clearly,Avoiding feedback,Ignoring resistance,b,B,200,16-07-2025 14:32
What is the primary purpose of quality assurance (QA) in nursing?,To identify individual errors only,To ensure that nursing care meets established standards and benchmarks,To ignore quality issues,To reduce accountability,b,B,200,16-07-2025 14:32
Which of the following is a common QA activity?,Random inspections without criteria,Chart audits and peer reviews,Ignoring patient complaints,Focusing only on negative outcomes,b,B,200,16-07-2025 14:32
What is the primary purpose of risk management in nursing?,To increase risks,"To identify, assess, and mitigate potential risks to patients and the organization",To ignore safety concerns,To blame individuals for adverse events,b,B,200,16-07-2025 14:32
Which of the following is a key component of risk management?,Hiding incidents,Incident reporting and analysis,Avoiding preventative measures,Ignoring near misses,b,B,200,16-07-2025 14:32
What is the primary purpose of patient satisfaction surveys in nursing?,To ignore patient feedback,To gather feedback on patient experiences and identify areas for improvement,To increase patient complaints,To solely focus on positive comments,b,B,200,16-07-2025 14:32
Which of the following is a benefit of patient satisfaction surveys?,Decreased patient engagement,Improved patient-centered care,Increased staff dissatisfaction,Limited understanding of patient needs,b,B,200,16-07-2025 14:32
What is the primary purpose of a grievance process in nursing?,To ignore staff concerns,To provide a formal mechanism for addressing employee complaints and disputes,To suppress dissent,To create an adversarial environment,b,B,200,16-07-2025 14:32
Which of the following is a key principle of a fair grievance process?,Bias and favoritism,"Timeliness, impartiality, and confidentiality",Lack of transparency,Retaliation against complainants,b,B,200,16-07-2025 14:32
What is the primary purpose of performance appraisal in nursing?,To criticize staff,"To evaluate employee performance, provide feedback, and identify development needs",To avoid professional growth,To discourage motivation,b,B,200,16-07-2025 14:32
Which of the following is a characteristic of an effective performance appraisal?,Subjective and biased,"Objective, fair, and constructive",Infrequent and informal,Focused only on weaknesses,b,B,200,16-07-2025 14:32
What is the primary purpose of staff development in nursing?,To limit staff skills,"To enhance the knowledge, skills, and abilities of nursing staff",To reduce training opportunities,To promote stagnation,b,B,200,16-07-2025 14:32
Which of the following is an example of staff development?,Avoiding new technologies,Providing in-service training and continuing education programs,Ignoring professional growth,Relying solely on on-the-job learning,b,B,200,16-07-2025 14:32
What is the primary purpose of a healthy work environment in nursing?,To promote stress and burnout,"To foster a supportive, respectful, and safe environment for nurses to thrive",To encourage conflict,To ignore staff well-being,b,B,200,16-07-2025 14:32
Which of the following is a characteristic of a healthy work environment?,Poor communication,"Open communication, psychological safety, and fair treatment",High turnover rates,Lack of recognition,b,B,200,16-07-2025 14:32
What is the primary purpose of shared governance in nursing?,To centralize decision-making,To empower nurses to participate in decision-making processes that affect their practice,To exclude nurses from leadership,To maintain a hierarchical structure,b,B,200,16-07-2025 14:32
Which of the following is a benefit of shared governance?,Decreased nurse autonomy,Increased job satisfaction and improved patient outcomes,Reduced accountability,Limited professional development,b,B,200,16-07-2025 14:32
What is the primary purpose of Magnet Recognition Program in nursing?,To recognize hospitals with poor nursing care,To recognize healthcare organizations that demonstrate excellence in nursing practice,To promote mediocrity,To increase staff dissatisfaction,b,B,200,16-07-2025 14:32
Which of the following is a characteristic of a Magnet-recognized organization?,High nurse-to-patient ratios,Strong nursing leadership and professional development opportunities,Limited autonomy for nurses,Poor patient outcomes,b,B,200,16-07-2025 14:32
What is the primary purpose of professional image in nursing?,To appear unprofessional,To project a positive and competent image of the nursing profession,To disregard appearance,To create a negative perception,b,B,200,16-07-2025 14:32
Which of the following contributes to a positive professional image?,Unkempt appearance,Adhering to dress codes and professional conduct,Using slang and unprofessional language,Ignoring ethical guidelines,b,B,200,16-07-2025 14:32
What is the primary purpose of professional boundaries in nursing?,To create distance between nurses and patients,To define appropriate limits in the nurse-patient relationship,To encourage over-involvement,To blur lines of responsibility,b,B,200,16-07-2025 14:32
Which of the following is an example of maintaining professional boundaries?,Sharing personal problems with patients,Accepting expensive gifts from patients,Avoiding dual relationships with patients,Spending excessive time with one patient,c,C,200,16-07-2025 14:32
What is the primary purpose of self-reflection in nursing?,To avoid personal growth,To critically examine one's own practice and identify areas for improvement,To blame others for mistakes,To ignore feedback,b,B,200,16-07-2025 14:32
Which of the following is a benefit of self-reflection?,Stagnation in practice,Enhanced self-awareness and professional development,Increased errors,Decreased empathy,b,B,200,16-07-2025 14:32
What is the primary purpose of mentorship in nursing?,To create dependency,"To provide guidance, support, and role modeling for less experienced nurses",To discourage learning,To promote isolation,b,B,200,16-07-2025 14:32
Which of the following is a characteristic of an effective mentor?,Critical and unsupportive,"Knowledgeable, experienced, and encouraging",Unavailable and distant,Self-centered,b,B,200,16-07-2025 14:32
What is the primary purpose of preceptorship in nursing?,To provide informal guidance only,"To provide structured, supervised clinical experience for new nurses",To avoid direct patient care,To limit learning opportunities,b,B,200,16-07-2025 14:32
Which of the following is a key role of a preceptor?,Ignoring the preceptee's learning needs,Providing direct supervision and feedback on clinical skills,Allowing the preceptee to make critical errors,Avoiding teaching opportunities,b,B,200,16-07-2025 14:32
What is the primary purpose of continuing professional development (CPD) in nursing?,To avoid new knowledge,To maintain and enhance professional competence throughout one's career,To become stagnant in practice,To limit career advancement,b,B,200,16-07-2025 14:32
Which of the following is an example of CPD?,Refusing to attend workshops,"Attending conferences, completing online courses, and reading professional journals",Relying solely on initial education,Ignoring new research findings,b,B,200,16-07-2025 14:32
What is the primary purpose of nursing informatics?,To complicate patient care,"To integrate nursing science, computer science, and information science to manage and communicate data, information, and knowledge in nursing practice",To replace nurses with computers,To limit access to patient information,b,B,201,16-07-2025 14:32
Which of the following is a benefit of nursing informatics?,Increased medication errors,Improved patient safety and efficiency of care,Decreased communication,More paperwork,b,B,201,16-07-2025 14:32
What is the primary purpose of telehealth in nursing?,To replace in-person care entirely,To provide healthcare services remotely using technology,To limit access to care,To increase healthcare costs,b,B,201,16-07-2025 14:32
Which of the following is a benefit of telehealth?,Decreased patient access to care,Improved access to care for rural populations,Increased travel time for patients,Limited communication with healthcare providers,b,B,201,16-07-2025 14:32
What is the primary purpose of simulation in nursing education?,To replace clinical experience,To provide a safe and realistic environment for students to practice clinical skills,To increase student anxiety,To limit learning opportunities,b,B,201,16-07-2025 14:32
Which of the following is a benefit of simulation?,Decreased critical thinking skills,Improved clinical judgment and decision-making,Increased risk to patients,Limited feedback,b,B,201,16-07-2025 14:32
What is the primary purpose of debriefing after a clinical experience or simulation?,To criticize performance,"To facilitate reflection, learning, and emotional processing",To avoid discussion of errors,To assign blame,b,B,201,16-07-2025 14:32
Which of the following is a key aspect of effective debriefing?,One-way communication,Open and honest discussion in a non-judgmental environment,Focusing only on negative aspects,Avoiding emotional responses,b,B,201,16-07-2025 14:32
What is the primary purpose of a portfolio in nursing?,To showcase only perfect work,"To document professional growth, achievements, and competence",To hide weaknesses,To avoid self-assessment,b,B,201,16-07-2025 14:32
Which of the following should be included in a nursing portfolio?,Personal opinions about colleagues,"Resumes, certifications, and examples of professional work",Unrelated personal documents,Gossip and rumors,b,B,201,16-07-2025 14:32
What is the primary purpose of professional accountability in nursing?,To avoid responsibility,To be answerable for one's actions and decisions in practice,To blame others for mistakes,To ignore consequences,b,B,201,16-07-2025 14:32
Which of the following is a characteristic of a professionally accountable nurse?,Denying errors,Taking responsibility for actions and seeking to learn from mistakes,Avoiding feedback,Blaming the system,b,B,201,16-07-2025 14:32
What is the primary purpose of professional advocacy in nursing?,To promote personal gain,To speak up for the nursing profession and its role in healthcare,To undermine other healthcare professions,To remain silent on important issues,b,B,201,16-07-2025 14:32
Which of the following is an example of professional advocacy?,Complaining about working conditions without seeking solutions,Participating in policy-making and legislative efforts to improve healthcare,Ignoring professional organizations,Focusing only on individual patient care,b,B,201,16-07-2025 14:32
What is the primary purpose of leadership in nursing?,To control others,To inspire and guide individuals and teams towards achieving common goals,To avoid responsibility,To maintain the status quo,b,B,201,16-07-2025 14:32
Which of the following is a characteristic of an effective nursing leader?,Autocratic and dictatorial,"Collaborative, supportive, and visionary",Indecisive and passive,Self-serving,b,B,201,16-07-2025 14:32
What is the primary purpose of management in nursing?,To avoid organization,"To plan, organize, staff, direct, and control resources to achieve organizational goals",To create chaos,To ignore efficiency,b,B,201,16-07-2025 14:32
Which of the following is a key function of nursing management?,Ignoring budget constraints,Resource allocation and scheduling,Avoiding decision-making,Micromanaging staff,b,B,201,16-07-2025 14:32
What is the primary purpose of change management in nursing?,To resist all changes,"To facilitate the successful implementation of new processes, technologies, or policies",To create confusion,To ignore staff concerns,b,B,201,16-07-2025 14:32
Which of the following is a key principle of change management?,Imposing change without explanation,Involving stakeholders and communicating clearly,Avoiding feedback,Ignoring resistance,b,B,201,16-07-2025 14:32
What is the primary purpose of quality assurance (QA) in nursing?,To identify individual errors only,To ensure that nursing care meets established standards and benchmarks,To ignore quality issues,To reduce accountability,b,B,201,16-07-2025 14:32
Which of the following is a common QA activity?,Random inspections without criteria,Chart audits and peer reviews,Ignoring patient complaints,Focusing only on negative outcomes,b,B,201,16-07-2025 14:32
What is the primary purpose of risk management in nursing?,To increase risks,"To identify, assess, and mitigate potential risks to patients and the organization",To ignore safety concerns,To blame individuals for adverse events,b,B,201,16-07-2025 14:32
Which of the following is a key component of risk management?,Hiding incidents,Incident reporting and analysis,Avoiding preventative measures,Ignoring near misses,b,B,201,16-07-2025 14:32
What is the primary purpose of patient satisfaction surveys in nursing?,To ignore patient feedback,To gather feedback on patient experiences and identify areas for improvement,To increase patient complaints,To solely focus on positive comments,b,B,201,16-07-2025 14:32
Which of the following is a benefit of patient satisfaction surveys?,Decreased patient engagement,Improved patient-centered care,Increased staff dissatisfaction,Limited understanding of patient needs,b,B,201,16-07-2025 14:32
What is the primary purpose of a grievance process in nursing?,To ignore staff concerns,To provide a formal mechanism for addressing employee complaints and disputes,To suppress dissent,To create an adversarial environment,b,B,201,16-07-2025 14:32
Which of the following is a key principle of a fair grievance process?,Bias and favoritism,"Timeliness, impartiality, and confidentiality",Lack of transparency,Retaliation against complainants,b,B,201,16-07-2025 14:32
What is the primary purpose of performance appraisal in nursing?,To criticize staff,"To evaluate employee performance, provide feedback, and identify development needs",To avoid professional growth,To discourage motivation,b,B,201,16-07-2025 14:32
Which of the following is a characteristic of an effective performance appraisal?,Subjective and biased,"Objective, fair, and constructive",Infrequent and informal,Focused only on weaknesses,b,B,201,16-07-2025 14:32
What is the primary purpose of staff development in nursing?,To limit staff skills,"To enhance the knowledge, skills, and abilities of nursing staff",To reduce training opportunities,To promote stagnation,b,B,201,16-07-2025 14:32
Which of the following is an example of staff development?,Avoiding new technologies,Providing in-service training and continuing education programs,Ignoring professional growth,Relying solely on on-the-job learning,b,B,201,16-07-2025 14:32
What is the primary purpose of a healthy work environment in nursing?,To promote stress and burnout,"To foster a supportive, respectful, and safe environment for nurses to thrive",To encourage conflict,To ignore staff well-being,b,B,201,16-07-2025 14:32
Which of the following is a characteristic of a healthy work environment?,Poor communication,"Open communication, psychological safety, and fair treatment",High turnover rates,Lack of recognition,b,B,201,16-07-2025 14:32
What is the primary purpose of shared governance in nursing?,To centralize decision-making,To empower nurses to participate in decision-making processes that affect their practice,To exclude nurses from leadership,To maintain a hierarchical structure,b,B,201,16-07-2025 14:32
Which of the following is a benefit of shared governance?,Decreased nurse autonomy,Increased job satisfaction and improved patient outcomes,Reduced accountability,Limited professional development,b,B,201,16-07-2025 14:32
What is the primary purpose of Magnet Recognition Program in nursing?,To recognize hospitals with poor nursing care,To recognize healthcare organizations that demonstrate excellence in nursing practice,To promote mediocrity,To increase staff dissatisfaction,b,B,201,16-07-2025 14:32
Which of the following is a characteristic of a Magnet-recognized organization?,High nurse-to-patient ratios,Strong nursing leadership and professional development opportunities,Limited autonomy for nurses,Poor patient outcomes,b,B,201,16-07-2025 14:32
What is the primary purpose of professional image in nursing?,To appear unprofessional,To project a positive and competent image of the nursing profession,To disregard appearance,To create a negative perception,b,B,201,16-07-2025 14:32
Which of the following contributes to a positive professional image?,Unkempt appearance,Adhering to dress codes and professional conduct,Using slang and unprofessional language,Ignoring ethical guidelines,b,B,201,16-07-2025 14:32
What is the primary purpose of professional boundaries in nursing?,To create distance between nurses and patients,To define appropriate limits in the nurse-patient relationship,To encourage over-involvement,To blur lines of responsibility,b,B,201,16-07-2025 14:32
Which of the following is an example of maintaining professional boundaries?,Sharing personal problems with patients,Accepting expensive gifts from patients,Avoiding dual relationships with patients,Spending excessive time with one patient,c,C,201,16-07-2025 14:32
What is the primary purpose of self-reflection in nursing?,To avoid personal growth,To critically examine one's own practice and identify areas for improvement,To blame others for mistakes,To ignore feedback,b,B,201,16-07-2025 14:32
Which of the following is a benefit of self-reflection?,Stagnation in practice,Enhanced self-awareness and professional development,Increased errors,Decreased empathy,b,B,201,16-07-2025 14:32
What is the primary purpose of mentorship in nursing?,To create dependency,"To provide guidance, support, and role modeling for less experienced nurses",To discourage learning,To promote isolation,b,B,201,16-07-2025 14:32
Which of the following is a characteristic of an effective mentor?,Critical and unsupportive,"Knowledgeable, experienced, and encouraging",Unavailable and distant,Self-centered,b,B,201,16-07-2025 14:32
What is the primary purpose of preceptorship in nursing?,To provide informal guidance only,"To provide structured, supervised clinical experience for new nurses",To avoid direct patient care,To limit learning opportunities,b,B,201,16-07-2025 14:32
Which of the following is a key role of a preceptor?,Ignoring the preceptee's learning needs,Providing direct supervision and feedback on clinical skills,Allowing the preceptee to make critical errors,Avoiding teaching opportunities,b,B,201,16-07-2025 14:32
What is the primary purpose of continuing professional development (CPD) in nursing?,To avoid new knowledge,To maintain and enhance professional competence throughout one's career,To become stagnant in practice,To limit career advancement,b,B,201,16-07-2025 14:32
Which of the following is an example of CPD?,Refusing to attend workshops,"Attending conferences, completing online courses, and reading professional journals",Relying solely on initial education,Ignoring new research findings,b,B,201,16-07-2025 14:32
What is the primary purpose of nursing informatics?,To complicate patient care,"To integrate nursing science, computer science, and information science to manage and communicate data, information, and knowledge in nursing practice",To replace nurses with computers,To limit access to patient information,b,B,202,16-07-2025 14:32
Which of the following is a benefit of nursing informatics?,Increased medication errors,Improved patient safety and efficiency of care,Decreased communication,More paperwork,b,B,202,16-07-2025 14:32
What is the primary purpose of telehealth in nursing?,To replace in-person care entirely,To provide healthcare services remotely using technology,To limit access to care,To increase healthcare costs,b,B,202,16-07-2025 14:32
Which of the following is a benefit of telehealth?,Decreased patient access to care,Improved access to care for rural populations,Increased travel time for patients,Limited communication with healthcare providers,b,B,202,16-07-2025 14:32
What is the primary purpose of simulation in nursing education?,To replace clinical experience,To provide a safe and realistic environment for students to practice clinical skills,To increase student anxiety,To limit learning opportunities,b,B,202,16-07-2025 14:32
Which of the following is a benefit of simulation?,Decreased critical thinking skills,Improved clinical judgment and decision-making,Increased risk to patients,Limited feedback,b,B,202,16-07-2025 14:32
What is the primary purpose of debriefing after a clinical experience or simulation?,To criticize performance,"To facilitate reflection, learning, and emotional processing",To avoid discussion of errors,To assign blame,b,B,202,16-07-2025 14:32
Which of the following is a key aspect of effective debriefing?,One-way communication,Open and honest discussion in a non-judgmental environment,Focusing only on negative aspects,Avoiding emotional responses,b,B,202,16-07-2025 14:32
What is the primary purpose of a portfolio in nursing?,To showcase only perfect work,"To document professional growth, achievements, and competence",To hide weaknesses,To avoid self-assessment,b,B,202,16-07-2025 14:32
Which of the following should be included in a nursing portfolio?,Personal opinions about colleagues,"Resumes, certifications, and examples of professional work",Unrelated personal documents,Gossip and rumors,b,B,202,16-07-2025 14:32
What is the primary purpose of professional accountability in nursing?,To avoid responsibility,To be answerable for one's actions and decisions in practice,To blame others for mistakes,To ignore consequences,b,B,202,16-07-2025 14:32
Which of the following is a characteristic of a professionally accountable nurse?,Denying errors,Taking responsibility for actions and seeking to learn from mistakes,Avoiding feedback,Blaming the system,b,B,202,16-07-2025 14:32
What is the primary purpose of professional advocacy in nursing?,To promote personal gain,To speak up for the nursing profession and its role in healthcare,To undermine other healthcare professions,To remain silent on important issues,b,B,202,16-07-2025 14:32
Which of the following is an example of professional advocacy?,Complaining about working conditions without seeking solutions,Participating in policy-making and legislative efforts to improve healthcare,Ignoring professional organizations,Focusing only on individual patient care,b,B,202,16-07-2025 14:32
What is the primary purpose of leadership in nursing?,To control others,To inspire and guide individuals and teams towards achieving common goals,To avoid responsibility,To maintain the status quo,b,B,202,16-07-2025 14:32
Which of the following is a characteristic of an effective nursing leader?,Autocratic and dictatorial,"Collaborative, supportive, and visionary",Indecisive and passive,Self-serving,b,B,202,16-07-2025 14:32
What is the primary purpose of management in nursing?,To avoid organization,"To plan, organize, staff, direct, and control resources to achieve organizational goals",To create chaos,To ignore efficiency,b,B,202,16-07-2025 14:32
Which of the following is a key function of nursing management?,Ignoring budget constraints,Resource allocation and scheduling,Avoiding decision-making,Micromanaging staff,b,B,202,16-07-2025 14:32
What is the primary purpose of change management in nursing?,To resist all changes,"To facilitate the successful implementation of new processes, technologies, or policies",To create confusion,To ignore staff concerns,b,B,202,16-07-2025 14:32
Which of the following is a key principle of change management?,Imposing change without explanation,Involving stakeholders and communicating clearly,Avoiding feedback,Ignoring resistance,b,B,202,16-07-2025 14:32
What is the primary purpose of quality assurance (QA) in nursing?,To identify individual errors only,To ensure that nursing care meets established standards and benchmarks,To ignore quality issues,To reduce accountability,b,B,202,16-07-2025 14:32
Which of the following is a common QA activity?,Random inspections without criteria,Chart audits and peer reviews,Ignoring patient complaints,Focusing only on negative outcomes,b,B,202,16-07-2025 14:32
What is the primary purpose of risk management in nursing?,To increase risks,"To identify, assess, and mitigate potential risks to patients and the organization",To ignore safety concerns,To blame individuals for adverse events,b,B,202,16-07-2025 14:32
Which of the following is a key component of risk management?,Hiding incidents,Incident reporting and analysis,Avoiding preventative measures,Ignoring near misses,b,B,202,16-07-2025 14:32
What is the primary purpose of patient satisfaction surveys in nursing?,To ignore patient feedback,To gather feedback on patient experiences and identify areas for improvement,To increase patient complaints,To solely focus on positive comments,b,B,202,16-07-2025 14:32
Which of the following is a benefit of patient satisfaction surveys?,Decreased patient engagement,Improved patient-centered care,Increased staff dissatisfaction,Limited understanding of patient needs,b,B,202,16-07-2025 14:32
What is the primary purpose of a grievance process in nursing?,To ignore staff concerns,To provide a formal mechanism for addressing employee complaints and disputes,To suppress dissent,To create an adversarial environment,b,B,202,16-07-2025 14:32
Which of the following is a key principle of a fair grievance process?,Bias and favoritism,"Timeliness, impartiality, and confidentiality",Lack of transparency,Retaliation against complainants,b,B,202,16-07-2025 14:32
What is the primary purpose of performance appraisal in nursing?,To criticize staff,"To evaluate employee performance, provide feedback, and identify development needs",To avoid professional growth,To discourage motivation,b,B,202,16-07-2025 14:32
Which of the following is a characteristic of an effective performance appraisal?,Subjective and biased,"Objective, fair, and constructive",Infrequent and informal,Focused only on weaknesses,b,B,202,16-07-2025 14:32
What is the primary purpose of staff development in nursing?,To limit staff skills,"To enhance the knowledge, skills, and abilities of nursing staff",To reduce training opportunities,To promote stagnation,b,B,202,16-07-2025 14:32
Which of the following is an example of staff development?,Avoiding new technologies,Providing in-service training and continuing education programs,Ignoring professional growth,Relying solely on on-the-job learning,b,B,202,16-07-2025 14:32
What is the primary purpose of a healthy work environment in nursing?,To promote stress and burnout,"To foster a supportive, respectful, and safe environment for nurses to thrive",To encourage conflict,To ignore staff well-being,b,B,202,16-07-2025 14:32
Which of the following is a characteristic of a healthy work environment?,Poor communication,"Open communication, psychological safety, and fair treatment",High turnover rates,Lack of recognition,b,B,202,16-07-2025 14:32
What is the primary purpose of shared governance in nursing?,To centralize decision-making,To empower nurses to participate in decision-making processes that affect their practice,To exclude nurses from leadership,To maintain a hierarchical structure,b,B,202,16-07-2025 14:32
Which of the following is a benefit of shared governance?,Decreased nurse autonomy,Increased job satisfaction and improved patient outcomes,Reduced accountability,Limited professional development,b,B,202,16-07-2025 14:32
What is the primary purpose of Magnet Recognition Program in nursing?,To recognize hospitals with poor nursing care,To recognize healthcare organizations that demonstrate excellence in nursing practice,To promote mediocrity,To increase staff dissatisfaction,b,B,202,16-07-2025 14:32
Which of the following is a characteristic of a Magnet-recognized organization?,High nurse-to-patient ratios,Strong nursing leadership and professional development opportunities,Limited autonomy for nurses,Poor patient outcomes,b,B,202,16-07-2025 14:32
What is the primary purpose of professional image in nursing?,To appear unprofessional,To project a positive and competent image of the nursing profession,To disregard appearance,To create a negative perception,b,B,202,16-07-2025 14:32
Which of the following contributes to a positive professional image?,Unkempt appearance,Adhering to dress codes and professional conduct,Using slang and unprofessional language,Ignoring ethical guidelines,b,B,202,16-07-2025 14:32
What is the primary purpose of professional boundaries in nursing?,To create distance between nurses and patients,To define appropriate limits in the nurse-patient relationship,To encourage over-involvement,To blur lines of responsibility,b,B,202,16-07-2025 14:32
Which of the following is an example of maintaining professional boundaries?,Sharing personal problems with patients,Accepting expensive gifts from patients,Avoiding dual relationships with patients,Spending excessive time with one patient,c,C,202,16-07-2025 14:32
What is the primary purpose of self-reflection in nursing?,To avoid personal growth,To critically examine one's own practice and identify areas for improvement,To blame others for mistakes,To ignore feedback,b,B,202,16-07-2025 14:32
Which of the following is a benefit of self-reflection?,Stagnation in practice,Enhanced self-awareness and professional development,Increased errors,Decreased empathy,b,B,202,16-07-2025 14:32
What is the primary purpose of mentorship in nursing?,To create dependency,"To provide guidance, support, and role modeling for less experienced nurses",To discourage learning,To promote isolation,b,B,202,16-07-2025 14:32
Which of the following is a characteristic of an effective mentor?,Critical and unsupportive,"Knowledgeable, experienced, and encouraging",Unavailable and distant,Self-centered,b,B,202,16-07-2025 14:32
What is the primary purpose of preceptorship in nursing?,To provide informal guidance only,"To provide structured, supervised clinical experience for new nurses",To avoid direct patient care,To limit learning opportunities,b,B,202,16-07-2025 14:32
Which of the following is a key role of a preceptor?,Ignoring the preceptee's learning needs,Providing direct supervision and feedback on clinical skills,Allowing the preceptee to make critical errors,Avoiding teaching opportunities,b,B,202,16-07-2025 14:32
What is the primary purpose of continuing professional development (CPD) in nursing?,To avoid new knowledge,To maintain and enhance professional competence throughout one's career,To become stagnant in practice,To limit career advancement,b,B,202,16-07-2025 14:32
Which of the following is an example of CPD?,Refusing to attend workshops,"Attending conferences, completing online courses, and reading professional journals",Relying solely on initial education,Ignoring new research findings,b,B,202,16-07-2025 14:32
