question_text,option_a,option_b,option_c,option_d,,correct_answer,quiz_test_id,created_at
What is the primary goal of health education?,To diagnose diseases,To prescribe medications,"To promote, maintain, and improve individual and community health",To perform surgical procedures,c,C,103,16-07-2025 14:32
Which of the following is a key principle of effective health education?,Using complex medical terminology,Tailoring messages to the target audience,Providing information only once,Focusing only on negative consequences,b,B,103,16-07-2025 14:32
The role of a community pharmacist in health education includes:,Diagnosing complex medical conditions,"Providing information on medication use, disease prevention, and healthy lifestyles",Performing invasive procedures,Prescribing controlled substances,b,B,103,16-07-2025 14:32
Which communication technique is most effective for health education?,Lecturing without interaction,Using fear appeals excessively,Active listening and encouraging questions,Providing written materials only,c,C,103,16-07-2025 14:32
"What does the acronym ""OTC"" stand for in community pharmacy?",On The Counter,Over-The-Counter,Only Through Consultation,Order To Collect,b,B,103,16-07-2025 14:32
Which of the following is a responsibility of a community pharmacist regarding OTC medications?,Recommending OTC medications for conditions requiring a doctor's diagnosis,Counseling patients on the appropriate selection and use of OTC medications,Selling expired OTC medications,Refusing to provide any information on OTC products,b,B,103,16-07-2025 14:32
"The term ""adherence"" or ""compliance"" in medication therapy refers to:",The patient's ability to pay for medication,The extent to which a patient takes medication as prescribed by their healthcare provider,The pharmacist's ability to dispense medication quickly,The availability of medication in the pharmacy,b,B,103,16-07-2025 14:32
Which of the following factors can negatively impact medication adherence?,Clear instructions from the pharmacist,Complex medication regimens and unpleasant side effects,Good patient-provider communication,Affordable medication costs,b,B,103,16-07-2025 14:32
A community pharmacy can contribute to public health by:,Only dispensing prescriptions,"Offering services such as immunizations, health screenings, and smoking cessation programs",Selling tobacco products,Refusing to counsel patients on lifestyle modifications,b,B,103,16-07-2025 14:32
What is the importance of patient counseling in a community pharmacy setting?,It is a waste of the pharmacist's time.,"It helps ensure patients understand their medications, how to take them correctly, and potential side effects.",It is only necessary for new patients.,It should only be done by physicians.,b,B,103,16-07-2025 14:32
Which of the following is an example of a health promotion activity a community pharmacy might undertake?,Ignoring local health trends,Hosting a workshop on diabetes management or healthy eating,Selling unhealthy snacks prominently,Not providing any health-related brochures,b,B,103,16-07-2025 14:32
"The term ""pharmacovigilance"" in community pharmacy involves:",Promoting the overuse of medications,"Monitoring, detecting, and preventing adverse drug reactions (ADRs)",Ignoring patient reports of side effects,Only focusing on medication dispensing accuracy,b,B,103,16-07-2025 14:32
Which of the following is a key component of effective health communication?,Using jargon and technical terms,"Ensuring the message is clear, concise, and culturally appropriate",Speaking quickly to save time,Avoiding eye contact with the patient,b,B,103,16-07-2025 14:32
A community pharmacist is explaining how to use an asthma inhaler. This is an example of:,Diagnosing asthma,Patient education and counseling,Prescribing medication,Performing a lung function test,b,B,103,16-07-2025 14:32
What is the role of a community pharmacy in managing minor ailments?,"To always refer patients to a doctor, even for common colds",To provide advice and recommend appropriate OTC treatments for self-limiting conditions,To prescribe antibiotics for viral infections,To discourage patients from seeking any treatment for minor ailments,b,B,103,16-07-2025 14:32
Which of the following is an ethical consideration for community pharmacists in health education?,Providing biased information to promote specific products,Respecting patient autonomy and confidentiality,Withholding important safety information,Making decisions for the patient without their consent,b,B,103,16-07-2025 14:32
"The term ""health literacy"" refers to:",The ability to read any book,"The degree to which individuals can obtain, process, and understand basic health information and services needed to make appropriate health decisions",Only a patient's level of education,The pharmacist's knowledge of medications,b,B,103,16-07-2025 14:32
Why is it important for community pharmacists to assess a patient's health literacy?,To judge their intelligence,To tailor communication and educational materials to ensure understanding,To refuse service to patients with low health literacy,It is not important for pharmacists to consider.,b,B,103,16-07-2025 14:32
Which of the following is a strategy to improve communication with patients who have low health literacy?,Using complex medical terms to sound more professional,Speaking quickly and providing a lot of information at once,"Using plain language, visual aids, and the teach-back method",Providing only written information,c,C,103,16-07-2025 14:32
"The ""teach-back"" method involves:",The pharmacist repeating information multiple times,Asking the patient to explain in their own words what they understand about their medication or health condition,Testing the patient's memory on irrelevant facts,The pharmacist teaching other healthcare professionals,b,B,103,16-07-2025 14:32
Which of the following is a barrier to effective health education in a community pharmacy?,Adequate staffing and time for counseling,Patient willingness to learn,Lack of privacy in the pharmacy and time constraints,Availability of educational materials,c,C,103,16-07-2025 14:32
A community pharmacist can help prevent medication errors by:,Rushing through the dispensing process,"Double-checking prescriptions, counseling patients, and using technology like barcode scanners",Not asking patients any questions about their medications,Avoiding communication with prescribers,b,B,103,16-07-2025 14:32
What is the significance of maintaining patient medication records in a community pharmacy?,It is only for billing purposes.,"It helps identify potential drug interactions, allergies, and monitor medication adherence.",It is an invasion of patient privacy.,It is not necessary if the patient has a good memory.,b,B,103,16-07-2025 14:32
Which of the following is an example of a non-pharmacological intervention a community pharmacist might recommend?,Prescribing a new medication,Suggesting lifestyle changes like diet and exercise for managing blood pressure,Performing a minor surgical procedure,Administering chemotherapy,b,B,103,16-07-2025 14:32
"The term ""social determinants of health"" refers to:",Only genetic factors influencing health,"The conditions in which people are born, grow, live, work, and age, which affect their health",Only individual lifestyle choices,The availability of hospitals,b,B,103,16-07-2025 14:32
How can a community pharmacist address social determinants of health?,By ignoring them as they are outside the scope of pharmacy,By being aware of local resources and referring patients to social services or support groups when appropriate,By only focusing on dispensing medications,By blaming patients for their social circumstances,b,B,103,16-07-2025 14:32
"Which of the following is a key element of motivational interviewing, a technique used in health education?",Confronting the patient about their unhealthy behaviors,Collaborating with the patient to explore their motivations for change and support their autonomy,Telling the patient exactly what they need to do,Using a judgmental tone,b,B,103,16-07-2025 14:32
A community pharmacy's layout and design can impact health education by:,Having no private counseling area,Providing a welcoming environment with accessible information and a private space for consultations,Being cluttered and disorganized,Locating the pharmacy counter far from waiting areas,b,B,103,16-07-2025 14:32
What is the role of empathy in patient counseling by a community pharmacist?,It is unprofessional to show empathy.,"It helps build trust and rapport, making patients more receptive to health information.",It makes the pharmacist appear weak.,It is not relevant to medication counseling.,b,B,103,16-07-2025 14:32
Which of the following is an important aspect of cultural competence in community pharmacy practice?,"Treating all patients the same, regardless of their cultural background",Understanding and respecting the cultural beliefs and practices of patients that may influence their health behaviors and medication use,Imposing one's own cultural values on patients,Avoiding any discussion of cultural issues,b,B,103,16-07-2025 14:32
A community pharmacist is providing information about the importance of childhood immunizations. This is an example of:,Primary prevention,Secondary prevention,Tertiary prevention,Treatment of an existing disease,a,A,103,16-07-2025 14:32
"The term ""secondary prevention"" in health education aims to:",Prevent a disease from occurring in the first place,Detect a disease at an early stage and intervene to slow or stop its progression,Reduce the complications of an established disease,Only provide palliative care,b,B,103,16-07-2025 14:32
Which of the following is an example of a tertiary prevention activity a community pharmacist might be involved in?,Counseling on smoking cessation to prevent lung cancer,Conducting blood pressure screenings,Providing medication management services for patients with chronic heart failure to prevent hospital readmissions,Administering flu vaccines,c,C,103,16-07-2025 14:32
What is the importance of using visual aids in health education?,They are distracting and should be avoided.,"They can help clarify complex information and improve understanding, especially for patients with low health literacy.",They are only useful for children.,They are too expensive for community pharmacies to use.,b,B,103,16-07-2025 14:32
A community pharmacist is discussing the potential side effects of a new medication with a patient. This is important for:,Scaring the patient so they don't take the medication,Ensuring the patient is informed and knows when to seek medical attention if serious side effects occur,It is not necessary to discuss side effects.,Only physicians should discuss side effects.,b,B,103,16-07-2025 14:32
Which of the following is a reliable source of drug information for community pharmacists?,Social media posts,"Reputable drug information databases, compendia, and peer-reviewed journals",Advertisements from pharmaceutical companies,Anecdotal reports from colleagues,b,B,103,16-07-2025 14:32
"The term ""medication reconciliation"" involves:",Only counting pills in a prescription,"Creating the most accurate list possible of all medications a patient is taking — including drug name, dosage, frequency, and route — and comparing that list against the physician’s admission, transfer, and/or discharge orders",Disposing of unwanted medications,Changing a patient's prescription without consulting the prescriber,b,B,103,16-07-2025 14:32
"Why is medication reconciliation important in community pharmacy, especially during transitions of care?",It is not important for community pharmacists.,"It helps prevent medication errors, such as omissions, duplications, dosing errors, or drug interactions.",It is only done in hospitals.,It is too time-consuming to be practical.,b,B,103,16-07-2025 14:32
Which of the following is a characteristic of an effective health education program?,It is based on assumptions rather than needs assessment.,"It has clear objectives, uses appropriate methods, and includes an evaluation component.",It is delivered in a way that is not engaging for the audience.,It does not consider cultural factors.,b,B,103,16-07-2025 14:32
A community pharmacist can promote rational drug use by:,Encouraging patients to demand antibiotics for viral infections,Counseling patients on the appropriate use of medications and discouraging self-medication with prescription drugs,Promoting the use of expensive brand-name drugs when equally effective generics are available,Not providing any information on potential drug interactions,b,B,103,16-07-2025 14:32
"What is the role of technology (e.g., mobile apps, patient portals) in health education and community pharmacy?",It is a distraction and should be avoided.,"It can provide convenient access to health information, medication reminders, and communication tools for patients and pharmacists.",It replaces the need for face-to-face counseling.,It is too complicated for most patients to use.,b,B,103,16-07-2025 14:32
Which of the following is an important consideration when selecting health education materials for patients?,The materials should be written at a high reading level.,"The materials should be accurate, up-to-date, easy to understand, and culturally appropriate.","The materials should only focus on the benefits of treatment, not the risks.",The materials should be very lengthy and detailed.,b,B,103,16-07-2025 14:32
A community pharmacist is helping a patient choose a blood glucose monitor. This involves:,Recommending the most expensive model,"Assessing the patient's needs, dexterity, and insurance coverage, and explaining how to use the device correctly",Telling the patient to pick any model,Refusing to help with device selection,b,B,103,16-07-2025 14:32
"The term ""point-of-care testing"" (POCT) in community pharmacies refers to:",Sending all lab samples to an external laboratory,"Performing diagnostic tests (e.g., cholesterol, A1c, flu) at or near the site of patient care, providing quick results",Only dispensing medications,Conducting complex genetic testing,b,B,103,16-07-2025 14:32
What is a potential benefit of POCT in community pharmacies?,It increases the workload for physicians.,"It can improve patient access to testing, facilitate early detection of diseases, and allow for timely intervention.",It is less accurate than laboratory testing.,It is too expensive for patients.,b,B,103,16-07-2025 14:32
Which of the following is an important aspect of providing smoking cessation services in a community pharmacy?,Judging patients who smoke,"Offering counseling, recommending nicotine replacement therapy or other medications, and providing ongoing support",Telling patients that quitting is easy,Not offering any help for smoking cessation,b,B,103,16-07-2025 14:32
"The term ""Medication Therapy Management"" (MTM) services provided by pharmacists aim to:",Increase medication sales,Optimize therapeutic outcomes for individual patients by improving medication use and reducing the risk of adverse events,Replace the role of physicians,Only focus on dispensing speed,b,B,103,16-07-2025 14:32
Which of the following is a core element of MTM services?,Medication therapy review (MTR),Prescribing new medications without consultation,Ignoring patient concerns,Focusing only on cost,a,A,103,16-07-2025 14:32
A community pharmacist is counseling a patient on the importance of completing the full course of antibiotics. This is to:,Ensure the pharmacy sells more antibiotics.,Prevent the development of antibiotic resistance and ensure the infection is fully treated.,It is not necessary to complete the full course.,Allow the patient to save leftover antibiotics for future use.,b,B,103,16-07-2025 14:32
Which of the following is an example of a public health emergency where community pharmacists play a crucial role?,A local sports event,An influenza pandemic or a natural disaster affecting access to medications,A pharmacy staff shortage,A new drug launch,b,B,103,16-07-2025 14:32
The role of a community pharmacist in a public health emergency may include:,Closing the pharmacy to avoid risk,"Dispensing emergency supplies of medications, providing health information, and administering vaccines (if authorized)",Spreading misinformation,Profiteering from the emergency,b,B,104,16-07-2025 14:32
"What is the importance of interprofessional collaboration between community pharmacists and other healthcare providers (e.g., physicians, nurses)?",It is not necessary as pharmacists work independently.,"It helps ensure coordinated patient care, optimize medication therapy, and prevent errors.",It creates competition between professions.,It slows down patient care.,b,B,104,16-07-2025 14:32
Which of the following is a strategy for a community pharmacist to build strong relationships with local prescribers?,Criticizing their prescribing habits,"Communicating effectively about patient care issues, providing drug information, and offering collaborative services",Avoiding any contact with prescribers,Changing prescriptions without consultation,b,B,104,16-07-2025 14:32
"The term ""health belief model"" is a psychological model that attempts to explain and predict health behaviors by focusing on:",Only a person's income level,"An individual’s attitudes and beliefs, including perceived susceptibility, severity, benefits, and barriers",Only social influences,Only genetic predispositions,b,B,104,16-07-2025 14:32
Understanding models like the Health Belief Model can help community pharmacists in health education by:,Allowing them to manipulate patients,Helping them understand patients' perspectives and tailor interventions to address their specific beliefs and concerns,Making health education more complicated,It is not relevant to pharmacy practice.,b,B,104,16-07-2025 14:32
Which of the following is an important consideration when providing health education to elderly patients?,Assuming they are not interested in learning,"Addressing potential sensory impairments (vision, hearing), cognitive changes, and polypharmacy",Speaking to them in a condescending manner,Rushing through the information,b,B,104,16-07-2025 14:32
A community pharmacist is providing advice on managing hypertension through lifestyle changes. This is an example of:,Health promotion and disease prevention,Diagnosing hypertension,Prescribing antihypertensive medication,Performing cardiac surgery,a,A,104,16-07-2025 14:32
What is the role of a community pharmacy in the disposal of unused or expired medications?,To encourage patients to flush them down the toilet,To provide information on safe disposal methods or offer take-back programs to prevent accidental poisoning and environmental contamination,To tell patients to keep them for future use,To refuse to provide any guidance on disposal,b,B,104,16-07-2025 14:32
Which of the following is an important aspect of managing inventory in a community pharmacy?,Overstocking all medications to avoid shortages,Ensuring an adequate supply of medications to meet patient needs while minimizing waste due to expired drugs,Keeping very low stock of all medications,Not monitoring expiration dates,b,B,104,16-07-2025 14:32
"The term ""formulary"" in the context of insurance plans refers to:",A list of all pharmacies in the network,A list of prescription drugs covered by a particular drug benefit plan,A list of all possible side effects,A recipe for compounding medications,b,B,104,16-07-2025 14:32
How can a community pharmacist help patients navigate issues related to drug formularies and insurance coverage?,By refusing to dispense medications not on the formulary,"By explaining formulary restrictions, assisting with prior authorization requests, and identifying cost-effective alternatives when appropriate",By telling patients to pay out-of-pocket for everything,By ignoring insurance issues,b,B,104,16-07-2025 14:32
Which of the following is a key component of an effective presentation for health education?,Using a monotone voice and no visual aids,"Clear objectives, engaging delivery, relevant content, and opportunities for audience interaction",Reading directly from slides filled with text,Going significantly over the allotted time,b,B,104,16-07-2025 14:32
A community pharmacist is counseling a pregnant patient about safe medication use. This requires special attention to:,The potential risks of medications to the fetus and the mother,Recommending medications contraindicated in pregnancy,Assuming all medications are safe during pregnancy,Not providing any counseling to pregnant patients,a,A,104,16-07-2025 14:32
What is the importance of continuing professional development (CPD) for community pharmacists in health education?,It is not necessary once a pharmacist is licensed.,"It helps them stay updated on new medications, treatment guidelines, and health education strategies.",It is only for hospital pharmacists.,It is too expensive and time-consuming.,b,B,104,16-07-2025 14:32
Which of the following is an example of a health screening service that might be offered in a community pharmacy?,Full body MRI scan,Blood pressure monitoring or cholesterol screening,Brain surgery,Genetic counseling,b,B,104,16-07-2025 14:32
"The term ""adverse drug event"" (ADE) is broader than ""adverse drug reaction"" (ADR) because ADE includes harm resulting from:",Only the inherent properties of the drug itself,Medication errors as well as ADRs,Only patient non-adherence,Only interactions with food,b,B,104,16-07-2025 14:32
Community pharmacists play a role in reducing ADEs by:,Only dispensing medications quickly,"Counseling patients, reviewing medication profiles for potential issues, and reporting ADEs",Ignoring patient complaints about medications,Promoting the use of as many medications as possible,b,B,104,16-07-2025 14:32
Which of the following is an important consideration when providing health education to pediatric patients or their caregivers?,Using the same approach as for adult patients,Tailoring information to the child's developmental stage and involving caregivers in the education process,Assuming children cannot understand any health information,Providing only complex medical details,b,B,104,16-07-2025 14:32
A community pharmacy can support patients with chronic diseases by:,Only refilling their prescriptions,"Providing ongoing medication management, education on self-care, and referrals to support services",Telling them their condition is hopeless,Not offering any specialized services,b,B,104,16-07-2025 14:32
What is the role of health education in preventing non-communicable diseases (NCDs)?,"It has no role, NCDs are purely genetic.",It empowers individuals to adopt healthy lifestyles and make informed choices to reduce their risk of NCDs.,It only focuses on treating NCDs once they occur.,It encourages unhealthy behaviors.,b,B,104,16-07-2025 14:32
Which of the following is a key element of effective communication with patients from diverse cultural backgrounds?,Assuming all cultures have the same health beliefs,"Using culturally sensitive language, respecting traditional healing practices, and being aware of non-verbal cues",Speaking loudly and slowly to overcome language barriers,Ignoring cultural differences to treat everyone the same,b,B,104,16-07-2025 14:32
"The term ""health promotion"" focuses on:",Treating existing diseases,"Enabling people to increase control over, and to improve, their health",Only providing medical interventions,Ignoring environmental factors affecting health,b,B,104,16-07-2025 14:32
A community pharmacist is advising a patient on proper nutrition for managing diabetes. This is an example of:,Disease diagnosis,Health education and lifestyle counseling,Prescribing insulin,Performing surgery,b,B,104,16-07-2025 14:32
What is the importance of privacy and confidentiality in community pharmacy counseling?,"It is not important, as all patient information is public.",It builds trust with patients and encourages open communication about sensitive health issues.,It is only required for certain medications.,It is too time-consuming to maintain.,b,B,104,16-07-2025 14:32
Which of the following is a key principle of adult learning that applies to health education?,Adults learn best when they are passive recipients of information.,"Adults are self-directed, experience-based learners who are motivated by relevance and practicality.",Adults prefer abstract concepts over practical applications.,Adults learn best through rote memorization.,b,B,104,16-07-2025 14:32
"A community pharmacist is participating in a local health fair, offering blood pressure screenings and health information. This is an example of:",Clinical research,Community outreach and public health engagement,Direct patient treatment,Pharmacy administration,b,B,104,16-07-2025 14:32
"The term ""medication adherence packaging"" (e.g., blister packs, pill organizers) can help patients by:",Making it harder to take medications,Simplifying complex medication regimens and improving adherence,Increasing the risk of medication errors,Only being useful for very few medications,b,B,104,16-07-2025 14:32
Which of the following is an important aspect of providing health education on vaccine hesitancy?,Dismissing patient concerns as irrational,"Listening empathetically to concerns, providing evidence-based information, and addressing misinformation respectfully",Forcing patients to get vaccinated,Avoiding any discussion about vaccines,b,B,104,16-07-2025 14:32
"The term ""medication adherence packaging"" (e.g., blister packs, pill organizers) can help patients by:",Making it harder to take medications,Simplifying complex medication regimens and improving adherence,Increasing the risk of medication errors,Only being useful for very few medications,b,B,104,16-07-2025 14:32
Which of the following is an important aspect of providing health education on vaccine hesitancy?,Dismissing patient concerns as irrational,"Listening empathetically to concerns, providing evidence-based information, and addressing misinformation respectfully",Forcing patients to get vaccinated,Avoiding any discussion about vaccines,b,B,104,16-07-2025 14:32
What is the role of a community pharmacist in promoting healthy aging?,To ignore the health needs of older adults,"To provide medication reviews, counsel on polypharmacy, and educate on fall prevention and healthy lifestyle choices",To only focus on acute illnesses in older adults,To discourage older adults from taking medications,b,B,104,16-07-2025 14:32
"The term ""health disparities"" refers to:",Equal access to healthcare for all individuals,"Preventable differences in the burden of disease, injury, violence, or opportunities to achieve optimal health that are experienced by socially disadvantaged populations",Only differences in health insurance coverage,Only differences in genetic predispositions,b,B,104,16-07-2025 14:32
How can community pharmacists contribute to reducing health disparities?,"By providing the same care to everyone, regardless of their background","By understanding the unique needs of diverse populations, providing culturally competent care, and advocating for equitable access to services",By only serving affluent communities,By ignoring the social determinants of health,b,B,104,16-07-2025 14:32
Which of the following is a key element of a successful health education campaign?,"A single, generic message for all audiences","Clear, consistent messaging delivered through multiple channels, targeting specific behaviors or health outcomes",Relying solely on print materials,Ignoring feedback from the target audience,b,B,104,16-07-2025 14:32
A community pharmacist is advising a patient on managing their blood pressure through regular exercise. This is an example of:,Prescribing exercise,Health education and promotion of healthy behaviors,Diagnosing heart disease,Performing a stress test,b,B,104,16-07-2025 14:32
What is the importance of documentation in community pharmacy health education and counseling?,It is a waste of time and unnecessary.,"It ensures continuity of care, provides a record of services provided, and supports billing and legal compliance.",It is only for internal use and not shared with other healthcare providers.,It is only for tracking sales.,b,B,104,16-07-2025 14:32
"The term ""patient-centered care"" in community pharmacy means:",The pharmacist makes all decisions for the patient.,"Providing care that is respectful of and responsive to individual patient preferences, needs, and values, and ensuring that patient values guide all clinical decisions.","Focusing only on the medication itself, not the patient.",Treating all patients exactly the same.,b,B,104,16-07-2025 14:32
Which of the following is an important aspect of providing health education on chronic disease management?,Only focusing on acute symptoms,"Empowering patients with knowledge and skills for self-management, goal setting, and regular monitoring",Telling patients that their condition is incurable,Not involving the patient in their care plan,b,B,104,16-07-2025 14:32
A community pharmacist is conducting a medication review for a patient taking multiple medications. This service aims to:,Increase the number of medications the patient takes,"Identify and resolve medication-related problems, optimize therapy, and improve patient outcomes",Only check for expired medications,Reduce the patient's medication costs without considering efficacy,b,B,104,16-07-2025 14:32
"The term ""health coaching"" involves:",Telling patients what to do without discussion,Partnering with patients in a thought-provoking and creative process that inspires them to maximize their personal and professional potential,"Only providing information, not support",Diagnosing and treating medical conditions,b,B,104,16-07-2025 14:32
Which of the following is a key skill for a community pharmacist engaging in health coaching?,Being judgmental and critical,"Active listening, open-ended questioning, and building rapport",Dominating the conversation,Providing unsolicited advice,b,B,104,16-07-2025 14:32
What is the role of a community pharmacy in promoting medication safety?,To ignore potential medication errors,"To implement safety protocols, counsel patients on safe medication use, and report adverse drug events",To encourage self-medication with prescription drugs,To only focus on dispensing speed,b,B,104,16-07-2025 14:32
"The term ""digital health literacy"" refers to:",The ability to use any digital device,"The ability to seek, find, understand, and appraise health information from electronic sources and apply knowledge gained to addressing or solving a health problem",Only the ability to use a computer,The ability to play video games,b,B,104,16-07-2025 14:32
Why is digital health literacy important for patients in today's healthcare landscape?,"It is not important, as all health information is provided in print.","It enables patients to access reliable online health resources, use telehealth services, and manage their health information electronically.",It only leads to misinformation.,It is only relevant for young people.,b,B,104,16-07-2025 14:32
Which of the following is an important consideration when a community pharmacist is providing health education to patients with limited English proficiency?,Assuming they understand English if they nod,"Using professional interpreters, visual aids, and culturally appropriate materials",Speaking louder and slower in English,"Relying on family members as interpreters, even if they are children",b,B,104,16-07-2025 14:32
"The term ""public health campaigns"" are designed to:",Promote specific pharmaceutical products,Educate and influence large populations about health issues and promote healthy behaviors,Only target individuals with existing diseases,Have no impact on public health,b,B,104,16-07-2025 14:32
Which of the following is an example of a public health campaign a community pharmacy might support?,A campaign promoting unhealthy eating habits,A campaign for flu vaccination or smoking cessation,A campaign to increase prescription drug abuse,A campaign to discourage healthy lifestyles,b,B,104,16-07-2025 14:32
What is the role of a community pharmacist in managing drug shortages?,To ignore the shortage and tell patients to go elsewhere,"To communicate with prescribers, identify alternative therapies, and manage existing stock ethically to ensure patient access to essential medications",To hoard medications for personal use,To profit from the shortage by increasing prices,b,B,104,16-07-2025 14:32
"The term ""medication therapy review"" (MTR) is a systematic process of collecting patient-specific information, assessing medication therapies to identify medication-related problems, and developing a prioritized list of these problems.",TRUE,FALSE,It is only for new prescriptions.,It is only for patients with many medications.,a,A,104,16-07-2025 14:32
Which of the following is a key benefit of conducting MTRs in community pharmacy?,It increases the risk of medication errors.,"It improves medication safety, optimizes therapeutic outcomes, and reduces healthcare costs.",It is too time-consuming to be beneficial.,It is only for academic purposes.,b,B,104,16-07-2025 14:32
A community pharmacist is counseling a patient on the proper storage of their medications. This is important to:,Make the medications less effective,Maintain the stability and efficacy of the medications and prevent accidental ingestion by children or pets,Encourage improper use,Increase the likelihood of medication spoilage,b,B,105,16-07-2025 14:32
"The term ""health equity"" means:",Everyone has the same health outcomes,"Everyone has a fair and just opportunity to be as healthy as possible, which requires removing obstacles to health such as poverty, discrimination, and their consequences",Only focusing on individual health choices,Ignoring social and economic factors that influence health,b,B,105,16-07-2025 14:32
How can community pharmacists contribute to health equity?,By only serving patients who can afford their services,"By providing accessible and culturally competent care, advocating for underserved populations, and addressing social determinants of health",By ignoring the needs of marginalized communities,By perpetuating health disparities,b,B,105,16-07-2025 14:32
Which of the following is an important aspect of providing health education on chronic pain management?,Only recommending opioid medications,"Educating patients on non-pharmacological strategies, safe medication use, and setting realistic pain management goals",Telling patients to just live with the pain,Discouraging patients from seeking any treatment,b,B,105,16-07-2025 14:32
"The term ""patient safety culture"" in community pharmacy refers to:",A culture where errors are hidden and blamed on individuals,"A collective commitment to safety, open communication about errors, and continuous learning from mistakes to prevent harm",A focus on speed over accuracy,Ignoring patient feedback on safety,b,B,105,16-07-2025 14:32
Which of the following is an important strategy for a community pharmacist to promote a patient safety culture?,Punishing staff for reporting near misses,"Encouraging open reporting of errors and near misses, conducting root cause analyses, and implementing system improvements",Hiding information about errors from patients,Discouraging staff from speaking up about safety concerns,b,B,105,16-07-2025 14:32
The process of conducting a comprehensive medication review for a patient should include:,Only reviewing the current prescription,"A review of all medications (prescription, OTC, herbal, supplements), patient history, and lifestyle factors",Only focusing on drug interactions,Not involving the patient in the review,b,B,105,16-07-2025 14:32
Which of the following is a key benefit of a community pharmacy offering immunizations?,It increases the spread of vaccine-preventable diseases.,It improves public health by increasing vaccination rates and accessibility.,It is only for profit.,It is outside the scope of pharmacy practice.,b,B,105,16-07-2025 14:32
"The term ""health literacy"" is a dynamic concept that can be improved through effective health education.",TRUE,FALSE,Health literacy is fixed and cannot be changed.,It is only about reading ability.,a,A,105,16-07-2025 14:32
Which of the following is an important strategy for a community pharmacist to improve patient health literacy?,Using complex medical jargon,"Using plain language, visual aids, the teach-back method, and providing resources at appropriate reading levels",Assuming patients understand everything,Not providing any written information,b,B,105,16-07-2025 14:32
The process of developing a health education program for a community pharmacy should involve:,Only the pharmacist making all decisions,"A needs assessment of the target audience, setting clear objectives, selecting appropriate methods, and evaluating outcomes",Ignoring the needs of the community,Copying programs from other pharmacies without adaptation,b,B,105,16-07-2025 14:32
Which of the following is an example of a legal and ethical issue related to patient confidentiality in a community pharmacy?,Discussing a patient's medication history with an unauthorized family member,Protecting patient health information (PHI) from unauthorized disclosure,Sharing patient information with pharmaceutical companies for marketing,Leaving patient prescription bags in public view,b,B,105,16-07-2025 14:32
"The term ""medication adherence"" is crucial for achieving optimal therapeutic outcomes.",TRUE,FALSE,It is not important for medication effectiveness.,It only applies to chronic conditions.,a,A,105,16-07-2025 14:32
Which of the following is an important strategy for a community pharmacist to improve medication adherence?,Scolding patients for non-adherence,"Providing clear instructions, using medication reminders, addressing patient concerns, and simplifying regimens where possible",Ignoring non-adherence,Only focusing on dispensing medications,b,B,105,16-07-2025 14:32
"The process of providing health education on healthy lifestyle choices (e.g., diet, exercise) is an example of:",Tertiary prevention,Primary prevention,Disease treatment,Diagnostic testing,b,B,105,16-07-2025 14:32
Which of the following is a key benefit of a community pharmacy offering health screenings?,It increases the burden on hospitals.,"It facilitates early detection of health conditions, allowing for timely intervention and improved outcomes.",It is only for profit.,It is outside the scope of pharmacy practice.,b,B,105,16-07-2025 14:32
"The term ""patient counseling"" is a mandatory component of dispensing new prescriptions in many jurisdictions.",TRUE,FALSE,It is optional for all prescriptions.,It is only for controlled substances.,a,A,105,16-07-2025 14:32
Which of the following is an important aspect of effective patient counseling?,Speaking quickly and using medical jargon,"Using open-ended questions, active listening, and the teach-back method to ensure understanding",Providing only minimal information,Avoiding eye contact,b,B,105,16-07-2025 14:32
The process of managing a community pharmacy involves:,Only dispensing medications,"Inventory management, financial management, human resources, and regulatory compliance",Only patient counseling,Only marketing,b,B,105,16-07-2025 14:32
Which of the following is a key responsibility of a community pharmacist in managing a drug recall?,Ignoring the recall notice,"Identifying affected products, notifying patients, and ensuring proper return or disposal of the recalled medication",Continuing to dispense the recalled medication,Blaming the manufacturer for the recall,b,B,105,16-07-2025 14:32
"The term ""medication safety"" encompasses practices and processes aimed at preventing errors and minimizing harm associated with medication use.",TRUE,FALSE,It only applies to hospitals.,It is not a significant concern.,a,A,105,16-07-2025 14:32
Which of the following is an important strategy for a community pharmacist to enhance medication safety?,Rushing the dispensing process,"Implementing double-checks, using technology, and fostering a culture of safety where errors and near misses are reported and learned from",Ignoring patient questions about medications,Not communicating with prescribers,b,B,105,16-07-2025 14:32
The process of providing health education on proper medication disposal is important to prevent:,Medication adherence issues,"Accidental poisoning, environmental contamination, and drug diversion",Drug shortages,Medication side effects,b,B,105,16-07-2025 14:32
"Which of the following is a key benefit of a community pharmacy participating in public health initiatives (e.g., health fairs, awareness campaigns)?",It reduces the pharmacist's workload.,"It increases community access to health information and services, and enhances the pharmacy's role as a community health hub.",It is only for marketing purposes.,It has no impact on public health.,b,B,105,16-07-2025 14:32
"The term ""health promotion"" is a proactive approach to improving health and well-being.",TRUE,FALSE,It is a reactive approach.,It only focuses on disease treatment.,a,A,105,16-07-2025 14:32
Which of the following is an important aspect of providing health education on chronic disease prevention?,Only focusing on genetic factors,"Educating individuals on modifiable risk factors (e.g., diet, exercise, smoking cessation) and empowering them to make healthy choices",Telling patients that prevention is impossible,Not providing any information on lifestyle changes,b,B,105,16-07-2025 14:32
The process of conducting a medication review for a patient should involve:,Only the pharmacist reviewing the patient's chart,"A collaborative discussion with the patient to understand their medication experience, concerns, and goals",Not involving the patient in the review,Only focusing on prescription medications,b,B,105,16-07-2025 14:32
Which of the following is a key skill for a community pharmacist when counseling patients on complex medication regimens?,Using highly technical language,"Breaking down information into manageable chunks, using visual aids, and checking for understanding",Speaking quickly to cover all information,Avoiding questions from the patient,b,B,105,16-07-2025 14:32
"The term ""pharmacist-provided care"" emphasizes the pharmacist's role beyond dispensing, including patient counseling, medication management, and health education.",TRUE,FALSE,Pharmacists only dispense medications.,This concept is not recognized.,a,A,105,16-07-2025 14:32
Which of the following is an important aspect of providing health education on mental health conditions?,Stigmatizing individuals with mental health issues,"Providing accurate information, reducing stigma, and referring patients to appropriate mental health professionals",Telling patients to just get over it,Discouraging patients from seeking help,b,B,105,16-07-2025 14:32
The process of developing a patient care plan in community pharmacy should be:,Dictated solely by the pharmacist,"A collaborative effort between the pharmacist, patient, and other healthcare providers, focusing on patient-centered goals",Based only on the patient's insurance coverage,A generic plan applied to all patients,b,B,105,16-07-2025 14:32
Which of the following is a key benefit of a community pharmacy offering medication synchronization programs?,It increases the number of pharmacy visits for patients.,"It improves medication adherence by allowing patients to pick up all their ongoing medications on a single, convenient day each month.",It makes medication management more complicated.,It is only for patients with one medication.,b,B,105,16-07-2025 14:32
"The term ""evidence-based practice"" in health education means using interventions and strategies that have been proven effective through research.",TRUE,FALSE,It means using personal opinions.,It is not relevant to health education.,a,A,105,16-07-2025 14:32
Which of the following is an important aspect of providing health education on medication interactions?,Only discussing interactions with prescription drugs,"Educating patients about potential interactions between their prescription medications, OTC drugs, herbal supplements, and certain foods",Telling patients not to worry about interactions,Not providing any information on interactions,b,B,105,16-07-2025 14:32
The process of managing a community pharmacy budget involves:,Spending without limits,"Planning, monitoring, and controlling income and expenses to ensure financial viability",Only focusing on increasing sales,Ignoring financial performance,b,B,105,16-07-2025 14:32
Which of the following is a key responsibility of a community pharmacist in promoting antibiotic stewardship?,Encouraging the use of antibiotics for all infections,"Educating patients on the appropriate use of antibiotics, discouraging unnecessary use, and promoting adherence to prescribed regimens",Prescribing antibiotics without a diagnosis,Not providing any information on antibiotic resistance,b,B,105,16-07-2025 14:32
"The term ""health communication"" encompasses the study and use of communication strategies to inform and influence individual and community decisions that enhance health.",TRUE,FALSE,It only involves verbal communication.,It is not related to health outcomes.,a,A,105,16-07-2025 14:32
Which of the following is an important aspect of effective health communication with older adults?,Using small font sizes in written materials,"Speaking clearly, allowing extra time for processing information, and ensuring good lighting and minimal background noise",Assuming they have hearing and vision problems,Using complex medical terms to show respect,b,B,105,16-07-2025 14:32
The process of providing health education on fall prevention for older adults is an example of:,Tertiary prevention,Primary and secondary prevention,Disease treatment,Diagnostic testing,b,B,105,16-07-2025 14:32
Which of the following is a key benefit of a community pharmacy offering home delivery services for medications?,It reduces patient access to pharmacist counseling.,It improves medication access for patients with mobility issues or transportation challenges.,It increases the risk of medication errors.,"It is only for convenience, not a health benefit.",b,B,105,16-07-2025 14:32
"The term ""patient advocacy"" in community pharmacy means supporting and promoting the rights and interests of patients.",TRUE,FALSE,It means always agreeing with the patient.,It is not part of a pharmacist's role.,a,A,105,16-07-2025 14:32
Which of the following is an important aspect of providing health education on managing common side effects of medications?,Telling patients to ignore all side effects,Educating patients on how to manage minor side effects and when to seek medical attention for serious ones,Discouraging patients from reporting side effects,Not providing any information on side effects,b,B,105,16-07-2025 14:32
The process of developing a community pharmacy marketing plan should focus on:,Only promoting prescription drug sales,"Highlighting the pharmacy's services, expertise, and commitment to patient care and community health",Making exaggerated claims about services,"Only targeting new patients, not existing ones",b,B,105,16-07-2025 14:32
Which of the following is a key responsibility of a community pharmacist in ensuring the quality and safety of compounded medications?,Using ingredients from unverified sources,"Following established compounding standards and guidelines, using appropriate techniques, and ensuring accurate labeling",Not performing any quality control checks,Compounding medications in a non-sterile environment,b,B,105,16-07-2025 14:32
"The term ""health informatics"" involves the use of information technology to manage and use health information to improve patient care.",TRUE,FALSE,It only involves paper records.,It is not relevant to pharmacy.,a,A,105,16-07-2025 14:32
Which of the following is an important aspect of using health informatics in community pharmacy?,Ignoring data security and patient privacy,"Utilizing electronic health records, e-prescribing, and other technologies to improve efficiency, safety, and patient care",Making it harder for patients to access their information,Not training staff on how to use new technologies,b,B,105,16-07-2025 14:32
The process of providing health education on the importance of regular health check-ups is an example of:,Tertiary prevention,Secondary prevention,Disease treatment,Palliative care,b,B,105,16-07-2025 14:32
Which of the following is a key benefit of a community pharmacy having a well-trained and knowledgeable staff?,It increases the likelihood of errors.,"It enhances patient safety, improves customer service, and supports the pharmacist in providing comprehensive care.",It is not important for patient care.,It is too expensive to invest in staff training.,b,B,105,16-07-2025 14:32
"The term ""professional ethics"" in community pharmacy guides pharmacists in making decisions that are in the best interest of their patients and society.",TRUE,FALSE,Ethics are not relevant to pharmacy practice.,It only involves following the law.,a,A,105,16-07-2025 14:32
Which of the following is an important ethical principle for community pharmacists?,Beneficence (acting in the patient's best interest),Prioritizing profit over patient care,Non-maleficence (doing no harm),Both a and c,d,D,105,16-07-2025 14:32
The process of providing health education on managing stress and promoting mental well-being is an example of:,Only treating mental illness,Health promotion and primary prevention,Diagnostic testing for mental disorders,Prescribing psychiatric medications,b,B,106,16-07-2025 14:32
"Which of the following is a key benefit of a community pharmacy offering specialized services (e.g., diabetes care, asthma management)?",It limits the pharmacy's patient base.,"It allows pharmacists to provide more in-depth care for patients with specific conditions, improving health outcomes and patient satisfaction.",It is too complicated to implement.,It is not financially viable.,b,B,106,16-07-2025 14:32
"The term ""pharmaceutical care"" is a patient-centered, outcomes-oriented pharmacy practice that requires the pharmacist to work in concert with the patient and the patient's other healthcare providers to promote health, to prevent disease, and to assess, monitor, initiate, and modify medication use to assure that drug therapy regimens are safe and effective.",TRUE,FALSE,It only involves dispensing.,It is an outdated concept.,a,A,106,16-07-2025 14:32
Which of the following is an important aspect of providing culturally competent health education?,Imposing one's own cultural beliefs on patients,"Understanding and respecting the diverse cultural backgrounds, beliefs, and practices of patients, and tailoring education accordingly","Treating all patients exactly the same, ignoring cultural differences",Avoiding any discussion of culture,b,B,106,16-07-2025 14:32
The process of evaluating the effectiveness of a health education program in a community pharmacy should involve:,Only asking patients if they liked the program,"Assessing changes in patient knowledge, attitudes, behaviors, or health outcomes related to the program's objectives",Not evaluating the program at all,Only focusing on the number of attendees,b,B,106,16-07-2025 14:32
Which of the following is a key responsibility of a community pharmacist in managing controlled substances?,Dispensing them without a valid prescription,"Ensuring proper storage, record-keeping, and dispensing in compliance with all legal and regulatory requirements to prevent diversion and abuse",Not providing any counseling on their use,Selling them at inflated prices,b,B,106,16-07-2025 14:32
"The term ""shared decision-making"" in health education involves the patient and provider working together to make healthcare choices based on clinical evidence and the patient's values and preferences.",TRUE,FALSE,The provider makes all decisions.,The patient makes all decisions without provider input.,a,A,106,16-07-2025 14:32
Which of the following is an important aspect of providing health education on the safe use of herbal supplements?,Recommending them for all conditions,"Educating patients about potential interactions with medications, lack of regulation, and the importance of informing their healthcare providers about supplement use",Telling patients that all herbal supplements are safe,Not providing any information on herbal supplements,b,B,106,16-07-2025 14:32
The process of developing a community pharmacy's emergency preparedness plan should include:,Only planning for power outages,"Strategies for maintaining operations, communicating with staff and patients, and ensuring access to medications during various types of emergencies",Not having an emergency plan,Only focusing on financial recovery,b,B,106,16-07-2025 14:32
Which of the following is a key benefit of a community pharmacy using social media for health education and promotion?,It can spread misinformation easily.,"It can reach a wide audience with timely health information, promote pharmacy services, and engage with the community.",It is unprofessional for pharmacies to use social media.,It is not effective for health education.,b,B,106,16-07-2025 14:32
"The term ""health behavior change"" is a complex process that often requires ongoing support and multiple interventions.",TRUE,FALSE,"It is a simple, one-time event.",It only requires information.,a,A,106,16-07-2025 14:32
Which of the following is an important strategy for a community pharmacist to support patients in making health behavior changes?,Being judgmental and critical of their current behaviors,"Using motivational interviewing techniques, setting realistic goals, providing ongoing support, and celebrating small successes",Telling patients what to do without discussion,Giving up if the patient is not immediately successful,b,B,106,16-07-2025 14:32
"The process of providing health education on travel health (e.g., vaccinations, malaria prevention) is important for individuals traveling to certain destinations.",TRUE,FALSE,It is not necessary for any travel.,Only physicians can provide travel health advice.,a,A,106,16-07-2025 14:32
Which of the following is a key responsibility of a community pharmacist in providing travel health services?,Only selling travel-sized toiletries,"Assessing travel itineraries, recommending appropriate vaccinations and prophylactic medications, and counseling on travel-related health risks",Discouraging patients from traveling,Not providing any information on travel health,b,B,106,16-07-2025 14:32
"The term ""interprofessional education"" (IPE) involves students from two or more professions learning about, from, and with each other to enable effective collaboration and improve health outcomes.",TRUE,FALSE,It is not relevant to pharmacy.,It only involves students from the same profession.,a,A,106,16-07-2025 14:32
Which of the following is an important aspect of providing health education on medication costs and affordability?,Only recommending the most expensive medications,"Discussing generic alternatives, patient assistance programs, and insurance coverage to help patients manage medication expenses",Telling patients that cost is not a concern,Not providing any information on medication costs,b,B,106,16-07-2025 14:32
The process of developing a community pharmacy's quality improvement program should involve:,Only focusing on dispensing speed,"Identifying areas for improvement, implementing changes, monitoring outcomes, and continuously refining processes to enhance patient care and safety",Not making any changes to existing processes,Only addressing patient complaints,b,B,106,16-07-2025 14:32
"Which of the following is a key benefit of a community pharmacy having strong relationships with community organizations (e.g., senior centers, schools)?",It increases the pharmacy's workload.,"It facilitates collaborative health promotion initiatives, improves access to underserved populations, and strengthens the pharmacy's community presence.",It is not relevant to pharmacy practice.,It only benefits the community organizations.,b,B,106,16-07-2025 14:32
"The term ""health literacy environment"" of a pharmacy refers to how easy it is for patients to navigate, understand, and use health information and services within the pharmacy.",TRUE,FALSE,It only refers to the cleanliness of the pharmacy.,It is not important for patient care.,a,A,106,16-07-2025 14:32
Which of the following is an important strategy for a community pharmacist to create a health-literate environment?,Using complex signage and forms,"Providing clear signage, easy-to-understand written materials, and ensuring staff are trained to communicate effectively with all patients",Making the pharmacy difficult to navigate,Not offering any assistance to patients,b,B,106,16-07-2025 14:32
The process of providing health education on the importance of medication adherence for chronic conditions like hypertension or diabetes is crucial for preventing complications.,TRUE,FALSE,Adherence is not important for these conditions.,Only physicians should discuss adherence.,a,A,106,16-07-2025 14:32
Which of the following is a key responsibility of a community pharmacist in promoting responsible self-medication?,Encouraging patients to self-diagnose serious conditions,Educating patients on when it is appropriate to self-treat minor ailments with OTC medications and when to seek medical advice,Recommending prescription medications for self-treatment,Not providing any guidance on self-medication,b,B,106,16-07-2025 14:32
"The term ""social marketing"" in health education uses marketing principles to influence behaviors that benefit individuals and communities for the greater social good.",TRUE,FALSE,It is the same as commercial marketing.,It is not effective for health promotion.,a,A,106,16-07-2025 14:32
Which of the following is an important aspect of providing health education on nutrition and healthy eating?,Promoting fad diets,"Providing evidence-based information on balanced diets, portion control, and making healthy food choices",Telling patients that diet is not important,Not offering any advice on nutrition,b,B,106,16-07-2025 14:32
The process of developing a community pharmacy's business plan should include:,Only financial projections,"An analysis of the market, a description of services offered, marketing strategies, operational plans, and financial forecasts",Not having a business plan,Only focusing on short-term goals,b,B,106,16-07-2025 14:32
Which of the following is a key benefit of a community pharmacist being involved in research?,It takes time away from patient care.,"It contributes to the evidence base for pharmacy practice, improves patient outcomes, and advances the profession.",It is not relevant to community pharmacy.,It is only for academic pharmacists.,b,B,106,16-07-2025 14:32
"The term ""health advocacy"" involves speaking out on behalf of patients or communities to promote health and access to care.",TRUE,FALSE,It is not part of a pharmacist's role.,It only involves lobbying politicians.,a,A,106,16-07-2025 14:32
Which of the following is an important aspect of providing health education on the risks of prescription drug abuse?,Ignoring the issue,"Educating patients on the proper use, storage, and disposal of controlled substances, and recognizing signs of abuse",Encouraging patients to share their medications,Not providing any information on drug abuse,b,B,106,16-07-2025 14:32
The process of providing health education to caregivers of patients with chronic illnesses is important to support both the patient and the caregiver.,TRUE,FALSE,Caregivers do not need education.,Only patients need education.,a,A,106,16-07-2025 14:32
Which of the following is a key responsibility of a community pharmacist in providing palliative care support?,Only focusing on curative treatments,"Managing pain and other symptoms, providing counseling and support to patients and families, and collaborating with other healthcare providers",Avoiding discussions about end-of-life care,Not providing any support for palliative care patients,b,B,106,16-07-2025 14:32
"The term ""telepharmacy"" involves the provision of pharmaceutical care by registered pharmacists and pharmacies through the use of telecommunications and information technologies to patients at a distance.",TRUE,FALSE,It is not a recognized form of pharmacy practice.,It only involves dispensing medications.,a,A,106,16-07-2025 14:32
Which of the following is an important aspect of providing health education on managing allergies?,Only recommending antihistamines,"Educating patients on allergen avoidance, proper use of medications (e.g., antihistamines, epinephrine auto-injectors), and recognizing signs of anaphylaxis",Telling patients that allergies are not serious,Not providing any information on allergy management,b,B,106,16-07-2025 14:32
The process of developing a community pharmacy's formulary system (if applicable) should be based on:,Only the cost of medications,"Evidence of safety, efficacy, and cost-effectiveness of medications",Manufacturer rebates only,Not having a formulary system,b,B,106,16-07-2025 14:32
"Which of the following is a key benefit of a community pharmacy offering point-of-care testing for infectious diseases (e.g., flu, strep throat)?",It increases the spread of infections.,"It allows for rapid diagnosis and appropriate treatment, potentially reducing the severity and duration of illness and preventing further spread.",It is less accurate than waiting for symptoms to resolve.,It is only for profit.,b,B,106,16-07-2025 14:32
"The term ""patient empowerment"" in health education means helping patients gain the knowledge, skills, and confidence to take an active role in their health and healthcare.",TRUE,FALSE,It means the provider makes all decisions.,It is not a goal of health education.,a,A,106,16-07-2025 14:32
Which of the following is an important strategy for a community pharmacist to empower patients?,Withholding information from patients,"Providing clear and understandable information, involving patients in decision-making, and supporting their self-management efforts",Making decisions for patients without their input,Discouraging patients from asking questions,b,B,106,16-07-2025 14:32
The process of providing health education on the importance of sleep hygiene is an example of:,Tertiary prevention,Health promotion and primary prevention,Disease treatment,Diagnostic testing for sleep disorders,b,B,106,16-07-2025 14:32
Which of the following is a key responsibility of a community pharmacist in managing medication waste?,Encouraging patients to hoard unused medications,"Promoting safe disposal practices, participating in take-back programs, and minimizing waste through efficient inventory management",Ignoring medication waste,Flushing all unused medications down the toilet,b,B,106,16-07-2025 14:32
"The term ""health belief model"" suggests that individuals are more likely to take a health action if they believe they are susceptible to a condition, the condition has serious consequences, the action has benefits, and the barriers to action are outweighed by the benefits.",TRUE,FALSE,It only considers perceived benefits.,It is not relevant to health behavior.,a,A,106,16-07-2025 14:32
Which of the following is an important aspect of providing health education on managing asthma?,Only recommending rescue inhalers,"Educating patients on trigger avoidance, proper inhaler technique for both controller and rescue medications, and developing an asthma action plan",Telling patients that asthma is not a serious condition,Not providing any information on asthma management,b,B,106,16-07-2025 14:32
"The process of developing a community pharmacy's risk management plan should identify potential risks (e.g., medication errors, privacy breaches) and implement strategies to mitigate them.",TRUE,FALSE,Risk management is not necessary for pharmacies.,It only focuses on financial risks.,a,A,106,16-07-2025 14:32
Which of the following is a key benefit of a community pharmacist providing services to long-term care facilities?,It increases the risk of medication errors in these facilities.,"It improves medication safety and management for residents, reduces hospital readmissions, and supports the facility's healthcare team.",It is not a recognized role for pharmacists.,It is only for dispensing medications.,b,B,106,16-07-2025 14:32
"The term ""motivational interviewing"" is a directive, confrontational counseling style for eliciting behavior change.",TRUE,False (It is collaborative and evocative),It is only for substance abuse.,It is not effective.,b,B,106,16-07-2025 14:32
Which of the following is an important principle of motivational interviewing?,Arguing with the patient,"Expressing empathy, developing discrepancy, rolling with resistance, and supporting self-efficacy",Telling the patient what to do,Imposing the counselor's views,b,B,106,16-07-2025 14:32
The process of providing health education on the importance of eye health and regular eye exams is an example of:,Tertiary prevention,Secondary prevention,Disease treatment,Palliative care,b,B,106,16-07-2025 14:32
Which of the following is a key responsibility of a community pharmacist in promoting medication adherence among patients with mental health conditions?,Stigmatizing their condition,"Providing empathetic counseling, addressing concerns about side effects, and collaborating with mental health providers",Telling them to stop taking their medications,Not providing any support for these patients,b,B,106,16-07-2025 14:32
"The term ""SOAP note"" (Subjective, Objective, Assessment, Plan) is a method of documentation used by healthcare providers, including pharmacists, to record patient encounters.",TRUE,FALSE,It is only for physicians.,It is not used in pharmacy.,a,A,106,16-07-2025 14:32
Which of the following is an important aspect of providing health education on managing cardiovascular disease risk factors?,Only focusing on medication,"Educating patients on lifestyle modifications (diet, exercise, smoking cessation), medication adherence, and regular monitoring of blood pressure and cholesterol",Telling patients that cardiovascular disease is inevitable,Not providing any information on risk factor management,b,B,106,16-07-2025 14:32
The process of developing a community pharmacy's continuing education plan for staff should ensure that pharmacists and technicians stay updated on current knowledge and skills.,TRUE,FALSE,Continuing education is not necessary for pharmacy staff.,It only focuses on new drugs.,a,A,106,16-07-2025 14:32
Which of the following is a key benefit of a community pharmacy offering medication therapy management (MTM) services?,It increases medication-related problems.,"It optimizes therapeutic outcomes, improves patient safety, enhances medication adherence, and can reduce overall healthcare costs.",It is too time-consuming and not cost-effective.,It is only for patients with very few medications.,b,B,106,16-07-2025 14:32
"The term ""stages of change model"" (Transtheoretical Model) describes the different stages individuals go through when attempting to change a health behavior (precontemplation, contemplation, preparation, action, maintenance).",TRUE,FALSE,There are only two stages of change.,It is not relevant to health education.,a,A,107,16-07-2025 14:32
"Which of the following is an important strategy for a community pharmacist when working with a patient in the ""precontemplation"" stage of change?",Pushing them to take action immediately,"Raising awareness about the problem behavior and helping them begin to think about change, without being confrontational",Assuming they will never change,Developing a detailed action plan for them,b,B,107,16-07-2025 14:32
The primary goal of health education is to:,Increase pharmacy profits,Empower individuals and communities to make informed decisions and adopt healthy behaviors,Ensure all patients take prescription medications,Replace the role of physicians in patient care,b,B,107,16-07-2025 14:32
Which of the following is NOT a core function of a community pharmacy?,Dispensing medications accurately and safely,Providing patient counseling and health education,Performing major surgical procedures,Managing medication therapy and promoting public health,c,C,107,16-07-2025 14:32
Effective health communication in a pharmacy setting should be:,"One-way, from pharmacist to patient","Tailored to the individual patient's needs, understanding, and cultural background",Filled with complex medical jargon to demonstrate expertise,Limited to only discussing the medication's name and dose,b,B,107,16-07-2025 14:32
A patient asks the pharmacist about a new herbal supplement they saw advertised for weight loss. The pharmacist's most appropriate initial response would be to:,Immediately recommend the supplement as it is natural,Dismiss the patient's question as herbal supplements are useless,"Ask more about the supplement, the patient's health conditions, and current medications, and then provide evidence-based information",Tell the patient to ask their doctor without providing any information,c,C,107,16-07-2025 14:32
Which of the following is an example of a primary prevention activity in community pharmacy?,Counseling a diabetic patient on foot care,Administering an influenza vaccine to a healthy adult,Providing medication for an existing high blood pressure condition,Helping a patient manage side effects of chemotherapy,b,B,107,16-07-2025 14:32
"The term ""health literacy"" is best described as:",The ability to read and write at a college level,"The capacity to obtain, process, and understand basic health information and services needed to make appropriate health decisions",The number of health-related books a person owns,The ability to memorize medical terms,b,B,107,16-07-2025 14:32
"When counseling a patient on a new medication, the ""teach-back"" method is used to:",Test the patient's memory,Confirm the patient's understanding of the information provided,Speed up the counseling process,Allow the pharmacist to repeat information multiple times,b,B,107,16-07-2025 14:32
Which of the following is a common barrier to effective patient counseling in a busy community pharmacy?,Patient's eagerness to learn,Lack of privacy and insufficient time,Pharmacist's extensive knowledge,Availability of educational brochures,b,B,107,16-07-2025 14:32
A community pharmacist notices a patient frequently refilling their opioid prescription early. The pharmacist's ethical responsibility includes:,Ignoring the pattern as it's the doctor's responsibility,Dispensing the prescription without question to avoid confrontation,Investigating potential misuse or diversion and collaborating with the prescriber to ensure patient safety,Reporting the patient to law enforcement immediately without further assessment,c,C,107,16-07-2025 14:32
"The concept of ""Medication Therapy Management"" (MTM) aims to:",Increase the number of medications a patient takes,Optimize medication use and improve health outcomes for patients,Reduce the pharmacist's workload,Focus solely on dispensing medications,b,B,107,16-07-2025 14:32
Which of the following is a benefit of a community pharmacy offering immunizations?,It increases the spread of infectious diseases,It improves public health by increasing vaccination rates and accessibility,It is a purely financial endeavor with no public health benefit,It is outside the scope of pharmacy practice,b,B,107,16-07-2025 14:32
"When providing health education to a patient from a different cultural background, a pharmacist should:",Assume their own cultural norms apply,Be aware of and respect cultural beliefs and practices that may influence health behaviors,Avoid discussing cultural differences to prevent offense,Insist the patient adopt the pharmacist's cultural perspective,b,B,107,16-07-2025 14:32
"The term ""adherence"" in medication therapy refers to:",How quickly a patient picks up their prescription,The extent to which a patient takes medication as prescribed,The patient's ability to pay for their medication,The pharmacist's ability to dispense medication accurately,b,B,107,16-07-2025 14:32
Which of the following is a strategy to improve medication adherence?,"Providing complex, detailed instructions","Using medication reminders, simplifying regimens, and addressing patient concerns",Scolding patients for missed doses,Only focusing on the cost of medication,b,B,107,16-07-2025 14:32
A community pharmacist is asked by a patient for advice on managing a common cold. The pharmacist should:,Immediately recommend antibiotics,Advise on symptomatic relief with appropriate OTC medications and suggest when to seek medical attention,Tell the patient there is nothing they can do,Refer the patient to an emergency room,b,B,107,16-07-2025 14:32
The role of a community pharmacy in public health includes:,Only dispensing medications to individuals,"Participating in health promotion campaigns, disease prevention efforts, and emergency preparedness",Avoiding any involvement in community health issues,Focusing solely on profit generation,b,B,107,16-07-2025 14:32
Which of the following is an example of a health promotion activity?,Treating a bacterial infection with antibiotics,Conducting a workshop on healthy eating and exercise,Diagnosing a chronic disease,Performing surgery,b,B,107,16-07-2025 14:32
"The term ""pharmacovigilance"" is concerned with:",Marketing new drugs,"The detection, assessment, understanding, and prevention of adverse effects of medicines",The manufacturing process of drugs,The financial management of pharmacies,b,B,107,16-07-2025 14:32
"When a patient reports an adverse drug reaction (ADR) to a community pharmacist, the pharmacist should:",Dismiss the report as unimportant,Document the ADR and report it to the appropriate regulatory authorities,Tell the patient to stop taking all their medications,Blame the patient for the ADR,b,B,107,16-07-2025 14:32
Which of the following is a key component of patient-centered care in community pharmacy?,Making all decisions for the patient,"Respecting patient preferences, needs, and values, and involving them in decision-making","Focusing solely on the disease, not the person",Treating all patients identically,b,B,107,16-07-2025 14:32
"The term ""medication reconciliation"" is performed to:",Only count the number of pills a patient has,Prevent medication errors by comparing a patient's medication list with new orders,Determine the cost of a patient's medications,Identify expired medications in a patient's home,b,B,107,16-07-2025 14:32
A community pharmacist is counseling a patient on the proper use of an insulin pen. This is an example of:,Diagnosing diabetes,Patient education and training on medical devices,Prescribing insulin,Performing a blood glucose test,b,B,107,16-07-2025 14:32
Which of the following is an ethical principle that guides pharmacy practice?,Prioritizing profit over patient well-being,Beneficence (acting in the best interest of the patient),Withholding information from patients,Discrimination based on patient characteristics,b,B,107,16-07-2025 14:32
"The term ""health disparities"" refers to:",Equal access to healthcare for all individuals,Differences in health outcomes and their determinants among different groups of people,Only differences in genetic makeup,Only differences in healthcare spending,b,B,107,16-07-2025 14:32
How can community pharmacists help reduce health disparities?,By only serving affluent communities,By providing culturally competent care and addressing social determinants of health,By ignoring the needs of marginalized populations,By increasing the cost of medications for vulnerable groups,b,B,107,16-07-2025 14:32
Which of the following is a key element of motivational interviewing?,Confrontation and argumentation,Expressing empathy and supporting self-efficacy,Telling the patient exactly what to do,Focusing on the negative consequences of unhealthy behaviors,b,B,107,16-07-2025 14:32
"The term ""health literacy environment"" in a pharmacy refers to:",The cleanliness of the pharmacy,"How easy it is for patients to find, understand, and use health information and services within the pharmacy",The number of health books available for sale,The pharmacist's personal health habits,b,B,107,16-07-2025 14:32
Which of the following is a strategy to create a health-literate environment in a community pharmacy?,Using complex medical terminology on all signage,"Providing clear, simple language on labels and educational materials, and ensuring privacy for counseling",Making the pharmacy layout confusing,Not training staff on communication skills,b,B,107,16-07-2025 14:32
The process of providing health education on chronic disease prevention often involves:,Only prescribing medications,"Educating patients on lifestyle modifications like diet, exercise, and smoking cessation",Telling patients that chronic diseases are unavoidable,Focusing solely on treating symptoms,b,B,107,16-07-2025 14:32
Which of the following is an important aspect of managing medication waste in a community pharmacy?,Encouraging patients to keep all unused medications,Providing information on safe medication disposal and participating in take-back programs,Flushing medications down the toilet,Selling expired medications at a discount,b,B,107,16-07-2025 14:32
"The term ""telepharmacy"" allows pharmacists to:",Only dispense medications in person,Provide pharmaceutical care services to patients remotely using technology,Avoid patient interaction altogether,Only communicate with other healthcare professionals,b,B,107,16-07-2025 14:32
Which of the following is a benefit of telepharmacy for patients?,Reduced access to pharmaceutical care,"Improved access to pharmacy services, especially in rural or underserved areas",Increased travel time to the pharmacy,Less personalized care,b,B,107,16-07-2025 14:32
"The process of providing health education on the importance of regular health screenings (e.g., blood pressure, cholesterol) is an example of:",Primary prevention,Secondary prevention,Tertiary prevention,Disease treatment,b,B,107,16-07-2025 14:32
Which of the following is a key responsibility of a community pharmacist in promoting antibiotic stewardship?,Encouraging the overuse of antibiotics,Educating patients on the appropriate use of antibiotics and the risks of antibiotic resistance,Prescribing antibiotics for viral infections,Ignoring patient requests for antibiotics,b,B,107,16-07-2025 14:32
"The term ""patient advocacy"" in pharmacy involves:","Always agreeing with the patient, even if it's not in their best interest","Supporting and promoting the rights and interests of patients, especially vulnerable populations",Only advocating for the pharmacy's financial interests,Remaining neutral in all patient-related issues,b,B,107,16-07-2025 14:32
Which of the following is an important aspect of providing health education on managing chronic pain?,Only recommending opioid medications for all pain,Educating patients on non-pharmacological pain management strategies and safe medication use,Telling patients to just endure the pain,Discouraging patients from seeking any pain relief,b,B,107,16-07-2025 14:32
The process of developing a community pharmacy's emergency preparedness plan should include:,Ignoring potential natural disasters,Strategies for maintaining essential services and ensuring patient access to medications during emergencies,Relying solely on external agencies for emergency response,Not communicating with staff about emergency procedures,b,B,107,16-07-2025 14:32
Which of the following is a key benefit of a community pharmacy having a strong relationship with local healthcare providers?,It creates competition and conflict,It facilitates coordinated patient care and improves communication about medication therapy,It limits the pharmacist's autonomy,It is not necessary for effective patient care,b,B,107,16-07-2025 14:32
"The term ""health coaching"" in pharmacy involves:",Telling patients exactly what to do,Partnering with patients to help them identify and achieve their health goals,Only providing information without support,Diagnosing and treating medical conditions,b,B,107,16-07-2025 14:32
Which of the following is an important aspect of providing health education on the safe use of over-the-counter (OTC) medications?,Encouraging patients to take more than the recommended dose,"Counseling patients on appropriate dosing, potential side effects, and drug interactions with other medications",Telling patients that OTC medications are always safe,Not providing any information on OTC medications,b,B,107,16-07-2025 14:32
The process of conducting a comprehensive medication review (CMR) for a patient aims to:,Only identify new medications to add to their regimen,"Identify and resolve medication-related problems, optimize therapy, and improve patient outcomes","Reduce the number of medications a patient takes, regardless of need",Only check for expired medications,b,B,107,16-07-2025 14:32
Which of the following is a key benefit of a community pharmacy offering medication synchronization programs?,It makes medication management more complicated for patients,It improves medication adherence and simplifies medication pick-up for patients,It increases the number of trips a patient needs to make to the pharmacy,It is only for patients with a single medication,b,B,107,16-07-2025 14:32
"The term ""evidence-based practice"" in health education means:",Relying on anecdotal evidence and personal opinions,Using interventions and strategies that have been scientifically proven to be effective,Only using the newest and most expensive educational materials,Ignoring patient preferences in favor of research findings,b,B,107,16-07-2025 14:32
Which of the following is an important aspect of providing health education on managing allergies?,Telling patients to ignore their allergies,"Educating patients on allergen avoidance, proper use of medications, and recognizing severe allergic reactions",Only recommending antihistamines for all allergies,Not providing any information on allergy management,b,B,107,16-07-2025 14:32
The process of developing a community pharmacy's quality improvement plan should:,Only focus on financial metrics,"Identify areas for improvement in patient care and safety, and implement strategies to address them",Be developed and implemented without staff input,Only address problems after they have caused significant harm,b,B,107,16-07-2025 14:32
Which of the following is a key benefit of a community pharmacy engaging in community outreach programs?,It limits the pharmacy's reach to only existing patients,It enhances the pharmacy's role as a community health resource and improves public health awareness,It is a waste of time and resources,"It only benefits the community, not the pharmacy",b,B,107,16-07-2025 14:32
"The term ""health equity"" aims to:","Ensure everyone has the same health outcomes, regardless of circumstances",Ensure everyone has a fair and just opportunity to be as healthy as possible,Only address health disparities based on individual choices,Ignore social and economic factors influencing health,b,B,107,16-07-2025 14:32
Which of the following is an important aspect of providing health education on mental well-being?,Stigmatizing mental health conditions,"Promoting stress management techniques, healthy coping mechanisms, and encouraging seeking professional help when needed",Telling patients to just get over it,Discouraging patients from seeking help,b,B,107,16-07-2025 14:32
The process of developing a patient care plan in community pharmacy should be:,Dictated solely by the pharmacist,"A collaborative effort between the pharmacist, patient, and other healthcare providers, focusing on patient-centered goals",Based only on the patient's insurance coverage,A generic plan applied to all patients,b,B,108,16-07-2025 14:32
Which of the following is a key benefit of a community pharmacy offering medication synchronization programs?,It increases the number of pharmacy visits for patients.,"It improves medication adherence by allowing patients to pick up all their ongoing medications on a single, convenient day each month.",It makes medication management more complicated.,It is only for patients with one medication.,b,B,108,16-07-2025 14:32
"The term ""evidence-based practice"" in health education means using interventions and strategies that have been proven effective through research.",TRUE,FALSE,It means using personal opinions.,It is not relevant to health education.,a,A,108,16-07-2025 14:32
Which of the following is an important aspect of providing health education on medication interactions?,Only discussing interactions with prescription drugs,"Educating patients about potential interactions between their prescription medications, OTC drugs, herbal supplements, and certain foods",Telling patients not to worry about interactions,Not providing any information on interactions,b,B,108,16-07-2025 14:32
The process of managing a community pharmacy budget involves:,Spending without limits,"Planning, monitoring, and controlling income and expenses to ensure financial viability",Only focusing on increasing sales,Ignoring financial performance,b,B,108,16-07-2025 14:32
Which of the following is a key responsibility of a community pharmacist in promoting antibiotic stewardship?,Encouraging the use of antibiotics for all infections,"Educating patients on the appropriate use of antibiotics, discouraging unnecessary use, and promoting adherence to prescribed regimens",Prescribing antibiotics without a diagnosis,Not providing any information on antibiotic resistance,b,B,108,16-07-2025 14:32
"The term ""health communication"" encompasses the study and use of communication strategies to inform and influence individual and community decisions that enhance health.",TRUE,FALSE,It only involves verbal communication.,It is not related to health outcomes.,a,A,108,16-07-2025 14:32
Which of the following is an important aspect of effective health communication with older adults?,Using small font sizes in written materials,"Speaking clearly, allowing extra time for processing information, and ensuring good lighting and minimal background noise",Assuming they have hearing and vision problems,Using complex medical terms to show respect,b,B,108,16-07-2025 14:32
The process of providing health education on fall prevention for older adults is an example of:,Tertiary prevention,Primary and secondary prevention,Disease treatment,Diagnostic testing,b,B,108,16-07-2025 14:32
Which of the following is a key benefit of a community pharmacy offering home delivery services for medications?,It reduces patient access to pharmacist counseling.,It improves medication access for patients with mobility issues or transportation challenges.,It increases the risk of medication errors.,"It is only for convenience, not a health benefit.",b,B,108,16-07-2025 14:32
"The term ""patient advocacy"" in community pharmacy means supporting and promoting the rights and interests of patients.",TRUE,FALSE,It means always agreeing with the patient.,It is not part of a pharmacist's role.,a,A,108,16-07-2025 14:32
Which of the following is an important aspect of providing health education on managing common side effects of medications?,Telling patients to ignore all side effects,Educating patients on how to manage minor side effects and when to seek medical attention for serious ones,Discouraging patients from reporting side effects,Not providing any information on side effects,b,B,108,16-07-2025 14:32
The process of developing a community pharmacy marketing plan should focus on:,Only promoting prescription drug sales,"Highlighting the pharmacy's services, expertise, and commitment to patient care and community health",Making exaggerated claims about services,"Only targeting new patients, not existing ones",b,B,108,16-07-2025 14:32
Which of the following is a key responsibility of a community pharmacist in ensuring the quality and safety of compounded medications?,Using ingredients from unverified sources,"Following established compounding standards and guidelines, using appropriate techniques, and ensuring accurate labeling",Not performing any quality control checks,Compounding medications in a non-sterile environment,b,B,108,16-07-2025 14:32
"The term ""health informatics"" involves the use of information technology to manage and use health information to improve patient care.",TRUE,FALSE,It only involves paper records.,It is not relevant to pharmacy.,a,A,108,16-07-2025 14:32
Which of the following is an important aspect of using health informatics in community pharmacy?,Ignoring data security and patient privacy,"Utilizing electronic health records, e-prescribing, and other technologies to improve efficiency, safety, and patient care",Making it harder for patients to access their information,Not training staff on how to use new technologies,b,B,108,16-07-2025 14:32
The process of providing health education on the importance of regular health check-ups is an example of:,Tertiary prevention,Secondary prevention,Disease treatment,Palliative care,b,B,108,16-07-2025 14:32
Which of the following is a key benefit of a community pharmacy having a well-trained and knowledgeable staff?,It increases the likelihood of errors.,"It enhances patient safety, improves customer service, and supports the pharmacist in providing comprehensive care.",It is not important for patient care.,It is too expensive to invest in staff training.,b,B,108,16-07-2025 14:32
"The term ""professional ethics"" in community pharmacy guides pharmacists in making decisions that are in the best interest of their patients and society.",TRUE,FALSE,Ethics are not relevant to pharmacy practice.,It only involves following the law.,a,A,108,16-07-2025 14:32
Which of the following is an important ethical principle for community pharmacists?,Beneficence (acting in the patient's best interest),Prioritizing profit over patient care,Non-maleficence (doing no harm),Both a and c,d,D,108,16-07-2025 14:32
The process of providing health education on managing stress and promoting mental well-being is an example of:,Only treating mental illness,Health promotion and primary prevention,Diagnostic testing for mental disorders,Prescribing psychiatric medications,b,B,108,16-07-2025 14:32
"Which of the following is a key benefit of a community pharmacy offering specialized services (e.g., diabetes care, asthma management)?",It limits the pharmacy's patient base.,"It allows pharmacists to provide more in-depth care for patients with specific conditions, improving health outcomes and patient satisfaction.",It is too complicated to implement.,It is not financially viable.,b,B,108,16-07-2025 14:32
"The term ""pharmaceutical care"" is a patient-centered, outcomes-oriented pharmacy practice that requires the pharmacist to work in concert with the patient and the patient's other healthcare providers to promote health, to prevent disease, and to assess, monitor, initiate, and modify medication use to assure that drug therapy regimens are safe and effective.",TRUE,FALSE,It only involves dispensing.,It is an outdated concept.,a,A,108,16-07-2025 14:32
Which of the following is an important aspect of providing culturally competent health education?,Imposing one's own cultural beliefs on patients,"Understanding and respecting the diverse cultural backgrounds, beliefs, and practices of patients, and tailoring education accordingly","Treating all patients exactly the same, ignoring cultural differences",Avoiding any discussion of culture,b,B,108,16-07-2025 14:32
The process of evaluating the effectiveness of a health education program in a community pharmacy should involve:,Only asking patients if they liked the program,"Assessing changes in patient knowledge, attitudes, behaviors, or health outcomes related to the program's objectives",Not evaluating the program at all,Only focusing on the number of attendees,b,B,108,16-07-2025 14:32
Which of the following is a key responsibility of a community pharmacist in managing controlled substances?,Dispensing them without a valid prescription,"Ensuring proper storage, record-keeping, and dispensing in compliance with all legal and regulatory requirements to prevent diversion and abuse",Not providing any counseling on their use,Selling them at inflated prices,b,B,108,16-07-2025 14:32
"The term ""shared decision-making"" in health education involves the patient and provider working together to make healthcare choices based on clinical evidence and the patient's values and preferences.",TRUE,FALSE,The provider makes all decisions.,The patient makes all decisions without provider input.,a,A,108,16-07-2025 14:32
Which of the following is an important aspect of providing health education on the safe use of herbal supplements?,Recommending them for all conditions,"Educating patients about potential interactions with medications, lack of regulation, and the importance of informing their healthcare providers about supplement use",Telling patients that all herbal supplements are safe,Not providing any information on herbal supplements,b,B,108,16-07-2025 14:32
The process of developing a community pharmacy's emergency preparedness plan should include:,Only planning for power outages,"Strategies for maintaining operations, communicating with staff and patients, and ensuring access to medications during various types of emergencies",Not having an emergency plan,Only focusing on financial recovery,b,B,108,16-07-2025 14:32
Which of the following is a key benefit of a community pharmacy using social media for health education and promotion?,It can spread misinformation easily.,"It can reach a wide audience with timely health information, promote pharmacy services, and engage with the community.",It is unprofessional for pharmacies to use social media.,It is not effective for health education.,b,B,108,16-07-2025 14:32
"The term ""health behavior change"" is a complex process that often requires ongoing support and multiple interventions.",TRUE,FALSE,"It is a simple, one-time event.",It only requires information.,a,A,108,16-07-2025 14:32
Which of the following is an important strategy for a community pharmacist to support patients in making health behavior changes?,Being judgmental and critical of their current behaviors,"Using motivational interviewing techniques, setting realistic goals, providing ongoing support, and celebrating small successes",Telling patients what to do without discussion,Giving up if the patient is not immediately successful,b,B,108,16-07-2025 14:32
"The process of providing health education on travel health (e.g., vaccinations, malaria prevention) is important for individuals traveling to certain destinations.",TRUE,FALSE,It is not necessary for any travel.,Only physicians can provide travel health advice.,a,A,108,16-07-2025 14:32
Which of the following is a key responsibility of a community pharmacist in providing travel health services?,Only selling travel-sized toiletries,"Assessing travel itineraries, recommending appropriate vaccinations and prophylactic medications, and counseling on travel-related health risks",Discouraging patients from traveling,Not providing any information on travel health,b,B,108,16-07-2025 14:32
"The term ""interprofessional education"" (IPE) involves students from two or more professions learning about, from, and with each other to enable effective collaboration and improve health outcomes.",TRUE,FALSE,It is not relevant to pharmacy.,It only involves students from the same profession.,a,A,108,16-07-2025 14:32
Which of the following is an important aspect of providing health education on medication costs and affordability?,Only recommending the most expensive medications,"Discussing generic alternatives, patient assistance programs, and insurance coverage to help patients manage medication expenses",Telling patients that cost is not a concern,Not providing any information on medication costs,b,B,108,16-07-2025 14:32
The process of developing a community pharmacy's quality improvement program should involve:,Only focusing on dispensing speed,"Identifying areas for improvement, implementing changes, monitoring outcomes, and continuously refining processes to enhance patient care and safety",Not making any changes to existing processes,Only addressing patient complaints,b,B,108,16-07-2025 14:32
"Which of the following is a key benefit of a community pharmacy having strong relationships with community organizations (e.g., senior centers, schools)?",It increases the pharmacy's workload.,"It facilitates collaborative health promotion initiatives, improves access to underserved populations, and strengthens the pharmacy's community presence.",It is not relevant to pharmacy practice.,It only benefits the community organizations.,b,B,108,16-07-2025 14:32
"The term ""health literacy environment"" of a pharmacy refers to how easy it is for patients to navigate, understand, and use health information and services within the pharmacy.",TRUE,FALSE,It only refers to the cleanliness of the pharmacy.,It is not important for patient care.,a,A,108,16-07-2025 14:32
Which of the following is an important strategy for a community pharmacist to create a health-literate environment?,Using complex signage and forms,"Providing clear signage, easy-to-understand written materials, and ensuring staff are trained to communicate effectively with all patients",Making the pharmacy difficult to navigate,Not offering any assistance to patients,b,B,108,16-07-2025 14:32
The process of providing health education on the importance of medication adherence for chronic conditions like hypertension or diabetes is crucial for preventing complications.,TRUE,FALSE,Adherence is not important for these conditions.,Only physicians should discuss adherence.,a,A,108,16-07-2025 14:32
Which of the following is a key responsibility of a community pharmacist in promoting responsible self-medication?,Encouraging patients to self-diagnose serious conditions,Educating patients on when it is appropriate to self-treat minor ailments with OTC medications and when to seek medical advice,Recommending prescription medications for self-treatment,Not providing any guidance on self-medication,b,B,108,16-07-2025 14:32
"The term ""social marketing"" in health education uses marketing principles to influence behaviors that benefit individuals and communities for the greater social good.",TRUE,FALSE,It is the same as commercial marketing.,It is not effective for health promotion.,a,A,108,16-07-2025 14:32
Which of the following is an important aspect of providing health education on nutrition and healthy eating?,Promoting fad diets,"Providing evidence-based information on balanced diets, portion control, and making healthy food choices",Telling patients that diet is not important,Not offering any advice on nutrition,b,B,108,16-07-2025 14:32
The process of developing a community pharmacy's business plan should include:,Only financial projections,"An analysis of the market, a description of services offered, marketing strategies, operational plans, and financial forecasts",Not having a business plan,Only focusing on short-term goals,b,B,108,16-07-2025 14:32
Which of the following is a key benefit of a community pharmacist being involved in research?,It takes time away from patient care.,"It contributes to the evidence base for pharmacy practice, improves patient outcomes, and advances the profession.",It is not relevant to community pharmacy.,It is only for academic pharmacists.,b,B,108,16-07-2025 14:32
"The term ""health advocacy"" involves speaking out on behalf of patients or communities to promote health and access to care.",TRUE,FALSE,It is not part of a pharmacist's role.,It only involves lobbying politicians.,a,A,108,16-07-2025 14:32
Which of the following is an important aspect of providing health education on the risks of prescription drug abuse?,Ignoring the issue,"Educating patients on the proper use, storage, and disposal of controlled substances, and recognizing signs of abuse",Encouraging patients to share their medications,Not providing any information on drug abuse,b,B,108,16-07-2025 14:32
The process of providing health education to caregivers of patients with chronic illnesses is important to support both the patient and the caregiver.,TRUE,FALSE,Caregivers do not need education.,Only patients need education.,a,A,108,16-07-2025 14:32
Which of the following is a key responsibility of a community pharmacist in providing palliative care support?,Only focusing on curative treatments,"Managing pain and other symptoms, providing counseling and support to patients and families, and collaborating with other healthcare providers",Avoiding discussions about end-of-life care,Not providing any support for palliative care patients,b,B,108,16-07-2025 14:32
"The term ""telepharmacy"" involves the provision of pharmaceutical care by registered pharmacists and pharmacies through the use of telecommunications and information technologies to patients at a distance.",TRUE,FALSE,It is not a recognized form of pharmacy practice.,It only involves dispensing medications.,a,A,109,16-07-2025 14:32
Which of the following is an important aspect of providing health education on managing allergies?,Only recommending antihistamines,"Educating patients on allergen avoidance, proper use of medications (e.g., antihistamines, epinephrine auto-injectors), and recognizing signs of anaphylaxis",Telling patients that allergies are not serious,Not providing any information on allergy management,b,B,109,16-07-2025 14:32
The process of developing a community pharmacy's formulary system (if applicable) should be based on:,Only the cost of medications,"Evidence of safety, efficacy, and cost-effectiveness of medications",Manufacturer rebates only,Not having a formulary system,b,B,109,16-07-2025 14:32
"Which of the following is a key benefit of a community pharmacy offering point-of-care testing for infectious diseases (e.g., flu, strep throat)?",It increases the spread of infections.,"It allows for rapid diagnosis and appropriate treatment, potentially reducing the severity and duration of illness and preventing further spread.",It is less accurate than waiting for symptoms to resolve.,It is only for profit.,b,B,109,16-07-2025 14:32
"The term ""patient empowerment"" in health education means helping patients gain the knowledge, skills, and confidence to take an active role in their health and healthcare.",TRUE,FALSE,It means the provider makes all decisions.,It is not a goal of health education.,a,A,109,16-07-2025 14:32
Which of the following is an important strategy for a community pharmacist to empower patients?,Withholding information from patients,"Providing clear and understandable information, involving patients in decision-making, and supporting their self-management efforts",Making decisions for patients without their input,Discouraging patients from asking questions,b,B,109,16-07-2025 14:32
The process of providing health education on the importance of sleep hygiene is an example of:,Tertiary prevention,Health promotion and primary prevention,Disease treatment,Diagnostic testing for sleep disorders,b,B,109,16-07-2025 14:32
Which of the following is a key responsibility of a community pharmacist in managing medication waste?,Encouraging patients to hoard unused medications,"Promoting safe disposal practices, participating in take-back programs, and minimizing waste through efficient inventory management",Ignoring medication waste,Flushing all unused medications down the toilet,b,B,109,16-07-2025 14:32
"The term ""health belief model"" suggests that individuals are more likely to take a health action if they believe they are susceptible to a condition, the condition has serious consequences, the action has benefits, and the barriers to action are outweighed by the benefits.",TRUE,FALSE,It only considers perceived benefits.,It is not relevant to health behavior.,a,A,109,16-07-2025 14:32
Which of the following is an important aspect of providing health education on managing asthma?,Only recommending rescue inhalers,"Educating patients on trigger avoidance, proper inhaler technique for both controller and rescue medications, and developing an asthma action plan",Telling patients that asthma is not a serious condition,Not providing any information on asthma management,b,B,109,16-07-2025 14:32
"The process of developing a community pharmacy's risk management plan should identify potential risks (e.g., medication errors, privacy breaches) and implement strategies to mitigate them.",TRUE,FALSE,Risk management is not necessary for pharmacies.,It only focuses on financial risks.,a,A,109,16-07-2025 14:32
Which of the following is a key benefit of a community pharmacist providing services to long-term care facilities?,It increases the risk of medication errors in these facilities.,"It improves medication safety and management for residents, reduces hospital readmissions, and supports the facility's healthcare team.",It is not a recognized role for pharmacists.,It is only for dispensing medications.,b,B,109,16-07-2025 14:32
"The term ""motivational interviewing"" is a directive, confrontational counseling style for eliciting behavior change.",TRUE,False (It is collaborative and evocative),It is only for substance abuse.,It is not effective.,b,B,109,16-07-2025 14:32
Which of the following is an important principle of motivational interviewing?,Arguing with the patient,"Expressing empathy, developing discrepancy, rolling with resistance, and supporting self-efficacy",Telling the patient what to do,Imposing the counselor's views,b,B,109,16-07-2025 14:32
The process of providing health education on the importance of eye health and regular eye exams is an example of:,Tertiary prevention,Secondary prevention,Disease treatment,Palliative care,b,B,109,16-07-2025 14:32
Which of the following is a key responsibility of a community pharmacist in promoting medication adherence among patients with mental health conditions?,Stigmatizing their condition,"Providing empathetic counseling, addressing concerns about side effects, and collaborating with mental health providers",Telling them to stop taking their medications,Not providing any support for these patients,b,B,109,16-07-2025 14:32
"The term ""SOAP note"" (Subjective, Objective, Assessment, Plan) is a method of documentation used by healthcare providers, including pharmacists, to record patient encounters.",TRUE,FALSE,It is only for physicians.,It is not used in pharmacy.,a,A,109,16-07-2025 14:32
Which of the following is an important aspect of providing health education on managing cardiovascular disease risk factors?,Only focusing on medication,"Educating patients on lifestyle modifications (diet, exercise, smoking cessation), medication adherence, and regular monitoring of blood pressure and cholesterol",Telling patients that cardiovascular disease is inevitable,Not providing any information on risk factor management,b,B,109,16-07-2025 14:32
The process of developing a community pharmacy's continuing education plan for staff should ensure that pharmacists and technicians stay updated on current knowledge and skills.,TRUE,FALSE,Continuing education is not necessary for pharmacy staff.,It only focuses on new drugs.,a,A,109,16-07-2025 14:32
Which of the following is a key benefit of a community pharmacy offering medication therapy management (MTM) services?,It increases medication-related problems.,"It optimizes therapeutic outcomes, improves patient safety, enhances medication adherence, and can reduce overall healthcare costs.",It is too time-consuming and not cost-effective.,It is only for patients with very few medications.,b,B,109,16-07-2025 14:32
"The term ""stages of change model"" (Transtheoretical Model) describes the different stages individuals go through when attempting to change a health behavior (precontemplation, contemplation, preparation, action, maintenance).",TRUE,FALSE,There are only two stages of change.,It is not relevant to health education.,a,A,109,16-07-2025 14:32
"Which of the following is an important strategy for a community pharmacist when working with a patient in the ""precontemplation"" stage of change?",Pushing them to take action immediately,"Raising awareness about the problem behavior and helping them begin to think about change, without being confrontational",Assuming they will never change,Developing a detailed action plan for them,b,B,109,16-07-2025 14:32
The primary goal of health education is to:,Increase pharmacy profits,Empower individuals and communities to make informed decisions and adopt healthy behaviors,Ensure all patients take prescription medications,Replace the role of physicians in patient care,b,B,109,16-07-2025 14:32
Which of the following is NOT a core function of a community pharmacy?,Dispensing medications accurately and safely,Providing patient counseling and health education,Performing major surgical procedures,Managing medication therapy and promoting public health,c,C,109,16-07-2025 14:32
Effective health communication in a pharmacy setting should be:,"One-way, from pharmacist to patient","Tailored to the individual patient's needs, understanding, and cultural background",Filled with complex medical jargon to demonstrate expertise,Limited to only discussing the medication's name and dose,b,B,109,16-07-2025 14:32
A patient asks the pharmacist about a new herbal supplement they saw advertised for weight loss. The pharmacist's most appropriate initial response would be to:,Immediately recommend the supplement as it is natural,Dismiss the patient's question as herbal supplements are useless,"Ask more about the supplement, the patient's health conditions, and current medications, and then provide evidence-based information",Tell the patient to ask their doctor without providing any information,c,C,109,16-07-2025 14:32
Which of the following is an example of a primary prevention activity in community pharmacy?,Counseling a diabetic patient on foot care,Administering an influenza vaccine to a healthy adult,Providing medication for an existing high blood pressure condition,Helping a patient manage side effects of chemotherapy,b,B,109,16-07-2025 14:32
"The term ""health literacy"" is best described as:",The ability to read and write at a college level,"The capacity to obtain, process, and understand basic health information and services needed to make appropriate health decisions",The number of health-related books a person owns,The ability to memorize medical terms,b,B,109,16-07-2025 14:32
"When counseling a patient on a new medication, the ""teach-back"" method is used to:",Test the patient's memory,Confirm the patient's understanding of the information provided,Speed up the counseling process,Allow the pharmacist to repeat information multiple times,b,B,109,16-07-2025 14:32
Which of the following is a common barrier to effective patient counseling in a busy community pharmacy?,Patient's eagerness to learn,Lack of privacy and insufficient time,Pharmacist's extensive knowledge,Availability of educational brochures,b,B,109,16-07-2025 14:32
A community pharmacist notices a patient frequently refilling their opioid prescription early. The pharmacist's ethical responsibility includes:,Ignoring the pattern as it's the doctor's responsibility,Dispensing the prescription without question to avoid confrontation,Investigating potential misuse or diversion and collaborating with the prescriber to ensure patient safety,Reporting the patient to law enforcement immediately without further assessment,c,C,109,16-07-2025 14:32
"The concept of ""Medication Therapy Management"" (MTM) aims to:",Increase the number of medications a patient takes,Optimize medication use and improve health outcomes for patients,Reduce the pharmacist's workload,Focus solely on dispensing medications,b,B,109,16-07-2025 14:32
Which of the following is a benefit of a community pharmacy offering immunizations?,It increases the spread of infectious diseases,It improves public health by increasing vaccination rates and accessibility,It is a purely financial endeavor with no public health benefit,It is outside the scope of pharmacy practice,b,B,109,16-07-2025 14:32
"When providing health education to a patient from a different cultural background, a pharmacist should:",Assume their own cultural norms apply,Be aware of and respect cultural beliefs and practices that may influence health behaviors,Avoid discussing cultural differences to prevent offense,Insist the patient adopt the pharmacist's cultural perspective,b,B,109,16-07-2025 14:32
"The term ""adherence"" in medication therapy refers to:",How quickly a patient picks up their prescription,The extent to which a patient takes medication as prescribed,The patient's ability to pay for their medication,The pharmacist's ability to dispense medication accurately,b,B,109,16-07-2025 14:32
Which of the following is a strategy to improve medication adherence?,"Providing complex, detailed instructions","Using medication reminders, simplifying regimens, and addressing patient concerns",Scolding patients for missed doses,Only focusing on the cost of medication,b,B,109,16-07-2025 14:32
A community pharmacist is asked by a patient for advice on managing a common cold. The pharmacist should:,Immediately recommend antibiotics,Advise on symptomatic relief with appropriate OTC medications and suggest when to seek medical attention,Tell the patient there is nothing they can do,Refer the patient to an emergency room,b,B,109,16-07-2025 14:32
The role of a community pharmacy in public health includes:,Only dispensing medications to individuals,"Participating in health promotion campaigns, disease prevention efforts, and emergency preparedness",Avoiding any involvement in community health issues,Focusing solely on profit generation,b,B,109,16-07-2025 14:32
Which of the following is an example of a health promotion activity?,Treating a bacterial infection with antibiotics,Conducting a workshop on healthy eating and exercise,Diagnosing a chronic disease,Performing surgery,b,B,109,16-07-2025 14:32
"The term ""pharmacovigilance"" is concerned with:",Marketing new drugs,"The detection, assessment, understanding, and prevention of adverse effects of medicines",The manufacturing process of drugs,The financial management of pharmacies,b,B,109,16-07-2025 14:32
"When a patient reports an adverse drug reaction (ADR) to a community pharmacist, the pharmacist should:",Dismiss the report as unimportant,Document the ADR and report it to the appropriate regulatory authorities,Tell the patient to stop taking all their medications,Blame the patient for the ADR,b,B,109,16-07-2025 14:32
Which of the following is a key component of patient-centered care in community pharmacy?,Making all decisions for the patient,"Respecting patient preferences, needs, and values, and involving them in decision-making","Focusing solely on the disease, not the person",Treating all patients identically,b,B,109,16-07-2025 14:32
"The term ""medication reconciliation"" is performed to:",Only count the number of pills a patient has,Prevent medication errors by comparing a patient's medication list with new orders,Determine the cost of a patient's medications,Identify expired medications in a patient's home,b,B,109,16-07-2025 14:32
A community pharmacist is counseling a patient on the proper use of an insulin pen. This is an example of:,Diagnosing diabetes,Patient education and training on medical devices,Prescribing insulin,Performing a blood glucose test,b,B,109,16-07-2025 14:32
Which of the following is an ethical principle that guides pharmacy practice?,Prioritizing profit over patient well-being,Beneficence (acting in the best interest of the patient),Withholding information from patients,Discrimination based on patient characteristics,b,B,109,16-07-2025 14:32
"The term ""health disparities"" refers to:",Equal access to healthcare for all individuals,Differences in health outcomes and their determinants among different groups of people,Only differences in genetic makeup,Only differences in healthcare spending,b,B,109,16-07-2025 14:32
How can community pharmacists help reduce health disparities?,By only serving affluent communities,By providing culturally competent care and addressing social determinants of health,By ignoring the needs of marginalized populations,By increasing the cost of medications for vulnerable groups,b,B,109,16-07-2025 14:32
Which of the following is a key element of motivational interviewing?,Confrontation and argumentation,Expressing empathy and supporting self-efficacy,Telling the patient exactly what to do,Focusing on the negative consequences of unhealthy behaviors,b,B,109,16-07-2025 14:32
"The term ""health literacy environment"" in a pharmacy refers to:",The cleanliness of the pharmacy,"How easy it is for patients to find, understand, and use health information and services within the pharmacy",The number of health books available for sale,The pharmacist's personal health habits,b,B,109,16-07-2025 14:32
Which of the following is a strategy to create a health-literate environment in a community pharmacy?,Using complex medical terminology on all signage,"Providing clear, simple language on labels and educational materials, and ensuring privacy for counseling",Making the pharmacy layout confusing,Not training staff on communication skills,b,B,109,16-07-2025 14:32
The process of providing health education on chronic disease prevention often involves:,Only prescribing medications,"Educating patients on lifestyle modifications like diet, exercise, and smoking cessation",Telling patients that chronic diseases are unavoidable,Focusing solely on treating symptoms,b,B,110,16-07-2025 14:32
Which of the following is an important aspect of managing medication waste in a community pharmacy?,Encouraging patients to keep all unused medications,Providing information on safe medication disposal and participating in take-back programs,Flushing medications down the toilet,Selling expired medications at a discount,b,B,110,16-07-2025 14:32
"The term ""telepharmacy"" allows pharmacists to:",Only dispense medications in person,Provide pharmaceutical care services to patients remotely using technology,Avoid patient interaction altogether,Only communicate with other healthcare professionals,b,B,110,16-07-2025 14:32
Which of the following is a benefit of telepharmacy for patients?,Reduced access to pharmaceutical care,"Improved access to pharmacy services, especially in rural or underserved areas",Increased travel time to the pharmacy,Less personalized care,b,B,110,16-07-2025 14:32
"The process of providing health education on the importance of regular health screenings (e.g., blood pressure, cholesterol) is an example of:",Primary prevention,Secondary prevention,Tertiary prevention,Disease treatment,b,B,110,16-07-2025 14:32
Which of the following is a key responsibility of a community pharmacist in promoting antibiotic stewardship?,Encouraging the overuse of antibiotics,Educating patients on the appropriate use of antibiotics and the risks of antibiotic resistance,Prescribing antibiotics for viral infections,Ignoring patient requests for antibiotics,b,B,110,16-07-2025 14:32
"The term ""patient advocacy"" in pharmacy involves:","Always agreeing with the patient, even if it's not in their best interest","Supporting and promoting the rights and interests of patients, especially vulnerable populations",Only advocating for the pharmacy's financial interests,Remaining neutral in all patient-related issues,b,B,110,16-07-2025 14:32
Which of the following is an important aspect of providing health education on managing chronic pain?,Only recommending opioid medications for all pain,Educating patients on non-pharmacological pain management strategies and safe medication use,Telling patients to just endure the pain,Discouraging patients from seeking any pain relief,b,B,110,16-07-2025 14:32
The process of developing a community pharmacy's emergency preparedness plan should include:,Ignoring potential natural disasters,Strategies for maintaining essential services and ensuring patient access to medications during emergencies,Relying solely on external agencies for emergency response,Not communicating with staff about emergency procedures,b,B,110,16-07-2025 14:32
Which of the following is a key benefit of a community pharmacy having a strong relationship with local healthcare providers?,It creates competition and conflict,It facilitates coordinated patient care and improves communication about medication therapy,It limits the pharmacist's autonomy,It is not necessary for effective patient care,b,B,110,16-07-2025 14:32
"The term ""health coaching"" in pharmacy involves:",Telling patients exactly what to do,Partnering with patients to help them identify and achieve their health goals,Only providing information without support,Diagnosing and treating medical conditions,b,B,110,16-07-2025 14:32
Which of the following is an important aspect of providing health education on the safe use of over-the-counter (OTC) medications?,Encouraging patients to take more than the recommended dose,"Counseling patients on appropriate dosing, potential side effects, and drug interactions with other medications",Telling patients that OTC medications are always safe,Not providing any information on OTC medications,b,B,110,16-07-2025 14:32
The process of conducting a comprehensive medication review (CMR) for a patient aims to:,Only identify new medications to add to their regimen,"Identify and resolve medication-related problems, optimize therapy, and improve patient outcomes","Reduce the number of medications a patient takes, regardless of need",Only check for expired medications,b,B,110,16-07-2025 14:32
Which of the following is a key benefit of a community pharmacy offering medication synchronization programs?,It makes medication management more complicated for patients,It improves medication adherence and simplifies medication pick-up for patients,It increases the number of trips a patient needs to make to the pharmacy,It is only for patients with a single medication,b,B,110,16-07-2025 14:32
"The term ""evidence-based practice"" in health education means:",Relying on anecdotal evidence and personal opinions,Using interventions and strategies that have been scientifically proven to be effective,Only using the newest and most expensive educational materials,Ignoring patient preferences in favor of research findings,b,B,110,16-07-2025 14:32
Which of the following is an important aspect of providing health education on managing allergies?,Telling patients to ignore their allergies,"Educating patients on allergen avoidance, proper use of medications, and recognizing severe allergic reactions",Only recommending antihistamines for all allergies,Not providing any information on allergy management,b,B,110,16-07-2025 14:32
The process of developing a community pharmacy's quality improvement plan should:,Only focus on financial metrics,"Identify areas for improvement in patient care and safety, and implement strategies to address them",Be developed and implemented without staff input,Only address problems after they have caused significant harm,b,B,110,16-07-2025 14:32
Which of the following is a key benefit of a community pharmacy engaging in community outreach programs?,It limits the pharmacy's reach to only existing patients,It enhances the pharmacy's role as a community health resource and improves public health awareness,It is a waste of time and resources,"It only benefits the community, not the pharmacy",b,B,110,16-07-2025 14:32
"The term ""health equity"" aims to:","Ensure everyone has the same health outcomes, regardless of circumstances",Ensure everyone has a fair and just opportunity to be as healthy as possible,Only address health disparities based on individual choices,Ignore social and economic factors influencing health,b,B,110,16-07-2025 14:32
Which of the following is an important aspect of providing health education on mental well-being?,Stigmatizing mental health conditions,"Promoting stress management techniques, healthy coping mechanisms, and encouraging seeking professional help when needed","Telling patients to just get over it""",Discouraging patients from seeking help,b,B,110,16-07-2025 14:32
The process of developing a patient care plan in community pharmacy should be:,Dictated solely by the pharmacist,"A collaborative effort between the pharmacist, patient, and other healthcare providers, focusing on patient-centered goals",Based only on the patient's insurance coverage,A generic plan applied to all patients,b,B,110,16-07-2025 14:32
Which of the following is a key benefit of a community pharmacy offering medication synchronization programs?,It increases the number of pharmacy visits for patients.,"It improves medication adherence by allowing patients to pick up all their ongoing medications on a single, convenient day each month.",It makes medication management more complicated.,It is only for patients with one medication.,b,B,110,16-07-2025 14:32
"The term ""evidence-based practice"" in health education means using interventions and strategies that have been proven effective through research.",TRUE,FALSE,It means using personal opinions.,It is not relevant to health education.,a,A,110,16-07-2025 14:32
Which of the following is an important aspect of providing health education on medication interactions?,Only discussing interactions with prescription drugs,"Educating patients about potential interactions between their prescription medications, OTC drugs, herbal supplements, and certain foods",Telling patients not to worry about interactions,Not providing any information on interactions,b,B,110,16-07-2025 14:32
The process of managing a community pharmacy budget involves:,Spending without limits,"Planning, monitoring, and controlling income and expenses to ensure financial viability",Only focusing on increasing sales,Ignoring financial performance,b,B,110,16-07-2025 14:32
Which of the following is a key responsibility of a community pharmacist in promoting antibiotic stewardship?,Encouraging the use of antibiotics for all infections,"Educating patients on the appropriate use of antibiotics, discouraging unnecessary use, and promoting adherence to prescribed regimens",Prescribing antibiotics without a diagnosis,Not providing any information on antibiotic resistance,b,B,110,16-07-2025 14:32
"The term ""health communication"" encompasses the study and use of communication strategies to inform and influence individual and community decisions that enhance health.",TRUE,FALSE,It only involves verbal communication.,It is not related to health outcomes.,a,A,110,16-07-2025 14:32
Which of the following is an important aspect of effective health communication with older adults?,Using small font sizes in written materials,"Speaking clearly, allowing extra time for processing information, and ensuring good lighting and minimal background noise",Assuming they have hearing and vision problems,Using complex medical terms to show respect,b,B,110,16-07-2025 14:32
The process of providing health education on fall prevention for older adults is an example of:,Tertiary prevention,Primary and secondary prevention,Disease treatment,Diagnostic testing,b,B,110,16-07-2025 14:32
Which of the following is a key benefit of a community pharmacy offering home delivery services for medications?,It reduces patient access to pharmacist counseling.,It improves medication access for patients with mobility issues or transportation challenges.,It increases the risk of medication errors.,"It is only for convenience, not a health benefit.",b,B,110,16-07-2025 14:32
"The term ""patient advocacy"" in community pharmacy means supporting and promoting the rights and interests of patients.",TRUE,FALSE,It means always agreeing with the patient.,It is not part of a pharmacist's role.,a,A,110,16-07-2025 14:32
Which of the following is an important aspect of providing health education on managing common side effects of medications?,Telling patients to ignore all side effects,Educating patients on how to manage minor side effects and when to seek medical attention for serious ones,Discouraging patients from reporting side effects,Not providing any information on side effects,b,B,110,16-07-2025 14:32
The process of developing a community pharmacy marketing plan should focus on:,Only promoting prescription drug sales,"Highlighting the pharmacy's services, expertise, and commitment to patient care and community health",Making exaggerated claims about services,"Only targeting new patients, not existing ones",b,B,110,16-07-2025 14:32
Which of the following is a key responsibility of a community pharmacist in ensuring the quality and safety of compounded medications?,Using ingredients from unverified sources,"Following established compounding standards and guidelines, using appropriate techniques, and ensuring accurate labeling",Not performing any quality control checks,Compounding medications in a non-sterile environment,b,B,110,16-07-2025 14:32
"The term ""health informatics"" involves the use of information technology to manage and use health information to improve patient care.",TRUE,FALSE,It only involves paper records.,It is not relevant to pharmacy.,a,A,110,16-07-2025 14:32
Which of the following is an important aspect of using health informatics in community pharmacy?,Ignoring data security and patient privacy,"Utilizing electronic health records, e-prescribing, and other technologies to improve efficiency, safety, and patient care",Making it harder for patients to access their information,Not training staff on how to use new technologies,b,B,110,16-07-2025 14:32
The process of providing health education on the importance of regular health check-ups is an example of:,Tertiary prevention,Secondary prevention,Disease treatment,Palliative care,b,B,110,16-07-2025 14:32
Which of the following is a key benefit of a community pharmacy having a well-trained and knowledgeable staff?,It increases the likelihood of errors.,"It enhances patient safety, improves customer service, and supports the pharmacist in providing comprehensive care.",It is not important for patient care.,It is too expensive to invest in staff training.,b,B,110,16-07-2025 14:32
"The term ""professional ethics"" in community pharmacy guides pharmacists in making decisions that are in the best interest of their patients and society.",TRUE,FALSE,Ethics are not relevant to pharmacy practice.,It only involves following the law.,a,A,110,16-07-2025 14:32
Which of the following is an important ethical principle for community pharmacists?,Beneficence (acting in the patient's best interest),Prioritizing profit over patient care,Non-maleficence (doing no harm),Both a and c,d,D,110,16-07-2025 14:32
The process of providing health education on managing stress and promoting mental well-being is an example of:,Only treating mental illness,Health promotion and primary prevention,Diagnostic testing for mental disorders,Prescribing psychiatric medications,b,B,110,16-07-2025 14:32
"Which of the following is a key benefit of a community pharmacy offering specialized services (e.g., diabetes care, asthma management)?",It limits the pharmacy's patient base.,"It allows pharmacists to provide more in-depth care for patients with specific conditions, improving health outcomes and patient satisfaction.",It is too complicated to implement.,It is not financially viable.,b,B,110,16-07-2025 14:32
"The term ""pharmaceutical care"" is a patient-centered, outcomes-oriented pharmacy practice that requires the pharmacist to work in concert with the patient and the patient's other healthcare providers to promote health, to prevent disease, and to assess, monitor, initiate, and modify medication use to assure that drug therapy regimens are safe and effective.",TRUE,FALSE,It only involves dispensing.,It is an outdated concept.,a,A,110,16-07-2025 14:32
Which of the following is an important aspect of providing culturally competent health education?,Imposing one's own cultural beliefs on patients,"Understanding and respecting the diverse cultural backgrounds, beliefs, and practices of patients, and tailoring education accordingly","Treating all patients exactly the same, ignoring cultural differences",Avoiding any discussion of culture,b,B,110,16-07-2025 14:32
The process of evaluating the effectiveness of a health education program in a community pharmacy should involve:,Only asking patients if they liked the program,"Assessing changes in patient knowledge, attitudes, behaviors, or health outcomes related to the program's objectives",Not evaluating the program at all,Only focusing on the number of attendees,b,B,110,16-07-2025 14:32
Which of the following is a key responsibility of a community pharmacist in managing controlled substances?,Dispensing them without a valid prescription,"Ensuring proper storage, record-keeping, and dispensing in compliance with all legal and regulatory requirements to prevent diversion and abuse",Not providing any counseling on their use,Selling them at inflated prices,b,B,110,16-07-2025 14:32
"The term ""shared decision-making"" in health education involves the patient and provider working together to make healthcare choices based on clinical evidence and the patient's values and preferences.",TRUE,FALSE,The provider makes all decisions.,The patient makes all decisions without provider input.,a,A,110,16-07-2025 14:32
Which of the following is an important aspect of providing health education on the safe use of herbal supplements?,Recommending them for all conditions,"Educating patients about potential interactions with medications, lack of regulation, and the importance of informing their healthcare providers about supplement use",Telling patients that all herbal supplements are safe,Not providing any information on herbal supplements,b,B,110,16-07-2025 14:32
The process of developing a community pharmacy's emergency preparedness plan should include:,Only planning for power outages,"Strategies for maintaining operations, communicating with staff and patients, and ensuring access to medications during various types of emergencies",Not having an emergency plan,Only focusing on financial recovery,b,B,110,16-07-2025 14:32
Which of the following is a key benefit of a community pharmacy using social media for health education and promotion?,It can spread misinformation easily.,"It can reach a wide audience with timely health information, promote pharmacy services, and engage with the community.",It is unprofessional for pharmacies to use social media.,It is not effective for health education.,b,B,110,16-07-2025 14:32
"The term ""health behavior change"" is a complex process that often requires ongoing support and multiple interventions.",TRUE,FALSE,"It is a simple, one-time event.",It only requires information.,a,A,111,16-07-2025 14:32
Which of the following is an important strategy for a community pharmacist to support patients in making health behavior changes?,Being judgmental and critical of their current behaviors,"Using motivational interviewing techniques, setting realistic goals, providing ongoing support, and celebrating small successes",Telling patients what to do without discussion,Giving up if the patient is not immediately successful,b,B,111,16-07-2025 14:32
"The process of providing health education on travel health (e.g., vaccinations, malaria prevention) is important for individuals traveling to certain destinations.",TRUE,FALSE,It is not necessary for any travel.,Only physicians can provide travel health advice.,a,A,111,16-07-2025 14:32
Which of the following is a key responsibility of a community pharmacist in providing travel health services?,Only selling travel-sized toiletries,"Assessing travel itineraries, recommending appropriate vaccinations and prophylactic medications, and counseling on travel-related health risks",Discouraging patients from traveling,Not providing any information on travel health,b,B,111,16-07-2025 14:32
"The term ""interprofessional education"" (IPE) involves students from two or more professions learning about, from, and with each other to enable effective collaboration and improve health outcomes.",TRUE,FALSE,It is not relevant to pharmacy.,It only involves students from the same profession.,a,A,111,16-07-2025 14:32
Which of the following is an important aspect of providing health education on medication costs and affordability?,Only recommending the most expensive medications,"Discussing generic alternatives, patient assistance programs, and insurance coverage to help patients manage medication expenses",Telling patients that cost is not a concern,Not providing any information on medication costs,b,B,111,16-07-2025 14:32
The process of developing a community pharmacy's quality improvement program should involve:,Only focusing on dispensing speed,"Identifying areas for improvement, implementing changes, monitoring outcomes, and continuously refining processes to enhance patient care and safety",Not making any changes to existing processes,Only addressing patient complaints,b,B,111,16-07-2025 14:32
"Which of the following is a key benefit of a community pharmacy having strong relationships with community organizations (e.g., senior centers, schools)?",It increases the pharmacy's workload.,"It facilitates collaborative health promotion initiatives, improves access to underserved populations, and strengthens the pharmacy's community presence.",It is not relevant to pharmacy practice.,It only benefits the community organizations.,b,B,111,16-07-2025 14:32
"The term ""health literacy environment"" of a pharmacy refers to how easy it is for patients to navigate, understand, and use health information and services within the pharmacy.",TRUE,FALSE,It only refers to the cleanliness of the pharmacy.,It is not important for patient care.,a,A,111,16-07-2025 14:32
Which of the following is an important strategy for a community pharmacist to create a health-literate environment?,Using complex signage and forms,"Providing clear signage, easy-to-understand written materials, and ensuring staff are trained to communicate effectively with all patients",Making the pharmacy difficult to navigate,Not offering any assistance to patients,b,B,111,16-07-2025 14:32
The process of providing health education on the importance of medication adherence for chronic conditions like hypertension or diabetes is crucial for preventing complications.,TRUE,FALSE,Adherence is not important for these conditions.,Only physicians should discuss adherence.,a,A,111,16-07-2025 14:32
Which of the following is a key responsibility of a community pharmacist in promoting responsible self-medication?,Encouraging patients to self-diagnose serious conditions,Educating patients on when it is appropriate to self-treat minor ailments with OTC medications and when to seek medical advice,Recommending prescription medications for self-treatment,Not providing any guidance on self-medication,b,B,111,16-07-2025 14:32
"The term ""social marketing"" in health education uses marketing principles to influence behaviors that benefit individuals and communities for the greater social good.",TRUE,FALSE,It is the same as commercial marketing.,It is not effective for health promotion.,a,A,111,16-07-2025 14:32
Which of the following is an important aspect of providing health education on nutrition and healthy eating?,Promoting fad diets,"Providing evidence-based information on balanced diets, portion control, and making healthy food choices",Telling patients that diet is not important,Not offering any advice on nutrition,b,B,111,16-07-2025 14:32
The process of developing a community pharmacy's business plan should include:,Only financial projections,"An analysis of the market, a description of services offered, marketing strategies, operational plans, and financial forecasts",Not having a business plan,Only focusing on short-term goals,b,B,111,16-07-2025 14:32
Which of the following is a key benefit of a community pharmacist being involved in research?,It takes time away from patient care.,"It contributes to the evidence base for pharmacy practice, improves patient outcomes, and advances the profession.",It is not relevant to community pharmacy.,It is only for academic pharmacists.,b,B,111,16-07-2025 14:32
"The term ""health advocacy"" involves speaking out on behalf of patients or communities to promote health and access to care.",TRUE,FALSE,It is not part of a pharmacist's role.,It only involves lobbying politicians.,a,A,111,16-07-2025 14:32
Which of the following is an important aspect of providing health education on the risks of prescription drug abuse?,Ignoring the issue,"Educating patients on the proper use, storage, and disposal of controlled substances, and recognizing signs of abuse",Encouraging patients to share their medications,Not providing any information on drug abuse,b,B,111,16-07-2025 14:32
The process of providing health education to caregivers of patients with chronic illnesses is important to support both the patient and the caregiver.,TRUE,FALSE,Caregivers do not need education.,Only patients need education.,a,A,111,16-07-2025 14:32
Which of the following is a key responsibility of a community pharmacist in providing palliative care support?,Only focusing on curative treatments,"Managing pain and other symptoms, providing counseling and support to patients and families, and collaborating with other healthcare providers",Avoiding discussions about end-of-life care,Not providing any support for palliative care patients,b,B,111,16-07-2025 14:32
"The term ""telepharmacy"" involves the provision of pharmaceutical care by registered pharmacists and pharmacies through the use of telecommunications and information technologies to patients at a distance.",TRUE,FALSE,It is not a recognized form of pharmacy practice.,It only involves dispensing medications.,a,A,111,16-07-2025 14:32
Which of the following is an important aspect of providing health education on managing allergies?,Only recommending antihistamines,"Educating patients on allergen avoidance, proper use of medications (e.g., antihistamines, epinephrine auto-injectors), and recognizing signs of anaphylaxis",Telling patients that allergies are not serious,Not providing any information on allergy management,b,B,111,16-07-2025 14:32
The process of developing a community pharmacy's formulary system (if applicable) should be based on:,Only the cost of medications,"Evidence of safety, efficacy, and cost-effectiveness of medications",Manufacturer rebates only,Not having a formulary system,b,B,111,16-07-2025 14:32
"Which of the following is a key benefit of a community pharmacy offering point-of-care testing for infectious diseases (e.g., flu, strep throat)?",It increases the spread of infections.,"It allows for rapid diagnosis and appropriate treatment, potentially reducing the severity and duration of illness and preventing further spread.",It is less accurate than waiting for symptoms to resolve.,It is only for profit.,b,B,111,16-07-2025 14:32
"The term ""patient empowerment"" in health education means helping patients gain the knowledge, skills, and confidence to take an active role in their health and healthcare.",TRUE,FALSE,It means the provider makes all decisions.,It is not a goal of health education.,a,A,111,16-07-2025 14:32
Which of the following is an important strategy for a community pharmacist to empower patients?,Withholding information from patients,"Providing clear and understandable information, involving patients in decision-making, and supporting their self-management efforts",Making decisions for patients without their input,Discouraging patients from asking questions,b,B,111,16-07-2025 14:32
The process of providing health education on the importance of sleep hygiene is an example of:,Tertiary prevention,Health promotion and primary prevention,Disease treatment,Diagnostic testing for sleep disorders,b,B,111,16-07-2025 14:32
Which of the following is a key responsibility of a community pharmacist in managing medication waste?,Encouraging patients to hoard unused medications,"Promoting safe disposal practices, participating in take-back programs, and minimizing waste through efficient inventory management",Ignoring medication waste,Flushing all unused medications down the toilet,b,B,111,16-07-2025 14:32
"The term ""health belief model"" suggests that individuals are more likely to take a health action if they believe they are susceptible to a condition, the condition has serious consequences, the action has benefits, and the barriers to action are outweighed by the benefits.",TRUE,FALSE,It only considers perceived benefits.,It is not relevant to health behavior.,a,A,111,16-07-2025 14:32
Which of the following is an important aspect of providing health education on managing asthma?,Only recommending rescue inhalers,"Educating patients on trigger avoidance, proper inhaler technique for both controller and rescue medications, and developing an asthma action plan",Telling patients that asthma is not a serious condition,Not providing any information on asthma management,b,B,111,16-07-2025 14:32
"The process of developing a community pharmacy's risk management plan should identify potential risks (e.g., medication errors, privacy breaches) and implement strategies to mitigate them.",TRUE,FALSE,Risk management is not necessary for pharmacies.,It only focuses on financial risks.,a,A,111,16-07-2025 14:32
Which of the following is a key benefit of a community pharmacist providing services to long-term care facilities?,It increases the risk of medication errors in these facilities.,"It improves medication safety and management for residents, reduces hospital readmissions, and supports the facility's healthcare team.",It is not a recognized role for pharmacists.,It is only for dispensing medications.,b,B,111,16-07-2025 14:32
"The term ""motivational interviewing"" is a directive, confrontational counseling style for eliciting behavior change.",TRUE,False (It is collaborative and evocative),It is only for substance abuse.,It is not effective.,b,B,111,16-07-2025 14:32
Which of the following is an important principle of motivational interviewing?,Arguing with the patient,"Expressing empathy, developing discrepancy, rolling with resistance, and supporting self-efficacy",Telling the patient what to do,Imposing the counselor's views,b,B,111,16-07-2025 14:32
The process of providing health education on the importance of eye health and regular eye exams is an example of:,Tertiary prevention,Secondary prevention,Disease treatment,Palliative care,b,B,111,16-07-2025 14:32
Which of the following is a key responsibility of a community pharmacist in promoting medication adherence among patients with mental health conditions?,Stigmatizing their condition,"Providing empathetic counseling, addressing concerns about side effects, and collaborating with mental health providers",Telling them to stop taking their medications,Not providing any support for these patients,b,B,111,16-07-2025 14:32
"The term ""SOAP note"" (Subjective, Objective, Assessment, Plan) is a method of documentation used by healthcare providers, including pharmacists, to record patient encounters.",TRUE,FALSE,It is only for physicians.,It is not used in pharmacy.,a,A,111,16-07-2025 14:32
Which of the following is an important aspect of providing health education on managing cardiovascular disease risk factors?,Only focusing on medication,"Educating patients on lifestyle modifications (diet, exercise, smoking cessation), medication adherence, and regular monitoring of blood pressure and cholesterol",Telling patients that cardiovascular disease is inevitable,Not providing any information on risk factor management,b,B,111,16-07-2025 14:32
The process of developing a community pharmacy's continuing education plan for staff should ensure that pharmacists and technicians stay updated on current knowledge and skills.,TRUE,FALSE,Continuing education is not necessary for pharmacy staff.,It only focuses on new drugs.,a,A,111,16-07-2025 14:32
Which of the following is a key benefit of a community pharmacy offering medication therapy management (MTM) services?,It increases medication-related problems.,"It optimizes therapeutic outcomes, improves patient safety, enhances medication adherence, and can reduce overall healthcare costs.",It is too time-consuming and not cost-effective.,It is only for patients with very few medications.,b,B,111,16-07-2025 14:32
"The term ""stages of change model"" (Transtheoretical Model) describes the different stages individuals go through when attempting to change a health behavior (precontemplation, contemplation, preparation, action, maintenance).",TRUE,FALSE,There are only two stages of change.,It is not relevant to health education.,a,A,111,16-07-2025 14:32
"Which of the following is an important strategy for a community pharmacist when working with a patient in the ""precontemplation"" stage of change?",Pushing them to take action immediately,"Raising awareness about the problem behavior and helping them begin to think about change, without being confrontational",Assuming they will never change,Developing a detailed action plan for them,b,B,111,16-07-2025 14:32
The primary goal of health education is to:,Increase pharmacy profits,Empower individuals and communities to make informed decisions and adopt healthy behaviors,Ensure all patients take prescription medications,Replace the role of physicians in patient care,b,B,111,16-07-2025 14:32
Which of the following is NOT a core function of a community pharmacy?,Dispensing medications accurately and safely,Providing patient counseling and health education,Performing major surgical procedures,Managing medication therapy and promoting public health,c,C,111,16-07-2025 14:32
Effective health communication in a pharmacy setting should be:,"One-way, from pharmacist to patient","Tailored to the individual patient's needs, understanding, and cultural background",Filled with complex medical jargon to demonstrate expertise,Limited to only discussing the medication's name and dose,b,B,111,16-07-2025 14:32
A patient asks the pharmacist about a new herbal supplement they saw advertised for weight loss. The pharmacist's most appropriate initial response would be to:,Immediately recommend the supplement as it is natural,Dismiss the patient's question as herbal supplements are useless,"Ask more about the supplement, the patient's health conditions, and current medications, and then provide evidence-based information",Tell the patient to ask their doctor without providing any information,c,C,111,16-07-2025 14:32
Which of the following is an example of a primary prevention activity in community pharmacy?,Counseling a diabetic patient on foot care,Administering an influenza vaccine to a healthy adult,Providing medication for an existing high blood pressure condition,Helping a patient manage side effects of chemotherapy,b,B,111,16-07-2025 14:32
"The term ""health literacy"" is best described as:",The ability to read and write at a college level,"The capacity to obtain, process, and understand basic health information and services needed to make appropriate health decisions",The number of health-related books a person owns,The ability to memorize medical terms,b,B,111,16-07-2025 14:32
"When counseling a patient on a new medication, the ""teach-back"" method is used to:",Test the patient's memory,Confirm the patient's understanding of the information provided,Speed up the counseling process,Allow the pharmacist to repeat information multiple times,b,B,111,16-07-2025 14:32
Which of the following is a common barrier to effective patient counseling in a busy community pharmacy?,Patient's eagerness to learn,Lack of privacy and insufficient time,Pharmacist's extensive knowledge,Availability of educational brochures,b,B,111,16-07-2025 14:32
A community pharmacist notices a patient frequently refilling their opioid prescription early. The pharmacist's ethical responsibility includes:,Ignoring the pattern as it's the doctor's responsibility,Dispensing the prescription without question to avoid confrontation,Investigating potential misuse or diversion and collaborating with the prescriber to ensure patient safety,Reporting the patient to law enforcement immediately without further assessment,c,C,112,16-07-2025 14:32
"The concept of ""Medication Therapy Management"" (MTM) aims to:",Increase the number of medications a patient takes,Optimize medication use and improve health outcomes for patients,Reduce the pharmacist's workload,Focus solely on dispensing medications,b,B,112,16-07-2025 14:32
Which of the following is a benefit of a community pharmacy offering immunizations?,It increases the spread of infectious diseases,It improves public health by increasing vaccination rates and accessibility,It is a purely financial endeavor with no public health benefit,It is outside the scope of pharmacy practice,b,B,112,16-07-2025 14:32
"When providing health education to a patient from a different cultural background, a pharmacist should:",Assume their own cultural norms apply,Be aware of and respect cultural beliefs and practices that may influence health behaviors,Avoid discussing cultural differences to prevent offense,Insist the patient adopt the pharmacist's cultural perspective,b,B,112,16-07-2025 14:32
"The term ""adherence"" in medication therapy refers to:",How quickly a patient picks up their prescription,The extent to which a patient takes medication as prescribed,The patient's ability to pay for their medication,The pharmacist's ability to dispense medication accurately,b,B,112,16-07-2025 14:32
Which of the following is a strategy to improve medication adherence?,"Providing complex, detailed instructions","Using medication reminders, simplifying regimens, and addressing patient concerns",Scolding patients for missed doses,Only focusing on the cost of medication,b,B,112,16-07-2025 14:32
A community pharmacist is asked by a patient for advice on managing a common cold. The pharmacist should:,Immediately recommend antibiotics,Advise on symptomatic relief with appropriate OTC medications and suggest when to seek medical attention,Tell the patient there is nothing they can do,Refer the patient to an emergency room,b,B,112,16-07-2025 14:32
The role of a community pharmacy in public health includes:,Only dispensing medications to individuals,"Participating in health promotion campaigns, disease prevention efforts, and emergency preparedness",Avoiding any involvement in community health issues,Focusing solely on profit generation,b,B,112,16-07-2025 14:32
Which of the following is an example of a health promotion activity?,Treating a bacterial infection with antibiotics,Conducting a workshop on healthy eating and exercise,Diagnosing a chronic disease,Performing surgery,b,B,112,16-07-2025 14:32
"The term ""pharmacovigilance"" is concerned with:",Marketing new drugs,"The detection, assessment, understanding, and prevention of adverse effects of medicines",The manufacturing process of drugs,The financial management of pharmacies,b,B,112,16-07-2025 14:32
"When a patient reports an adverse drug reaction (ADR) to a community pharmacist, the pharmacist should:",Dismiss the report as unimportant,Document the ADR and report it to the appropriate regulatory authorities,Tell the patient to stop taking all their medications,Blame the patient for the ADR,b,B,112,16-07-2025 14:32
Which of the following is a key component of patient-centered care in community pharmacy?,Making all decisions for the patient,"Respecting patient preferences, needs, and values, and involving them in decision-making","Focusing solely on the disease, not the person",Treating all patients identically,b,B,112,16-07-2025 14:32
"The term ""medication reconciliation"" is performed to:",Only count the number of pills a patient has,Prevent medication errors by comparing a patient's medication list with new orders,Determine the cost of a patient's medications,Identify expired medications in a patient's home,b,B,112,16-07-2025 14:32
A community pharmacist is counseling a patient on the proper use of an insulin pen. This is an example of:,Diagnosing diabetes,Patient education and training on medical devices,Prescribing insulin,Performing a blood glucose test,b,B,112,16-07-2025 14:32
Which of the following is an ethical principle that guides pharmacy practice?,Prioritizing profit over patient well-being,Beneficence (acting in the best interest of the patient),Withholding information from patients,Discrimination based on patient characteristics,b,B,112,16-07-2025 14:32
"The term ""health disparities"" refers to:",Equal access to healthcare for all individuals,Differences in health outcomes and their determinants among different groups of people,Only differences in genetic makeup,Only differences in healthcare spending,b,B,112,16-07-2025 14:32
How can community pharmacists help reduce health disparities?,By only serving affluent communities,By providing culturally competent care and addressing social determinants of health,By ignoring the needs of marginalized populations,By increasing the cost of medications for vulnerable groups,b,B,112,16-07-2025 14:32
Which of the following is a key element of motivational interviewing?,Confrontation and argumentation,Expressing empathy and supporting self-efficacy,Telling the patient exactly what to do,Focusing on the negative consequences of unhealthy behaviors,b,B,112,16-07-2025 14:32
"The term ""health literacy environment"" in a pharmacy refers to:",The cleanliness of the pharmacy,"How easy it is for patients to find, understand, and use health information and services within the pharmacy",The number of health books available for sale,The pharmacist's personal health habits,b,B,112,16-07-2025 14:32
Which of the following is a strategy to create a health-literate environment in a community pharmacy?,Using complex medical terminology on all signage,"Providing clear, simple language on labels and educational materials, and ensuring privacy for counseling",Making the pharmacy layout confusing,Not training staff on communication skills,b,B,112,16-07-2025 14:32
The process of providing health education on chronic disease prevention often involves:,Only prescribing medications,"Educating patients on lifestyle modifications like diet, exercise, and smoking cessation",Telling patients that chronic diseases are unavoidable,Focusing solely on treating symptoms,b,B,112,16-07-2025 14:32
Which of the following is an important aspect of managing medication waste in a community pharmacy?,Encouraging patients to keep all unused medications,Providing information on safe medication disposal and participating in take-back programs,Flushing medications down the toilet,Selling expired medications at a discount,b,B,112,16-07-2025 14:32
"The term ""telepharmacy"" allows pharmacists to:",Only dispense medications in person,Provide pharmaceutical care services to patients remotely using technology,Avoid patient interaction altogether,Only communicate with other healthcare professionals,b,B,112,16-07-2025 14:32
Which of the following is a benefit of telepharmacy for patients?,Reduced access to pharmaceutical care,"Improved access to pharmacy services, especially in rural or underserved areas",Increased travel time to the pharmacy,Less personalized care,b,B,112,16-07-2025 14:32
"The process of providing health education on the importance of regular health screenings (e.g., blood pressure, cholesterol) is an example of:",Primary prevention,Secondary prevention,Tertiary prevention,Disease treatment,b,B,112,16-07-2025 14:32
Which of the following is a key responsibility of a community pharmacist in promoting antibiotic stewardship?,Encouraging the overuse of antibiotics,Educating patients on the appropriate use of antibiotics and the risks of antibiotic resistance,Prescribing antibiotics for viral infections,Ignoring patient requests for antibiotics,b,B,112,16-07-2025 14:32
"The term ""patient advocacy"" in pharmacy involves:","Always agreeing with the patient, even if it's not in their best interest","Supporting and promoting the rights and interests of patients, especially vulnerable populations",Only advocating for the pharmacy's financial interests,Remaining neutral in all patient-related issues,b,B,112,16-07-2025 14:32
Which of the following is an important aspect of providing health education on managing chronic pain?,Only recommending opioid medications for all pain,Educating patients on non-pharmacological pain management strategies and safe medication use,Telling patients to just endure the pain,Discouraging patients from seeking any pain relief,b,B,112,16-07-2025 14:32
The process of developing a community pharmacy's emergency preparedness plan should include:,Ignoring potential natural disasters,Strategies for maintaining essential services and ensuring patient access to medications during emergencies,Relying solely on external agencies for emergency response,Not communicating with staff about emergency procedures,b,B,112,16-07-2025 14:32
Which of the following is a key benefit of a community pharmacy having a strong relationship with local healthcare providers?,It creates competition and conflict,It facilitates coordinated patient care and improves communication about medication therapy,It limits the pharmacist's autonomy,It is not necessary for effective patient care,b,B,112,16-07-2025 14:32
"The term ""health coaching"" in pharmacy involves:",Telling patients exactly what to do,Partnering with patients to help them identify and achieve their health goals,Only providing information without support,Diagnosing and treating medical conditions,b,B,112,16-07-2025 14:32
Which of the following is an important aspect of providing health education on the safe use of over-the-counter (OTC) medications?,Encouraging patients to take more than the recommended dose,"Counseling patients on appropriate dosing, potential side effects, and drug interactions with other medications",Telling patients that OTC medications are always safe,Not providing any information on OTC medications,b,B,112,16-07-2025 14:32
The process of conducting a comprehensive medication review (CMR) for a patient aims to:,Only identify new medications to add to their regimen,"Identify and resolve medication-related problems, optimize therapy, and improve patient outcomes","Reduce the number of medications a patient takes, regardless of need",Only check for expired medications,b,B,112,16-07-2025 14:32
Which of the following is a key benefit of a community pharmacy offering medication synchronization programs?,It makes medication management more complicated for patients,It improves medication adherence and simplifies medication pick-up for patients,It increases the number of trips a patient needs to make to the pharmacy,It is only for patients with a single medication,b,B,112,16-07-2025 14:32
"The term ""evidence-based practice"" in health education means:",Relying on anecdotal evidence and personal opinions,Using interventions and strategies that have been scientifically proven to be effective,Only using the newest and most expensive educational materials,Ignoring patient preferences in favor of research findings,b,B,112,16-07-2025 14:32
Which of the following is an important aspect of providing health education on managing allergies?,Telling patients to ignore their allergies,"Educating patients on allergen avoidance, proper use of medications, and recognizing severe allergic reactions",Only recommending antihistamines for all allergies,Not providing any information on allergy management,b,B,112,16-07-2025 14:32
The process of developing a community pharmacy's quality improvement plan should:,Only focus on financial metrics,"Identify areas for improvement in patient care and safety, and implement strategies to address them",Be developed and implemented without staff input,Only address problems after they have caused significant harm,b,B,112,16-07-2025 14:32
Which of the following is a key benefit of a community pharmacy engaging in community outreach programs?,It limits the pharmacy's reach to only existing patients,It enhances the pharmacy's role as a community health resource and improves public health awareness,It is a waste of time and resources,"It only benefits the community, not the pharmacy",b,B,112,16-07-2025 14:32
"The term ""health equity"" aims to:","Ensure everyone has the same health outcomes, regardless of circumstances",Ensure everyone has a fair and just opportunity to be as healthy as possible,Only address health disparities based on individual choices,Ignore social and economic factors influencing health,b,B,112,16-07-2025 14:32
Which of the following is an important aspect of providing health education on mental well-being?,Stigmatizing mental health conditions,"Promoting stress management techniques, healthy coping mechanisms, and encouraging seeking professional help when needed","Telling patients to just get over it""",Discouraging patients from seeking help,b,B,112,16-07-2025 14:32
The process of developing a patient care plan in community pharmacy should be:,Dictated solely by the pharmacist,"A collaborative effort between the pharmacist, patient, and other healthcare providers, focusing on patient-centered goals",Based only on the patient's insurance coverage,A generic plan applied to all patients,b,B,112,16-07-2025 14:32
Which of the following is a key benefit of a community pharmacy offering medication synchronization programs?,It increases the number of pharmacy visits for patients.,"It improves medication adherence by allowing patients to pick up all their ongoing medications on a single, convenient day each month.",It makes medication management more complicated.,It is only for patients with one medication.,b,B,112,16-07-2025 14:32
"The term ""evidence-based practice"" in health education means using interventions and strategies that have been proven effective through research.",TRUE,FALSE,It means using personal opinions.,It is not relevant to health education.,a,A,112,16-07-2025 14:32
Which of the following is an important aspect of providing health education on medication interactions?,Only discussing interactions with prescription drugs,"Educating patients about potential interactions between their prescription medications, OTC drugs, herbal supplements, and certain foods",Telling patients not to worry about interactions,Not providing any information on interactions,b,B,112,16-07-2025 14:32
The process of managing a community pharmacy budget involves:,Spending without limits,"Planning, monitoring, and controlling income and expenses to ensure financial viability",Only focusing on increasing sales,Ignoring financial performance,b,B,112,16-07-2025 14:32
Which of the following is a key responsibility of a community pharmacist in promoting antibiotic stewardship?,Encouraging the use of antibiotics for all infections,"Educating patients on the appropriate use of antibiotics, discouraging unnecessary use, and promoting adherence to prescribed regimens",Prescribing antibiotics without a diagnosis,Not providing any information on antibiotic resistance,b,B,112,16-07-2025 14:32
"The term ""health communication"" encompasses the study and use of communication strategies to inform and influence individual and community decisions that enhance health.",TRUE,FALSE,It only involves verbal communication.,It is not related to health outcomes.,a,A,112,16-07-2025 14:32
Which of the following is an important aspect of effective health communication with older adults?,Using small font sizes in written materials,"Speaking clearly, allowing extra time for processing information, and ensuring good lighting and minimal background noise",Assuming they have hearing and vision problems,Using complex medical terms to show respect,b,B,112,16-07-2025 14:32
The process of providing health education on fall prevention for older adults is an example of:,Tertiary prevention,Primary and secondary prevention,Disease treatment,Diagnostic testing,b,B,112,16-07-2025 14:32
Which of the following is a key benefit of a community pharmacy offering home delivery services for medications?,It reduces patient access to pharmacist counseling.,It improves medication access for patients with mobility issues or transportation challenges.,It increases the risk of medication errors.,"It is only for convenience, not a health benefit.",b,B,112,16-07-2025 14:32
"The term ""patient advocacy"" in community pharmacy means supporting and promoting the rights and interests of patients.",TRUE,FALSE,It means always agreeing with the patient.,It is not part of a pharmacist's role.,a,A,113,16-07-2025 14:32
Which of the following is an important aspect of providing health education on managing common side effects of medications?,Telling patients to ignore all side effects,Educating patients on how to manage minor side effects and when to seek medical attention for serious ones,Discouraging patients from reporting side effects,Not providing any information on side effects,b,B,113,16-07-2025 14:32
The process of developing a community pharmacy marketing plan should focus on:,Only promoting prescription drug sales,"Highlighting the pharmacy's services, expertise, and commitment to patient care and community health",Making exaggerated claims about services,"Only targeting new patients, not existing ones",b,B,113,16-07-2025 14:32
Which of the following is a key responsibility of a community pharmacist in ensuring the quality and safety of compounded medications?,Using ingredients from unverified sources,"Following established compounding standards and guidelines, using appropriate techniques, and ensuring accurate labeling",Not performing any quality control checks,Compounding medications in a non-sterile environment,b,B,113,16-07-2025 14:32
"The term ""health informatics"" involves the use of information technology to manage and use health information to improve patient care.",TRUE,FALSE,It only involves paper records.,It is not relevant to pharmacy.,a,A,113,16-07-2025 14:32
Which of the following is an important aspect of using health informatics in community pharmacy?,Ignoring data security and patient privacy,"Utilizing electronic health records, e-prescribing, and other technologies to improve efficiency, safety, and patient care",Making it harder for patients to access their information,Not training staff on how to use new technologies,b,B,113,16-07-2025 14:32
The process of providing health education on the importance of regular health check-ups is an example of:,Tertiary prevention,Secondary prevention,Disease treatment,Palliative care,b,B,113,16-07-2025 14:32
Which of the following is a key benefit of a community pharmacy having a well-trained and knowledgeable staff?,It increases the likelihood of errors.,"It enhances patient safety, improves customer service, and supports the pharmacist in providing comprehensive care.",It is not important for patient care.,It is too expensive to invest in staff training.,b,B,113,16-07-2025 14:32
"The term ""professional ethics"" in community pharmacy guides pharmacists in making decisions that are in the best interest of their patients and society.",TRUE,FALSE,Ethics are not relevant to pharmacy practice.,It only involves following the law.,a,A,113,16-07-2025 14:32
Which of the following is an important ethical principle for community pharmacists?,Beneficence (acting in the patient's best interest),Prioritizing profit over patient care,Non-maleficence (doing no harm),Both a and c,d,D,113,16-07-2025 14:32
The process of providing health education on managing stress and promoting mental well-being is an example of:,Only treating mental illness,Health promotion and primary prevention,Diagnostic testing for mental disorders,Prescribing psychiatric medications,b,B,113,16-07-2025 14:32
"Which of the following is a key benefit of a community pharmacy offering specialized services (e.g., diabetes care, asthma management)?",It limits the pharmacy's patient base.,"It allows pharmacists to provide more in-depth care for patients with specific conditions, improving health outcomes and patient satisfaction.",It is too complicated to implement.,It is not financially viable.,b,B,113,16-07-2025 14:32
"The term ""pharmaceutical care"" is a patient-centered, outcomes-oriented pharmacy practice that requires the pharmacist to work in concert with the patient and the patient's other healthcare providers to promote health, to prevent disease, and to assess, monitor, initiate, and modify medication use to assure that drug therapy regimens are safe and effective.",TRUE,FALSE,It only involves dispensing.,It is an outdated concept.,a,A,113,16-07-2025 14:32
Which of the following is an important aspect of providing culturally competent health education?,Imposing one's own cultural beliefs on patients,"Understanding and respecting the diverse cultural backgrounds, beliefs, and practices of patients, and tailoring education accordingly","Treating all patients exactly the same, ignoring cultural differences",Avoiding any discussion of culture,b,B,113,16-07-2025 14:32
The process of evaluating the effectiveness of a health education program in a community pharmacy should involve:,Only asking patients if they liked the program,"Assessing changes in patient knowledge, attitudes, behaviors, or health outcomes related to the program's objectives",Not evaluating the program at all,Only focusing on the number of attendees,b,B,113,16-07-2025 14:32
Which of the following is a key responsibility of a community pharmacist in managing controlled substances?,Dispensing them without a valid prescription,"Ensuring proper storage, record-keeping, and dispensing in compliance with all legal and regulatory requirements to prevent diversion and abuse",Not providing any counseling on their use,Selling them at inflated prices,b,B,113,16-07-2025 14:32
"The term ""shared decision-making"" in health education involves the patient and provider working together to make healthcare choices based on clinical evidence and the patient's values and preferences.",TRUE,FALSE,The provider makes all decisions.,The patient makes all decisions without provider input.,a,A,113,16-07-2025 14:32
Which of the following is an important aspect of providing health education on the safe use of herbal supplements?,Recommending them for all conditions,"Educating patients about potential interactions with medications, lack of regulation, and the importance of informing their healthcare providers about supplement use",Telling patients that all herbal supplements are safe,Not providing any information on herbal supplements,b,B,113,16-07-2025 14:32
The process of developing a community pharmacy's emergency preparedness plan should include:,Only planning for power outages,"Strategies for maintaining operations, communicating with staff and patients, and ensuring access to medications during various types of emergencies",Not having an emergency plan,Only focusing on financial recovery,b,B,113,16-07-2025 14:32
Which of the following is a key benefit of a community pharmacy using social media for health education and promotion?,It can spread misinformation easily.,"It can reach a wide audience with timely health information, promote pharmacy services, and engage with the community.",It is unprofessional for pharmacies to use social media.,It is not effective for health education.,b,B,113,16-07-2025 14:32
"The term ""health behavior change"" is a complex process that often requires ongoing support and multiple interventions.",TRUE,FALSE,"It is a simple, one-time event.",It only requires information.,a,A,113,16-07-2025 14:32
Which of the following is an important strategy for a community pharmacist to support patients in making health behavior changes?,Being judgmental and critical of their current behaviors,"Using motivational interviewing techniques, setting realistic goals, providing ongoing support, and celebrating small successes",Telling patients what to do without discussion,Giving up if the patient is not immediately successful,b,B,113,16-07-2025 14:32
"The process of providing health education on travel health (e.g., vaccinations, malaria prevention) is important for individuals traveling to certain destinations.",TRUE,FALSE,It is not necessary for any travel.,Only physicians can provide travel health advice.,a,A,113,16-07-2025 14:32
Which of the following is a key responsibility of a community pharmacist in providing travel health services?,Only selling travel-sized toiletries,"Assessing travel itineraries, recommending appropriate vaccinations and prophylactic medications, and counseling on travel-related health risks",Discouraging patients from traveling,Not providing any information on travel health,b,B,113,16-07-2025 14:32
"The term ""interprofessional education"" (IPE) involves students from two or more professions learning about, from, and with each other to enable effective collaboration and improve health outcomes.",TRUE,FALSE,It is not relevant to pharmacy.,It only involves students from the same profession.,a,A,113,16-07-2025 14:32
Which of the following is an important aspect of providing health education on medication costs and affordability?,Only recommending the most expensive medications,"Discussing generic alternatives, patient assistance programs, and insurance coverage to help patients manage medication expenses",Telling patients that cost is not a concern,Not providing any information on medication costs,b,B,113,16-07-2025 14:32
The process of developing a community pharmacy's quality improvement program should involve:,Only focusing on dispensing speed,"Identifying areas for improvement, implementing changes, monitoring outcomes, and continuously refining processes to enhance patient care and safety",Not making any changes to existing processes,Only addressing patient complaints,b,B,113,16-07-2025 14:32
"Which of the following is a key benefit of a community pharmacy having strong relationships with community organizations (e.g., senior centers, schools)?",It increases the pharmacy's workload.,"It facilitates collaborative health promotion initiatives, improves access to underserved populations, and strengthens the pharmacy's community presence.",It is not relevant to pharmacy practice.,It only benefits the community organizations.,b,B,113,16-07-2025 14:32
"The term ""health literacy environment"" of a pharmacy refers to how easy it is for patients to navigate, understand, and use health information and services within the pharmacy.",TRUE,FALSE,It only refers to the cleanliness of the pharmacy.,It is not important for patient care.,a,A,113,16-07-2025 14:32
Which of the following is an important strategy for a community pharmacist to create a health-literate environment?,Using complex signage and forms,"Providing clear signage, easy-to-understand written materials, and ensuring staff are trained to communicate effectively with all patients",Making the pharmacy difficult to navigate,Not offering any assistance to patients,b,B,113,16-07-2025 14:32
The process of providing health education on the importance of medication adherence for chronic conditions like hypertension or diabetes is crucial for preventing complications.,TRUE,FALSE,Adherence is not important for these conditions.,Only physicians should discuss adherence.,a,A,113,16-07-2025 14:32
Which of the following is a key responsibility of a community pharmacist in promoting responsible self-medication?,Encouraging patients to self-diagnose serious conditions,Educating patients on when it is appropriate to self-treat minor ailments with OTC medications and when to seek medical advice,Recommending prescription medications for self-treatment,Not providing any guidance on self-medication,b,B,113,16-07-2025 14:32
"The term ""social marketing"" in health education uses marketing principles to influence behaviors that benefit individuals and communities for the greater social good.",TRUE,FALSE,It is the same as commercial marketing.,It is not effective for health promotion.,a,A,113,16-07-2025 14:32
Which of the following is an important aspect of providing health education on nutrition and healthy eating?,Promoting fad diets,"Providing evidence-based information on balanced diets, portion control, and making healthy food choices",Telling patients that diet is not important,Not offering any advice on nutrition,b,B,113,16-07-2025 14:32
The process of developing a community pharmacy's business plan should include:,Only financial projections,"An analysis of the market, a description of services offered, marketing strategies, operational plans, and financial forecasts",Not having a business plan,Only focusing on short-term goals,b,B,113,16-07-2025 14:32
Which of the following is a key benefit of a community pharmacist being involved in research?,It takes time away from patient care.,"It contributes to the evidence base for pharmacy practice, improves patient outcomes, and advances the profession.",It is not relevant to community pharmacy.,It is only for academic pharmacists.,b,B,113,16-07-2025 14:32
"The term ""health advocacy"" involves speaking out on behalf of patients or communities to promote health and access to care.",TRUE,FALSE,It is not part of a pharmacist's role.,It only involves lobbying politicians.,a,A,113,16-07-2025 14:32
Which of the following is an important aspect of providing health education on the risks of prescription drug abuse?,Ignoring the issue,"Educating patients on the proper use, storage, and disposal of controlled substances, and recognizing signs of abuse",Encouraging patients to share their medications,Not providing any information on drug abuse,b,B,113,16-07-2025 14:32
The process of providing health education to caregivers of patients with chronic illnesses is important to support both the patient and the caregiver.,TRUE,FALSE,Caregivers do not need education.,Only patients need education.,a,A,113,16-07-2025 14:32
Which of the following is a key responsibility of a community pharmacist in providing palliative care support?,Only focusing on curative treatments,"Managing pain and other symptoms, providing counseling and support to patients and families, and collaborating with other healthcare providers",Avoiding discussions about end-of-life care,Not providing any support for palliative care patients,b,B,113,16-07-2025 14:32
"The term ""telepharmacy"" involves the provision of pharmaceutical care by registered pharmacists and pharmacies through the use of telecommunications and information technologies to patients at a distance.",TRUE,FALSE,It is not a recognized form of pharmacy practice.,It only involves dispensing medications.,a,A,113,16-07-2025 14:32
Which of the following is an important aspect of providing health education on managing allergies?,Only recommending antihistamines,"Educating patients on allergen avoidance, proper use of medications (e.g., antihistamines, epinephrine auto-injectors), and recognizing signs of anaphylaxis",Telling patients that allergies are not serious,Not providing any information on allergy management,b,B,113,16-07-2025 14:32
The process of developing a community pharmacy's formulary system (if applicable) should be based on:,Only the cost of medications,"Evidence of safety, efficacy, and cost-effectiveness of medications",Manufacturer rebates only,Not having a formulary system,b,B,113,16-07-2025 14:32
"Which of the following is a key benefit of a community pharmacy offering point-of-care testing for infectious diseases (e.g., flu, strep throat)?",It increases the spread of infections.,"It allows for rapid diagnosis and appropriate treatment, potentially reducing the severity and duration of illness and preventing further spread.",It is less accurate than waiting for symptoms to resolve.,It is only for profit.,b,B,113,16-07-2025 14:32
"The term ""patient empowerment"" in health education means helping patients gain the knowledge, skills, and confidence to take an active role in their health and healthcare.",TRUE,FALSE,It means the provider makes all decisions.,It is not a goal of health education.,a,A,113,16-07-2025 14:32
Which of the following is an important strategy for a community pharmacist to empower patients?,Withholding information from patients,"Providing clear and understandable information, involving patients in decision-making, and supporting their self-management efforts",Making decisions for patients without their input,Discouraging patients from asking questions,b,B,113,16-07-2025 14:32
The process of providing health education on the importance of sleep hygiene is an example of:,Tertiary prevention,Health promotion and primary prevention,Disease treatment,Diagnostic testing for sleep disorders,b,B,113,16-07-2025 14:32
Which of the following is a key responsibility of a community pharmacist in managing medication waste?,Encouraging patients to hoard unused medications,"Promoting safe disposal practices, participating in take-back programs, and minimizing waste through efficient inventory management",Ignoring medication waste,Flushing all unused medications down the toilet,b,B,113,16-07-2025 14:32
"The term ""health belief model"" suggests that individuals are more likely to take a health action if they believe they are susceptible to a condition, the condition has serious consequences, the action has benefits, and the barriers to action are outweighed by the benefits.",TRUE,FALSE,It only considers perceived benefits.,It is not relevant to health behavior.,a,A,113,16-07-2025 14:32
Which of the following is an important aspect of providing health education on managing asthma?,Only recommending rescue inhalers,"Educating patients on trigger avoidance, proper inhaler technique for both controller and rescue medications, and developing an asthma action plan",Telling patients that asthma is not a serious condition,Not providing any information on asthma management,b,B,113,16-07-2025 14:32
"The process of developing a community pharmacy's risk management plan should identify potential risks (e.g., medication errors, privacy breaches) and implement strategies to mitigate them.",TRUE,FALSE,Risk management is not necessary for pharmacies.,It only focuses on financial risks.,a,A,114,16-07-2025 14:32
Which of the following is a key benefit of a community pharmacist providing services to long-term care facilities?,It increases the risk of medication errors in these facilities.,"It improves medication safety and management for residents, reduces hospital readmissions, and supports the facility's healthcare team.",It is not a recognized role for pharmacists.,It is only for dispensing medications.,b,B,114,16-07-2025 14:32
"The term ""motivational interviewing"" is a directive, confrontational counseling style for eliciting behavior change.",TRUE,False (It is collaborative and evocative),It is only for substance abuse.,It is not effective.,b,B,114,16-07-2025 14:32
Which of the following is an important principle of motivational interviewing?,Arguing with the patient,"Expressing empathy, developing discrepancy, rolling with resistance, and supporting self-efficacy",Telling the patient what to do,Imposing the counselor's views,b,B,114,16-07-2025 14:32
The process of providing health education on the importance of eye health and regular eye exams is an example of:,Tertiary prevention,Secondary prevention,Disease treatment,Palliative care,b,B,114,16-07-2025 14:32
Which of the following is a key responsibility of a community pharmacist in promoting medication adherence among patients with mental health conditions?,Stigmatizing their condition,"Providing empathetic counseling, addressing concerns about side effects, and collaborating with mental health providers",Telling them to stop taking their medications,Not providing any support for these patients,b,B,114,16-07-2025 14:32
"The term ""SOAP note"" (Subjective, Objective, Assessment, Plan) is a method of documentation used by healthcare providers, including pharmacists, to record patient encounters.",TRUE,FALSE,It is only for physicians.,It is not used in pharmacy.,a,A,114,16-07-2025 14:32
Which of the following is an important aspect of providing health education on managing cardiovascular disease risk factors?,Only focusing on medication,"Educating patients on lifestyle modifications (diet, exercise, smoking cessation), medication adherence, and regular monitoring of blood pressure and cholesterol",Telling patients that cardiovascular disease is inevitable,Not providing any information on risk factor management,b,B,114,16-07-2025 14:32
The process of developing a community pharmacy's continuing education plan for staff should ensure that pharmacists and technicians stay updated on current knowledge and skills.,TRUE,FALSE,Continuing education is not necessary for pharmacy staff.,It only focuses on new drugs.,a,A,114,16-07-2025 14:32
Which of the following is a key benefit of a community pharmacy offering medication therapy management (MTM) services?,It increases medication-related problems.,"It optimizes therapeutic outcomes, improves patient safety, enhances medication adherence, and can reduce overall healthcare costs.",It is too time-consuming and not cost-effective.,It is only for patients with very few medications.,b,B,114,16-07-2025 14:32
"The term ""stages of change model"" (Transtheoretical Model) describes the different stages individuals go through when attempting to change a health behavior (precontemplation, contemplation, preparation, action, maintenance).",TRUE,FALSE,There are only two stages of change.,It is not relevant to health education.,a,A,114,16-07-2025 14:32
"Which of the following is an important strategy for a community pharmacist when working with a patient in the ""precontemplation"" stage of change?",Pushing them to take action immediately,"Raising awareness about the problem behavior and helping them begin to think about change, without being confrontational",Assuming they will never change,Developing a detailed action plan for them,b,B,114,16-07-2025 14:32
The primary goal of health education is to:,Increase pharmacy profits,Empower individuals and communities to make informed decisions and adopt healthy behaviors,Ensure all patients take prescription medications,Replace the role of physicians in patient care,b,B,114,16-07-2025 14:32
Which of the following is NOT a core function of a community pharmacy?,Dispensing medications accurately and safely,Providing patient counseling and health education,Performing major surgical procedures,Managing medication therapy and promoting public health,c,C,114,16-07-2025 14:32
Effective health communication in a pharmacy setting should be:,"One-way, from pharmacist to patient","Tailored to the individual patient's needs, understanding, and cultural background",Filled with complex medical jargon to demonstrate expertise,Limited to only discussing the medication's name and dose,b,B,114,16-07-2025 14:32
A patient asks the pharmacist about a new herbal supplement they saw advertised for weight loss. The pharmacist's most appropriate initial response would be to:,Immediately recommend the supplement as it is natural,Dismiss the patient's question as herbal supplements are useless,"Ask more about the supplement, the patient's health conditions, and current medications, and then provide evidence-based information",Tell the patient to ask their doctor without providing any information,c,C,114,16-07-2025 14:32
Which of the following is an example of a primary prevention activity in community pharmacy?,Counseling a diabetic patient on foot care,Administering an influenza vaccine to a healthy adult,Providing medication for an existing high blood pressure condition,Helping a patient manage side effects of chemotherapy,b,B,114,16-07-2025 14:32
"The term ""health literacy"" is best described as:",The ability to read and write at a college level,"The capacity to obtain, process, and understand basic health information and services needed to make appropriate health decisions",The number of health-related books a person owns,The ability to memorize medical terms,b,B,114,16-07-2025 14:32
"When counseling a patient on a new medication, the ""teach-back"" method is used to:",Test the patient's memory,Confirm the patient's understanding of the information provided,Speed up the counseling process,Allow the pharmacist to repeat information multiple times,b,B,114,16-07-2025 14:32
Which of the following is a common barrier to effective patient counseling in a busy community pharmacy?,Patient's eagerness to learn,Lack of privacy and insufficient time,Pharmacist's extensive knowledge,Availability of educational brochures,b,B,114,16-07-2025 14:32
A community pharmacist notices a patient frequently refilling their opioid prescription early. The pharmacist's ethical responsibility includes:,Ignoring the pattern as it's the doctor's responsibility,Dispensing the prescription without question to avoid confrontation,Investigating potential misuse or diversion and collaborating with the prescriber to ensure patient safety,Reporting the patient to law enforcement immediately without further assessment,c,C,114,16-07-2025 14:32
"The concept of ""Medication Therapy Management"" (MTM) aims to:",Increase the number of medications a patient takes,Optimize medication use and improve health outcomes for patients,Reduce the pharmacist's workload,Focus solely on dispensing medications,b,B,114,16-07-2025 14:32
Which of the following is a benefit of a community pharmacy offering immunizations?,It increases the spread of infectious diseases,It improves public health by increasing vaccination rates and accessibility,It is a purely financial endeavor with no public health benefit,It is outside the scope of pharmacy practice,b,B,114,16-07-2025 14:32
"When providing health education to a patient from a different cultural background, a pharmacist should:",Assume their own cultural norms apply,Be aware of and respect cultural beliefs and practices that may influence health behaviors,Avoid discussing cultural differences to prevent offense,Insist the patient adopt the pharmacist's cultural perspective,b,B,114,16-07-2025 14:32
"The term ""adherence"" in medication therapy refers to:",How quickly a patient picks up their prescription,The extent to which a patient takes medication as prescribed,The patient's ability to pay for their medication,The pharmacist's ability to dispense medication accurately,b,B,114,16-07-2025 14:32
Which of the following is a strategy to improve medication adherence?,"Providing complex, detailed instructions","Using medication reminders, simplifying regimens, and addressing patient concerns",Scolding patients for missed doses,Only focusing on the cost of medication,b,B,114,16-07-2025 14:32
A community pharmacist is asked by a patient for advice on managing a common cold. The pharmacist should:,Immediately recommend antibiotics,Advise on symptomatic relief with appropriate OTC medications and suggest when to seek medical attention,Tell the patient there is nothing they can do,Refer the patient to an emergency room,b,B,114,16-07-2025 14:32
The role of a community pharmacy in public health includes:,Only dispensing medications to individuals,"Participating in health promotion campaigns, disease prevention efforts, and emergency preparedness",Avoiding any involvement in community health issues,Focusing solely on profit generation,b,B,114,16-07-2025 14:32
Which of the following is an example of a health promotion activity?,Treating a bacterial infection with antibiotics,Conducting a workshop on healthy eating and exercise,Diagnosing a chronic disease,Performing surgery,b,B,114,16-07-2025 14:32
"The term ""pharmacovigilance"" is concerned with:",Marketing new drugs,"The detection, assessment, understanding, and prevention of adverse effects of medicines",The manufacturing process of drugs,The financial management of pharmacies,b,B,114,16-07-2025 14:32
"When a patient reports an adverse drug reaction (ADR) to a community pharmacist, the pharmacist should:",Dismiss the report as unimportant,Document the ADR and report it to the appropriate regulatory authorities,Tell the patient to stop taking all their medications,Blame the patient for the ADR,b,B,114,16-07-2025 14:32
Which of the following is a key component of patient-centered care in community pharmacy?,Making all decisions for the patient,"Respecting patient preferences, needs, and values, and involving them in decision-making","Focusing solely on the disease, not the person",Treating all patients identically,b,B,114,16-07-2025 14:32
"The term ""medication reconciliation"" is performed to:",Only count the number of pills a patient has,Prevent medication errors by comparing a patient's medication list with new orders,Determine the cost of a patient's medications,Identify expired medications in a patient's home,b,B,114,16-07-2025 14:32
A community pharmacist is counseling a patient on the proper use of an insulin pen. This is an example of:,Diagnosing diabetes,Patient education and training on medical devices,Prescribing insulin,Performing a blood glucose test,b,B,114,16-07-2025 14:32
Which of the following is an ethical principle that guides pharmacy practice?,Prioritizing profit over patient well-being,Beneficence (acting in the best interest of the patient),Withholding information from patients,Discrimination based on patient characteristics,b,B,114,16-07-2025 14:32
"The term ""health disparities"" refers to:",Equal access to healthcare for all individuals,Differences in health outcomes and their determinants among different groups of people,Only differences in genetic makeup,Only differences in healthcare spending,b,B,114,16-07-2025 14:32
How can community pharmacists help reduce health disparities?,By only serving affluent communities,By providing culturally competent care and addressing social determinants of health,By ignoring the needs of marginalized populations,By increasing the cost of medications for vulnerable groups,b,B,114,16-07-2025 14:32
Which of the following is a key element of motivational interviewing?,Confrontation and argumentation,Expressing empathy and supporting self-efficacy,Telling the patient exactly what to do,Focusing on the negative consequences of unhealthy behaviors,b,B,114,16-07-2025 14:32
"The term ""health literacy environment"" in a pharmacy refers to:",The cleanliness of the pharmacy,"How easy it is for patients to find, understand, and use health information and services within the pharmacy",The number of health books available for sale,The pharmacist's personal health habits,b,B,114,16-07-2025 14:32
Which of the following is a strategy to create a health-literate environment in a community pharmacy?,Using complex medical terminology on all signage,"Providing clear, simple language on labels and educational materials, and ensuring privacy for counseling",Making the pharmacy layout confusing,Not training staff on communication skills,b,B,114,16-07-2025 14:32
The process of providing health education on chronic disease prevention often involves:,Only prescribing medications,"Educating patients on lifestyle modifications like diet, exercise, and smoking cessation",Telling patients that chronic diseases are unavoidable,Focusing solely on treating symptoms,b,B,114,16-07-2025 14:32
Which of the following is an important aspect of managing medication waste in a community pharmacy?,Encouraging patients to keep all unused medications,Providing information on safe medication disposal and participating in take-back programs,Flushing medications down the toilet,Selling expired medications at a discount,b,B,114,16-07-2025 14:32
"The term ""telepharmacy"" allows pharmacists to:",Only dispense medications in person,Provide pharmaceutical care services to patients remotely using technology,Avoid patient interaction altogether,Only communicate with other healthcare professionals,b,B,114,16-07-2025 14:32
Which of the following is a benefit of telepharmacy for patients?,Reduced access to pharmaceutical care,"Improved access to pharmacy services, especially in rural or underserved areas",Increased travel time to the pharmacy,Less personalized care,b,B,114,16-07-2025 14:32
"The process of providing health education on the importance of regular health screenings (e.g., blood pressure, cholesterol) is an example of:",Primary prevention,Secondary prevention,Tertiary prevention,Disease treatment,b,B,114,16-07-2025 14:32
Which of the following is a key responsibility of a community pharmacist in promoting antibiotic stewardship?,Encouraging the overuse of antibiotics,Educating patients on the appropriate use of antibiotics and the risks of antibiotic resistance,Prescribing antibiotics for viral infections,Ignoring patient requests for antibiotics,b,B,114,16-07-2025 14:32
"The term ""patient advocacy"" in pharmacy involves:","Always agreeing with the patient, even if it's not in their best interest","Supporting and promoting the rights and interests of patients, especially vulnerable populations",Only advocating for the pharmacy's financial interests,Remaining neutral in all patient-related issues,b,B,114,16-07-2025 14:32
Which of the following is an important aspect of providing health education on managing chronic pain?,Only recommending opioid medications for all pain,Educating patients on non-pharmacological pain management strategies and safe medication use,Telling patients to just endure the pain,Discouraging patients from seeking any pain relief,b,B,114,16-07-2025 14:32
The process of developing a community pharmacy's emergency preparedness plan should include:,Ignoring potential natural disasters,Strategies for maintaining essential services and ensuring patient access to medications during emergencies,Relying solely on external agencies for emergency response,Not communicating with staff about emergency procedures,b,B,114,16-07-2025 14:32
Which of the following is a key benefit of a community pharmacy having a strong relationship with local healthcare providers?,It creates competition and conflict,It facilitates coordinated patient care and improves communication about medication therapy,It limits the pharmacist's autonomy,It is not necessary for effective patient care,b,B,114,16-07-2025 14:32
"The term ""health coaching"" in pharmacy involves:",Telling patients exactly what to do,Partnering with patients to help them identify and achieve their health goals,Only providing information without support,Diagnosing and treating medical conditions,b,B,114,16-07-2025 14:32
Which of the following is an important aspect of providing health education on the safe use of over-the-counter (OTC) medications?,Encouraging patients to take more than the recommended dose,"Counseling patients on appropriate dosing, potential side effects, and drug interactions with other medications",Telling patients that OTC medications are always safe,Not providing any information on OTC medications,b,B,114,16-07-2025 14:32
