question_text,option_a,option_b,option_c,option_d,,correct_answer,quiz_test_id,created_at
What is the primary role of a hospital pharmacist?,To diagnose diseases,To prescribe medications,To manage medication therapy and ensure safe and effective drug use,To perform surgical procedures,c,C,162,16-07-2025 14:32
Which of the following is a core function of hospital pharmacy?,Conducting medical research,Dispensing medications,Performing physical examinations,Providing dietary advice,b,B,162,16-07-2025 14:32
What is a formulary in the context of hospital pharmacy?,A list of approved medical procedures,A list of medications approved for use within a hospital or healthcare system,A record of patient medical history,A document outlining hospital policies,c,C,162,16-07-2025 14:32
Which committee is typically responsible for managing the hospital formulary?,Ethics Committee,Infection Control Committee,Pharmacy and Therapeutics (P&T) Committee,Quality Assurance Committee,b,B,162,16-07-2025 14:32
What is medication reconciliation?,The process of resolving disputes between patients and healthcare providers,The process of comparing a patient's medication orders to all of the medications that the patient has been taking,The process of adjusting medication dosages based on patient weight,The process of preparing sterile medications,c,C,162,16-07-2025 14:32
What is the purpose of a unit-dose drug distribution system in a hospital?,To allow patients to self-administer medications,To reduce medication errors and waste by providing medications in ready-to-administer doses,To store large quantities of medications in a central location,To facilitate bulk purchasing of drugs,b,B,162,16-07-2025 14:32
What is sterile compounding in hospital pharmacy?,The preparation of non-sterile oral medications,"The preparation of medications in a sterile environment to prevent contamination, typically for intravenous use",The mixing of different types of non-sterile creams,The packaging of pre-manufactured drugs,c,C,162,16-07-2025 14:32
Which of the following is a critical component of sterile compounding to maintain sterility?,Using tap water for cleaning,Working in a laminar airflow workbench or biological safety cabinet,Wearing street clothes,Storing medications at room temperature,b,B,162,16-07-2025 14:32
What is pharmacovigilance in clinical pharmacy?,The process of monitoring and evaluating the safety of medicines after they have been marketed,The process of developing new drugs,The study of drug interactions in vitro,The marketing of pharmaceutical products,c,C,162,16-07-2025 14:32
What is a drug information center in a hospital setting?,A place where patients can get free medication samples,A resource providing evidence-based information on drugs to healthcare professionals,A retail pharmacy within the hospital,A laboratory for drug testing,b,B,162,16-07-2025 14:32
What is the role of a clinical pharmacist in patient care rounds?,To take patient vital signs,"To provide medication expertise, identify drug-related problems, and optimize pharmacotherapy",To perform surgical assessments,To serve meals to patients,c,C,162,16-07-2025 14:32
What is therapeutic drug monitoring (TDM)?,Monitoring the cost of medications,Measuring drug concentrations in biological fluids to optimize drug therapy and prevent toxicity,Tracking the expiration dates of drugs,Monitoring patient adherence to non-pharmacological treatments,b,B,162,16-07-2025 14:32
Which of the following is a common drug for which therapeutic drug monitoring is often performed?,Aspirin,Digoxin,Ibuprofen,Vitamin C,c,C,162,16-07-2025 14:32
What is an adverse drug reaction (ADR)?,A beneficial effect of a drug,"An unintended and harmful response to a drug at doses normally used for prophylaxis, diagnosis, or therapy",A desired side effect of a medication,A positive interaction between two drugs,b,B,162,16-07-2025 14:32
What is medication error?,Any preventable event that may cause or lead to inappropriate medication use or patient harm,A planned change in medication dosage,A positive outcome of drug therapy,A patient's refusal to take medication,c,C,162,16-07-2025 14:32
What is the purpose of a medication error reporting system in a hospital?,To punish healthcare professionals for mistakes,"To identify patterns of errors, learn from them, and implement strategies to prevent recurrence",To publicly shame individuals who make errors,To track individual performance for disciplinary action,b,B,162,16-07-2025 14:32
What is the role of a pharmacist in antimicrobial stewardship programs?,To prescribe antibiotics to all patients,To promote the appropriate use of antimicrobials to improve patient outcomes and reduce resistance,To develop new antibiotics,To discourage the use of all antibiotics,c,C,162,16-07-2025 14:32
What is a drug-drug interaction?,A beneficial effect when two drugs are taken together,A situation where the effects of one drug are altered by the presence of another drug,The process of a drug binding to its receptor,The breakdown of a drug in the body,b,B,162,16-07-2025 14:32
What is a drug-food interaction?,A situation where food enhances the absorption of a drug,A situation where the effects of a drug are altered by the presence of food or beverages,The process of a drug being excreted through the digestive system,The use of food as a medication,c,C,162,16-07-2025 14:32
What is the role of a pharmacist in patient education regarding medications?,To tell patients to only follow doctor's orders without explanation,"To provide clear and comprehensive information about medications, including proper use, side effects, and storage",To withhold information from patients to avoid confusion,To only discuss medication costs,b,B,162,16-07-2025 14:32
What is a centralized pharmacy in a hospital?,A pharmacy located outside the hospital,A single main pharmacy that serves the entire hospital,A pharmacy that only dispenses controlled substances,A pharmacy that only handles outpatient prescriptions,c,C,162,16-07-2025 14:32
What is a decentralized pharmacy (satellite pharmacy) in a hospital?,A pharmacy that is not connected to the main hospital building,Smaller pharmacy units located in specific patient care areas to provide more immediate services,A pharmacy that only dispenses over-the-counter medications,A pharmacy that only serves hospital staff,b,B,162,16-07-2025 14:32
What is an automated dispensing cabinet (ADC) in a hospital?,A vending machine for snacks,A computerized drug storage and dispensing device located in patient care areas,A cabinet for storing patient charts,A machine for preparing sterile compounds,c,C,162,16-07-2025 14:32
What is the primary benefit of using automated dispensing cabinets?,Increased manual handling of medications,"Improved medication security, reduced dispensing errors, and faster access to drugs",Reduced need for pharmacists,Increased medication waste,b,B,162,16-07-2025 14:32
What is a cleanroom in sterile compounding?,A room where all hospital laundry is washed,"A controlled environment with a low level of environmental pollutants, used for sterile preparations",A room for storing medical records,A patient's room that has been thoroughly disinfected,c,C,162,16-07-2025 14:32
What is the role of a pharmacist in managing drug shortages?,To ignore the shortage and continue normal operations,"To identify alternative medications, develop conservation strategies, and communicate with prescribers",To hoard available drugs,To stop providing patient care until the shortage ends,b,B,162,16-07-2025 14:32
What is a medication use evaluation (MUE)?,A study of patient satisfaction with medications,A quality improvement activity that assesses the appropriateness of drug prescribing and use,An evaluation of drug manufacturing processes,A survey of drug prices,c,C,162,16-07-2025 14:32
What is the purpose of a drug recall?,To promote a new drug,To remove a drug from the market due to safety concerns or quality defects,To encourage more people to use a drug,To re-evaluate the marketing strategy of a drug,b,B,162,16-07-2025 14:32
What is the role of a pharmacist in emergency preparedness and disaster response?,To evacuate immediately and leave medications behind,"To ensure access to essential medications, manage drug supplies, and provide pharmaceutical care during emergencies",To only focus on personal safety,To wait for external assistance without taking action,c,C,162,16-07-2025 14:32
What is a controlled substance in pharmacy?,A medication that is freely available without a prescription,A drug whose possession and use are regulated by law due to its potential for abuse or addiction,A medication used for pain relief only,A drug that is no longer in use,b,B,162,16-07-2025 14:32
What is the primary purpose of inventory management in hospital pharmacy?,To maximize drug waste,To ensure adequate stock of medications while minimizing holding costs and preventing expired drugs,To order as many drugs as possible,To only stock the most expensive drugs,c,C,162,16-07-2025 14:32
What is a perpetual inventory system?,An inventory system that is updated only once a year,"A system that continuously tracks inventory levels, with each addition and subtraction recorded in real-time",An inventory system that relies on manual counting only,A system that only tracks controlled substances,b,B,162,16-07-2025 14:32
What is the role of a pharmacist in managing investigational drugs?,To use them freely on any patient,"To ensure proper storage, dispensing, and accountability of drugs used in clinical trials",To promote their use outside of clinical trials,To conduct the clinical trials themselves,c,C,162,16-07-2025 14:32
What is a medication safety officer in a hospital?,A security guard for the pharmacy,A healthcare professional responsible for leading medication safety initiatives and preventing errors,A person who delivers medications to patients,A technician who prepares medications,b,B,162,16-07-2025 14:32
What is the purpose of a barcode medication administration (BCMA) system?,To track patient location,"To improve medication safety by verifying the right patient, right drug, right dose, right route, and right time at the bedside",To manage hospital billing,To monitor staff attendance,c,C,162,16-07-2025 14:32
What is the role of a pharmacist in discharge planning?,To simply hand over medications to the patient,"To provide medication counseling, reconcile discharge medications, and ensure continuity of care",To decide when a patient is ready for discharge,To arrange patient transportation,b,B,162,16-07-2025 14:32
What is a formulary exception process?,A process to remove drugs from the formulary,A procedure to allow the use of non-formulary medications for specific patients when medically necessary,A method for pharmacists to bypass formulary restrictions,A way to add new drugs to the formulary without review,c,C,162,16-07-2025 14:32
What is the role of a pharmacist in pain management?,To tell patients to endure pain,"To optimize pain medication regimens, monitor for side effects, and educate patients on pain control",To only dispense opioids,To perform pain assessments,b,B,162,16-07-2025 14:32
What is compounding in pharmacy?,The manufacturing of drugs by pharmaceutical companies,The preparation of customized medications for individual patients based on a prescription,The process of packaging pre-made drugs,The analysis of drug purity,c,C,162,16-07-2025 14:32
What is the difference between sterile and non-sterile compounding?,"Sterile compounding is for oral medications, non-sterile is for injectables","Sterile compounding involves preparing medications in an aseptic environment, while non-sterile compounding does not require such strict conditions","Sterile compounding is done by pharmacists, non-sterile by technicians","Sterile compounding is for large batches, non-sterile for individual doses",b,B,162,16-07-2025 14:32
What is the role of a pharmacist in total parenteral nutrition (TPN) preparation?,To only order the ingredients,"To calculate nutrient requirements, prepare the sterile TPN solution, and monitor patient response",To administer the TPN to the patient,To advise on TPN administration routes,c,C,162,16-07-2025 14:32
What is a drug utilization review (DUR)?,A review of drug advertising,"An evaluation of prescribing patterns and drug use to ensure appropriate, safe, and effective therapy",A survey of patient preferences for drugs,A study of drug manufacturing costs,b,B,162,16-07-2025 14:32
What is the purpose of a clean bench (laminar flow hood) in sterile compounding?,To store non-sterile supplies,"To provide a sterile, particle-free work environment for preparing sterile products",To dry glassware,To mix non-sterile solutions,c,C,162,16-07-2025 14:32
What is the role of a pharmacist in managing chemotherapy medications?,To only dispense them without special precautions,"To ensure safe handling, accurate preparation, and proper administration of highly toxic chemotherapy agents",To administer chemotherapy to patients,To diagnose cancer,b,B,162,16-07-2025 14:32
What is a hazardous drug?,Any drug that is expensive,"A drug that poses a risk to healthcare workers due to its toxicity, requiring special handling precautions",A drug that is difficult to obtain,A drug that has a short shelf life,c,C,162,16-07-2025 14:32
What is the purpose of a biological safety cabinet (BSC) in pharmacy?,To store non-hazardous drugs,"To protect personnel, product, and environment when handling hazardous drugs or biological agents",To incubate bacterial cultures,To sterilize equipment,b,B,162,16-07-2025 14:32
What is the role of a pharmacist in patient counseling?,To only provide written instructions,"To verbally explain medication use, side effects, and important precautions to patients",To delegate all counseling to nurses,To only answer questions if asked directly,c,C,162,16-07-2025 14:32
What is a medication administration record (MAR)?,A document listing all drugs available in the hospital,"A legal document that details the medications administered to a patient, including dose, route, and time",A record of drug purchases,A patient's allergy list,b,B,162,16-07-2025 14:32
What is the role of a pharmacist in adverse drug event (ADE) reporting?,To ignore ADEs to avoid paperwork,"To identify, document, and report adverse drug events to appropriate authorities for safety monitoring",To only report serious ADEs,To blame other healthcare professionals for ADEs,c,C,162,16-07-2025 14:32
What is a pharmacy and therapeutics (P&T) committee?,A committee that plans hospital social events,"A committee responsible for developing and maintaining the hospital formulary, and overseeing medication use policies",A committee that manages hospital finances,A committee that reviews patient complaints,b,B,162,16-07-2025 14:32
What is the primary goal of clinical pharmacy services?,To reduce the number of pharmacists in a hospital,To optimize patient outcomes through the appropriate and safe use of medications,To increase the cost of medications,To focus solely on drug dispensing,c,C,163,16-07-2025 14:32
What is the role of a pharmacist in providing drug information to physicians?,To only provide information when specifically asked,"To proactively provide evidence-based drug information, recommendations, and consultations to optimize patient therapy",To tell physicians what to prescribe,To keep drug information confidential from physicians,b,B,163,16-07-2025 14:32
What is a medication order?,A request for a patient's medical history,"A written, verbal, or electronic instruction from a prescriber for the administration of a medication",A list of patient allergies,A billing statement for medications,c,C,163,16-07-2025 14:32
What is the process of verifying a medication order?,Administering the medication without checking,"Reviewing the order for accuracy, completeness, and appropriateness before dispensing",Asking the patient if they want the medication,Checking the medication's color,b,B,163,16-07-2025 14:32
What is the role of a pharmacist in preventing medication errors?,To only correct errors after they occur,"To implement error prevention strategies, review orders, and educate staff on safe medication practices",To blame nurses for all medication errors,To ignore minor errors,c,C,163,16-07-2025 14:32
"What is a look-alike, sound-alike (LASA) medication?",Medications that are identical in every way,"Medications that have similar names or packaging, increasing the risk of errors",Medications that are only used for similar conditions,Medications that are manufactured by the same company,b,B,163,16-07-2025 14:32
What is the importance of proper medication storage in a hospital pharmacy?,It is not important as long as the drugs are dispensed,"To maintain drug stability, potency, and prevent unauthorized access",To make the pharmacy look organized,To save space,c,C,163,16-07-2025 14:32
What is the role of a pharmacist in managing controlled substances?,To dispense them freely without documentation,"To ensure strict adherence to legal requirements for storage, dispensing, and record-keeping of controlled drugs",To use them for personal use,To delegate all responsibility to technicians,b,B,163,16-07-2025 14:32
What is a medication history interview?,A brief chat with the patient about their day,"A comprehensive assessment of a patient's current and past medication use, including prescription, OTC, and herbal products",A review of the patient's insurance information,A discussion about the patient's dietary habits,c,C,163,16-07-2025 14:32
What is the purpose of a medication history interview?,To bill the patient for more services,"To identify potential drug-related problems, ensure accurate medication reconciliation, and optimize therapy",To gather information for marketing purposes,To make the patient feel important,b,B,163,16-07-2025 14:32
What is the role of a pharmacist in managing parenteral nutrition?,To only prepare the solutions,"To assess patient nutritional needs, formulate appropriate parenteral nutrition, and monitor for complications",To administer parenteral nutrition,To decide if a patient needs parenteral nutrition,c,C,163,16-07-2025 14:32
What is a drug interaction database?,A list of all drugs available in the pharmacy,A software tool that provides information on potential interactions between different drugs,A database of patient medication histories,A collection of drug advertisements,b,B,163,16-07-2025 14:32
What is the role of a pharmacist in managing drug allergies?,To ignore patient-reported allergies,"To accurately document patient allergies, prevent exposure to allergens, and manage allergic reactions",To challenge patient-reported allergies,To only consider severe allergies,c,C,163,16-07-2025 14:32
What is a medication therapy management (MTM) service?,A service that only focuses on dispensing medications,A distinct service or group of services that optimize therapeutic outcomes for individual patients,A service that only manages controlled substances,A service that only provides drug information,b,B,163,16-07-2025 14:32
What is the role of a pharmacist in providing MTM services?,To only dispense medications as ordered,"To conduct comprehensive medication reviews, develop medication action plans, and provide patient education",To only focus on cost-saving measures,To delegate MTM to other healthcare professionals,c,C,163,16-07-2025 14:32
What is a critical value in laboratory testing relevant to pharmacy?,A normal lab result,A lab result that is significantly outside the normal range and may indicate a life-threatening condition requiring immediate attention,A lab result that is slightly abnormal,A lab result that is not relevant to drug therapy,b,B,163,16-07-2025 14:32
What is the role of a pharmacist in responding to critical lab values?,To ignore the lab value,"To assess the potential impact of the lab value on drug therapy, notify the prescriber, and recommend appropriate action",To wait for the physician to notice the lab value,To only document the lab value in the patient's chart,c,C,163,16-07-2025 14:32
What is a medication adherence program?,A program to force patients to take their medications,A program designed to help patients take their medications as prescribed,A program to track medication costs,A program to promote new drugs,b,B,163,16-07-2025 14:32
What is the role of a pharmacist in promoting medication adherence?,To blame patients for non-adherence,"To identify barriers to adherence, provide education and counseling, and implement strategies to improve adherence",To only dispense medications and not worry about adherence,To report non-adherent patients to their insurance companies,c,C,163,16-07-2025 14:32
What is a root cause analysis (RCA) in the context of medication errors?,A quick review of what happened,A systematic process for identifying the underlying causes of errors or problems to prevent recurrence,A method for assigning blame for errors,A way to hide medication errors,b,B,163,16-07-2025 14:32
What is the role of a pharmacist in a root cause analysis?,To act as a judge,"To participate in the investigation, identify system vulnerabilities, and recommend corrective actions",To only provide information if asked,To protect the pharmacy from liability,c,C,163,16-07-2025 14:32
What is a high-alert medication?,A medication that is very expensive,A medication that bears a heightened risk of causing significant patient harm when used in error,A medication that is rarely used,A medication that is easy to administer,b,B,163,16-07-2025 14:32
What is the role of a pharmacist in managing high-alert medications?,To treat them like any other medication,"To implement special safeguards, such as double-checks, standardized ordering, and limited access, to prevent errors",To avoid dispensing them,To only allow physicians to handle them,c,C,163,16-07-2025 14:32
What is the purpose of Tall Man lettering for look-alike drug names?,To make the drug names harder to read,To use a mix of uppercase and lowercase letters to highlight differences in similar drug names and reduce confusion,To make the drug names look more attractive,To comply with a specific font requirement,b,B,163,16-07-2025 14:32
What is the role of a pharmacist in managing transitions of care?,To only be involved in inpatient care,To ensure seamless medication management as patients move between different healthcare settings or levels of care,To only focus on discharge medications,To delegate all transition of care responsibilities to nurses,c,C,163,16-07-2025 14:32
What is a medication pass in a hospital setting?,The process of ordering medications from a supplier,The routine administration of scheduled medications to patients by nursing staff,The pharmacist's review of medication orders,The delivery of medications to the nursing unit,b,B,163,16-07-2025 14:32
What is the role of a pharmacist in ensuring the safety of a medication pass?,To directly administer all medications,"To ensure accurate dispensing, provide clear labeling, and be available for consultation on drug-related issues",To observe every medication administration,To only be involved if an error occurs,c,C,163,16-07-2025 14:32
What is a drug formulary review?,A review of drug prices only,A systematic evaluation of medications to determine which should be included in or removed from the formulary,A review of patient satisfaction with formulary drugs,A review of drug marketing materials,b,B,163,16-07-2025 14:32
What is the role of a pharmacist in a drug formulary review?,To only consider the cost of drugs,"To provide evidence-based information on drug efficacy, safety, and cost-effectiveness to support formulary decisions",To advocate for including all new drugs on the formulary,To make unilateral decisions about the formulary,c,C,163,16-07-2025 14:32
What is a medication reconciliation technician?,A pharmacist who specializes in medication reconciliation,A trained pharmacy technician who assists pharmacists in collecting accurate medication histories from patients,A nurse who performs medication reconciliation,A physician who oversees medication reconciliation,b,B,163,16-07-2025 14:32
What is the role of a pharmacist in supervising medication reconciliation technicians?,To not be involved in their work,"To provide training, oversee their activities, and review their work to ensure accuracy and completeness",To only assign them tasks,To let them work independently without supervision,c,C,163,16-07-2025 14:32
What is a smart pump in intravenous medication administration?,A pump that automatically selects the drug to be infused,An infusion pump with built-in software that includes a drug library and dose calculation safeguards to prevent errors,A pump that can be controlled remotely by the patient,A pump that only administers saline solutions,b,B,163,16-07-2025 14:32
What is the role of a pharmacist in managing smart pump technology?,To only program the pumps,"To develop and maintain the drug library, provide training, and monitor pump usage to ensure safe medication administration",To repair the pumps when they malfunction,To only be involved in purchasing the pumps,c,C,163,16-07-2025 14:32
"What is a medication order entry system (e.g., CPOE)?",A system for patients to order their own medications,"A computerized system that allows prescribers to enter medication orders electronically, reducing errors associated with handwriting",A system for tracking medication inventory,A system for billing patients for medications,b,B,163,16-07-2025 14:32
What is the role of a pharmacist in managing medication order entry systems?,To manually transcribe all electronic orders,"To help design and maintain the system, verify orders entered, and provide support to users",To only use the system for dispensing,To override system alerts without review,c,C,163,16-07-2025 14:32
What is a medication safety culture in a hospital?,A culture where medication errors are hidden,A shared commitment among all staff to prioritize patient safety in all aspects of medication use,A culture where only pharmacists are responsible for medication safety,A culture that focuses on blaming individuals for errors,b,B,163,16-07-2025 14:32
What is the role of a pharmacist in promoting a medication safety culture?,To only focus on their own tasks,"To lead by example, encourage reporting of errors and near misses, and participate in safety initiatives",To criticize staff who make errors,To ignore safety concerns raised by others,c,C,163,16-07-2025 14:32
What is a medication incident?,Any positive outcome of medication use,"Any error or near miss related to medication use, regardless of whether it caused harm",Only medication errors that cause severe harm,A planned change in medication therapy,b,B,163,16-07-2025 14:32
What is the role of a pharmacist in investigating medication incidents?,To assign blame to individuals,"To participate in the investigation to understand the causes and contributing factors, and recommend system improvements",To only investigate incidents that involve pharmacists,To cover up medication incidents,c,C,163,16-07-2025 14:32
What is a just culture in the context of medication safety?,A culture where no one is ever held accountable for errors,"A culture that balances accountability for actions with a focus on learning from errors and improving systems, rather than blaming individuals for unintentional mistakes",A culture where only physicians are held accountable,A culture that prioritizes punishment over prevention,b,B,163,16-07-2025 14:32
What is the role of a pharmacist in fostering a just culture?,To advocate for harsh punishment for all errors,"To support open reporting, differentiate between human error, at-risk behavior, and reckless conduct, and promote system-based solutions",To protect pharmacy staff from any accountability,To ignore the principles of a just culture,c,C,163,16-07-2025 14:32
What is a failure mode and effects analysis (FMEA) in medication safety?,A reactive approach to analyzing errors after they occur,"A proactive method for identifying potential failures in a process, their potential effects, and how to prevent them",An analysis of medication costs,A review of patient complaints,b,B,163,16-07-2025 14:32
What is the role of a pharmacist in conducting an FMEA?,To only identify failures related to pharmacy,"To participate in the multidisciplinary team to analyze medication use processes, identify potential failure points, and develop preventive strategies",To lead the FMEA for all hospital processes,To avoid participating in FMEAs,c,C,163,16-07-2025 14:32
What is the significance of USP <797> in hospital pharmacy?,It provides guidelines for non-sterile compounding,"It provides standards for the preparation, storage, and handling of sterile compounded preparations to ensure patient safety",It outlines regulations for drug manufacturing,It details requirements for pharmacy licensure,b,B,163,16-07-2025 14:32
What is the role of a pharmacist in ensuring compliance with USP <797>?,To ignore the guidelines if they are inconvenient,"To develop and implement policies and procedures, train staff, and monitor practices to meet the standards for sterile compounding",To delegate all responsibility for compliance to technicians,To only comply with some of the guidelines,c,C,163,16-07-2025 14:32
What is the significance of USP <800> in hospital pharmacy?,It provides guidelines for managing non-hazardous drugs,"It provides standards for the safe handling of hazardous drugs to protect healthcare personnel, patients, and the environment",It outlines regulations for pharmacy billing,It details requirements for medication storage temperatures,b,B,163,16-07-2025 14:32
What is the role of a pharmacist in ensuring compliance with USP <800>?,To handle hazardous drugs without any special precautions,"To develop and implement policies and procedures for handling hazardous drugs, provide training, and ensure appropriate engineering controls and personal protective equipment are used",To only apply the guidelines to chemotherapy drugs,To consider USP <800> as optional,c,C,163,16-07-2025 14:32
What is a medication waste management program in a hospital?,A program to encourage more medication waste,"A program to ensure the safe and environmentally sound disposal of unused or expired medications, including hazardous drugs",A program to recycle all medication packaging,A program to donate all unused medications,b,B,163,16-07-2025 14:32
What is the role of a pharmacist in medication waste management?,To dispose of all medications in the regular trash,"To develop and oversee policies for proper segregation, labeling, and disposal of pharmaceutical waste, in compliance with regulations",To only be concerned with the cost of waste,To delegate all waste management to housekeeping staff,c,C,163,16-07-2025 14:32
What is the role of a pharmacist in managing drug recalls?,To ignore recall notices,"To promptly identify and remove recalled drugs from inventory, notify prescribers and patients if necessary, and follow manufacturer instructions for return or disposal",To continue dispensing recalled drugs until the stock is depleted,To only act on recalls for high-risk drugs,b,B,163,16-07-2025 14:32
What is the primary purpose of a hospital's adverse drug reaction (ADR) monitoring program?,To increase the number of ADRs reported,"To identify, evaluate, and prevent ADRs to improve patient safety",To assign blame for ADRs,To only monitor ADRs for new drugs,c,C,164,16-07-2025 14:32
What is the role of a clinical pharmacist in an ADR monitoring program?,To only report ADRs observed by physicians,"To actively identify potential ADRs, investigate their causes, assess causality, and recommend management strategies",To discourage reporting of ADRs to save time,To only focus on severe ADRs,b,B,164,16-07-2025 14:32
What is a medication algorithm or protocol in clinical practice?,A rigid set of rules that must be followed without deviation,A standardized guideline or set of instructions for medication use in specific clinical situations to promote evidence-based practice,A list of preferred medications for all conditions,A tool used only by physicians,c,C,164,16-07-2025 14:32
What is the role of a pharmacist in developing and implementing medication algorithms/protocols?,To oppose the use of all protocols,To contribute pharmaceutical expertise to the development of evidence-based protocols and promote their appropriate use,To ensure protocols are followed blindly without clinical judgment,To only develop protocols for pharmacy-managed services,b,B,164,16-07-2025 14:32
What is the significance of patient-specific dosing in clinical pharmacy?,It is not important; standard doses work for everyone,"Tailoring drug doses based on individual patient characteristics (e.g., age, weight, renal function) to optimize efficacy and minimize toxicity",Using the highest possible dose for all patients,Only adjusting doses for pediatric patients,c,C,164,16-07-2025 14:32
What is the role of a pharmacist in ensuring patient-specific dosing?,To always use standard textbook doses,"To review patient parameters, calculate appropriate doses, and recommend adjustments to prescribers as needed",To let nurses adjust doses based on their judgment,To only focus on adult dosing,b,B,164,16-07-2025 14:32
What is a medication safety committee in a hospital?,A committee that only deals with drug purchasing,A multidisciplinary committee responsible for overseeing and improving medication safety practices within the institution,A committee that handles patient complaints about medications,A committee that promotes new drugs,c,C,164,16-07-2025 14:32
What is the role of a pharmacist on a medication safety committee?,To only present pharmacy-related issues,"To provide expert knowledge on medication use, identify safety risks, and contribute to the development and implementation of safety initiatives",To passively attend meetings,To only focus on regulatory compliance,b,B,164,16-07-2025 14:32
What is the purpose of a medication reconciliation form?,To list all medications a patient has ever taken,To systematically document a patient's complete and accurate medication list at transitions of care,To serve as a prescription for new medications,To track medication costs for billing,c,C,164,16-07-2025 14:32
What is the role of a pharmacist in completing a medication reconciliation form?,To delegate it entirely to nursing staff,"To accurately collect and verify the patient's medication history, compare it with new orders, and resolve discrepancies",To only review the form after it's completed by others,To only focus on inpatient medications,b,B,164,16-07-2025 14:32
What is a medication therapy review (MTR)?,A quick check of a patient's current medications,"A systematic process of collecting patient-specific information, assessing medication therapies to identify medication-related problems, and developing a prioritized list of these problems",A review of drug manufacturing processes,A review of medication costs for a patient,c,C,164,16-07-2025 14:32
What is the role of a pharmacist in conducting an MTR?,To only identify drug interactions,"To perform a comprehensive assessment of the patient's medication regimen, identify and resolve drug-related problems, and create a care plan",To only focus on adherence issues,To only review the patient's medical chart,b,B,164,16-07-2025 14:32
What is a medication action plan (MAP)?,A plan for the hospital to purchase new medications,"A patient-centric document containing a list of the patient's medications, instructions for use, and self-management information",A plan for pharmacists to improve their skills,A plan for managing drug shortages,c,C,164,16-07-2025 14:32
What is the role of a pharmacist in developing a MAP?,To create it without patient input,"To collaborate with the patient to develop a clear, concise, and actionable plan for managing their medications",To only provide it if the patient asks,To make it overly complex for the patient,b,B,164,16-07-2025 14:32
What is a personal medication record (PMR)?,A record kept by the pharmacist for their own use,"A comprehensive record of the patient's medications, including prescription, over-the-counter, and herbal products",A record of all medications dispensed by the pharmacy,A record of medication errors,c,C,164,16-07-2025 14:32
What is the role of a pharmacist in maintaining a PMR?,To only update it when the patient is hospitalized,To assist patients in creating and maintaining an accurate and up-to-date personal medication record,To keep it confidential from the patient,To only include prescription medications,b,B,164,16-07-2025 14:32
What is the purpose of a drug monograph?,To advertise a drug,"A comprehensive document providing detailed information about a specific drug, including its pharmacology, indications, contraindications, side effects, and dosing",A short summary of a drug,A patient information leaflet,c,C,164,16-07-2025 14:32
What is the role of a pharmacist in utilizing drug monographs?,To ignore them and rely on memory,To use them as a primary source of evidence-based drug information for clinical decision-making and patient counseling,To only refer to them for rare drugs,To only use them for research purposes,b,B,164,16-07-2025 14:32
What is a drug information request?,A request from a patient for free drug samples,A question from a healthcare professional or patient seeking specific information about a drug or drug-related issue,A request for a drug to be added to the formulary,A request for a drug to be recalled,c,C,164,16-07-2025 14:32
What is the role of a pharmacist in responding to drug information requests?,To provide immediate answers without verification,"To provide accurate, timely, and evidence-based responses to drug information questions, utilizing reliable resources",To refer all questions to physicians,To only answer questions about common drugs,b,B,164,16-07-2025 14:32
"What is a drug information database (e.g., Micromedex, Lexicomp)?",A database of patient medical records,"A comprehensive electronic resource containing drug information, including dosing, interactions, and adverse effects",A database of drug prices,A database of drug manufacturers,c,C,164,16-07-2025 14:32
What is the role of a pharmacist in utilizing drug information databases?,To only use them for rare cases,To efficiently search and retrieve relevant drug information to support clinical decision-making and patient care,To rely solely on search engine results,To only use them for academic research,b,B,164,16-07-2025 14:32
What is a drug information specialist?,A pharmacist who only works in a retail pharmacy,A pharmacist with specialized training and expertise in providing drug information and evidence-based recommendations,A physician who provides drug information,A technician who manages drug information databases,c,C,164,16-07-2025 14:32
What is the role of a drug information specialist in a hospital?,To only answer questions from other pharmacists,"To serve as a primary resource for drug information, conduct literature searches, and provide education to healthcare professionals",To only focus on drug interactions,To only manage the drug formulary,b,B,164,16-07-2025 14:32
What is a drug information bulletin?,A daily newspaper for pharmacists,"A publication that provides concise, timely information on new drugs, drug alerts, or changes in medication policies",A marketing brochure for new drugs,A list of drug prices,c,C,164,16-07-2025 14:32
What is the role of a pharmacist in preparing drug information bulletins?,To only copy information from other sources,"To synthesize complex drug information into clear, concise, and actionable summaries for healthcare professionals",To only include information that is positive about drugs,To only distribute them to other pharmacists,b,B,164,16-07-2025 14:32
What is a drug information consultation?,A brief phone call about a drug,A formal interaction where a pharmacist provides in-depth analysis and recommendations on complex drug-related problems,A patient counseling session,A meeting to discuss drug purchasing,c,C,164,16-07-2025 14:32
What is the role of a pharmacist in providing drug information consultations?,To only provide general information,"To critically evaluate patient-specific data, integrate it with drug knowledge, and formulate evidence-based recommendations for optimal patient care",To only consult with physicians,To avoid complex cases,b,B,164,16-07-2025 14:32
What is a drug information service?,A service that only provides drug samples,A specialized service within a pharmacy department that provides drug information and clinical support to healthcare professionals,A service that only answers questions from patients,A service that only manages drug inventory,c,C,164,16-07-2025 14:32
What is the role of a pharmacist in managing a drug information service?,To only answer questions that are easy,"To oversee the operations, manage resources, and ensure the provision of high-quality, evidence-based drug information services",To delegate all tasks to technicians,To only focus on administrative tasks,b,B,164,16-07-2025 14:32
What is the purpose of a drug information center in a hospital setting?,To provide a place for pharmacists to relax,To serve as a central resource for evidence-based drug information and support rational drug therapy decisions,To store outdated drug information,To sell over-the-counter medications,c,C,164,16-07-2025 14:32
What is the role of a pharmacist in a drug information center?,To only answer questions from other pharmacists,"To research and disseminate drug information, provide consultations, and contribute to medication policy development",To only focus on drug interactions,To only manage the drug formulary,b,B,164,16-07-2025 14:32
What is a drug information resource?,Any book about drugs,"A reliable source of information about medications, such as textbooks, databases, and peer-reviewed journals",A patient information leaflet,A drug advertisement,c,C,164,16-07-2025 14:32
What is the role of a pharmacist in evaluating drug information resources?,To accept all information as true,"To critically appraise the quality, reliability, and relevance of drug information resources before using them",To only use the most popular resources,To only use resources that support their existing beliefs,b,B,164,16-07-2025 14:32
What is a drug information question classification?,A system for categorizing drug information questions based on their complexity,A system for categorizing drug information questions based on the type of drug,A system for categorizing drug information questions based on the source of the question,A system for categorizing drug information questions based on the patient's age,c,C,164,16-07-2025 14:32
What is the role of a pharmacist in classifying drug information questions?,To ignore the classification system,To accurately classify questions to facilitate efficient retrieval of information and appropriate response strategies,To only classify questions that are easy to answer,To let the requestor classify their own question,b,B,164,16-07-2025 14:32
What is a drug information response format?,A standard template for all drug information responses,"The structured way in which drug information is presented, often including background, assessment, and recommendation sections",A casual conversation about a drug,"A short, one-sentence answer",c,C,164,16-07-2025 14:32
What is the role of a pharmacist in formulating drug information responses?,To provide a generic answer for all questions,"To synthesize information from multiple sources into a clear, concise, and clinically relevant response tailored to the requestor's needs",To only provide information that is readily available,To make the response as long as possible,b,B,164,16-07-2025 14:32
What is a drug information follow-up?,A call to see if the patient took their medication,"A proactive check to ensure the information provided was understood, applied correctly, and achieved the desired outcome",A reminder to the requestor to ask more questions,A survey about the drug information service,c,C,164,16-07-2025 14:32
What is the role of a pharmacist in performing drug information follow-up?,To only follow up if there is a problem,To assess the impact of the information provided on patient care and identify any further needs or questions,To only follow up with physicians,To avoid follow-up to save time,b,B,164,16-07-2025 14:32
What is a drug information teaching file?,A file containing all drug information requests,"A collection of well-researched and documented drug information questions and responses, used for educational purposes",A file for storing drug advertisements,A file for tracking drug prices,c,C,164,16-07-2025 14:32
What is the role of a pharmacist in maintaining a drug information teaching file?,To only include common questions,To contribute to and utilize the teaching file for continuous learning and to train new pharmacists and students,To keep it confidential from other healthcare professionals,To only include questions that they answered correctly,b,B,164,16-07-2025 14:32
What is a drug information newsletter?,A daily newspaper for the hospital,"A periodic publication providing updates on new drugs, drug safety alerts, and clinical practice guidelines",A marketing tool for pharmaceutical companies,A list of job openings in pharmacy,c,C,164,16-07-2025 14:32
What is the role of a pharmacist in contributing to a drug information newsletter?,To only provide information that is already widely known,"To identify relevant and timely drug information, synthesize it, and present it in a clear and concise format for the target audience",To only write about their favorite drugs,To avoid contributing to save time,b,B,164,16-07-2025 14:32
What is a drug information presentation?,A sales pitch for a new drug,A formal presentation of drug information on a specific topic to healthcare professionals or other audiences,A patient education session,A meeting to discuss drug shortages,c,C,164,16-07-2025 14:32
What is the role of a pharmacist in delivering drug information presentations?,To read directly from slides,"To effectively communicate complex drug information, engage the audience, and answer questions to enhance knowledge and promote safe medication practices",To only present to other pharmacists,To avoid public speaking,b,B,164,16-07-2025 14:32
What is a drug information research project?,A project to develop a new drug,A systematic investigation into a drug-related question or problem to generate new knowledge or evidence,A project to survey patient satisfaction,A project to analyze drug costs,c,C,164,16-07-2025 14:32
What is the role of a pharmacist in conducting drug information research projects?,To only conduct research that is easy,"To identify research questions, design studies, collect and analyze data, and disseminate findings to advance pharmaceutical knowledge",To only rely on existing research,To avoid research to focus on clinical duties,b,B,164,16-07-2025 14:32
What is a drug information residency?,A short training program for pharmacy technicians,A specialized postgraduate training program for pharmacists focused on developing expertise in drug information and medication policy,A program for medical students to learn about drugs,A program for pharmacists to learn about hospital administration,c,C,164,16-07-2025 14:32
What is the role of a pharmacist in a drug information residency?,To only learn about drug interactions,"To gain advanced knowledge and skills in drug information retrieval, evaluation, synthesis, and dissemination, and to contribute to institutional medication policies",To only focus on academic research,To avoid patient contact,b,B,164,16-07-2025 14:32
What is the primary goal of a hospital pharmacy residency program?,To train pharmacists to work in retail settings,"To provide advanced training and experience in various aspects of hospital pharmacy practice, preparing pharmacists for specialized roles",To teach pharmacists how to manage a business,To only focus on dispensing medications,c,C,165,16-07-2025 14:32
What is the role of a pharmacist in a hospital pharmacy residency program?,To only observe other pharmacists,"To actively participate in clinical rotations, research projects, and educational activities to develop advanced clinical and leadership skills",To avoid patient interaction,To only focus on administrative tasks,b,B,165,16-07-2025 14:32
What is a pharmacy internship?,A full-time job for a licensed pharmacist,A supervised practical training period for pharmacy students to gain hands-on experience in pharmacy practice,A short course on pharmacy law,A program for high school students interested in pharmacy,c,C,165,16-07-2025 14:32
What is the role of a pharmacist in supervising pharmacy interns?,To ignore them and let them learn on their own,"To provide guidance, mentorship, and constructive feedback to interns, ensuring they gain valuable practical experience and develop professional skills",To assign them only menial tasks,To only focus on their own work,b,B,165,16-07-2025 14:32
What is a pharmacy technician?,A licensed pharmacist,"A trained healthcare professional who assists pharmacists in various tasks, such as dispensing medications, preparing sterile products, and managing inventory",A person who cleans the pharmacy,A person who delivers medications to patients,c,C,165,16-07-2025 14:32
What is the role of a pharmacist in supervising pharmacy technicians?,To delegate all tasks without oversight,"To oversee their activities, ensure compliance with regulations and policies, and provide training and guidance to ensure safe and accurate medication practices",To only correct their mistakes,To avoid interaction with technicians,b,B,165,16-07-2025 14:32
What is a pharmacy student?,A person who has completed pharmacy school,"An individual enrolled in a pharmacy degree program (e.g., PharmD) who is learning about pharmacy practice",A person who works in a pharmacy without formal training,A person who studies chemistry,c,C,165,16-07-2025 14:32
What is the role of a pharmacist in educating pharmacy students?,To ignore them and let them learn from textbooks,"To provide didactic and experiential education, mentorship, and guidance to pharmacy students, fostering their professional development",To only test their knowledge,To only teach them about drug interactions,b,B,165,16-07-2025 14:32
What is a pharmacy residency director?,The head of the hospital pharmacy department,"A pharmacist responsible for overseeing and managing a pharmacy residency program, including curriculum development, resident recruitment, and evaluation",A pharmacist who only works with residents,A physician who directs pharmacy residents,c,C,165,16-07-2025 14:32
What is the role of a pharmacist in supporting a pharmacy residency director?,To undermine their authority,"To contribute to the residency program by precepting residents, participating in committees, and providing educational sessions",To only follow instructions without question,To avoid interaction with residents,b,B,165,16-07-2025 14:32
What is a pharmacy preceptor?,A pharmacy student,"A licensed pharmacist who provides direct supervision, teaching, and mentorship to pharmacy students or residents during their experiential training",A pharmacy technician,A pharmacy manager,c,C,165,16-07-2025 14:32
What is the role of a pharmacist as a preceptor?,To only observe the student/resident,"To provide hands-on training, constructive feedback, and guidance to students/residents, helping them develop clinical skills and professional judgment",To let the student/resident learn everything on their own,To only focus on grading the student/resident,b,B,165,16-07-2025 14:32
What is a pharmacy curriculum?,A list of all drugs,The structured plan of study and educational experiences that pharmacy students undertake to earn their degree,A list of pharmacy policies,A list of pharmacy job descriptions,c,C,165,16-07-2025 14:32
What is the role of a pharmacist in contributing to a pharmacy curriculum?,To only teach what they learned in school,"To provide input on curriculum development, teach courses, and serve as guest lecturers to ensure the curriculum is relevant and up-to-date",To avoid teaching to focus on clinical duties,To only teach about their area of specialization,b,B,165,16-07-2025 14:32
What is a pharmacy school?,A school for medical doctors,"An academic institution that offers degree programs in pharmacy (e.g., PharmD)",A training center for pharmacy technicians,A research laboratory for drug development,c,C,165,16-07-2025 14:32
What is the role of a pharmacist in collaborating with a pharmacy school?,To avoid collaboration to maintain independence,"To serve as adjunct faculty, preceptors, or guest lecturers, and to participate in research collaborations to advance pharmacy education and practice",To only collaborate if there is financial benefit,To only collaborate on research projects,b,B,165,16-07-2025 14:32
What is a pharmacy professional organization?,A company that sells pharmacy supplies,A non-profit association that represents the interests of pharmacists and promotes the advancement of the pharmacy profession,A government agency that regulates pharmacies,A group of pharmacists who meet socially,c,C,165,16-07-2025 14:32
What is the role of a pharmacist in participating in professional organizations?,To only pay membership dues,"To engage in advocacy, networking, continuing education, and leadership activities to advance the profession and improve patient care",To avoid participation to save time,To only attend annual conferences,b,B,165,16-07-2025 14:32
What is a pharmacy journal?,A personal diary for pharmacists,"A peer-reviewed publication that disseminates research findings, clinical reviews, and professional news relevant to pharmacy practice",A magazine for pharmacy technicians,A catalog of pharmacy products,c,C,165,16-07-2025 14:32
What is the role of a pharmacist in contributing to pharmacy journals?,To only read articles,"To conduct research, write articles, and serve as peer reviewers to contribute to the body of knowledge in pharmacy",To only publish positive findings,To avoid publishing to save time,b,B,165,16-07-2025 14:32
What is a pharmacy conference?,A meeting to discuss hospital policies,"A gathering of pharmacy professionals for educational sessions, networking, and presentation of research",A sales event for pharmaceutical companies,A social event for pharmacists,c,C,165,16-07-2025 14:32
What is the role of a pharmacist in attending pharmacy conferences?,To only attend if it's free,"To gain new knowledge, network with colleagues, and stay updated on the latest advancements in pharmacy practice",To only attend for the social events,To avoid conferences to save money,b,B,165,16-07-2025 14:32
What is a pharmacy continuing education (CE) program?,A program for new pharmacy graduates,Educational activities designed to maintain and enhance the knowledge and skills of licensed pharmacists throughout their careers,A program for pharmacy technicians,A program for medical doctors,c,C,165,16-07-2025 14:32
What is the role of a pharmacist in participating in CE programs?,To only complete the minimum required hours,"To actively engage in lifelong learning to stay current with evolving drug knowledge, clinical guidelines, and patient care practices",To avoid CE to save time,To only participate in CE programs that are easy,b,B,165,16-07-2025 14:32
What is a pharmacy licensure exam?,An exam to get into pharmacy school,A standardized examination that pharmacists must pass to obtain a license to practice pharmacy,An exam to become a pharmacy technician,An exam to become a medical doctor,c,C,165,16-07-2025 14:32
What is the role of a pharmacist in preparing for a licensure exam?,To only study the night before,"To thoroughly review all relevant subject matter, practice with sample questions, and utilize study resources to ensure readiness for the exam",To rely solely on luck,To avoid studying to save time,b,B,165,16-07-2025 14:32
What is a pharmacy board of pharmacy?,A board of directors for a pharmacy company,A state government agency responsible for regulating the practice of pharmacy and protecting the public health,A board that certifies pharmacy technicians,A board that sets drug prices,c,C,165,16-07-2025 14:32
What is the role of a pharmacist in interacting with the board of pharmacy?,To avoid all interaction,"To comply with all regulations, renew licenses on time, and report any relevant professional conduct issues",To challenge all regulations,To only interact if there is a problem,b,B,165,16-07-2025 14:32
What is a pharmacy code of ethics?,A list of rules for pharmacy employees,A set of moral principles and professional standards that guide the conduct of pharmacists in their practice,A legal document outlining pharmacy regulations,A marketing document for pharmacies,c,C,165,16-07-2025 14:32
What is the role of a pharmacist in adhering to a code of ethics?,To only follow it when convenient,"To uphold the highest ethical standards in all aspects of practice, prioritizing patient well-being and professional integrity",To ignore it if it conflicts with personal beliefs,To only follow the parts that are legally required,b,B,165,16-07-2025 14:32
What is a pharmacy advocacy group?,A group that sells pharmacy products,An organization that works to influence public policy and legislation to advance the pharmacy profession and patient care,A group that provides legal advice to pharmacists,A group that organizes social events for pharmacists,c,C,165,16-07-2025 14:32
What is the role of a pharmacist in supporting pharmacy advocacy groups?,To ignore their efforts,"To contribute to advocacy efforts by contacting legislators, participating in campaigns, and raising awareness about important pharmacy issues",To only support groups that benefit them personally,To avoid all political involvement,b,B,165,16-07-2025 14:32
What is a pharmacy research institution?,A company that manufactures drugs,"An organization dedicated to conducting scientific research in various areas of pharmacy, such as drug discovery, pharmacokinetics, and pharmacodynamics",A hospital pharmacy department,A retail pharmacy chain,c,C,165,16-07-2025 14:32
What is the role of a pharmacist in collaborating with pharmacy research institutions?,To avoid all collaboration,"To participate in research studies, contribute to data collection, and apply research findings to improve patient care",To only collaborate if there is financial benefit,To only focus on clinical practice,b,B,165,16-07-2025 14:32
What is a pharmacy innovation?,A new drug,"A novel idea, process, or technology that improves pharmacy practice, patient care, or drug development",A new pharmacy building,A new pharmacy uniform,c,C,165,16-07-2025 14:32
What is the role of a pharmacist in fostering pharmacy innovation?,To resist all change,"To identify opportunities for improvement, develop and implement new solutions, and embrace technological advancements to enhance pharmacy services",To only adopt innovations that are proven successful elsewhere,To only focus on traditional pharmacy practices,b,B,165,16-07-2025 14:32
What is a pharmacy leadership role?,A role that only involves dispensing medications,"A position that involves guiding, motivating, and influencing pharmacy staff and stakeholders to achieve organizational goals and advance the profession",A role that only involves administrative tasks,A role that only involves research,c,C,165,16-07-2025 14:32
What is the role of a pharmacist in pursuing pharmacy leadership roles?,To avoid leadership to focus on clinical duties,"To develop leadership skills, seek opportunities for advancement, and contribute to the strategic direction of pharmacy practice",To only pursue leadership if it offers higher pay,To only lead other pharmacists,b,B,165,16-07-2025 14:32
What is a pharmacy mentor?,A pharmacy student,"An experienced pharmacist who provides guidance, support, and advice to less experienced pharmacists or students",A pharmacy technician,A pharmacy manager,c,C,165,16-07-2025 14:32
What is the role of a pharmacist as a mentor?,To only give advice when asked,"To share knowledge, provide career guidance, offer constructive feedback, and inspire professional growth in mentees",To only mentor those who are exactly like them,To avoid mentoring to save time,b,B,165,16-07-2025 14:32
What is a pharmacy mentee?,An experienced pharmacist,A less experienced pharmacist or student who receives guidance and support from a mentor,A pharmacy technician,A pharmacy manager,c,C,165,16-07-2025 14:32
What is the role of a pharmacist as a mentee?,To passively receive advice,"To actively seek guidance, be open to feedback, and take initiative in their professional development with the support of a mentor",To only ask easy questions,To avoid taking responsibility for their own learning,b,B,165,16-07-2025 14:32
What is a pharmacy network?,A computer network in a pharmacy,"A group of pharmacists, pharmacies, or healthcare organizations that collaborate to share resources, expertise, and best practices",A network of drug manufacturers,A network of drug wholesalers,c,C,165,16-07-2025 14:32
What is the role of a pharmacist in participating in a pharmacy network?,To avoid sharing information,"To collaborate with colleagues, share knowledge, and contribute to collective efforts to improve patient care and pharmacy services",To only participate if there is a direct financial benefit,To only network with pharmacists from their own hospital,b,B,165,16-07-2025 14:32
What is a pharmacy collaboration?,A competition between pharmacies,The act of working jointly with other healthcare professionals or organizations to achieve shared goals in patient care,A formal agreement between two pharmacies to merge,A casual conversation between pharmacists,c,C,165,16-07-2025 14:32
What is the role of a pharmacist in fostering pharmacy collaboration?,To work in isolation,"To actively engage with other healthcare team members, communicate effectively, and contribute their unique expertise to optimize patient outcomes",To only collaborate when forced to,To only collaborate with physicians,b,B,165,16-07-2025 14:32
What is a pharmacy partnership?,A legal business structure for pharmacies,"A formal agreement or relationship between two or more entities (e.g., pharmacies, hospitals, community organizations) to achieve common objectives",A casual friendship between pharmacists,A marketing alliance between pharmacies,c,C,165,16-07-2025 14:32
What is the role of a pharmacist in developing pharmacy partnerships?,To avoid all partnerships,"To identify potential partners, build relationships, and develop collaborative initiatives that enhance patient care and expand pharmacy services",To only partner with entities that offer financial gain,To only partner with other pharmacists,b,B,165,16-07-2025 14:32
What is a pharmacy alliance?,A secret society of pharmacists,"A formal association or coalition of pharmacies or healthcare organizations formed to achieve common goals, such as group purchasing or shared services",A temporary agreement between pharmacies,A social club for pharmacists,c,C,165,16-07-2025 14:32
What is the role of a pharmacist in participating in a pharmacy alliance?,To only benefit from the alliance without contributing,"To actively engage in the alliance's activities, share best practices, and contribute to collective initiatives that benefit all members",To only participate if it offers a competitive advantage,To avoid alliances to maintain independence,b,B,165,16-07-2025 14:32
What is a pharmacy consortium?,A group of pharmacists who play music together,"A group of independent pharmacies or healthcare systems that pool resources to achieve common goals, such as purchasing power or shared technology",A formal meeting of pharmacy executives,A temporary gathering of pharmacists for a specific project,c,C,166,16-07-2025 14:32
What is the role of a pharmacist in contributing to a pharmacy consortium?,To only focus on their own institution's needs,"To actively participate in discussions, share data, and contribute to collaborative projects that benefit all members of the consortium",To only join if it offers significant financial savings,To avoid sharing any proprietary information,b,B,166,16-07-2025 14:32
What is a pharmacy cooperative?,A pharmacy owned by a single individual,"A business owned and operated by its members (e.g., independent pharmacies) for their mutual benefit",A large chain pharmacy,A government-owned pharmacy,b,B,166,16-07-2025 14:32
What is the role of a pharmacist in a pharmacy cooperative?,To act as an employee of the cooperative,"To participate in the governance and operations of the cooperative, share best practices, and benefit from collective purchasing power and services",To compete with other members of the cooperative,To only focus on their own pharmacy,b,B,166,16-07-2025 14:32
What is a pharmacy group purchasing organization (GPO)?,An organization that sells drugs directly to patients,An entity that aggregates the purchasing volume of multiple pharmacies or healthcare institutions to negotiate better prices from suppliers,A government agency that sets drug prices,A group of pharmacists who buy drugs together informally,b,B,166,16-07-2025 14:32
What is the role of a pharmacist in utilizing a GPO?,To negotiate prices directly with manufacturers,"To leverage the GPO contracts to obtain favorable pricing on medications and supplies, while ensuring formulary compliance",To only purchase drugs from the GPO,To avoid using GPOs to maintain independence,b,B,166,16-07-2025 14:32
What is a pharmacy benefit manager (PBM)?,A manager of a hospital pharmacy,"A third-party administrator of prescription drug programs for health plans, employers, and other payers",A pharmacist who manages patient benefits,A government agency that manages drug benefits,b,B,166,16-07-2025 14:32
What is the role of a pharmacist in interacting with PBMs?,To ignore PBM policies,"To understand PBM formularies, prior authorization processes, and reimbursement policies to ensure patients have access to needed medications",To challenge all PBM decisions,To only interact with PBMs when there is a problem,b,B,166,16-07-2025 14:32
What is a pharmacy informatics specialist?,A pharmacist who only works with computers,"A pharmacist with expertise in the design, implementation, and management of medication-related information systems and technologies",A technician who repairs pharmacy computers,A pharmacist who only does data entry,b,B,166,16-07-2025 14:32
What is the role of a pharmacy informatics specialist in a hospital?,To only manage the pharmacy website,"To optimize the use of technology to improve medication safety, efficiency, and patient care, including CPOE, BCMA, and ADCs",To only provide IT support to the pharmacy,To avoid interaction with clinical staff,b,B,166,16-07-2025 14:32
What is a pharmacy automation system?,A system that replaces all pharmacists with robots,"Technology used to automate various pharmacy tasks, such as dispensing, compounding, and inventory management",A system for patients to order their own medications,A system for tracking pharmacist productivity,b,B,166,16-07-2025 14:32
What is the role of a pharmacist in managing pharmacy automation systems?,To manually override the automation whenever possible,"To oversee the implementation, maintenance, and quality control of automation systems to ensure accuracy, safety, and efficiency",To only use automation for simple tasks,To avoid using automation to preserve manual jobs,b,B,166,16-07-2025 14:32
What is a pharmacy data analyst?,A pharmacist who only works with numbers,"A professional who collects, analyzes, and interprets medication-related data to identify trends, improve outcomes, and support decision-making",A technician who enters data into pharmacy systems,A pharmacist who only does research,b,B,166,16-07-2025 14:32
What is the role of a pharmacist in utilizing pharmacy data analytics?,To ignore data and rely on intuition,"To use data-driven insights to optimize medication use, improve patient safety, enhance operational efficiency, and demonstrate the value of pharmacy services",To only use data for billing purposes,To avoid data analysis to save time,b,B,166,16-07-2025 14:32
What is a pharmacy quality improvement program?,A program to make the pharmacy look better,"A systematic approach to continuously monitor, evaluate, and improve the quality and safety of pharmacy services and medication use",A program to reduce pharmacy staff,A program to increase drug prices,b,B,166,16-07-2025 14:32
What is the role of a pharmacist in a pharmacy quality improvement program?,To only participate if forced to,"To actively identify areas for improvement, participate in quality initiatives, collect and analyze data, and implement changes to enhance patient care",To only focus on their own performance,To avoid quality improvement activities to save time,b,B,166,16-07-2025 14:32
What is a pharmacy performance metric?,A measure of how fast a pharmacist can dispense medications,"A quantifiable measure used to track and assess the performance of pharmacy services, such as medication error rates, patient satisfaction, or adherence rates",A measure of pharmacist salaries,A measure of drug costs,b,B,166,16-07-2025 14:32
What is the role of a pharmacist in monitoring pharmacy performance metrics?,To ignore metrics that are unfavorable,"To regularly review performance data, identify areas for improvement, and implement strategies to achieve desired outcomes",To only focus on metrics that are easy to achieve,To avoid monitoring metrics to save time,b,B,166,16-07-2025 14:32
What is a pharmacy benchmarking initiative?,A competition between pharmacies,A process of comparing a pharmacy's performance metrics and practices against those of other similar pharmacies or industry best practices,A way to set drug prices,A marketing strategy for pharmacies,b,B,166,16-07-2025 14:32
What is the role of a pharmacist in pharmacy benchmarking?,To avoid comparison with other pharmacies,"To participate in benchmarking activities, analyze comparative data, identify best practices, and implement changes to improve performance",To only focus on areas where their pharmacy excels,To only benchmark against pharmacies that are performing worse,b,B,166,16-07-2025 14:32
What is a pharmacy accreditation program?,A program to certify individual pharmacists,A process by which an external organization evaluates a pharmacy or pharmacy service against established standards to ensure quality and safety,A program to rank pharmacies based on profitability,A program to promote new drugs,b,B,166,16-07-2025 14:32
What is the role of a pharmacist in preparing for pharmacy accreditation?,To only prepare at the last minute,"To ensure that pharmacy practices, policies, and documentation meet accreditation standards, and to participate in the survey process",To try to hide any deficiencies from surveyors,To only focus on areas that are easy to fix,b,B,166,16-07-2025 14:32
What is a pharmacy regulatory compliance program?,A program to avoid all regulations,"A systematic approach to ensure that pharmacy practices adhere to all applicable federal, state, and local laws and regulations",A program to challenge all regulations,A program to only comply with regulations that are easy to follow,b,B,166,16-07-2025 14:32
What is the role of a pharmacist in ensuring regulatory compliance?,To ignore regulations that are inconvenient,"To stay informed about relevant laws and regulations, implement compliant practices, and maintain accurate records",To delegate all compliance responsibilities to others,To only comply with regulations when an inspector is present,b,B,166,16-07-2025 14:32
What is a pharmacy audit?,An inspection of a pharmacy by a government agency,"A systematic review of pharmacy records, processes, or practices to assess compliance, accuracy, or efficiency",An inventory count in the pharmacy,A financial review of the pharmacy,b,B,166,16-07-2025 14:32
What is the role of a pharmacist in preparing for and participating in a pharmacy audit?,To try to hide any problems from the auditor,"To maintain accurate and organized records, cooperate with auditors, and address any identified deficiencies promptly",To argue with the auditor about their findings,To only prepare for audits that are announced in advance,b,B,166,16-07-2025 14:32
What is a pharmacy policy and procedure manual?,A book of pharmacy jokes,"A comprehensive document outlining the pharmacy's operational guidelines, protocols, and standards of practice",A list of pharmacy staff phone numbers,A marketing brochure for the pharmacy,b,B,166,16-07-2025 14:32
What is the role of a pharmacist in developing and maintaining a policy and procedure manual?,To only use a generic manual from another pharmacy,"To contribute to the development of clear, accurate, and up-to-date policies and procedures, and to ensure staff are trained on them",To avoid updating the manual to save time,To only include policies that are easy to follow,b,B,166,16-07-2025 14:32
What is a pharmacy budget?,A list of all drugs in the pharmacy,A financial plan that outlines the pharmacy's expected revenues and expenses over a specific period,A record of patient payments,A list of pharmacist salaries,b,B,166,16-07-2025 14:32
What is the role of a pharmacist in managing a pharmacy budget?,To spend as much money as possible,"To develop and monitor the budget, control costs, optimize resource allocation, and ensure financial sustainability of pharmacy services",To ignore the budget and focus on clinical duties,To only focus on revenue generation,b,B,166,16-07-2025 14:32
What is a pharmacy revenue cycle?,The process of ordering drugs,"The financial process that includes patient registration, insurance verification, coding, billing, and collections for pharmacy services and medications",The process of dispensing medications,The process of managing drug inventory,b,B,166,16-07-2025 14:32
What is the role of a pharmacist in managing the pharmacy revenue cycle?,To ignore billing and collections,"To ensure accurate coding and billing for medications and services, resolve reimbursement issues, and optimize revenue capture",To only focus on clinical aspects of care,To delegate all revenue cycle tasks to billing staff,b,B,166,16-07-2025 14:32
What is a pharmacy charge master?,A list of all patients in the hospital,"A comprehensive list of all billable items and services provided by the pharmacy, along with their associated charges",A list of all pharmacists in the hospital,A list of all drug manufacturers,b,B,166,16-07-2025 14:32
What is the role of a pharmacist in maintaining the pharmacy charge master?,To set charges as high as possible,"To ensure the charge master is accurate, up-to-date, and compliant with billing regulations, and to review and update charges periodically",To ignore the charge master and let billing staff handle it,To only update charges when forced to by auditors,b,B,166,16-07-2025 14:32
What is a pharmacy formulary management system?,A system for ordering non-formulary drugs,"A process and set of tools used to develop, maintain, and manage the hospital formulary, including drug reviews, therapeutic interchange, and utilization analysis",A system for tracking drug prices,A system for patients to request formulary additions,b,B,166,16-07-2025 14:32
What is the role of a pharmacist in formulary management?,To advocate for adding all new drugs to the formulary,"To provide evidence-based evaluations of drugs, participate in P&T committee decisions, and promote rational and cost-effective drug use",To only focus on the cost of drugs,To make unilateral decisions about the formulary,b,B,166,16-07-2025 14:32
What is a therapeutic interchange program?,A program to switch patients to more expensive drugs,"A program that allows pharmacists to substitute a therapeutically equivalent but different drug for a prescribed medication, based on an approved protocol",A program to encourage patients to switch pharmacies,A program to promote generic drugs only,b,B,166,16-07-2025 14:32
What is the role of a pharmacist in a therapeutic interchange program?,To interchange drugs without physician approval,"To ensure that interchanges are clinically appropriate, follow established protocols, and communicate changes to prescribers and patients",To only interchange drugs if it saves the pharmacy money,To avoid therapeutic interchange to prevent physician complaints,b,B,166,16-07-2025 14:32
What is a pharmacy drug shortage management plan?,A plan to hoard drugs during shortages,"A proactive strategy to identify, assess, and manage drug shortages to minimize their impact on patient care",A plan to ignore drug shortages,A plan to only use alternative drugs during shortages,b,B,166,16-07-2025 14:32
What is the role of a pharmacist in managing drug shortages?,To wait for the shortage to resolve itself,"To monitor for potential shortages, identify therapeutic alternatives, develop conservation strategies, and communicate with prescribers and staff",To only inform physicians about shortages,To only focus on the cost implications of shortages,b,B,166,16-07-2025 14:32
What is a pharmacy medication disposal program?,A program to encourage patients to keep unused medications,A program to provide safe and environmentally sound options for patients and the public to dispose of unwanted or expired medications,A program to sell unused medications,A program to donate unused medications to other countries,b,B,166,16-07-2025 14:32
What is the role of a pharmacist in a medication disposal program?,To tell patients to flush all unused medications,"To educate patients on proper disposal methods, participate in take-back programs, and ensure compliance with disposal regulations",To only accept controlled substances for disposal,To avoid involvement in medication disposal,b,B,166,16-07-2025 14:32
What is a pharmacy emergency preparedness plan?,A plan for pharmacists to evacuate during emergencies,A comprehensive strategy to ensure the continuity of pharmacy services and access to essential medications during disasters or public health emergencies,A plan to close the pharmacy during emergencies,A plan to only provide medications to hospital staff during emergencies,b,B,166,16-07-2025 14:32
What is the role of a pharmacist in emergency preparedness?,To only focus on personal safety,"To participate in planning, maintain emergency drug supplies, provide pharmaceutical care during emergencies, and assist with public health efforts",To wait for instructions from authorities,To only dispense medications during emergencies,b,B,166,16-07-2025 14:32
What is a pharmacy immunization program?,A program to discourage immunizations,A service offered by pharmacies where trained pharmacists administer vaccines to eligible patients,A program to only immunize pharmacy staff,A program to only provide information about immunizations,b,B,166,16-07-2025 14:32
What is the role of a pharmacist in an immunization program?,To only provide vaccines prescribed by physicians,"To assess patient eligibility, educate patients about vaccines, administer immunizations safely, and manage any adverse reactions",To only administer flu shots,To delegate all immunizations to nurses,b,B,166,16-07-2025 14:32
What is a pharmacy point-of-care testing (POCT) service?,A service where pharmacists diagnose diseases,"A service where pharmacists perform simple diagnostic tests (e.g., blood glucose, cholesterol) at the pharmacy to help patients monitor their health",A service where pharmacists send all samples to a lab,A service where pharmacists only interpret lab results,b,B,166,16-07-2025 14:32
What is the role of a pharmacist in providing POCT services?,To perform complex diagnostic tests,"To ensure accurate test performance, interpret results, counsel patients, and refer them to physicians as needed",To only perform tests that are profitable,To avoid POCT to save time,b,B,166,16-07-2025 14:32
What is a pharmacy health screening service?,A service where pharmacists perform comprehensive physical exams,"A service where pharmacists provide basic health screenings (e.g., blood pressure, BMI) to identify potential health risks",A service where pharmacists diagnose chronic diseases,A service where pharmacists only provide information about health screenings,b,B,166,16-07-2025 14:32
What is the role of a pharmacist in providing health screening services?,To only screen for conditions they can treat,"To accurately perform screenings, interpret results, counsel patients on lifestyle modifications, and refer them to appropriate healthcare providers",To only screen patients who are already sick,To avoid health screenings to save time,b,B,166,16-07-2025 14:32
What is a pharmacy wellness program?,A program to sell wellness products,"A comprehensive program offered by pharmacies to promote health and well-being through education, screenings, and lifestyle interventions",A program only for pharmacy staff,A program to replace physician care,b,B,167,16-07-2025 14:32
What is the role of a pharmacist in a pharmacy wellness program?,To only provide information about medications,"To design and implement wellness initiatives, provide patient education, conduct health screenings, and collaborate with other healthcare providers",To only focus on weight loss programs,To avoid wellness programs to focus on dispensing,b,B,167,16-07-2025 14:32
What is a pharmacy smoking cessation program?,A program to encourage smoking,"A service offered by pharmacies to help patients quit smoking through counseling, nicotine replacement therapy, and other support",A program only for patients with lung disease,A program to only provide information about smoking cessation,b,B,167,16-07-2025 14:32
What is the role of a pharmacist in a smoking cessation program?,To only recommend nicotine replacement therapy,"To assess patient readiness to quit, develop individualized quit plans, provide counseling and support, and manage pharmacotherapy",To only refer patients to other programs,To avoid smoking cessation programs to save time,b,B,167,16-07-2025 14:32
What is a pharmacy diabetes management program?,A program to cure diabetes,"A comprehensive service offered by pharmacies to help patients with diabetes manage their condition through education, medication management, and lifestyle counseling",A program only for newly diagnosed diabetes patients,A program to only provide insulin,b,B,167,16-07-2025 14:32
What is the role of a pharmacist in a diabetes management program?,To only adjust insulin doses,"To provide education on diabetes self-management, optimize medication regimens, monitor blood glucose levels, and collaborate with other healthcare providers",To only focus on medication adherence,To avoid diabetes management programs to save time,b,B,167,16-07-2025 14:32
What is a pharmacy asthma management program?,A program to cure asthma,"A service offered by pharmacies to help patients with asthma control their condition through education, inhaler technique training, and medication management",A program only for patients with severe asthma,A program to only provide inhalers,b,B,167,16-07-2025 14:32
What is the role of a pharmacist in an asthma management program?,To only demonstrate inhaler technique,"To assess asthma control, provide education on trigger avoidance and action plans, optimize medication regimens, and ensure proper inhaler use",To only focus on rescue inhalers,To avoid asthma management programs to save time,b,B,167,16-07-2025 14:32
What is a pharmacy hypertension management program?,A program to cure hypertension,"A service offered by pharmacies to help patients with hypertension manage their blood pressure through education, medication management, and lifestyle counseling",A program only for patients with uncontrolled hypertension,A program to only provide blood pressure medications,b,B,167,16-07-2025 14:32
What is the role of a pharmacist in a hypertension management program?,To only measure blood pressure,"To provide education on lifestyle modifications, optimize medication regimens, monitor blood pressure, and collaborate with other healthcare providers",To only focus on medication adherence,To avoid hypertension management programs to save time,b,B,167,16-07-2025 14:32
What is a pharmacy dyslipidemia management program?,A program to cure high cholesterol,"A service offered by pharmacies to help patients with dyslipidemia manage their cholesterol levels through education, medication management, and lifestyle counseling",A program only for patients with very high cholesterol,A program to only provide statins,b,B,167,16-07-2025 14:32
What is the role of a pharmacist in a dyslipidemia management program?,To only recommend dietary changes,"To provide education on heart-healthy lifestyles, optimize medication regimens, monitor lipid levels, and collaborate with other healthcare providers",To only focus on medication side effects,To avoid dyslipidemia management programs to save time,b,B,167,16-07-2025 14:32
What is a pharmacy anticoagulation management service?,A service to stop all anticoagulants,"A specialized service where pharmacists manage and monitor patients receiving anticoagulation therapy (e.g., warfarin) to ensure safety and efficacy",A service only for patients with bleeding disorders,A service to only dispense anticoagulants,b,B,167,16-07-2025 14:32
What is the role of a pharmacist in an anticoagulation management service?,To only adjust warfarin doses based on INR,"To provide patient education, monitor INR levels, adjust anticoagulant doses, manage drug interactions, and assess for bleeding or clotting complications",To only refer patients to physicians for dose adjustments,To avoid anticoagulation management due to high risk,b,B,167,16-07-2025 14:32
What is a pharmacy pain management service?,A service to eliminate all pain,"A service where pharmacists help patients manage chronic or acute pain through medication optimization, counseling, and non-pharmacological strategies",A service only for patients with cancer pain,A service to only dispense opioids,b,B,167,16-07-2025 14:32
What is the role of a pharmacist in a pain management service?,To only recommend over-the-counter pain relievers,"To assess pain, optimize analgesic regimens, monitor for side effects and abuse potential, provide education on pain management, and collaborate with other providers",To only focus on opioid tapering,To avoid pain management due to complexity,b,B,167,16-07-2025 14:32
What is a pharmacy mental health service?,A service to diagnose mental health conditions,"A service where pharmacists support patients with mental health conditions through medication management, adherence counseling, and collaboration with mental health professionals",A service only for patients with severe mental illness,A service to only dispense psychotropic medications,b,B,167,16-07-2025 14:32
What is the role of a pharmacist in a mental health service?,To only provide information about side effects,"To optimize psychotropic medication regimens, monitor for efficacy and adverse effects, promote adherence, and provide education and support to patients and families",To only refer patients to psychiatrists,To avoid mental health services due to stigma,b,B,167,16-07-2025 14:32
What is a pharmacy substance abuse service?,A service to provide illicit drugs,"A service where pharmacists support individuals with substance use disorders through medication-assisted treatment, naloxone dispensing, and referral to treatment programs",A service only for patients in recovery,A service to only provide information about substance abuse,b,B,167,16-07-2025 14:32
What is the role of a pharmacist in a substance abuse service?,To only dispense naloxone,"To provide non-judgmental care, manage medication-assisted treatment, educate on harm reduction, and connect patients with resources for recovery",To only focus on preventing diversion,To avoid substance abuse services due to complexity,b,B,167,16-07-2025 14:32
What is a pharmacy travel health service?,A service to book travel arrangements,"A service where pharmacists provide pre-travel consultations, including immunizations, prophylactic medications, and advice on health risks for international travelers",A service only for frequent travelers,A service to only provide motion sickness medication,b,B,167,16-07-2025 14:32
What is the role of a pharmacist in a travel health service?,To only recommend over-the-counter medications,"To assess travel itineraries, recommend and administer appropriate vaccines, prescribe prophylactic medications, and counsel travelers on health precautions",To only refer travelers to travel clinics,To avoid travel health services due to liability,b,B,167,16-07-2025 14:32
What is a pharmacy specialty pharmacy service?,A service for common medications,"A pharmacy service that focuses on managing complex, high-cost medications for chronic or rare conditions, often requiring special handling and intensive patient support",A service only for wealthy patients,A service that only dispenses injectable drugs,b,B,167,16-07-2025 14:32
What is the role of a pharmacist in a specialty pharmacy service?,To only dispense specialty medications,"To provide comprehensive medication management, including patient education, adherence monitoring, side effect management, and coordination of care for patients on specialty drugs",To only focus on the cost of specialty medications,To avoid specialty pharmacy due to complexity,b,B,167,16-07-2025 14:32
What is a pharmacy compounding service?,A service to manufacture drugs from raw chemicals,"A service where pharmacists prepare customized medications for individual patients based on a prescriber's order, when standard commercial products are not appropriate",A service to only mix creams and ointments,A service to only prepare sterile products,b,B,167,16-07-2025 14:32
What is the role of a pharmacist in a compounding service?,To only compound simple preparations,"To accurately calculate and prepare compounded medications, ensure quality and safety, and counsel patients on proper use and storage",To only compound medications that are profitable,To avoid compounding due to regulatory burden,b,B,167,16-07-2025 14:32
What is a pharmacy home infusion service?,A service where pharmacists visit patients at home to give injections,A service that provides intravenous medications and related supplies and services to patients in their homes,A service only for terminally ill patients,A service that only provides nutritional support,b,B,167,16-07-2025 14:32
What is the role of a pharmacist in a home infusion service?,To only prepare the infusion solutions,"To coordinate care, prepare sterile infusions, monitor patient response, provide education, and manage complications associated with home infusion therapy",To only deliver medications to the patient's home,To avoid home infusion due to logistical challenges,b,B,167,16-07-2025 14:32
What is a pharmacy nuclear pharmacy service?,A service that deals with nuclear weapons,A specialized pharmacy service that prepares and dispenses radioactive pharmaceuticals (radiopharmaceuticals) for diagnostic imaging and therapeutic purposes,A service only found in research institutions,A service that only handles non-radioactive drugs,b,B,167,16-07-2025 14:32
What is the role of a pharmacist in a nuclear pharmacy service?,To only order radiopharmaceuticals,"To safely handle, compound, and dispense radiopharmaceuticals, ensure quality control, and comply with radiation safety regulations",To only work with diagnostic radiopharmaceuticals,To avoid nuclear pharmacy due to radiation exposure risk,b,B,167,16-07-2025 14:32
What is a pharmacy veterinary pharmacy service?,A service that only sells pet food,"A pharmacy service that specializes in dispensing medications for animals, often requiring compounding or special dosing considerations",A service only for farm animals,A service that only dispenses over-the-counter pet medications,b,B,167,16-07-2025 14:32
What is the role of a pharmacist in a veterinary pharmacy service?,To only dispense medications prescribed by veterinarians,"To accurately dispense and compound medications for animals, counsel pet owners on proper administration, and be aware of species-specific drug considerations",To only focus on common household pets,To avoid veterinary pharmacy due to lack of animal knowledge,b,B,167,16-07-2025 14:32
What is a pharmacy long-term care (LTC) service?,A service for patients with short-term illnesses,"Pharmacy services provided to residents of long-term care facilities, such as nursing homes, including medication dispensing, review, and consulting",A service only for elderly patients,A service that only provides over-the-counter medications,b,B,167,16-07-2025 14:32
What is the role of a pharmacist in LTC pharmacy services?,To only dispense medications in bulk to the facility,"To conduct medication regimen reviews, ensure appropriate drug therapy, monitor for adverse effects, and collaborate with LTC staff to optimize resident care",To only visit the LTC facility once a year,To avoid LTC pharmacy due to complex patient needs,b,B,167,16-07-2025 14:32
What is a pharmacy correctional facility service?,A service to provide medications to pharmacy staff,"Pharmacy services provided to inmates in prisons or jails, focusing on medication access, safety, and management within a secure environment",A service only for inmates with chronic diseases,A service that only dispenses generic medications,b,B,167,16-07-2025 14:32
What is the role of a pharmacist in correctional facility pharmacy services?,To only dispense medications as ordered,"To ensure appropriate and secure medication management, conduct formulary reviews, manage controlled substances, and provide clinical services to the inmate population",To only focus on cost containment,To avoid correctional pharmacy due to safety concerns,b,B,167,16-07-2025 14:32
What is a pharmacy managed care service?,A service that provides direct patient care,"Pharmacy services within a managed care organization (e.g., HMO, PPO) that focus on formulary management, drug utilization review, and cost-effective medication therapy",A service that only manages specialty drugs,A service that only deals with insurance claims,b,B,167,16-07-2025 14:32
What is the role of a pharmacist in managed care pharmacy?,To only deny coverage for expensive drugs,"To develop and manage formularies, conduct drug utilization reviews, design clinical programs, and promote evidence-based and cost-effective medication use",To only interact with physicians,To avoid managed care due to administrative burden,b,B,167,16-07-2025 14:32
"What is a pharmacy industry service (e.g., pharmaceutical sales, medical science liaison)?",A service that directly dispenses medications to patients,"Roles for pharmacists within pharmaceutical companies, such as providing drug information to healthcare professionals, conducting research, or marketing products",A service that regulates pharmaceutical companies,A service that only involves laboratory work,b,B,167,16-07-2025 14:32
What is the role of a pharmacist in the pharmaceutical industry?,To only promote company products regardless of evidence,"To contribute scientific and clinical expertise to drug development, medical affairs, regulatory affairs, or sales and marketing, while maintaining ethical standards",To only focus on sales targets,To avoid industry roles to maintain clinical focus,b,B,167,16-07-2025 14:32
"What is a pharmacy government/federal service (e.g., FDA, VA, PHS)?",A service that only employs physicians,"Roles for pharmacists within government agencies, such as regulating drugs, providing care to veterans or underserved populations, or developing public health policies",A service that only involves administrative tasks,A service that only focuses on drug pricing,b,B,167,16-07-2025 14:32
What is the role of a pharmacist in government/federal pharmacy services?,To only enforce regulations,"To contribute to public health and safety by ensuring drug efficacy and safety, providing clinical care, managing pharmacy programs, or developing health policies",To only focus on bureaucratic processes,To avoid government roles due to political influences,b,B,167,16-07-2025 14:32
What is a pharmacy academic service?,A service that only provides tutoring to pharmacy students,"Roles for pharmacists in pharmacy schools, such as teaching, conducting research, and providing clinical services in affiliated practice sites",A service that only involves grading exams,A service that only focuses on basic science research,b,B,167,16-07-2025 14:32
What is the role of a pharmacist in academic pharmacy?,To only teach didactic courses,"To educate and mentor future pharmacists, advance pharmaceutical knowledge through research, and contribute to innovative pharmacy practice models",To only focus on research grants,To avoid student interaction,b,B,167,16-07-2025 14:32
What is a pharmacy consulting service?,A service where pharmacists provide financial advice,"A service where pharmacists provide expert advice and solutions to healthcare organizations, pharmacies, or other clients on medication-related issues",A service where pharmacists sell consulting software,A service where pharmacists only review charts,b,B,167,16-07-2025 14:32
What is the role of a pharmacist in a consulting service?,To only provide generic recommendations,"To analyze client needs, develop customized solutions, implement best practices, and help organizations optimize medication use and pharmacy operations",To only consult for large hospitals,To avoid consulting due to travel requirements,b,B,167,16-07-2025 14:32
What is a pharmacy telepharmacy service?,A service where pharmacists talk to patients on the phone about non-medical issues,The provision of pharmaceutical care by registered pharmacists through the use of telecommunications and information technologies to patients at a distance,A service where medications are delivered by drones,A service where pharmacists only verify prescriptions remotely,b,B,167,16-07-2025 14:32
What is the role of a pharmacist in a telepharmacy service?,To only provide services to rural areas,"To provide comprehensive pharmaceutical care, including medication review, counseling, and monitoring, to patients remotely, ensuring access and quality",To only use video conferencing,To avoid telepharmacy due to technology challenges,b,B,167,16-07-2025 14:32
What is a pharmacy medication synchronization program?,A program to ensure all patients get their medications on the same day,"A service where pharmacists coordinate the refilling of a patient's multiple chronic medications so they can be picked up on a single, convenient day each month",A program to synchronize pharmacy staff schedules,A program to synchronize drug deliveries from wholesalers,b,B,167,16-07-2025 14:32
What is the role of a pharmacist in a medication synchronization program?,To only change refill dates,"To identify eligible patients, align medication refill schedules, conduct medication reviews, and provide adherence support",To only synchronize medications that are easy to manage,To avoid medication synchronization due to complexity,b,B,167,16-07-2025 14:32
What is a pharmacy transition of care service?,A service to help pharmacists transition to new jobs,A set of services designed to ensure the safe and effective transfer of patients and their medication information between different healthcare settings or levels of care,A service to only manage discharge medications,A service to only provide medication lists to patients,b,B,168,16-07-2025 14:32
What is the role of a pharmacist in a transition of care service?,To only be involved in inpatient care,"To conduct medication reconciliation, provide patient education, coordinate with other healthcare providers, and ensure continuity of medication therapy during transitions",To only focus on hospital discharge,To avoid transition of care due to time constraints,b,B,168,16-07-2025 14:32
What is a pharmacy medication adherence packaging service?,A service to package medications in attractive containers,"A service where pharmacists package a patient's medications into multi-dose compliance aids (e.g., blister packs, pill organizers) to help improve adherence",A service to only package over-the-counter medications,A service to only package medications for elderly patients,b,B,168,16-07-2025 14:32
What is the role of a pharmacist in a medication adherence packaging service?,To only fill the packages,"To assess patient suitability, accurately prepare adherence packages, counsel patients on their use, and monitor adherence",To only offer packaging for a fee,To avoid adherence packaging due to labor intensity,b,B,168,16-07-2025 14:32
What is a pharmacy pharmacogenomics service?,A service to sequence a patient's entire genome,A service where pharmacists use a patient's genetic information to guide drug selection and dosing to optimize efficacy and minimize adverse effects,A service only for patients with rare genetic disorders,A service to only provide information about pharmacogenomics,b,B,168,16-07-2025 14:32
What is the role of a pharmacist in a pharmacogenomics service?,To only interpret genetic test results,"To identify patients who may benefit from testing, interpret results in the context of medication therapy, make recommendations, and educate patients and providers",To only recommend testing for expensive drugs,To avoid pharmacogenomics due to complexity,b,B,168,16-07-2025 14:32
What is a pharmacy deprescribing service?,A service to stop all medications for a patient,"A systematic process of identifying and discontinuing medications that are no longer beneficial, may be causing harm, or are not aligned with patient goals",A service only for elderly patients,A service to only deprescribe over-the-counter medications,b,B,168,16-07-2025 14:32
What is the role of a pharmacist in a deprescribing service?,To only recommend stopping medications that are expensive,"To conduct comprehensive medication reviews, identify potentially inappropriate medications, collaborate with prescribers and patients to safely discontinue drugs, and monitor outcomes",To only deprescribe if the patient requests it,To avoid deprescribing due to physician resistance,b,B,168,16-07-2025 14:32
What is a pharmacy health literacy assessment?,An assessment of a pharmacist's literacy level,"An evaluation of a patient's ability to obtain, process, and understand basic health information and services needed to make appropriate health decisions",An assessment of a patient's reading ability only,An assessment of a patient's knowledge about specific diseases,b,B,168,16-07-2025 14:32
What is the role of a pharmacist in addressing health literacy?,To use complex medical jargon with all patients,"To assess patient health literacy, use plain language and clear communication strategies, provide easy-to-understand materials, and confirm patient understanding",To only simplify information for patients with low literacy,To avoid discussing health literacy to save time,b,B,168,16-07-2025 14:32
What is a pharmacy cultural competency program?,A program to teach pharmacists about different cultures for travel purposes,"A program to enhance pharmacists' ability to provide effective, equitable, and respectful care to patients from diverse cultural backgrounds",A program only for pharmacists working in diverse communities,A program to learn foreign languages,b,B,168,16-07-2025 14:32
What is the role of a pharmacist in promoting cultural competency?,To treat all patients the same regardless of culture,"To recognize and respect cultural differences, adapt communication styles, and provide care that is sensitive to patients' beliefs, values, and practices",To only focus on language barriers,To avoid discussing cultural issues to prevent offense,b,B,168,16-07-2025 14:32
What is a pharmacy patient advocacy role?,A role where pharmacists advocate for higher drug prices,"A role where pharmacists act on behalf of patients to ensure they receive appropriate, safe, and effective medication therapy and navigate the healthcare system",A role only for pharmacists working in non-profit organizations,A role where pharmacists only advocate for their own profession,b,B,168,16-07-2025 14:32
What is the role of a pharmacist as a patient advocate?,To only advocate for patients who agree with them,"To empower patients, help them understand their rights and options, communicate their needs to other healthcare providers, and address barriers to care",To only advocate for patients with serious illnesses,To avoid advocacy to maintain neutrality,b,B,168,16-07-2025 14:32
What is a pharmacy interprofessional collaboration?,Collaboration only between pharmacists,"A process where pharmacists work together with other healthcare professionals (e.g., physicians, nurses) to deliver comprehensive and coordinated patient care",Collaboration only for complex cases,Collaboration only when required by regulations,b,B,168,16-07-2025 14:32
What is the role of a pharmacist in interprofessional collaboration?,To act as a subordinate to physicians,"To contribute their unique medication expertise, communicate effectively, respect the roles of other team members, and work collaboratively to achieve shared patient goals",To only collaborate with professionals they like,To avoid collaboration to maintain autonomy,b,B,168,16-07-2025 14:32
What is a pharmacy shared decision-making model?,A model where the pharmacist makes all decisions for the patient,A collaborative process where clinicians and patients work together to make healthcare decisions based on clinical evidence and the patient's values and preferences,A model where the patient makes all decisions without clinical input,A model only used for end-of-life care decisions,b,B,168,16-07-2025 14:32
What is the role of a pharmacist in shared decision-making?,To tell the patient what decision to make,"To provide clear and unbiased information about medication options, benefits, and risks, and to support patients in making informed choices aligned with their goals",To only engage in shared decision-making if the patient requests it,To avoid shared decision-making to save time,b,B,168,16-07-2025 14:32
What is a pharmacy patient-centered care model?,A model where the pharmacy is the center of all care,"An approach to healthcare that is respectful of and responsive to individual patient preferences, needs, and values, ensuring that patient values guide all clinical decisions",A model where care is standardized for all patients,A model only used in primary care settings,b,B,168,16-07-2025 14:32
What is the role of a pharmacist in providing patient-centered care?,To only focus on the medication and not the patient,"To actively listen to patients, understand their perspectives and goals, involve them in care planning, and tailor medication therapy to their individual needs",To only provide patient-centered care to compliant patients,To avoid patient-centered care to improve efficiency,b,B,168,16-07-2025 14:32
What is a pharmacy value-based care model?,A model where pharmacies are paid based on the volume of prescriptions dispensed,"A healthcare delivery model where providers, including pharmacies, are paid based on patient health outcomes and the quality of care provided, rather than just the quantity of services",A model where pharmacies only dispense low-cost medications,A model only used in accountable care organizations,b,B,168,16-07-2025 14:32
What is the role of a pharmacist in a value-based care model?,To only focus on dispensing medications quickly,"To contribute to improved patient outcomes and reduced healthcare costs through medication optimization, adherence support, and disease state management",To only participate if there are financial incentives,To avoid value-based care due to increased documentation,b,B,168,16-07-2025 14:32
What is a pharmacy population health management program?,A program to manage the health of the pharmacy staff,"An approach that aims to improve the health outcomes of a defined group of people, often by identifying at-risk individuals and providing proactive interventions",A program only for patients with infectious diseases,A program to only provide generic medications to a population,b,B,168,16-07-2025 14:32
What is the role of a pharmacist in population health management?,To only focus on individual patient care,"To identify and stratify patient populations at risk for medication-related problems, design and implement targeted interventions, and measure outcomes",To only participate in programs led by physicians,To avoid population health management due to data complexity,b,B,168,16-07-2025 14:32
What is a pharmacy health information exchange (HIE)?,A place where patients can exchange health information with each other,"The electronic movement of health-related information among organizations according to nationally recognized standards, allowing healthcare providers to securely access and share patient data",A system for pharmacies to exchange drug inventory information,A system for patients to access their own medical records,b,B,168,16-07-2025 14:32
What is the role of a pharmacist in utilizing HIE?,To avoid accessing HIE to protect patient privacy,"To securely access and share relevant patient medication information through HIE to improve care coordination, medication reconciliation, and safety",To only use HIE for billing purposes,To only access HIE if the patient gives explicit consent each time,b,B,168,16-07-2025 14:32
What is a pharmacy electronic health record (EHR) system?,A paper-based record of patient health information,"A digital version of a patient's paper chart, providing real-time, patient-centered records that make information available instantly and securely to authorized users",A system for pharmacies to manage their finances,A system for patients to schedule appointments,b,B,168,16-07-2025 14:32
What is the role of a pharmacist in utilizing EHR systems?,To only use EHRs for dispensing medications,"To accurately document medication-related information, review patient data, identify potential drug problems, and communicate with other healthcare providers through the EHR",To avoid using EHRs due to complexity,To only use EHRs if required by law,b,B,168,16-07-2025 14:32
What is a pharmacy clinical decision support system (CDSS)?,A system that makes clinical decisions for pharmacists,"Health information technology that provides clinicians, staff, patients, or other individuals with knowledge and person-specific information, intelligently filtered or presented at appropriate times, to enhance health and health care",A system for patients to diagnose their own conditions,A system for tracking pharmacist performance,b,B,168,16-07-2025 14:32
What is the role of a pharmacist in utilizing CDSS?,To blindly follow all CDSS recommendations,"To use CDSS alerts and guidance as a tool to enhance clinical judgment, identify potential drug problems, and make informed decisions about medication therapy",To override all CDSS alerts without review,To only use CDSS for simple cases,b,B,168,16-07-2025 14:32
What is a pharmacy data warehouse?,A physical warehouse for storing pharmacy records,"A large, centralized repository of medication-related data from various sources, designed for analysis and reporting to support quality improvement and research",A system for tracking drug inventory,A system for patients to access their medication history,b,B,168,16-07-2025 14:32
What is the role of a pharmacist in utilizing a pharmacy data warehouse?,To only use it for billing reports,"To analyze data to identify trends in medication use, adverse events, or adherence, and to support evidence-based decision-making and quality improvement initiatives",To avoid using it due to data complexity,To only use it for research projects,b,B,168,16-07-2025 14:32
What is a pharmacy business intelligence (BI) tool?,A tool to measure the intelligence of pharmacists,"Software applications designed to retrieve, analyze, transform, and report data for business intelligence, helping pharmacies make better operational and clinical decisions",A tool for patients to research drug prices,A tool for tracking pharmacist work hours,b,B,168,16-07-2025 14:32
What is the role of a pharmacist in utilizing BI tools?,To only use them for financial reporting,"To leverage BI tools to monitor key performance indicators, identify areas for improvement, optimize resource allocation, and demonstrate the value of pharmacy services",To avoid using them due to technical complexity,To only use them if trained by an IT specialist,b,B,168,16-07-2025 14:32
What is a pharmacy supply chain management system?,A system for managing patient appointments,"The process and systems used to manage the flow of pharmaceutical products from manufacturers to pharmacies and ultimately to patients, ensuring availability and minimizing waste",A system for tracking pharmacist licenses,A system for managing pharmacy staff schedules,b,B,168,16-07-2025 14:32
What is the role of a pharmacist in supply chain management?,To only order drugs when stock is low,"To optimize inventory levels, manage procurement processes, ensure proper storage and handling, and minimize drug shortages and waste",To only focus on the cost of drugs,To delegate all supply chain tasks to technicians,b,B,168,16-07-2025 14:32
What is a pharmacy inventory control system?,A system for controlling access to the pharmacy,"Processes and technologies used to manage and track the quantity, location, and status of pharmaceutical inventory to ensure availability and minimize costs",A system for controlling drug prices,A system for controlling patient access to medications,b,B,168,16-07-2025 14:32
What is the role of a pharmacist in inventory control?,To order excessive amounts of all drugs,"To implement effective inventory management strategies, monitor stock levels, conduct regular counts, and minimize discrepancies and expired drugs",To only focus on high-cost drugs,To avoid inventory control to save time,b,B,168,16-07-2025 14:32
What is a pharmacy reverse distribution program?,A program to distribute drugs directly to patients' homes,"A process for returning expired, damaged, or recalled pharmaceutical products to manufacturers or third-party processors for credit or disposal",A program to distribute drugs to other pharmacies,A program to distribute drug samples,b,B,168,16-07-2025 14:32
What is the role of a pharmacist in a reverse distribution program?,To discard all expired drugs in the regular trash,"To identify and segregate eligible products, complete necessary documentation, and manage the return process in compliance with regulations and contracts",To only return drugs that offer a high credit value,To avoid reverse distribution due to paperwork,b,B,168,16-07-2025 14:32
What is a pharmacy 340B drug pricing program?,A program that sets prices for all drugs,A U.S. federal government program that requires drug manufacturers to provide outpatient drugs to eligible healthcare organizations/covered entities at significantly reduced prices,A program for patients to get free drugs,A program that only applies to generic drugs,b,B,168,16-07-2025 14:32
What is the role of a pharmacist in managing a 340B program?,To use 340B drugs for ineligible patients,"To ensure compliance with all program requirements, including patient eligibility, inventory management, and prevention of diversion, to maintain program integrity",To only focus on the financial benefits of the program,To avoid participating in the 340B program due to complexity,b,B,168,16-07-2025 14:32
What is a pharmacy medication access program?,A program to restrict access to medications,"Initiatives and services designed to help patients overcome barriers to accessing needed medications, such as cost, insurance coverage, or availability",A program only for uninsured patients,A program to only provide generic medications,b,B,168,16-07-2025 14:32
What is the role of a pharmacist in a medication access program?,To tell patients they cannot afford their medications,"To identify patients facing access challenges, explore options such as patient assistance programs or alternative therapies, and advocate for patient access",To only help patients who are assertive,To avoid medication access programs to save time,b,B,168,16-07-2025 14:32
What is a pharmacy patient assistance program (PAP)?,A program where pharmacists assist patients with daily activities,"Programs offered by pharmaceutical manufacturers, states, or non-profit organizations to provide free or low-cost medications to eligible individuals who cannot afford them",A program for patients to get assistance with insurance paperwork,A program only for patients with rare diseases,b,B,168,16-07-2025 14:32
What is the role of a pharmacist in utilizing PAPs?,To ignore PAPs as they are too complicated,"To identify eligible patients, assist with the application process, and coordinate medication procurement through PAPs to improve access to care",To only use PAPs for expensive brand-name drugs,To only refer patients to PAP websites,b,B,168,16-07-2025 14:32
What is a pharmacy prior authorization (PA) process?,A process for pharmacists to authorize prescriptions,A requirement from health insurers for prescribers to obtain approval before a specific medication (often high-cost or non-formulary) will be covered,A process for patients to authorize release of their medical records,A process for pharmacies to authorize drug returns,b,B,168,16-07-2025 14:32
What is the role of a pharmacist in managing the PA process?,To tell patients their medication is not covered without trying to get a PA,"To assist prescribers and patients in navigating the PA process by providing necessary documentation, communicating with insurers, and exploring alternatives if PA is denied",To only complete PAs for preferred patients,To avoid PAs due to time commitment,b,B,168,16-07-2025 14:32
What is a pharmacy step therapy program?,A program where patients must try walking before getting medication,An insurance program that requires patients to try one or more preferred (often lower-cost) medications before a specific (often higher-cost) medication will be covered,A program where patients must try multiple pharmacies,A program only for generic medications,b,B,168,16-07-2025 14:32
What is the role of a pharmacist in managing step therapy programs?,To tell patients they must try the preferred drug even if it's not appropriate,"To help patients and prescribers understand step therapy requirements, identify clinically appropriate alternatives, and assist with appeals if necessary",To only focus on the cost savings for the insurer,To avoid dealing with step therapy programs,b,B,168,16-07-2025 14:32
What is a pharmacy quantity limit program?,A program to limit the quantity of all medications dispensed,"An insurance program that restricts the amount of a specific medication that will be covered for a patient over a certain period (e.g., per month)",A program to limit the number of pharmacies a patient can use,A program only for controlled substances,b,B,169,16-07-2025 14:32
What is the role of a pharmacist in managing quantity limit programs?,To dispense more than the limit if the patient requests it,"To inform patients and prescribers about quantity limits, ensure appropriate dosing, and assist with overrides or appeals when medically necessary",To only dispense up to the limit without further action,To avoid dealing with quantity limits,b,B,169,16-07-2025 14:32
What is a pharmacy formulary restriction?,A restriction on the number of drugs a pharmacy can stock,"Limitations imposed by health insurers on the coverage of certain medications, such as requiring prior authorization, step therapy, or quantity limits",A restriction on the types of patients a pharmacy can serve,A restriction on the hours a pharmacy can be open,b,B,169,16-07-2025 14:32
What is the role of a pharmacist in navigating formulary restrictions?,To tell patients their insurance won't cover any medications,"To understand and explain formulary restrictions to patients and prescribers, identify covered alternatives, and assist with processes to obtain non-formulary drugs when necessary",To only dispense formulary drugs without question,To avoid dealing with formulary restrictions,b,B,169,16-07-2025 14:32
What is a pharmacy medication reconciliation at discharge?,Reconciling the pharmacy's inventory at the end of the day,The process of comparing a patient's pre-admission medications with their hospital medications and discharge orders to ensure a complete and accurate medication list is provided to the patient,Reconciling patient payments at discharge,Reconciling medication errors that occurred during hospitalization,b,B,169,16-07-2025 14:32
What is the role of a pharmacist in discharge medication reconciliation?,To only provide a list of new medications,"To conduct a thorough review of all medications, resolve discrepancies, provide patient counseling on the discharge regimen, and communicate with outpatient providers",To delegate all discharge reconciliation to nurses,To only perform reconciliation for complex patients,b,B,169,16-07-2025 14:32
What is a pharmacy follow-up call after discharge?,A call to ask the patient how their hospital stay was,"A phone call made by a pharmacist to a patient shortly after hospital discharge to review medications, address questions, assess adherence, and identify any post-discharge problems",A call to schedule a follow-up appointment with the physician,A call to collect payment for hospital services,b,B,169,16-07-2025 14:32
What is the role of a pharmacist in conducting post-discharge follow-up calls?,To only call patients who had medication errors,"To proactively contact patients to reinforce medication education, identify and resolve drug-related problems, and improve care transitions and outcomes",To only call patients if they request it,To avoid follow-up calls to save time,b,B,169,16-07-2025 14:32
What is a pharmacy home visit program?,A program where pharmacists visit patients for social reasons,A service where pharmacists conduct in-home medication reviews and assessments for patients who have difficulty accessing traditional pharmacy services or have complex medication regimens,A program only for elderly patients,A program where pharmacists deliver medications to patients' homes,b,B,169,16-07-2025 14:32
What is the role of a pharmacist in a home visit program?,To only check for expired medications,"To perform comprehensive medication assessments, identify drug-related problems, provide education and adherence support, and collaborate with other healthcare providers in the patient's home environment",To only visit patients who live nearby,To avoid home visits due to safety concerns,b,B,169,16-07-2025 14:32
What is a pharmacy brown bag review?,A review of the contents of a pharmacist's lunch bag,"A service where patients bring all of their medications (prescription, OTC, herbals) in a bag to the pharmacy for a comprehensive review by a pharmacist",A review of medications that are brown in color,A review of medications that are packaged in brown bags,b,B,169,16-07-2025 14:32
What is the role of a pharmacist in conducting a brown bag review?,To only count the number of medications,"To assess all medications for appropriateness, interactions, duplications, and adherence, and to provide patient education and recommendations",To only review prescription medications,To avoid brown bag reviews as they are time-consuming,b,B,169,16-07-2025 14:32
What is a pharmacy medication reminder system?,A system where pharmacists call patients every day to remind them to take their medications,"Tools or services (e.g., pillboxes, apps, automated calls) designed to help patients remember to take their medications as prescribed",A system for pharmacists to remember to order drugs,A system for patients to remind pharmacists to refill prescriptions,b,B,169,16-07-2025 14:32
What is the role of a pharmacist in recommending medication reminder systems?,To recommend the most expensive system,"To assess patient needs and preferences, recommend appropriate reminder systems, and provide education on their use to improve medication adherence",To only recommend systems for forgetful patients,To avoid recommending reminder systems,b,B,169,16-07-2025 14:32
What is a pharmacy adherence monitoring program?,A program to spy on patients to see if they take their medications,"Systems and strategies used to track and assess patient adherence to medication regimens, such as pill counts, electronic monitoring, or patient self-reports",A program to punish patients for non-adherence,A program only for patients on high-risk medications,b,B,169,16-07-2025 14:32
What is the role of a pharmacist in adherence monitoring?,To only rely on patient self-report,"To utilize various methods to assess adherence, identify barriers, and implement individualized interventions to support patients in taking their medications correctly",To only monitor adherence for expensive medications,To avoid adherence monitoring to save time,b,B,169,16-07-2025 14:32
What is a pharmacy motivational interviewing technique?,A technique to motivate pharmacists to work harder,"A patient-centered counseling approach that helps patients explore and resolve ambivalence about behavior change, such as improving medication adherence or adopting healthier lifestyles",A technique to motivate patients to buy more medications,A technique only used by psychologists,b,B,169,16-07-2025 14:32
What is the role of a pharmacist in using motivational interviewing?,To tell patients what they should do,"To use empathetic listening, open-ended questions, and reflective statements to help patients identify their own motivations for change and develop a plan of action",To only use it with difficult patients,To avoid motivational interviewing as it is too time-consuming,b,B,169,16-07-2025 14:32
What is a pharmacy health coaching service?,A service where pharmacists act as personal trainers,"A service where pharmacists partner with patients to help them achieve their health goals through education, support, and behavior change strategies",A service only for patients with chronic diseases,A service where pharmacists provide dietary advice only,b,B,169,16-07-2025 14:32
What is the role of a pharmacist in health coaching?,To give patients a strict set of rules to follow,"To use patient-centered communication, goal setting, and problem-solving techniques to empower patients to take an active role in managing their health",To only coach patients on medication adherence,To avoid health coaching to focus on dispensing,b,B,169,16-07-2025 14:32
What is a pharmacy shared medical appointment (SMA)?,An appointment where multiple pharmacists see one patient,"A group medical visit where multiple patients with similar conditions meet with a healthcare team, including a pharmacist, for education, counseling, and medication management",An appointment where patients share their medications with each other,An appointment only for patients with rare diseases,b,B,169,16-07-2025 14:32
What is the role of a pharmacist in an SMA?,To only provide generic medication information,"To facilitate group discussions, provide education on medication therapy and self-management, conduct individual medication reviews, and answer patient questions",To only participate if invited by a physician,To avoid SMAs due to patient privacy concerns,b,B,169,16-07-2025 14:32
What is a pharmacy peer support program?,A program where pharmacists support each other professionally,"A program where individuals with shared health conditions or experiences provide emotional, social, and practical support to one another, sometimes facilitated by a pharmacist",A program only for patients with mental health conditions,A program where pharmacists provide all the support,b,B,169,16-07-2025 14:32
What is the role of a pharmacist in a peer support program?,To lead all peer support groups,"To help establish and facilitate peer support groups, provide medication-related expertise, and connect patients with appropriate resources",To only refer patients to external peer support groups,To avoid peer support programs due to lack of training,b,B,169,16-07-2025 14:32
What is a pharmacy patient advisory council?,A council of pharmacists that advises patients,"A group of patients, family members, and caregivers who partner with healthcare providers, including pharmacists, to provide input on improving patient care and services",A council that only deals with patient complaints,A council that only includes hospital administrators,b,B,169,16-07-2025 14:32
What is the role of a pharmacist in a patient advisory council?,To only listen to patient feedback,"To actively engage with the council, solicit patient perspectives on pharmacy services, and use their input to design and implement patient-centered improvements",To only implement suggestions that are easy to do,To avoid patient advisory councils to save time,b,B,169,16-07-2025 14:32
What is a pharmacy research ethics board (REB) or institutional review board (IRB)?,A board that funds pharmacy research,A committee that reviews and approves research involving human subjects to ensure ethical conduct and protection of participant rights and welfare,A board that only reviews research conducted by pharmacists,A board that only reviews drug company research,b,B,169,16-07-2025 14:32
What is the role of a pharmacist on an REB/IRB?,To only review research protocols related to medications,"To provide expertise on the ethical implications of drug-related research, assess risks and benefits to participants, and ensure informed consent processes are appropriate",To always approve research protocols to promote innovation,To avoid serving on REBs/IRBs due to time commitment,b,B,169,16-07-2025 14:32
What is a pharmacy conflict of interest policy?,A policy to encourage conflicts between pharmacists,"A set of guidelines to identify, disclose, and manage situations where a pharmacist's personal interests could potentially compromise their professional judgment or actions",A policy only for pharmacists who own a pharmacy,A policy to hide conflicts of interest,b,B,169,16-07-2025 14:32
What is the role of a pharmacist in managing conflicts of interest?,To ignore potential conflicts if they are minor,"To be aware of potential conflicts, disclose them appropriately, and take steps to mitigate any undue influence on patient care or professional decisions",To only disclose conflicts if asked directly,To avoid situations that could create a conflict of interest,b,B,169,16-07-2025 14:32
What is a pharmacy whistleblower protection policy?,A policy to punish pharmacists who report wrongdoing,A policy that protects pharmacists and other employees from retaliation when they report suspected illegal or unethical activities within the organization,A policy only for government employees,A policy that encourages anonymous reporting only,b,B,169,16-07-2025 14:32
What is the role of a pharmacist in utilizing whistleblower protection?,To make false accusations against colleagues,"To report legitimate concerns about patient safety, fraud, or unethical conduct through appropriate channels, knowing they are protected from retaliation",To only report issues that directly affect them,To avoid reporting issues to prevent trouble,b,B,169,16-07-2025 14:32
What is a pharmacy professional liability insurance?,Insurance for the pharmacy building,Insurance that protects pharmacists against claims of negligence or malpractice arising from their professional practice,Insurance for pharmacy technicians only,Insurance that covers drug inventory losses,b,B,169,16-07-2025 14:32
What is the role of a pharmacist in maintaining professional liability insurance?,To assume the employer provides adequate coverage,"To understand their coverage needs, obtain appropriate individual or group liability insurance, and practice within established standards of care to minimize risk",To only get insurance if they work in a high-risk area,To avoid getting insurance to save money,b,B,169,16-07-2025 14:32
What is a pharmacy standard of care?,The minimum level of care a pharmacist must provide,"The level of skill, knowledge, and care ordinarily possessed and exercised by a reasonably prudent pharmacist under similar circumstances",The highest possible level of care a pharmacist can provide,A set of guidelines developed by drug companies,b,B,169,16-07-2025 14:32
What is the role of a pharmacist in adhering to the standard of care?,To only meet the standard if it is convenient,"To consistently practice in accordance with established professional standards, guidelines, and legal requirements to ensure safe and effective patient care",To try to exceed the standard in all cases,To only worry about the standard if a lawsuit occurs,b,B,169,16-07-2025 14:32
What is a pharmacy law and ethics course?,A course on how to avoid lawsuits,"An educational course that covers the legal and ethical principles governing pharmacy practice, including regulations, professional responsibilities, and decision-making",A course only for pharmacy students,A course on how to run a pharmacy business,b,B,169,16-07-2025 14:32
What is the role of a pharmacist in applying knowledge from law and ethics courses?,To only apply it when facing a legal challenge,"To integrate legal and ethical principles into daily practice, make sound professional judgments, and uphold the integrity of the pharmacy profession",To only focus on the legal aspects and ignore ethics,To forget the information after passing the course,b,B,169,16-07-2025 14:32
What is a pharmacy patient safety organization (PSO)?,An organization that punishes pharmacists for errors,"A group that collects and analyzes patient safety data from healthcare providers, including pharmacies, to identify and reduce risks and hazards associated with patient care",An organization that only focuses on hospital safety,An organization that provides legal defense for pharmacists,b,B,169,16-07-2025 14:32
What is the role of a pharmacist in collaborating with PSOs?,To avoid reporting safety data to PSOs,"To participate in PSO initiatives by reporting medication errors and near misses, sharing safety information, and implementing best practices to improve patient safety",To only report data that makes the pharmacy look good,To only collaborate with PSOs if required by law,b,B,169,16-07-2025 14:32
What is a pharmacy medication safety alert system?,A system that alerts patients when their prescription is ready,"A communication system used to disseminate urgent information about medication safety issues, such as new warnings, recalls, or high-risk practices",A system that alerts pharmacists to drug shortages,A system that alerts physicians to new drugs,b,B,169,16-07-2025 14:32
What is the role of a pharmacist in responding to medication safety alerts?,To ignore alerts that seem minor,"To promptly review and act upon safety alerts by implementing necessary changes in practice, educating staff, and communicating with patients and prescribers as needed",To only respond to alerts from the FDA,To wait for others to respond to alerts first,b,B,169,16-07-2025 14:32
What is a pharmacy root cause analysis (RCA) team?,A team that investigates all hospital incidents,"A multidisciplinary team, often including pharmacists, that conducts a systematic investigation into a serious medication error or adverse event to identify underlying causes and prevent recurrence",A team that only includes pharmacy staff,A team that assigns blame for errors,b,B,169,16-07-2025 14:32
What is the role of a pharmacist on an RCA team?,To defend the actions of pharmacy staff,"To provide medication expertise, analyze the sequence of events, identify system vulnerabilities, and contribute to the development of effective corrective actions",To only focus on errors made by other professions,To avoid participating in RCAs to save time,b,B,169,16-07-2025 14:32
What is a pharmacy failure mode and effects analysis (FMEA) team?,A team that analyzes past failures only,"A proactive, multidisciplinary team, often including pharmacists, that identifies potential failure points in a medication use process and develops strategies to prevent them",A team that only includes managers,A team that only focuses on high-cost medications,b,B,169,16-07-2025 14:32
What is the role of a pharmacist on an FMEA team?,To only identify failures related to dispensing,"To contribute medication system knowledge, brainstorm potential failure modes, assess their severity and likelihood, and help design preventive measures",To only participate if they are an expert in the process being analyzed,To avoid FMEAs as they are too theoretical,b,B,169,16-07-2025 14:32
What is a pharmacy continuous quality improvement (CQI) program?,A one-time project to improve quality,"An ongoing, systematic approach to monitoring, evaluating, and improving the quality and safety of pharmacy services and medication use processes",A program only focused on reducing costs,A program managed solely by pharmacy administrators,b,B,169,16-07-2025 14:32
What is the role of a pharmacist in a CQI program?,To only participate in data collection,"To actively engage in identifying improvement opportunities, participating in CQI projects, implementing changes, and monitoring their impact on patient care",To only focus on improving their individual performance,To avoid CQI activities to save time,b,B,169,16-07-2025 14:32
What is a pharmacy dashboard?,The dashboard of a pharmacy delivery vehicle,A visual display of key pharmacy performance indicators (metrics) that provides a quick overview of performance and helps identify areas needing attention,A list of all medications dispensed by the pharmacy,A schedule of pharmacy staff shifts,b,B,169,16-07-2025 14:32
What is the role of a pharmacist in utilizing a pharmacy dashboard?,To ignore the dashboard if the metrics are good,"To regularly review the dashboard to monitor performance, identify trends, investigate deviations, and take action to improve outcomes",To only look at the dashboard once a month,To only focus on metrics related to dispensing speed,b,B,169,16-07-2025 14:32
What is a pharmacy peer review process?,A process where pharmacists review each other's social media posts,A confidential evaluation of a pharmacist's professional practice by their peers (other pharmacists) to assess competence and identify areas for improvement,A process only for pharmacists who have made errors,A process managed by pharmacy technicians,b,B,170,16-07-2025 14:32
What is the role of a pharmacist in a peer review process?,To be overly critical of their peers,"To participate honestly and constructively as a reviewer or by being reviewed, with a focus on professional growth and improving patient care",To avoid peer review to prevent conflict,To only review peers they like,b,B,170,16-07-2025 14:32
What is a pharmacy credentialing process?,A process for patients to get credentials to use the pharmacy,"The process of verifying a pharmacist's qualifications, licensure, education, and experience to ensure they meet the standards for practice within an organization",A process only for new pharmacy graduates,A process managed by drug companies,b,B,170,16-07-2025 14:32
What is the role of a pharmacist in the credentialing process?,To provide false information to get credentialed,"To accurately provide all required documentation and information, and to maintain good standing with licensing boards and professional organizations",To only get credentialed if required by law,To avoid credentialing to save time,b,B,170,16-07-2025 14:32
What is a pharmacy privileging process?,A process to give pharmacists special privileges like better parking,"The process of granting a pharmacist authorization to perform specific clinical activities or services within an organization, based on their competence and qualifications",A process only for pharmacists in advanced practice roles,A process managed by physicians,b,B,170,16-07-2025 14:32
What is the role of a pharmacist in the privileging process?,To request privileges for activities they are not competent in,"To accurately represent their skills and experience, seek privileges appropriate to their competence, and maintain proficiency in privileged activities",To only seek privileges that are easy to obtain,To avoid the privileging process,b,B,170,16-07-2025 14:32
What is a pharmacy competency assessment program?,A program to assess the competence of pharmacy students only,"A systematic process for evaluating and ensuring that pharmacists possess and maintain the knowledge, skills, and abilities required for their roles and responsibilities",A program that only involves written exams,A program managed by human resources only,b,B,170,16-07-2025 14:32
What is the role of a pharmacist in a competency assessment program?,To try to cheat on assessments,"To actively participate in assessments, identify areas for professional development, and take steps to maintain and enhance their competence throughout their career",To only complete assessments if they are mandatory,To avoid assessments to prevent negative feedback,b,B,170,16-07-2025 14:32
What is a pharmacy professional development plan?,A plan for the pharmacy to develop new services,"A personalized plan that outlines a pharmacist's learning goals, activities, and strategies for enhancing their knowledge, skills, and career progression",A plan only for new pharmacists,A plan managed by the pharmacist's supervisor only,b,B,170,16-07-2025 14:32
What is the role of a pharmacist in creating and following a professional development plan?,To only include goals that are easy to achieve,"To reflect on their learning needs, set meaningful goals, identify appropriate development activities, and actively pursue ongoing professional growth",To only create a plan if required by their employer,To avoid professional development to save time,b,B,170,16-07-2025 14:32
What is a pharmacy mentorship program?,A program where experienced pharmacists mentor pharmacy technicians,"A structured program that pairs experienced pharmacists (mentors) with less experienced pharmacists or students (mentees) to provide guidance, support, and career development",A program only for pharmacists in leadership roles,A program managed by human resources only,b,B,170,16-07-2025 14:32
What is the role of a pharmacist in participating in a mentorship program (as mentor or mentee)?,To only participate if it benefits them directly,"To actively engage in the mentoring relationship, share knowledge and experiences, provide or seek guidance, and foster mutual professional growth",To only participate for a short period,To avoid mentorship programs,b,B,170,16-07-2025 14:32
What is a pharmacy succession planning program?,A plan for pharmacists to succeed in their careers,A process for identifying and developing internal talent to fill key leadership and specialized pharmacy positions in the future,A plan only for retiring pharmacists,A plan managed by human resources only,b,B,170,16-07-2025 14:32
What is the role of a pharmacist in succession planning?,To only focus on their own career advancement,"To identify and mentor potential successors, develop leadership skills in others, and contribute to the long-term stability and growth of the pharmacy department",To only participate if they are in a leadership role,To avoid succession planning,b,B,170,16-07-2025 14:32
What is a pharmacy staff retention strategy?,A strategy to retain pharmacy customers,"Initiatives and practices implemented by a pharmacy organization to keep valuable pharmacy staff members engaged, satisfied, and committed to the organization",A strategy only for retaining new pharmacists,A strategy managed by human resources only,b,B,170,16-07-2025 14:32
What is the role of a pharmacist in contributing to staff retention?,To complain about their job to new staff,"To foster a positive work environment, support colleagues, provide mentorship, and contribute to initiatives that enhance job satisfaction and professional growth",To only focus on their own job satisfaction,To ignore staff retention issues,b,B,170,16-07-2025 14:32
What is a pharmacy workload management system?,A system to ensure pharmacists are always busy,"Processes and tools used to assess, distribute, and manage the workload of pharmacy staff to ensure efficiency, safety, and quality of care",A system only for managing technician workload,A system managed by pharmacy administrators only,b,B,170,16-07-2025 14:32
What is the role of a pharmacist in workload management?,To take on more work than they can handle,"To communicate effectively about workload challenges, prioritize tasks, utilize resources efficiently, and contribute to developing fair and sustainable workload distribution",To complain about workload without offering solutions,To only focus on their own workload,b,B,170,16-07-2025 14:32
What is a pharmacy scheduling system?,A system for patients to schedule appointments with pharmacists,A tool or process used to create and manage the work schedules of pharmacy staff to ensure adequate coverage and operational efficiency,A system only for scheduling pharmacist breaks,A system managed by human resources only,b,B,170,16-07-2025 14:32
What is the role of a pharmacist in relation to scheduling?,To frequently call in sick or request schedule changes,"To adhere to their work schedule, communicate availability and preferences appropriately, and be flexible when needed to ensure adequate pharmacy coverage",To only work preferred shifts,To ignore the schedule and come in when they want,b,B,170,16-07-2025 14:32
What is a pharmacy communication plan?,A plan for how pharmacists should communicate with patients only,"A strategy outlining how information will be shared effectively among pharmacy staff, with other healthcare professionals, and with patients",A plan only for communicating bad news,A plan managed by the hospital communication department only,b,B,170,16-07-2025 14:32
What is the role of a pharmacist in effective communication?,To only communicate through email,"To use clear, concise, and respectful communication (verbal and written), actively listen, and ensure information is shared accurately and timely with appropriate individuals",To avoid communicating with difficult colleagues,To only communicate when absolutely necessary,b,B,170,16-07-2025 14:32
What is a pharmacy team huddle?,A social gathering for pharmacy staff,"A brief, focused meeting of pharmacy team members, often at the start of a shift, to share important information, discuss priorities, and coordinate activities",A meeting only for pharmacists,A meeting to discuss staff complaints,b,B,170,16-07-2025 14:32
What is the role of a pharmacist in a team huddle?,To dominate the conversation,"To actively participate by sharing relevant updates, listening to colleagues, raising concerns, and contributing to problem-solving and planning",To only attend if they have something important to say,To avoid team huddles to save time,b,B,170,16-07-2025 14:32
What is a pharmacy conflict resolution process?,A process to encourage conflicts in the pharmacy,A structured approach for addressing and resolving disagreements or disputes among pharmacy staff or with other healthcare professionals in a constructive manner,A process only for serious conflicts,A process managed by human resources only,b,B,170,16-07-2025 14:32
What is the role of a pharmacist in conflict resolution?,To escalate all conflicts to their supervisor immediately,"To address conflicts professionally and respectfully, seek to understand different perspectives, and work collaboratively towards mutually acceptable solutions",To avoid all conflict,To always try to win the argument,b,B,170,16-07-2025 14:32
What is a pharmacy performance appraisal system?,A system to appraise the performance of the pharmacy as a whole,"A formal process for evaluating a pharmacist's job performance against established expectations and goals, providing feedback, and identifying areas for development",A system only for new pharmacists,A system managed by human resources only,b,B,170,16-07-2025 14:32
What is the role of a pharmacist in a performance appraisal (as appraiser or appraisee)?,To be overly critical or defensive,"To participate honestly and constructively, provide or receive specific feedback, discuss accomplishments and challenges, and set goals for future performance",To only focus on negative aspects,To avoid performance appraisals,b,B,170,16-07-2025 14:32
What is a pharmacy disciplinary action process?,A process to discipline patients,A formal procedure for addressing pharmacist misconduct or performance issues that violate organizational policies or professional standards,A process only for serious offenses,A process managed by human resources only,b,B,170,16-07-2025 14:32
What is the role of a pharmacist in relation to disciplinary action?,To cover up misconduct by colleagues,"To adhere to professional standards and organizational policies, and if in a supervisory role, to implement disciplinary action fairly and consistently when necessary",To challenge all disciplinary actions,To avoid involvement in disciplinary actions,b,B,170,16-07-2025 14:32
What is a pharmacy grievance procedure?,A procedure for patients to file grievances against pharmacists,"A formal process for pharmacists to raise concerns or complaints about their employment, working conditions, or treatment by the organization",A procedure only for unionized pharmacists,A procedure managed by legal counsel only,b,B,170,16-07-2025 14:32
What is the role of a pharmacist in utilizing a grievance procedure?,To file grievances for minor issues,"To follow the established procedure to address legitimate concerns in a professional manner, providing factual information and seeking a fair resolution",To threaten to file a grievance to get what they want,To avoid using the grievance procedure,b,B,170,16-07-2025 14:32
What is a pharmacy employee assistance program (EAP)?,A program where pharmacists assist employees of other departments,"A confidential service offered by employers to help employees, including pharmacists, with personal or work-related problems that may impact their job performance or well-being",A program only for pharmacists with substance abuse problems,A program managed by the pharmacy department only,b,B,170,16-07-2025 14:32
What is the role of a pharmacist in utilizing an EAP?,To avoid using it due to stigma,"To seek confidential support and resources through the EAP for personal or professional challenges, such as stress, burnout, or family issues",To only use it as a last resort,To encourage colleagues to use it for any minor issue,b,B,170,16-07-2025 14:32
What is a pharmacy workplace safety program?,A program to ensure the safety of patient medications only,"Initiatives and policies designed to protect pharmacy staff from workplace hazards, such as exposure to hazardous drugs, musculoskeletal injuries, or violence",A program only for pharmacies in high-crime areas,A program managed by hospital security only,b,B,170,16-07-2025 14:32
What is the role of a pharmacist in promoting workplace safety?,To ignore safety hazards to get work done faster,"To follow safety protocols, report hazards, use personal protective equipment appropriately, and contribute to creating a safe work environment for all staff",To only worry about their own safety,To assume that safety is someone else's responsibility,b,B,170,16-07-2025 14:32
What is a pharmacy ergonomics assessment?,An assessment of the economic viability of a pharmacy,"An evaluation of the pharmacy workspace and tasks to identify and mitigate risks for musculoskeletal injuries, such as repetitive strain or back problems",An assessment only for pharmacists who have injuries,An assessment managed by an external consultant only,b,B,170,16-07-2025 14:32
What is the role of a pharmacist in relation to ergonomics?,To ignore ergonomic recommendations if they are inconvenient,"To be aware of ergonomic principles, use proper body mechanics, adjust workstations as needed, and report any ergonomic concerns or injuries",To only focus on ergonomics if they experience pain,To assume that ergonomic issues are not important,b,B,170,16-07-2025 14:32
What is a pharmacy hazardous material management program?,A program to manage all materials in the pharmacy,"Policies and procedures for the safe handling, storage, and disposal of hazardous materials used in the pharmacy, including chemicals and chemotherapy drugs",A program only for nuclear pharmacies,A program managed by the hospital safety officer only,b,B,170,16-07-2025 14:32
What is the role of a pharmacist in hazardous material management?,To handle all materials the same way,"To follow established protocols for handling hazardous materials, use appropriate personal protective equipment, and ensure proper labeling, storage, and disposal",To delegate all hazardous material handling to technicians,To avoid handling hazardous materials whenever possible,b,B,170,16-07-2025 14:32
What is a pharmacy emergency eyewash station?,A station for washing hands,A safety device that provides a flow of water to flush hazardous substances from the eyes in case of accidental exposure,A station only for pharmacists who wear contact lenses,A station that is rarely used and not maintained,b,B,170,16-07-2025 14:32
What is the role of a pharmacist in relation to emergency eyewash stations?,To use it for routine eye cleaning,"To know the location and proper use of eyewash stations, ensure they are accessible and functional, and use them immediately in case of eye exposure to hazardous materials",To assume that eyewash stations are maintained by others,To avoid using eyewash stations to prevent making a mess,b,B,170,16-07-2025 14:32
"What is a pharmacy safety data sheet (SDS), formerly MSDS?",A data sheet on the safety of the pharmacy building,"A document that provides detailed information on the properties, hazards, handling, storage, and emergency measures for a specific chemical or hazardous substance",A data sheet only for chemotherapy drugs,A data sheet that is kept locked away and rarely accessed,b,B,170,16-07-2025 14:32
What is the role of a pharmacist in utilizing SDSs?,To ignore SDSs as they are too technical,"To be familiar with the location and content of SDSs for hazardous materials used in the pharmacy, and to consult them for safety information and emergency procedures",To only refer to SDSs if there is an accident,To assume that technicians are responsible for SDSs,b,B,170,16-07-2025 14:32
What is a pharmacy fire safety plan?,A plan for pharmacists to fight fires,"A comprehensive plan outlining procedures for fire prevention, evacuation, and response in the pharmacy area",A plan only for pharmacies located in old buildings,A plan managed by the hospital fire department only,b,B,170,16-07-2025 14:32
What is the role of a pharmacist in fire safety?,To ignore fire alarms if they are busy,"To be familiar with fire safety procedures, know evacuation routes and the location of fire extinguishers, participate in drills, and maintain a clear and safe work environment",To try to put out large fires themselves,To assume that fire safety is someone else's responsibility,b,B,170,16-07-2025 14:32
What is a pharmacy security plan?,A plan to secure pharmacist jobs,"Policies and procedures to protect pharmacy staff, medications (especially controlled substances), and assets from theft, diversion, or unauthorized access",A plan only for pharmacies in high-crime areas,A plan managed by hospital security only,b,B,170,16-07-2025 14:32
What is the role of a pharmacist in pharmacy security?,To leave the pharmacy unlocked when stepping out briefly,"To follow security protocols, control access to restricted areas, safeguard controlled substances, and report any suspicious activity or security breaches",To confront suspicious individuals themselves,To assume that security is someone else's responsibility,b,B,170,16-07-2025 14:32
What is a pharmacy robbery response plan?,A plan for pharmacists to fight robbers,"Procedures to follow during and after a pharmacy robbery to ensure the safety of staff and patients, and to cooperate with law enforcement",A plan only for pharmacies that have been robbed before,A plan that involves hiding medications during a robbery,b,B,170,16-07-2025 14:32
What is the role of a pharmacist in a robbery situation?,To try to overpower the robber,"To prioritize safety, comply with the robber's demands, observe details for later reporting, and follow established procedures for alerting authorities and managing the aftermath",To argue with the robber,To try to protect the drugs at all costs,b,B,170,16-07-2025 14:32
What is a pharmacy disaster recovery plan?,A plan to recover from a bad financial quarter,A comprehensive strategy to resume critical pharmacy operations and services as quickly as possible after a disaster or major disruption,A plan only for natural disasters,A plan managed by the IT department only,b,B,171,16-07-2025 14:32
What is the role of a pharmacist in disaster recovery?,To wait for instructions before doing anything,"To be familiar with the disaster recovery plan, participate in drills, and contribute to restoring pharmacy services and patient care in a post-disaster environment",To only focus on recovering lost data,To assume that disaster recovery is someone else's responsibility,b,B,171,16-07-2025 14:32
What is a pharmacy business continuity plan?,A plan to ensure the pharmacy business continues to make a profit,"A comprehensive strategy to ensure that essential pharmacy functions can continue during and after a disruption, minimizing impact on patient care and operations",A plan only for long-term disruptions,A plan managed by hospital administrators only,b,B,171,16-07-2025 14:32
What is the role of a pharmacist in business continuity planning?,To assume that disruptions will not happen,"To contribute to the development and testing of business continuity plans, understand their role in executing the plan, and adapt to changing circumstances during a disruption",To only focus on their individual tasks during a disruption,To resist changes to normal operations during a disruption,b,B,171,16-07-2025 14:32
What is a pharmacy risk management program?,A program to eliminate all risks in the pharmacy,"A systematic process for identifying, assessing, mitigating, and monitoring risks that could adversely affect pharmacy operations, patient safety, or financial stability",A program only for managing medication error risks,A program managed by the hospital legal department only,b,B,171,16-07-2025 14:32
What is the role of a pharmacist in risk management?,To ignore potential risks to avoid creating problems,"To proactively identify and report potential risks, participate in risk assessments, implement mitigation strategies, and contribute to a culture of safety and risk awareness",To only focus on risks that have already caused harm,To assume that risk management is someone else's responsibility,b,B,171,16-07-2025 14:32
What is a pharmacy incident reporting system?,A system for reporting incidents that happen outside the pharmacy,"A confidential system for pharmacy staff to report medication errors, near misses, adverse drug events, and other safety concerns or incidents",A system only for reporting serious incidents,A system managed by human resources only,b,B,171,16-07-2025 14:32
What is the role of a pharmacist in utilizing an incident reporting system?,To avoid reporting incidents to prevent blame,"To promptly and accurately report all relevant incidents and near misses, provide sufficient detail for analysis, and contribute to a culture of learning and improvement",To only report incidents if they are not at fault,To only report incidents that cause patient harm,b,B,171,16-07-2025 14:32
What is a pharmacy sentinel event?,An event that signals good performance in the pharmacy,"A patient safety event (not primarily related to the natural course of the patient's illness or underlying condition) that reaches a patient and results in death, permanent harm, or severe temporary harm",An event that only involves medication errors,An event that is reported to the media,b,B,171,16-07-2025 14:32
What is the role of a pharmacist in responding to a sentinel event?,To try to cover up the event,"To participate in the immediate response and investigation, contribute to a thorough root cause analysis, and help implement corrective actions to prevent recurrence",To blame other healthcare professionals for the event,To only be involved if the event directly involved a pharmacist,b,B,171,16-07-2025 14:32
What is a pharmacy near miss?,A medication error that reaches the patient but causes no harm,"An unplanned event that did not reach the patient, or an error that was caught before it reached the patient, but could have resulted in harm if not intercepted",A minor medication error that causes minimal harm,An event that is not worth reporting,b,B,171,16-07-2025 14:32
What is the importance of reporting near misses in pharmacy?,They are not important as no harm occurred,"Reporting near misses helps identify system vulnerabilities and weaknesses before they cause patient harm, allowing for proactive improvements",Reporting near misses creates unnecessary paperwork,Near misses should only be discussed informally among staff,b,B,171,16-07-2025 14:32
What is a pharmacy culture of safety?,A culture where no errors ever occur,"An organizational environment where patient safety is a top priority, errors are openly reported and learned from, and staff feel empowered to speak up about safety concerns without fear of blame",A culture where only pharmacists are responsible for safety,A culture that focuses on punishing individuals for errors,b,B,171,16-07-2025 14:32
What is the role of a pharmacist in fostering a culture of safety?,To blame others when errors occur,"To lead by example in prioritizing safety, encourage open reporting of errors and near misses, participate in safety initiatives, and support a just culture approach",To only focus on their own safety practices,To assume that the culture of safety is already good enough,b,B,171,16-07-2025 14:32
What is a pharmacy just culture algorithm?,An algorithm to determine if a patient is being just,"A tool or framework used to differentiate between human error, at-risk behavior, and reckless conduct when analyzing medication errors or safety events, to guide appropriate responses",An algorithm to determine financial penalties for errors,An algorithm used only by hospital administrators,b,B,171,16-07-2025 14:32
What is the role of a pharmacist in applying a just culture algorithm?,To use it to assign blame to individuals,"To participate in the analysis of safety events using a just culture framework, focusing on system improvements and appropriate coaching or disciplinary action based on the nature of the behavior",To only apply it to errors made by technicians,To avoid using it to prevent conflict,b,B,171,16-07-2025 14:32
What is a pharmacy second victim support program?,A program to support patients who are victims of medication errors,"A program to provide emotional and psychological support to healthcare providers, including pharmacists, who are involved in serious adverse patient events or medical errors",A program only for physicians,A program to help pharmacists deal with difficult patients,b,B,171,16-07-2025 14:32
