question_text,option_a,option_b,option_c,option_d,,correct_answer,quiz_test_id,created_at
A nurse is caring for a client who has a new diagnosis of type 1 diabetes mellitus. Which of the following interventions is the priority?,Administering insulin as prescribed,Educating the client about carbohydrate counting,Monitoring blood glucose levels,Assessing for signs of hypoglycemia,b,B,182,16-07-2025 14:32
A client is admitted with an exacerbation of chronic obstructive pulmonary disease (COPD). Which of the following is the most appropriate initial nursing action?,Administering a prescribed bronchodilator,Encouraging deep breathing and coughing exercises,Applying oxygen at a low flow rate,Obtaining a sputum culture,a,A,182,16-07-2025 14:32
A nurse is assessing a client who has heart failure. Which of the following findings is a manifestation of right-sided heart failure?,Dyspnea,Orthopnea,Peripheral edema,Crackles in the lungs,c,C,182,16-07-2025 14:32
A client is postoperative following a total hip arthroplasty. Which of the following actions should the nurse take to prevent hip dislocation?,Encourage the client to cross their legs when sitting,Place an abduction pillow between the client's legs,Elevate the head of the bed to 90 degrees,Instruct the client to flex the hip greater than 90 degrees,b,B,182,16-07-2025 14:32
A nurse is caring for a client who has a cast on their left leg. Which of the following findings should the nurse report to the provider immediately?,Warmth and redness over the cast,Capillary refill of 4 seconds in the left toes,Mild itching under the cast,Swelling of the toes on the left foot,a,A,182,16-07-2025 14:32
A client is receiving a blood transfusion. Which of the following is a sign of a hemolytic transfusion reaction?,Bradycardia,Hypertension,Low back pain,Polyuria,c,C,182,16-07-2025 14:32
A nurse is caring for a client who has a nasogastric (NG) tube. Which of the following actions should the nurse take to verify tube placement?,Auscultate for bowel sounds,Instill air into the NG tube and listen for a gurgling sound,Aspirate gastric contents and check the pH,Ask the client to speak,b,B,182,16-07-2025 14:32
A client is scheduled for a colonoscopy. Which of the following instructions should the nurse provide to the client regarding bowel preparation?,You will need to drink a clear liquid diet for 2 days prior to the procedure.,You can eat a light breakfast on the morning of the procedure.,You will need to take a laxative the evening before the procedure.,You should avoid drinking fluids for 8 hours before the procedure.,a,A,182,16-07-2025 14:32
A nurse is caring for a client who has a wound infection. Which of the following actions should the nurse take first?,Administer prescribed antibiotics,Obtain a wound culture,Cleanse the wound with an antiseptic solution,Apply a sterile dressing to the wound,d,D,182,16-07-2025 14:32
A client is experiencing an anaphylactic reaction. Which of the following medications should the nurse administer first?,Diphenhydramine,Epinephrine,Albuterol,Methylprednisolone,b,B,182,16-07-2025 14:32
A nurse is caring for a client who has a deep vein thrombosis (DVT). Which of the following interventions should the nurse include in the plan of care?,Encourage ambulation,Apply warm compresses to the affected leg,Elevate the affected leg,Administer aspirin as prescribed,b,B,182,16-07-2025 14:32
A client is admitted with acute pancreatitis. Which of the following laboratory findings should the nurse expect?,Decreased serum amylase,Increased serum lipase,Decreased white blood cell count,Increased serum calcium,b,B,182,16-07-2025 14:32
A nurse is assessing a client who has a fractured femur. Which of the following findings is an early sign of fat embolism syndrome?,Bradycardia,Petechiae on the chest,Hypotension,Bradypnea,b,B,182,16-07-2025 14:32
A client is postoperative following a mastectomy. Which of the following actions should the nurse take to prevent lymphedema?,Place the affected arm in a dependent position,Avoid blood pressure measurements on the affected arm,Apply warm compresses to the affected arm,Encourage heavy lifting with the affected arm,a,A,182,16-07-2025 14:32
A nurse is caring for a client who has a urinary tract infection (UTI). Which of the following instructions should the nurse provide to the client?,Limit your fluid intake to reduce urinary frequency.,Drink cranberry juice regularly.,Take a sitz bath daily.,Discontinue antibiotics once symptoms improve.,b,B,182,16-07-2025 14:32
A client is receiving total parenteral nutrition (TPN). Which of the following actions should the nurse take to prevent complications?,Change the TPN bag every 48 hours,Monitor blood glucose levels every 24 hours,Use a peripheral IV line for administration,Administer TPN through a dedicated central line,b,B,182,16-07-2025 14:32
A nurse is caring for a client who has a new colostomy. Which of the following is an expected finding when assessing the stoma?,Pale and dry,Dark purple and edematous,Red and moist,Black and necrotic,c,C,182,16-07-2025 14:32
A client is experiencing an acute asthma exacerbation. Which of the following medications should the nurse administer first?,Oral corticosteroids,Inhaled long-acting beta-agonist,Inhaled short-acting beta-agonist,Leukotriene modifier,c,C,182,16-07-2025 14:32
"A nurse is caring for a client who has a spinal cord injury at the T6 level. The client suddenly develops a severe headache, flushing above the level of injury, and diaphoresis. Which of the following actions should the nurse take first?",Administer an analgesic,Elevate the head of the bed,Check for bladder distention,Apply a cooling blanket,b,B,182,16-07-2025 14:32
A client is admitted with a suspected myocardial infarction (MI). Which of the following laboratory tests is the most specific indicator of myocardial damage?,Creatine kinase (CK),Troponin,Myoglobin,Lactate dehydrogenase (LDH),c,C,182,16-07-2025 14:32
A nurse is caring for a client who has chronic kidney disease and is receiving hemodialysis. Which of the following dietary restrictions should the nurse reinforce?,High protein intake,Unlimited fluid intake,Low potassium intake,High sodium intake,b,B,182,16-07-2025 14:32
A client is postoperative following a thyroidectomy. Which of the following findings should the nurse monitor for as a potential complication?,Hyperglycemia,Hypocalcemia,Hypernatremia,Hypokalemia,a,A,182,16-07-2025 14:32
A nurse is assessing a client who has a suspected peptic ulcer. Which of the following findings is a classic symptom?,Right upper quadrant pain radiating to the shoulder,Gnawing or burning pain in the epigastric region,Rebound tenderness in the lower right quadrant,Pain relieved by eating,c,C,182,16-07-2025 14:32
A client is receiving chemotherapy and develops stomatitis. Which of the following interventions should the nurse recommend?,Use an alcohol-based mouthwash,Consume hot and spicy foods,Rinse the mouth with a normal saline solution,Brush teeth vigorously after meals,b,B,182,16-07-2025 14:32
A nurse is caring for a client who has a new diagnosis of glaucoma. Which of the following medications is typically prescribed to treat glaucoma?,Mydriatics,Beta-blockers (topical),Cycloplegics,Alpha-agonists (systemic),b,B,182,16-07-2025 14:32
A client is admitted with a suspected stroke. Which of the following is the priority nursing assessment?,Level of consciousness,Pupil reaction,Muscle strength,"Airway, breathing, circulation",b,B,182,16-07-2025 14:32
A nurse is caring for a client who has a fractured hip and is in Buck's traction. Which of the following actions should the nurse take?,Remove the weights for repositioning,Ensure the weights are hanging freely,Elevate the foot of the bed,Apply heat to the affected area,b,B,182,16-07-2025 14:32
A client is experiencing an acute exacerbation of multiple sclerosis (MS). Which of the following medications is typically prescribed to reduce inflammation during an acute attack?,Interferon beta,Glatiramer acetate,Corticosteroids,Baclofen,c,C,182,16-07-2025 14:32
A nurse is caring for a client who has a new diagnosis of rheumatoid arthritis. Which of the following non-pharmacological interventions should the nurse recommend?,High-impact exercises,Application of cold packs to inflamed joints,Rest during periods of acute inflammation,Vigorous massage of affected joints,b,B,182,16-07-2025 14:32
A client is admitted with diabetic ketoacidosis (DKA). Which of the following is the priority nursing intervention?,Administering insulin intravenously,Administering intravenous fluids,Monitoring urine output,Assessing for Kussmaul respirations,b,B,182,16-07-2025 14:32
A nurse is caring for a client who has a new tracheostomy. Which of the following actions should the nurse take to prevent complications?,Change the tracheostomy ties daily,Suction the tracheostomy routinely every 2 hours,Maintain a sterile technique during suctioning,Inflate the cuff to maximum pressure,b,B,182,16-07-2025 14:32
A client is admitted with a suspected appendicitis. Which of the following findings is a classic symptom?,Left lower quadrant pain,Rebound tenderness at McBurney's point,Pain relieved by defecation,Jaundice,a,A,182,16-07-2025 14:32
A nurse is assessing a client who has a suspected detached retina. Which of the following findings is a classic symptom?,Gradual loss of central vision,Flashes of light and floaters,Pain in the affected eye,Redness and discharge from the eye,c,C,182,16-07-2025 14:32
"A client is receiving a blood transfusion and develops a fever, chills, and headache. Which of the following actions should the nurse take first?",Slow down the transfusion rate,Administer an antipyretic,Stop the transfusion immediately,Notify the physician,b,B,182,16-07-2025 14:32
A nurse is caring for a client who has a new diagnosis of Crohn's disease. Which of the following dietary recommendations should the nurse provide?,High-fiber diet,Low-residue diet,High-fat diet,Dairy products as tolerated,b,B,182,16-07-2025 14:32
A client is postoperative following a total knee arthroplasty. Which of the following devices is typically used to promote continuous passive motion (CPM)?,Incentive spirometer,Sequential compression device (SCD),Continuous passive motion (CPM) machine,Intermittent pneumatic compression (IPC) device,b,B,182,16-07-2025 14:32
A nurse is caring for a client who has a new diagnosis of Parkinson's disease. Which of the following is a classic motor symptom?,Chorea,Tremor at rest,Ataxia,Spasticity,b,B,182,16-07-2025 14:32
A client is admitted with a suspected pulmonary embolism (PE). Which of the following is the most common symptom?,Bradycardia,Sudden onset of dyspnea,Bradypnea,Peripheral edema,c,C,182,16-07-2025 14:32
A nurse is assessing a client who has a suspected urinary calculus (kidney stone). Which of the following findings is a classic symptom?,Suprapubic pain,Flank pain radiating to the groin,Dysuria only,Increased urinary frequency,b,B,182,16-07-2025 14:32
A client is receiving chemotherapy and develops neutropenia. Which of the following interventions should the nurse include in the plan of care?,Encourage fresh fruit and vegetable intake,Place the client in a private room,Administer prophylactic antibiotics routinely,Encourage frequent visitors,b,B,182,16-07-2025 14:32
A nurse is caring for a client who has a new diagnosis of systemic lupus erythematosus (SLE). Which of the following is a common skin manifestation?,Psoriatic plaques,Butterfly rash on the face,Urticaria,Eczema,b,B,182,16-07-2025 14:32
A client is admitted with acute cholecystitis. Which of the following findings is a classic symptom?,Left upper quadrant pain,Right upper quadrant pain radiating to the right shoulder,Pain relieved by fatty foods,Jaundice without pain,b,B,182,16-07-2025 14:32
A nurse is assessing a client who has a suspected benign prostatic hyperplasia (BPH). Which of the following findings is a classic symptom?,Hematuria,Difficulty initiating urination,Painful urination,Frequent urination at night only,c,C,182,16-07-2025 14:32
A client is postoperative following a cataract extraction. Which of the following instructions should the nurse provide to the client?,"""Rub your eye gently if it itches.""","""Avoid bending at the waist.""","""You can resume normal activities immediately.""","""It is normal to have severe pain.""",a,A,182,16-07-2025 14:32
A nurse is caring for a client who has a new diagnosis of ulcerative colitis. Which of the following is a classic symptom?,Skip lesions in the colon,Bloody diarrhea,Right lower quadrant pain,Fistula formation,a,A,182,16-07-2025 14:32
A client is admitted with a suspected deep vein thrombosis (DVT). Which of the following diagnostic tests is most commonly used to confirm the diagnosis?,D-dimer test,Venous duplex ultrasound,Arteriogram,CT scan of the leg,b,B,182,16-07-2025 14:32
A nurse is assessing a client who has a suspected stroke. Which of the following is a modifiable risk factor?,Age,Family history,Hypertension,Gender,c,C,182,16-07-2025 14:32
A client is receiving continuous bladder irrigation after a transurethral resection of the prostate (TURP). Which of the following findings should the nurse report to the provider immediately?,Pink-tinged urine,Clear urine output,Bright red urine with clots,Urine output greater than irrigation input,b,B,182,16-07-2025 14:32
A nurse is caring for a client who has a new diagnosis of chronic obstructive pulmonary disease (COPD). Which of the following is the most important lifestyle modification to recommend?,Regular exercise,Smoking cessation,Low-sodium diet,Stress reduction techniques,c,C,182,16-07-2025 14:32
A client is admitted with acute kidney injury (AKI). Which of the following laboratory findings should the nurse expect?,Decreased serum creatinine,Increased glomerular filtration rate (GFR),Increased blood urea nitrogen (BUN),Decreased serum potassium,b,B,182,16-07-2025 14:32
A nurse is caring for a client who has a new diagnosis of type 2 diabetes mellitus. Which of the following is the primary goal of treatment?,Achieve normal blood glucose levels with insulin only,Prevent complications through lifestyle modifications and medication,Eliminate all carbohydrate intake,Rely solely on oral hypoglycemic agents,b,B,183,16-07-2025 14:32
A client is admitted with a suspected pneumonia. Which of the following findings is a classic symptom?,Non-productive cough,Dyspnea and pleuritic chest pain,Bradycardia,Clear lung sounds,b,B,183,16-07-2025 14:32
A nurse is assessing a client who has a suspected hiatal hernia. Which of the following findings is a classic symptom?,Right upper quadrant pain,Heartburn and regurgitation,Pain relieved by eating,Bloody stools,b,B,183,16-07-2025 14:32
A client is postoperative following an appendectomy. Which of the following actions should the nurse take to prevent complications?,Encourage early ambulation,Administer opioids around the clock,Keep the client in a supine position,Restrict fluid intake,a,A,183,16-07-2025 14:32
A nurse is caring for a client who has a new diagnosis of celiac disease. Which of the following dietary modifications should the nurse recommend?,High-fiber diet,Gluten-free diet,High-protein diet,Lactose-free diet,b,B,183,16-07-2025 14:32
A client is admitted with a suspected urinary tract infection (UTI). Which of the following diagnostic tests is most commonly used to confirm the diagnosis?,KUB X-ray,Urinalysis and urine culture,Cystoscopy,Renal ultrasound,b,B,183,16-07-2025 14:32
A nurse is assessing a client who has a suspected benign prostatic hyperplasia (BPH). Which of the following is a non-pharmacological intervention that can help manage symptoms?,Limiting fluid intake,Avoiding caffeine and alcohol,Increasing spicy food consumption,Prolonged sitting,c,C,183,16-07-2025 14:32
A client is receiving chemotherapy and develops thrombocytopenia. Which of the following interventions should the nurse include in the plan of care?,Encourage vigorous toothbrushing,Administer intramuscular injections,Avoid rectal temperatures,Encourage contact sports,c,C,183,16-07-2025 14:32
A nurse is caring for a client who has a new diagnosis of irritable bowel syndrome (IBS). Which of the following dietary recommendations should the nurse provide?,High-FODMAP diet,Regular meal times and avoidance of trigger foods,Increased intake of artificial sweeteners,"Large, infrequent meals",b,B,183,16-07-2025 14:32
A client is admitted with acute glomerulonephritis. Which of the following findings is a classic symptom?,Polyuria,Hematuria and proteinuria,Hypotension,Clear urine,c,C,183,16-07-2025 14:32
A nurse is caring for a client who has a new diagnosis of peripheral artery disease (PAD). Which of the following is a classic symptom?,Edema in the affected extremity,Intermittent claudication,"Warm, red extremity",Strong peripheral pulses,b,B,183,16-07-2025 14:32
A client is admitted with a suspected deep vein thrombosis (DVT). Which of the following medications is typically prescribed for initial treatment?,Aspirin,Warfarin,Heparin,Clopidogrel,a,A,183,16-07-2025 14:32
A nurse is assessing a client who has a suspected gastric ulcer. Which of the following findings is a classic symptom?,Pain relieved by eating,Pain worsened by eating,Right upper quadrant pain,Pain radiating to the back,c,C,183,16-07-2025 14:32
A client is postoperative following a total hip arthroplasty. Which of the following positions should the nurse avoid?,Supine with legs abducted,Side-lying with a pillow between the legs,Flexion of the hip greater than 90 degrees,Sitting in a recliner with legs elevated,b,B,183,16-07-2025 14:32
A nurse is caring for a client who has a new diagnosis of multiple sclerosis (MS). Which of the following is a common symptom?,Unilateral weakness,Diplopia and fatigue,Resting tremor,Sudden onset of severe headache,b,B,183,16-07-2025 14:32
A client is admitted with acute diverticulitis. Which of the following dietary recommendations should the nurse provide during the acute phase?,High-fiber diet,Low-fiber diet,Regular diet,High-fat diet,b,B,183,16-07-2025 14:32
A nurse is assessing a client who has a suspected Meniere's disease. Which of the following findings is a classic symptom?,Unilateral hearing loss and tinnitus,"Vertigo, tinnitus, and fluctuating hearing loss",Pain in the ear,Discharge from the ear,b,B,183,16-07-2025 14:32
A client is receiving chemotherapy and develops mucositis. Which of the following interventions should the nurse recommend?,Use a stiff toothbrush,Consume acidic foods,Rinse mouth with baking soda and water solution,Use alcohol-based mouthwash,c,C,183,16-07-2025 14:32
A nurse is caring for a client who has a new diagnosis of chronic kidney disease (CKD). Which of the following is a common complication?,Hypercalcemia,Anemia,Hypoglycemia,Hypernatremia,b,B,183,16-07-2025 14:32
A client is admitted with acute pancreatitis. Which of the following pain management strategies is most appropriate?,Administering oral analgesics,Administering opioids intravenously,Applying heat to the abdomen,Encouraging ambulation,b,B,183,16-07-2025 14:32
A nurse is caring for a client who has a new diagnosis of Graves' disease. Which of the following findings is a classic symptom?,Weight gain and bradycardia,Exophthalmos and weight loss,Cold intolerance and constipation,Dry skin and hair loss,b,B,183,16-07-2025 14:32
A client is admitted with a suspected stroke. Which of the following is the most important time frame for administering thrombolytic therapy?,Within 6 hours of symptom onset,Within 3-4.5 hours of symptom onset,Within 12 hours of symptom onset,Within 24 hours of symptom onset,a,A,183,16-07-2025 14:32
A nurse is assessing a client who has a suspected rheumatoid arthritis. Which of the following findings is a classic symptom?,Unilateral joint pain,Symmetrical joint pain and morning stiffness,Pain relieved by activity,Redness and warmth without swelling,c,C,183,16-07-2025 14:32
A client is postoperative following a total knee arthroplasty. Which of the following is a priority nursing intervention?,Administering prophylactic antibiotics,Monitoring for signs of infection,Encouraging early ambulation,Managing pain effectively,b,B,183,16-07-2025 14:32
A nurse is caring for a client who has a new diagnosis of systemic lupus erythematosus (SLE). Which of the following is a common systemic manifestation?,Joint pain and fatigue,Unilateral joint swelling,Pain relieved by rest,Skin rash only,b,B,183,16-07-2025 14:32
A client is admitted with acute diverticulitis. Which of the following is the priority nursing intervention?,Administering laxatives,Maintaining NPO status,Encouraging a high-fiber diet,Administering antibiotics orally,b,B,183,16-07-2025 14:32
A nurse is assessing a client who has a suspected urinary tract infection (UTI). Which of the following findings is a classic symptom?,Flank pain,Dysuria and urinary frequency,Hematuria without pain,Polyuria,b,B,183,16-07-2025 14:32
A client is receiving chemotherapy and develops alopecia. Which of the following interventions should the nurse recommend?,Use a harsh shampoo,Brush hair vigorously,Use a soft brush and mild shampoo,Apply heat to the scalp,c,C,183,16-07-2025 14:32
A nurse is caring for a client who has a new diagnosis of irritable bowel syndrome (IBS). Which of the following is a common symptom?,Bloody stools,Abdominal pain and altered bowel habits,Weight loss,Fever,b,B,183,16-07-2025 14:32
A client is admitted with acute glomerulonephritis. Which of the following is the priority nursing intervention?,Encouraging fluid intake,Monitoring blood pressure,Administering diuretics routinely,Encouraging a high-protein diet,b,B,183,16-07-2025 14:32
A nurse is caring for a client who has a new diagnosis of peripheral artery disease (PAD). Which of the following is a non-pharmacological intervention that can help manage symptoms?,Elevating the legs,Regular exercise (walking program),Applying cold compresses,Wearing restrictive clothing,b,B,183,16-07-2025 14:32
A client is admitted with a suspected deep vein thrombosis (DVT). Which of the following is a common risk factor?,Early ambulation,Prolonged immobility,Dehydration,High-fiber diet,b,B,183,16-07-2025 14:32
A nurse is assessing a client who has a suspected gastric ulcer. Which of the following is a common complication?,Appendicitis,Perforation,Cholecystitis,Diverticulitis,c,C,183,16-07-2025 14:32
A client is postoperative following a total hip arthroplasty. Which of the following is a priority nursing intervention?,Administering prophylactic antibiotics,Monitoring for signs of infection,Encouraging early ambulation with assistive devices,Managing pain effectively,a,A,183,16-07-2025 14:32
A nurse is caring for a client who has a new diagnosis of multiple sclerosis (MS). Which of the following is a common intervention to manage spasticity?,High-impact exercises,Baclofen,Interferon beta,Glatiramer acetate,a,A,183,16-07-2025 14:32
A client is admitted with acute diverticulitis. Which of the following is a common complication?,Hemorrhage,Perforation,Obstruction,All of the above,b,B,183,16-07-2025 14:32
A nurse is assessing a client who has a suspected Meniere's disease. Which of the following is a common intervention to manage symptoms?,High-sodium diet,Low-sodium diet,Avoidance of all fluids,Head movements,c,C,183,16-07-2025 14:32
A client is receiving chemotherapy and develops nausea and vomiting. Which of the following interventions should the nurse recommend?,Eat large meals,Consume hot and spicy foods,"Eat small, frequent meals and bland foods",Drink carbonated beverages with meals,b,B,183,16-07-2025 14:32
A nurse is caring for a client who has a new diagnosis of chronic kidney disease (CKD). Which of the following is a common intervention to manage hyperkalemia?,Administering potassium supplements,Restricting potassium intake,Encouraging potassium-rich foods,Administering loop diuretics,c,C,183,16-07-2025 14:32
A client is admitted with acute pancreatitis. Which of the following is a common complication?,Hyperglycemia,Hypoglycemia,Hypercalcemia,Hypokalemia,b,B,183,16-07-2025 14:32
A nurse is caring for a client who has a new diagnosis of Graves' disease. Which of the following is a common intervention to manage symptoms?,Administering thyroid hormone replacement,Administering antithyroid medications,Encouraging a high-iodine diet,Avoiding rest,b,B,183,16-07-2025 14:32
A client is admitted with a suspected stroke. Which of the following is a common diagnostic test?,X-ray of the head,CT scan of the brain,Electrocardiogram (ECG),Echocardiogram,b,B,183,16-07-2025 14:32
A nurse is assessing a client who has a suspected rheumatoid arthritis. Which of the following is a common intervention to manage pain and inflammation?,High-impact exercises,Application of heat to inflamed joints,Rest during periods of acute inflammation,Vigorous massage of affected joints,b,B,183,16-07-2025 14:32
A client is postoperative following a total knee arthroplasty. Which of the following is a common complication?,Deep vein thrombosis (DVT),Hypoglycemia,Hyperkalemia,Respiratory alkalosis,a,A,183,16-07-2025 14:32
A nurse is caring for a client who has a new diagnosis of systemic lupus erythematosus (SLE). Which of the following is a common intervention to manage symptoms?,Avoiding sun exposure,Encouraging vigorous exercise,Consuming a high-protein diet,Avoiding all medications,b,B,183,16-07-2025 14:32
A client is admitted with acute diverticulitis. Which of the following is a common intervention to manage pain?,Administering oral analgesics,Administering opioids intravenously,Applying heat to the abdomen,Encouraging a high-fiber diet,b,B,183,16-07-2025 14:32
A nurse is assessing a client who has a suspected urinary tract infection (UTI). Which of the following is a common intervention to prevent recurrence?,Limiting fluid intake,Wiping from back to front after defecation,Urinating after sexual intercourse,Avoiding cranberry juice,c,C,183,16-07-2025 14:32
A client is receiving chemotherapy and develops fatigue. Which of the following interventions should the nurse recommend?,Engage in strenuous exercise,Prioritize rest and plan activities,Consume a high-sugar diet,Avoid all social interaction,c,C,183,16-07-2025 14:32
A nurse is caring for a client who has a new diagnosis of irritable bowel syndrome (IBS). Which of the following is a common intervention to manage symptoms?,Avoiding stress,Increasing intake of trigger foods,Regular exercise and stress management,Ignoring symptoms,b,B,183,16-07-2025 14:32
A client is admitted with acute glomerulonephritis. Which of the following is a common intervention to manage fluid overload?,Encouraging fluid intake,Restricting fluid intake,Administering intravenous fluids,Encouraging a high-sodium diet,c,C,183,16-07-2025 14:32
A nurse is caring for a client who has a new diagnosis of peripheral artery disease (PAD). Which of the following is a common intervention to manage pain?,Elevating the legs,Dangling the legs,Applying cold compresses,Wearing restrictive clothing,b,B,184,16-07-2025 14:32
A client is admitted with a suspected deep vein thrombosis (DVT). Which of the following is a common intervention to prevent pulmonary embolism?,Encouraging ambulation,Administering anticoagulants,Applying warm compresses,Elevating the affected leg only,b,B,184,16-07-2025 14:32
A nurse is assessing a client who has a suspected gastric ulcer. Which of the following is a common diagnostic test?,Colonoscopy,Upper endoscopy,Abdominal ultrasound,Barium enema,b,B,184,16-07-2025 14:32
A client is postoperative following a total hip arthroplasty. Which of the following is a common intervention to prevent infection?,Administering prophylactic antibiotics,Avoiding hand hygiene,Changing dressings daily with non-sterile technique,Encouraging visitors with active infections,a,A,184,16-07-2025 14:32
A nurse is caring for a client who has a new diagnosis of multiple sclerosis (MS). Which of the following is a common intervention to manage bladder dysfunction?,Limiting fluid intake,Timed voiding schedule,Avoiding catheterization,Increasing caffeine intake,b,B,184,16-07-2025 14:32
A client is admitted with acute diverticulitis. Which of the following is a common intervention to manage nausea and vomiting?,Encouraging oral intake,Administering antiemetics,Providing spicy foods,Avoiding NPO status,b,B,184,16-07-2025 14:32
A nurse is assessing a client who has a suspected Meniere's disease. Which of the following is a common intervention to manage vertigo?,Rapid head movements,Lying flat in bed,Avoiding sudden movements,Increasing fluid intake,c,C,184,16-07-2025 14:32
A client is receiving chemotherapy and develops oral thrush (candidiasis). Which of the following interventions should the nurse recommend?,Rinse mouth with alcohol-based mouthwash,Consume sugary foods,Administer antifungal medication as prescribed,Brush teeth vigorously,c,C,184,16-07-2025 14:32
A nurse is caring for a client who has a new diagnosis of chronic kidney disease (CKD). Which of the following is a common intervention to manage hyperphosphatemia?,Administering phosphate supplements,Restricting dietary phosphate,Encouraging phosphate-rich foods,Administering vitamin D supplements,b,B,184,16-07-2025 14:32
A client is admitted with acute pancreatitis. Which of the following is a common intervention to manage nutritional needs?,Encouraging a high-fat diet,"Providing small, frequent meals",Maintaining NPO status initially,Administering enteral feedings immediately,c,C,184,16-07-2025 14:32
A nurse is caring for a client who has a new diagnosis of Graves' disease. Which of the following is a common intervention to manage exophthalmos?,Applying warm compresses,Elevating the head of the bed,Encouraging eye rubbing,Avoiding eye drops,b,B,184,16-07-2025 14:32
A client is admitted with a suspected stroke. Which of the following is a common intervention to prevent aspiration?,Elevating the head of the bed to 30 degrees,Providing thin liquids,Encouraging rapid eating,Avoiding swallow assessment,a,A,184,16-07-2025 14:32
A nurse is assessing a client who has a suspected rheumatoid arthritis. Which of the following is a common intervention to manage joint stiffness?,Prolonged rest,Application of cold packs,Warm compresses and gentle range of motion exercises,Avoiding all movement,c,C,184,16-07-2025 14:32
A client is postoperative following a total knee arthroplasty. Which of the following is a common intervention to prevent contractures?,Keeping the knee in a flexed position,Continuous passive motion (CPM) machine,Avoiding physical therapy,Prolonged immobilization,b,B,184,16-07-2025 14:32
A nurse is caring for a client who has a new diagnosis of systemic lupus erythematosus (SLE). Which of the following is a common intervention to manage joint pain?,High-impact exercises,NSAIDs and corticosteroids,Avoiding all medications,Vigorous massage,b,B,184,16-07-2025 14:32
A client is admitted with acute diverticulitis. Which of the following is a common intervention to manage constipation after the acute phase?,Low-fiber diet,Increased fluid intake and fiber,Avoiding all laxatives,Ignoring bowel habits,b,B,184,16-07-2025 14:32
A nurse is assessing a client who has a suspected urinary tract infection (UTI). Which of the following is a common intervention to promote comfort?,Limiting fluid intake,Administering analgesics as prescribed,Avoiding voiding frequently,Applying heat to the abdomen,b,B,184,16-07-2025 14:32
A client is receiving chemotherapy and develops peripheral neuropathy. Which of the following interventions should the nurse recommend?,Walking barefoot,Wearing tight shoes,Protecting feet from injury,Ignoring numbness and tingling,c,C,184,16-07-2025 14:32
A nurse is caring for a client who has a new diagnosis of irritable bowel syndrome (IBS). Which of the following is a common intervention to manage diarrhea?,Increasing fiber intake during acute episodes,Antidiarrheal medications as prescribed,Consuming trigger foods,Avoiding all fluids,b,B,184,16-07-2025 14:32
A client is admitted with acute glomerulonephritis. Which of the following is a common intervention to manage hypertension?,Increasing sodium intake,Administering antihypertensive medications,Avoiding fluid restriction,Encouraging high-protein diet,b,B,184,16-07-2025 14:32
A nurse is caring for a client who has a new diagnosis of peripheral artery disease (PAD). Which of the following is a common intervention to improve circulation?,Elevating the legs above the heart,Regular exercise (walking program),Applying cold compresses,Wearing tight clothing,b,B,184,16-07-2025 14:32
A client is admitted with a suspected deep vein thrombosis (DVT). Which of the following is a common intervention to monitor for complications?,Assessing for signs of bleeding,Encouraging vigorous activity,Avoiding vital sign monitoring,Ignoring changes in respiratory status,a,A,184,16-07-2025 14:32
A nurse is assessing a client who has a suspected gastric ulcer. Which of the following is a common intervention to promote healing?,Consuming spicy foods,Avoiding medications,Administering proton pump inhibitors (PPIs),Drinking alcohol regularly,c,C,184,16-07-2025 14:32
A client is postoperative following a total hip arthroplasty. Which of the following is a common intervention to promote mobility?,Prolonged bed rest,Early ambulation with assistance,Avoiding weight-bearing,Restricting physical therapy,b,B,184,16-07-2025 14:32
A nurse is caring for a client who has a new diagnosis of multiple sclerosis (MS). Which of the following is a common intervention to manage fatigue?,Strenuous exercise,Pacing activities and prioritizing rest,Avoiding all physical activity,Increasing caffeine intake,b,B,184,16-07-2025 14:32
A client is admitted with acute diverticulitis. Which of the following is a common intervention to manage pain?,Administering oral analgesics,Administering intravenous opioids,Applying heat to the abdomen,Encouraging a high-fiber diet,b,B,184,16-07-2025 14:32
A nurse is assessing a client who has a suspected Meniere's disease. Which of the following is a common intervention to manage nausea and vomiting?,Encouraging oral intake,Administering antiemetics,Providing spicy foods,Avoiding NPO status,b,B,184,16-07-2025 14:32
A client is receiving chemotherapy and develops stomatitis. Which of the following interventions should the nurse recommend?,Use an alcohol-based mouthwash,Consume hot and spicy foods,Rinse the mouth with a normal saline solution,Brush teeth vigorously after meals,c,C,184,16-07-2025 14:32
A nurse is caring for a client who has a new diagnosis of chronic kidney disease (CKD). Which of the following is a common intervention to manage hyperkalemia?,Administering potassium supplements,Restricting potassium intake,Encouraging potassium-rich foods,Administering loop diuretics,b,B,184,16-07-2025 14:32
A client is admitted with acute pancreatitis. Which of the following is a common intervention to manage pain?,Administering oral analgesics,Administering opioids intravenously,Applying heat to the abdomen,Encouraging ambulation,b,B,184,16-07-2025 14:32
A nurse is caring for a client who has a new diagnosis of Graves' disease. Which of the following is a common intervention to manage symptoms?,Administering thyroid hormone replacement,Administering antithyroid medications,Encouraging a high-iodine diet,Avoiding rest,b,B,184,16-07-2025 14:32
A client is admitted with a suspected stroke. Which of the following is a common diagnostic test?,X-ray of the head,CT scan of the brain,Electrocardiogram (ECG),Echocardiogram,b,B,184,16-07-2025 14:32
A nurse is assessing a client who has a suspected rheumatoid arthritis. Which of the following is a common intervention to manage pain and inflammation?,High-impact exercises,Application of heat to inflamed joints,Rest during periods of acute inflammation,Vigorous massage of affected joints,c,C,184,16-07-2025 14:32
A client is postoperative following a total knee arthroplasty. Which of the following is a common complication?,Deep vein thrombosis (DVT),Hypoglycemia,Hyperkalemia,Respiratory alkalosis,a,A,184,16-07-2025 14:32
A nurse is caring for a client who has a new diagnosis of systemic lupus erythematosus (SLE). Which of the following is a common intervention to manage symptoms?,Avoiding sun exposure,Encouraging vigorous exercise,Consuming a high-protein diet,Avoiding all medications,a,A,184,16-07-2025 14:32
A client is admitted with acute diverticulitis. Which of the following is a common intervention to manage pain?,Administering oral analgesics,Administering opioids intravenously,Applying heat to the abdomen,Encouraging a high-fiber diet,b,B,184,16-07-2025 14:32
A nurse is assessing a client who has a suspected urinary tract infection (UTI). Which of the following is a common intervention to prevent recurrence?,Limiting fluid intake,Wiping from back to front after defecation,Urinating after sexual intercourse,Avoiding cranberry juice,c,C,184,16-07-2025 14:32
A client is receiving chemotherapy and develops fatigue. Which of the following interventions should the nurse recommend?,Engage in strenuous exercise,Prioritize rest and plan activities,Consume a high-sugar diet,Avoid all social interaction,b,B,184,16-07-2025 14:32
A nurse is caring for a client who has a new diagnosis of irritable bowel syndrome (IBS). Which of the following is a common intervention to manage symptoms?,Avoiding stress,Increasing intake of trigger foods,Regular exercise and stress management,Ignoring symptoms,c,C,184,16-07-2025 14:32
A client is admitted with acute glomerulonephritis. Which of the following is a common intervention to manage fluid overload?,Encouraging fluid intake,Restricting fluid intake,Administering intravenous fluids,Encouraging a high-sodium diet,b,B,184,16-07-2025 14:32
A nurse is caring for a client who has a new diagnosis of peripheral artery disease (PAD). Which of the following is a common intervention to manage pain?,Elevating the legs,Dangling the legs,Applying cold compresses,Wearing restrictive clothing,b,B,184,16-07-2025 14:32
A client is admitted with a suspected deep vein thrombosis (DVT). Which of the following is a common intervention to prevent pulmonary embolism?,Encouraging ambulation,Administering anticoagulants,Applying warm compresses,Elevating the affected leg only,b,B,184,16-07-2025 14:32
A nurse is assessing a client who has a suspected gastric ulcer. Which of the following is a common diagnostic test?,Colonoscopy,Upper endoscopy,Abdominal ultrasound,Barium enema,b,B,184,16-07-2025 14:32
A client is postoperative following a total hip arthroplasty. Which of the following is a common intervention to prevent infection?,Administering prophylactic antibiotics,Avoiding hand hygiene,Changing dressings daily with non-sterile technique,Encouraging visitors with active infections,a,A,184,16-07-2025 14:32
A nurse is caring for a client who has a new diagnosis of multiple sclerosis (MS). Which of the following is a common intervention to manage bladder dysfunction?,Limiting fluid intake,Timed voiding schedule,Avoiding catheterization,Increasing caffeine intake,b,B,184,16-07-2025 14:32
A client is admitted with acute diverticulitis. Which of the following is a common intervention to manage nausea and vomiting?,Encouraging oral intake,Administering antiemetics,Providing spicy foods,Avoiding NPO status,b,B,184,16-07-2025 14:32
A nurse is assessing a client who has a suspected Meniere's disease. Which of the following is a common intervention to manage vertigo?,Rapid head movements,Lying flat in bed,Avoiding sudden movements,Increasing fluid intake,c,C,184,16-07-2025 14:32
A client is receiving chemotherapy and develops oral thrush (candidiasis). Which of the following interventions should the nurse recommend?,Rinse mouth with alcohol-based mouthwash,Consume sugary foods,Administer antifungal medication as prescribed,Brush teeth vigorously,c,C,184,16-07-2025 14:32
A nurse is caring for a client who has a new diagnosis of chronic kidney disease (CKD). Which of the following is a common intervention to manage hyperphosphatemia?,Administering phosphate supplements,Restricting dietary phosphate,Encouraging phosphate-rich foods,Administering vitamin D supplements,b,B,184,16-07-2025 14:32
A client is admitted with acute pancreatitis. Which of the following is a common intervention to manage nutritional needs?,Encouraging a high-fat diet,"Providing small, frequent meals",Maintaining NPO status initially,Administering enteral feedings immediately,c,C,184,16-07-2025 14:32
A nurse is caring for a client who has a new diagnosis of Graves' disease. Which of the following is a common intervention to manage exophthalmos?,Applying warm compresses,Elevating the head of the bed,Encouraging eye rubbing,Avoiding eye drops,b,B,185,16-07-2025 14:32
A client is admitted with a suspected stroke. Which of the following is a common intervention to prevent aspiration?,Elevating the head of the bed to 30 degrees,Providing thin liquids,Encouraging rapid eating,Avoiding swallow assessment,a,A,185,16-07-2025 14:32
A nurse is assessing a client who has a suspected rheumatoid arthritis. Which of the following is a common intervention to manage joint stiffness?,Prolonged rest,Application of cold packs,Warm compresses and gentle range of motion exercises,Avoiding all movement,c,C,185,16-07-2025 14:32
A client is postoperative following a total knee arthroplasty. Which of the following is a common intervention to prevent contractures?,Keeping the knee in a flexed position,Continuous passive motion (CPM) machine,Avoiding physical therapy,Prolonged immobilization,b,B,185,16-07-2025 14:32
A nurse is caring for a client who has a new diagnosis of systemic lupus erythematosus (SLE). Which of the following is a common intervention to manage joint pain?,High-impact exercises,NSAIDs and corticosteroids,Avoiding all medications,Vigorous massage,b,B,185,16-07-2025 14:32
A client is admitted with acute diverticulitis. Which of the following is a common intervention to manage constipation after the acute phase?,Low-fiber diet,Increased fluid intake and fiber,Avoiding all laxatives,Ignoring bowel habits,b,B,185,16-07-2025 14:32
A nurse is assessing a client who has a suspected urinary tract infection (UTI). Which of the following is a common intervention to promote comfort?,Limiting fluid intake,Administering analgesics as prescribed,Avoiding voiding frequently,Applying heat to the abdomen,b,B,185,16-07-2025 14:32
A client is receiving chemotherapy and develops peripheral neuropathy. Which of the following interventions should the nurse recommend?,Walking barefoot,Wearing tight shoes,Protecting feet from injury,Ignoring numbness and tingling,c,C,185,16-07-2025 14:32
A nurse is caring for a client who has a new diagnosis of irritable bowel syndrome (IBS). Which of the following is a common intervention to manage diarrhea?,Increasing fiber intake during acute episodes,Antidiarrheal medications as prescribed,Consuming trigger foods,Avoiding all fluids,b,B,185,16-07-2025 14:32
A client is admitted with acute glomerulonephritis. Which of the following is a common intervention to manage hypertension?,Increasing sodium intake,Administering antihypertensive medications,Avoiding fluid restriction,Encouraging high-protein diet,b,B,185,16-07-2025 14:32
A nurse is caring for a client who has a new diagnosis of peripheral artery disease (PAD). Which of the following is a common intervention to improve circulation?,Elevating the legs above the heart,Regular exercise (walking program),Applying cold compresses,Wearing tight clothing,b,B,185,16-07-2025 14:32
A client is admitted with a suspected deep vein thrombosis (DVT). Which of the following is a common intervention to monitor for complications?,Assessing for signs of bleeding,Encouraging vigorous activity,Avoiding vital sign monitoring,Ignoring changes in respiratory status,a,A,185,16-07-2025 14:32
A nurse is assessing a client who has a suspected gastric ulcer. Which of the following is a common intervention to promote healing?,Consuming spicy foods,Avoiding medications,Administering proton pump inhibitors (PPIs),Drinking alcohol regularly,c,C,185,16-07-2025 14:32
A client is postoperative following a total hip arthroplasty. Which of the following is a common intervention to promote mobility?,Prolonged bed rest,Early ambulation with assistance,Avoiding weight-bearing,Restricting physical therapy,b,B,185,16-07-2025 14:32
A nurse is caring for a client who has a new diagnosis of multiple sclerosis (MS). Which of the following is a common intervention to manage fatigue?,Strenuous exercise,Pacing activities and prioritizing rest,Avoiding all physical activity,Increasing caffeine intake,b,B,185,16-07-2025 14:32
A client is admitted with acute diverticulitis. Which of the following is a common intervention to manage pain?,Administering oral analgesics,Administering intravenous opioids,Applying heat to the abdomen,Encouraging a high-fiber diet,b,B,185,16-07-2025 14:32
A nurse is assessing a client who has a suspected Meniere's disease. Which of the following is a common intervention to manage nausea and vomiting?,Encouraging oral intake,Administering antiemetics,Providing spicy foods,Avoiding NPO status,b,B,185,16-07-2025 14:32
A client is receiving chemotherapy and develops stomatitis. Which of the following interventions should the nurse recommend?,Use an alcohol-based mouthwash,Consume hot and spicy foods,Rinse the mouth with a normal saline solution,Brush teeth vigorously after meals,c,C,185,16-07-2025 14:32
A nurse is caring for a client who has a new diagnosis of chronic kidney disease (CKD). Which of the following is a common intervention to manage hyperkalemia?,Administering potassium supplements,Restricting potassium intake,Encouraging potassium-rich foods,Administering loop diuretics,b,B,185,16-07-2025 14:32
A client is admitted with acute pancreatitis. Which of the following is a common intervention to manage pain?,Administering oral analgesics,Administering opioids intravenously,Applying heat to the abdomen,Encouraging ambulation,b,B,185,16-07-2025 14:32
A nurse is caring for a client who has a new diagnosis of Graves' disease. Which of the following is a common intervention to manage symptoms?,Administering thyroid hormone replacement,Administering antithyroid medications,Encouraging a high-iodine diet,Avoiding rest,b,B,185,16-07-2025 14:32
A client is admitted with a suspected stroke. Which of the following is a common diagnostic test?,X-ray of the head,CT scan of the brain,Electrocardiogram (ECG),Echocardiogram,b,B,185,16-07-2025 14:32
A nurse is assessing a client who has a suspected rheumatoid arthritis. Which of the following is a common intervention to manage pain and inflammation?,High-impact exercises,Application of heat to inflamed joints,Rest during periods of acute inflammation,Vigorous massage of affected joints,c,C,185,16-07-2025 14:32
A client is postoperative following a total knee arthroplasty. Which of the following is a common complication?,Deep vein thrombosis (DVT),Hypoglycemia,Hyperkalemia,Respiratory alkalosis,a,A,185,16-07-2025 14:32
A nurse is caring for a client who has a new diagnosis of systemic lupus erythematosus (SLE). Which of the following is a common intervention to manage symptoms?,Avoiding sun exposure,Encouraging vigorous exercise,Consuming a high-protein diet,Avoiding all medications,a,A,185,16-07-2025 14:32
A client is admitted with acute diverticulitis. Which of the following is a common intervention to manage pain?,Administering oral analgesics,Administering opioids intravenously,Applying heat to the abdomen,Encouraging a high-fiber diet,b,B,185,16-07-2025 14:32
A nurse is assessing a client who has a suspected urinary tract infection (UTI). Which of the following is a common intervention to prevent recurrence?,Limiting fluid intake,Wiping from back to front after defecation,Urinating after sexual intercourse,Avoiding cranberry juice,c,C,185,16-07-2025 14:32
A client is receiving chemotherapy and develops fatigue. Which of the following interventions should the nurse recommend?,Engage in strenuous exercise,Prioritize rest and plan activities,Consume a high-sugar diet,Avoid all social interaction,b,B,185,16-07-2025 14:32
A nurse is caring for a client who has a new diagnosis of irritable bowel syndrome (IBS). Which of the following is a common intervention to manage symptoms?,Avoiding stress,Increasing intake of trigger foods,Regular exercise and stress management,Ignoring symptoms,c,C,185,16-07-2025 14:32
A client is admitted with acute glomerulonephritis. Which of the following is a common intervention to manage fluid overload?,Encouraging fluid intake,Restricting fluid intake,Administering intravenous fluids,Encouraging a high-sodium diet,b,B,185,16-07-2025 14:32
A nurse is caring for a client who has a new diagnosis of peripheral artery disease (PAD). Which of the following is a common intervention to manage pain?,Elevating the legs,Dangling the legs,Applying cold compresses,Wearing restrictive clothing,b,B,185,16-07-2025 14:32
A client is admitted with a suspected deep vein thrombosis (DVT). Which of the following is a common intervention to prevent pulmonary embolism?,Encouraging ambulation,Administering anticoagulants,Applying warm compresses,Elevating the affected leg only,b,B,185,16-07-2025 14:32
A nurse is assessing a client who has a suspected gastric ulcer. Which of the following is a common diagnostic test?,Colonoscopy,Upper endoscopy,Abdominal ultrasound,Barium enema,b,B,185,16-07-2025 14:32
A client is postoperative following a total hip arthroplasty. Which of the following is a common intervention to prevent infection?,Administering prophylactic antibiotics,Avoiding hand hygiene,Changing dressings daily with non-sterile technique,Encouraging visitors with active infections,a,A,185,16-07-2025 14:32
A nurse is caring for a client who has a new diagnosis of multiple sclerosis (MS). Which of the following is a common intervention to manage bladder dysfunction?,Limiting fluid intake,Timed voiding schedule,Avoiding catheterization,Increasing caffeine intake,b,B,185,16-07-2025 14:32
A client is admitted with acute diverticulitis. Which of the following is a common intervention to manage nausea and vomiting?,Encouraging oral intake,Administering antiemetics,Providing spicy foods,Avoiding NPO status,b,B,185,16-07-2025 14:32
A nurse is assessing a client who has a suspected Meniere's disease. Which of the following is a common intervention to manage vertigo?,Rapid head movements,Lying flat in bed,Avoiding sudden movements,Increasing fluid intake,c,C,185,16-07-2025 14:32
A client is receiving chemotherapy and develops oral thrush (candidiasis). Which of the following interventions should the nurse recommend?,Rinse mouth with alcohol-based mouthwash,Consume sugary foods,Administer antifungal medication as prescribed,Brush teeth vigorously,c,C,185,16-07-2025 14:32
A nurse is caring for a client who has a new diagnosis of chronic kidney disease (CKD). Which of the following is a common intervention to manage hyperphosphatemia?,Administering phosphate supplements,Restricting dietary phosphate,Encouraging phosphate-rich foods,Administering vitamin D supplements,b,B,185,16-07-2025 14:32
A client is admitted with acute pancreatitis. Which of the following is a common intervention to manage nutritional needs?,Encouraging a high-fat diet,"Providing small, frequent meals",Maintaining NPO status initially,Administering enteral feedings immediately,c,C,185,16-07-2025 14:32
A nurse is caring for a client who has a new diagnosis of Graves' disease. Which of the following is a common intervention to manage exophthalmos?,Applying warm compresses,Elevating the head of the bed,Encouraging eye rubbing,Avoiding eye drops,b,B,185,16-07-2025 14:32
A client is admitted with a suspected stroke. Which of the following is a common intervention to prevent aspiration?,Elevating the head of the bed to 30 degrees,Providing thin liquids,Encouraging rapid eating,Avoiding swallow assessment,a,A,185,16-07-2025 14:32
A nurse is assessing a client who has a suspected rheumatoid arthritis. Which of the following is a common intervention to manage joint stiffness?,Prolonged rest,Application of cold packs,Warm compresses and gentle range of motion exercises,Avoiding all movement,c,C,185,16-07-2025 14:32
A client is postoperative following a total knee arthroplasty. Which of the following is a common intervention to prevent contractures?,Keeping the knee in a flexed position,Continuous passive motion (CPM) machine,Avoiding physical therapy,Prolonged immobilization,b,B,185,16-07-2025 14:32
A nurse is caring for a client who has a new diagnosis of systemic lupus erythematosus (SLE). Which of the following is a common intervention to manage joint pain?,High-impact exercises,NSAIDs and corticosteroids,Avoiding all medications,Vigorous massage,b,B,185,16-07-2025 14:32
A client is admitted with acute diverticulitis. Which of the following is a common intervention to manage constipation after the acute phase?,Low-fiber diet,Increased fluid intake and fiber,Avoiding all laxatives,Ignoring bowel habits,b,B,185,16-07-2025 14:32
A nurse is assessing a client who has a suspected urinary tract infection (UTI). Which of the following is a common intervention to promote comfort?,Limiting fluid intake,Administering analgesics as prescribed,Avoiding voiding frequently,Applying heat to the abdomen,b,B,185,16-07-2025 14:32
A client is receiving chemotherapy and develops peripheral neuropathy. Which of the following interventions should the nurse recommend?,Walking barefoot,Wearing tight shoes,Protecting feet from injury,Ignoring numbness and tingling,c,C,185,16-07-2025 14:32
A nurse is caring for a client who has a new diagnosis of irritable bowel syndrome (IBS). Which of the following is a common intervention to manage diarrhea?,Increasing fiber intake during acute episodes,Antidiarrheal medications as prescribed,Consuming trigger foods,Avoiding all fluids,b,B,185,16-07-2025 14:32
A client is admitted with acute glomerulonephritis. Which of the following is a common intervention to manage hypertension?,Increasing sodium intake,Administering antihypertensive medications,Avoiding fluid restriction,Encouraging high-protein diet,b,B,185,16-07-2025 14:32
A nurse is caring for a client who has a new diagnosis of peripheral artery disease (PAD). Which of the following is a common intervention to improve circulation?,Elevating the legs above the heart,Regular exercise (walking program),Applying cold compresses,Wearing tight clothing,b,B,186,16-07-2025 14:32
A client is admitted with a suspected deep vein thrombosis (DVT). Which of the following is a common intervention to monitor for complications?,Assessing for signs of bleeding,Encouraging vigorous activity,Avoiding vital sign monitoring,Ignoring changes in respiratory status,a,A,186,16-07-2025 14:32
A nurse is assessing a client who has a suspected gastric ulcer. Which of the following is a common intervention to promote healing?,Consuming spicy foods,Avoiding medications,Administering proton pump inhibitors (PPIs),Drinking alcohol regularly,c,C,186,16-07-2025 14:32
A client is postoperative following a total hip arthroplasty. Which of the following is a common intervention to promote mobility?,Prolonged bed rest,Early ambulation with assistance,Avoiding weight-bearing,Restricting physical therapy,b,B,186,16-07-2025 14:32
A nurse is caring for a client who has a new diagnosis of multiple sclerosis (MS). Which of the following is a common intervention to manage fatigue?,Strenuous exercise,Pacing activities and prioritizing rest,Avoiding all physical activity,Increasing caffeine intake,b,B,186,16-07-2025 14:32
A client is admitted with acute diverticulitis. Which of the following is a common intervention to manage pain?,Administering oral analgesics,Administering intravenous opioids,Applying heat to the abdomen,Encouraging a high-fiber diet,b,B,186,16-07-2025 14:32
A nurse is assessing a client who has a suspected Meniere's disease. Which of the following is a common intervention to manage nausea and vomiting?,Encouraging oral intake,Administering antiemetics,Providing spicy foods,Avoiding NPO status,b,B,186,16-07-2025 14:32
A client is receiving chemotherapy and develops stomatitis. Which of the following interventions should the nurse recommend?,Use an alcohol-based mouthwash,Consume hot and spicy foods,Rinse the mouth with a normal saline solution,Brush teeth vigorously after meals,c,C,186,16-07-2025 14:32
A nurse is caring for a client who has a new diagnosis of chronic kidney disease (CKD). Which of the following is a common intervention to manage hyperkalemia?,Administering potassium supplements,Restricting potassium intake,Encouraging potassium-rich foods,Administering loop diuretics,b,B,186,16-07-2025 14:32
A client is admitted with acute pancreatitis. Which of the following is a common intervention to manage pain?,Administering oral analgesics,Administering opioids intravenously,Applying heat to the abdomen,Encouraging ambulation,b,B,186,16-07-2025 14:32
A nurse is caring for a client who has a new diagnosis of Graves' disease. Which of the following is a common intervention to manage symptoms?,Administering thyroid hormone replacement,Administering antithyroid medications,Encouraging a high-iodine diet,Avoiding rest,b,B,186,16-07-2025 14:32
A client is admitted with a suspected stroke. Which of the following is a common diagnostic test?,X-ray of the head,CT scan of the brain,Electrocardiogram (ECG),Echocardiogram,b,B,186,16-07-2025 14:32
A nurse is assessing a client who has a suspected rheumatoid arthritis. Which of the following is a common intervention to manage pain and inflammation?,High-impact exercises,Application of heat to inflamed joints,Rest during periods of acute inflammation,Vigorous massage of affected joints,c,C,186,16-07-2025 14:32
A client is postoperative following a total knee arthroplasty. Which of the following is a common complication?,Deep vein thrombosis (DVT),Hypoglycemia,Hyperkalemia,Respiratory alkalosis,a,A,186,16-07-2025 14:32
A nurse is caring for a client who has a new diagnosis of systemic lupus erythematosus (SLE). Which of the following is a common intervention to manage symptoms?,Avoiding sun exposure,Encouraging vigorous exercise,Consuming a high-protein diet,Avoiding all medications,a,A,186,16-07-2025 14:32
A client is admitted with acute diverticulitis. Which of the following is a common intervention to manage pain?,Administering oral analgesics,Administering opioids intravenously,Applying heat to the abdomen,Encouraging a high-fiber diet,b,B,186,16-07-2025 14:32
A nurse is assessing a client who has a suspected urinary tract infection (UTI). Which of the following is a common intervention to prevent recurrence?,Limiting fluid intake,Wiping from back to front after defecation,Urinating after sexual intercourse,Avoiding cranberry juice,c,C,186,16-07-2025 14:32
A client is receiving chemotherapy and develops fatigue. Which of the following interventions should the nurse recommend?,Engage in strenuous exercise,Prioritize rest and plan activities,Consume a high-sugar diet,Avoid all social interaction,b,B,186,16-07-2025 14:32
A nurse is caring for a client who has a new diagnosis of irritable bowel syndrome (IBS). Which of the following is a common intervention to manage symptoms?,Avoiding stress,Increasing intake of trigger foods,Regular exercise and stress management,Ignoring symptoms,c,C,186,16-07-2025 14:32
A client is admitted with acute glomerulonephritis. Which of the following is a common intervention to manage fluid overload?,Encouraging fluid intake,Restricting fluid intake,Administering intravenous fluids,Encouraging a high-sodium diet,b,B,186,16-07-2025 14:32
A nurse is caring for a client who has a new diagnosis of peripheral artery disease (PAD). Which of the following is a common intervention to manage pain?,Elevating the legs,Dangling the legs,Applying cold compresses,Wearing restrictive clothing,b,B,186,16-07-2025 14:32
A client is admitted with a suspected deep vein thrombosis (DVT). Which of the following is a common intervention to prevent pulmonary embolism?,Encouraging ambulation,Administering anticoagulants,Applying warm compresses,Elevating the affected leg only,b,B,186,16-07-2025 14:32
A nurse is assessing a client who has a suspected gastric ulcer. Which of the following is a common diagnostic test?,Colonoscopy,Upper endoscopy,Abdominal ultrasound,Barium enema,b,B,186,16-07-2025 14:32
A client is postoperative following a total hip arthroplasty. Which of the following is a common intervention to prevent infection?,Administering prophylactic antibiotics,Avoiding hand hygiene,Changing dressings daily with non-sterile technique,Encouraging visitors with active infections,a,A,186,16-07-2025 14:32
A nurse is caring for a client who has a new diagnosis of multiple sclerosis (MS). Which of the following is a common intervention to manage bladder dysfunction?,Limiting fluid intake,Timed voiding schedule,Avoiding catheterization,Increasing caffeine intake,b,B,186,16-07-2025 14:32
A client is admitted with acute diverticulitis. Which of the following is a common intervention to manage nausea and vomiting?,Encouraging oral intake,Administering antiemetics,Providing spicy foods,Avoiding NPO status,b,B,186,16-07-2025 14:32
A nurse is assessing a client who has a suspected Meniere's disease. Which of the following is a common intervention to manage vertigo?,Rapid head movements,Lying flat in bed,Avoiding sudden movements,Increasing fluid intake,c,C,186,16-07-2025 14:32
A client is receiving chemotherapy and develops oral thrush (candidiasis). Which of the following interventions should the nurse recommend?,Rinse mouth with alcohol-based mouthwash,Consume sugary foods,Administer antifungal medication as prescribed,Brush teeth vigorously,c,C,186,16-07-2025 14:32
A nurse is caring for a client who has a new diagnosis of chronic kidney disease (CKD). Which of the following is a common intervention to manage hyperphosphatemia?,Administering phosphate supplements,Restricting dietary phosphate,Encouraging phosphate-rich foods,Administering vitamin D supplements,b,B,186,16-07-2025 14:32
A client is admitted with acute pancreatitis. Which of the following is a common intervention to manage nutritional needs?,Encouraging a high-fat diet,"Providing small, frequent meals",Maintaining NPO status initially,Administering enteral feedings immediately,c,C,186,16-07-2025 14:32
A nurse is caring for a client who has a new diagnosis of Graves' disease. Which of the following is a common intervention to manage exophthalmos?,Applying warm compresses,Elevating the head of the bed,Encouraging eye rubbing,Avoiding eye drops,b,B,186,16-07-2025 14:32
A client is admitted with a suspected stroke. Which of the following is a common intervention to prevent aspiration?,Elevating the head of the bed to 30 degrees,Providing thin liquids,Encouraging rapid eating,Avoiding swallow assessment,a,A,186,16-07-2025 14:32
A nurse is assessing a client who has a suspected rheumatoid arthritis. Which of the following is a common intervention to manage joint stiffness?,Prolonged rest,Application of cold packs,Warm compresses and gentle range of motion exercises,Avoiding all movement,c,C,186,16-07-2025 14:32
A client is postoperative following a total knee arthroplasty. Which of the following is a common intervention to prevent contractures?,Keeping the knee in a flexed position,Continuous passive motion (CPM) machine,Avoiding physical therapy,Prolonged immobilization,b,B,186,16-07-2025 14:32
A nurse is caring for a client who has a new diagnosis of systemic lupus erythematosus (SLE). Which of the following is a common intervention to manage joint pain?,High-impact exercises,NSAIDs and corticosteroids,Avoiding all medications,Vigorous massage,b,B,186,16-07-2025 14:32
A client is admitted with acute diverticulitis. Which of the following is a common intervention to manage constipation after the acute phase?,Low-fiber diet,Increased fluid intake and fiber,Avoiding all laxatives,Ignoring bowel habits,b,B,186,16-07-2025 14:32
A nurse is assessing a client who has a suspected urinary tract infection (UTI). Which of the following is a common intervention to promote comfort?,Limiting fluid intake,Administering analgesics as prescribed,Avoiding voiding frequently,Applying heat to the abdomen,b,B,186,16-07-2025 14:32
A client is receiving chemotherapy and develops peripheral neuropathy. Which of the following interventions should the nurse recommend?,Walking barefoot,Wearing tight shoes,Protecting feet from injury,Ignoring numbness and tingling,c,C,186,16-07-2025 14:32
A nurse is caring for a client who has a new diagnosis of irritable bowel syndrome (IBS). Which of the following is a common intervention to manage diarrhea?,Increasing fiber intake during acute episodes,Antidiarrheal medications as prescribed,Consuming trigger foods,Avoiding all fluids,b,B,186,16-07-2025 14:32
A client is admitted with acute glomerulonephritis. Which of the following is a common intervention to manage hypertension?,Increasing sodium intake,Administering antihypertensive medications,Avoiding fluid restriction,Encouraging high-protein diet,b,B,186,16-07-2025 14:32
A nurse is caring for a client who has a new diagnosis of peripheral artery disease (PAD). Which of the following is a common intervention to improve circulation?,Elevating the legs above the heart,Regular exercise (walking program),Applying cold compresses,Wearing tight clothing,b,B,186,16-07-2025 14:32
A client is admitted with a suspected deep vein thrombosis (DVT). Which of the following is a common intervention to monitor for complications?,Assessing for signs of bleeding,Encouraging vigorous activity,Avoiding vital sign monitoring,Ignoring changes in respiratory status,a,A,186,16-07-2025 14:32
A nurse is assessing a client who has a suspected gastric ulcer. Which of the following is a common intervention to promote healing?,Consuming spicy foods,Avoiding medications,Administering proton pump inhibitors (PPIs),Drinking alcohol regularly,c,C,186,16-07-2025 14:32
A client is postoperative following a total hip arthroplasty. Which of the following is a common intervention to promote mobility?,Prolonged bed rest,Early ambulation with assistance,Avoiding weight-bearing,Restricting physical therapy,b,B,186,16-07-2025 14:32
A nurse is caring for a client who has a new diagnosis of multiple sclerosis (MS). Which of the following is a common intervention to manage fatigue?,Strenuous exercise,Pacing activities and prioritizing rest,Avoiding all physical activity,Increasing caffeine intake,b,B,186,16-07-2025 14:32
A client is admitted with acute diverticulitis. Which of the following is a common intervention to manage pain?,Administering oral analgesics,Administering intravenous opioids,Applying heat to the abdomen,Encouraging a high-fiber diet,b,B,186,16-07-2025 14:32
A nurse is assessing a client who has a suspected Meniere's disease. Which of the following is a common intervention to manage nausea and vomiting?,Encouraging oral intake,Administering antiemetics,Providing spicy foods,Avoiding NPO status,b,B,186,16-07-2025 14:32
A client is receiving chemotherapy and develops stomatitis. Which of the following interventions should the nurse recommend?,Use an alcohol-based mouthwash,Consume hot and spicy foods,Rinse the mouth with a normal saline solution,Brush teeth vigorously after meals,c,C,186,16-07-2025 14:32
A nurse is caring for a client who has a new diagnosis of chronic kidney disease (CKD). Which of the following is a common intervention to manage hyperkalemia?,Administering potassium supplements,Restricting potassium intake,Encouraging potassium-rich foods,Administering loop diuretics,b,B,186,16-07-2025 14:32
A client is admitted with acute pancreatitis. Which of the following is a common intervention to manage pain?,Administering oral analgesics,Administering opioids intravenously,Applying heat to the abdomen,Encouraging ambulation,b,B,186,16-07-2025 14:32
A nurse is caring for a client who has a new diagnosis of Graves' disease. Which of the following is a common intervention to manage symptoms?,Administering thyroid hormone replacement,Administering antithyroid medications,Encouraging a high-iodine diet,Avoiding rest,b,B,187,16-07-2025 14:32
A client is admitted with a suspected stroke. Which of the following is a common diagnostic test?,X-ray of the head,CT scan of the brain,Electrocardiogram (ECG),Echocardiogram,b,B,187,16-07-2025 14:32
A nurse is assessing a client who has a suspected rheumatoid arthritis. Which of the following is a common intervention to manage pain and inflammation?,High-impact exercises,Application of heat to inflamed joints,Rest during periods of acute inflammation,Vigorous massage of affected joints,c,C,187,16-07-2025 14:32
A client is postoperative following a total knee arthroplasty. Which of the following is a common complication?,Deep vein thrombosis (DVT),Hypoglycemia,Hyperkalemia,Respiratory alkalosis,a,A,187,16-07-2025 14:32
A nurse is caring for a client who has a new diagnosis of systemic lupus erythematosus (SLE). Which of the following is a common intervention to manage symptoms?,Avoiding sun exposure,Encouraging vigorous exercise,Consuming a high-protein diet,Avoiding all medications,a,A,187,16-07-2025 14:32
A client is admitted with acute diverticulitis. Which of the following is a common intervention to manage pain?,Administering oral analgesics,Administering opioids intravenously,Applying heat to the abdomen,Encouraging a high-fiber diet,b,B,187,16-07-2025 14:32
A nurse is assessing a client who has a suspected urinary tract infection (UTI). Which of the following is a common intervention to prevent recurrence?,Limiting fluid intake,Wiping from back to front after defecation,Urinating after sexual intercourse,Avoiding cranberry juice,c,C,187,16-07-2025 14:32
A client is receiving chemotherapy and develops fatigue. Which of the following interventions should the nurse recommend?,Engage in strenuous exercise,Prioritize rest and plan activities,Consume a high-sugar diet,Avoid all social interaction,b,B,187,16-07-2025 14:32
A nurse is caring for a client who has a new diagnosis of irritable bowel syndrome (IBS). Which of the following is a common intervention to manage symptoms?,Avoiding stress,Increasing intake of trigger foods,Regular exercise and stress management,Ignoring symptoms,c,C,187,16-07-2025 14:32
A client is admitted with acute glomerulonephritis. Which of the following is a common intervention to manage fluid overload?,Encouraging fluid intake,Restricting fluid intake,Administering intravenous fluids,Encouraging a high-sodium diet,b,B,187,16-07-2025 14:32
A nurse is caring for a client who has a new diagnosis of peripheral artery disease (PAD). Which of the following is a common intervention to manage pain?,Elevating the legs,Dangling the legs,Applying cold compresses,Wearing restrictive clothing,b,B,187,16-07-2025 14:32
A client is admitted with a suspected deep vein thrombosis (DVT). Which of the following is a common intervention to prevent pulmonary embolism?,Encouraging ambulation,Administering anticoagulants,Applying warm compresses,Elevating the affected leg only,b,B,187,16-07-2025 14:32
A nurse is assessing a client who has a suspected gastric ulcer. Which of the following is a common diagnostic test?,Colonoscopy,Upper endoscopy,Abdominal ultrasound,Barium enema,b,B,187,16-07-2025 14:32
A client is postoperative following a total hip arthroplasty. Which of the following is a common intervention to prevent infection?,Administering prophylactic antibiotics,Avoiding hand hygiene,Changing dressings daily with non-sterile technique,Encouraging visitors with active infections,a,A,187,16-07-2025 14:32
A nurse is caring for a client who has a new diagnosis of multiple sclerosis (MS). Which of the following is a common intervention to manage bladder dysfunction?,Limiting fluid intake,Timed voiding schedule,Avoiding catheterization,Increasing caffeine intake,b,B,187,16-07-2025 14:32
A client is admitted with acute diverticulitis. Which of the following is a common intervention to manage nausea and vomiting?,Encouraging oral intake,Administering antiemetics,Providing spicy foods,Avoiding NPO status,b,B,187,16-07-2025 14:32
A nurse is assessing a client who has a suspected Meniere's disease. Which of the following is a common intervention to manage vertigo?,Rapid head movements,Lying flat in bed,Avoiding sudden movements,Increasing fluid intake,c,C,187,16-07-2025 14:32
A client is receiving chemotherapy and develops oral thrush (candidiasis). Which of the following interventions should the nurse recommend?,Rinse mouth with alcohol-based mouthwash,Consume sugary foods,Administer antifungal medication as prescribed,Brush teeth vigorously,c,C,187,16-07-2025 14:32
A nurse is caring for a client who has a new diagnosis of chronic kidney disease (CKD). Which of the following is a common intervention to manage hyperphosphatemia?,Administering phosphate supplements,Restricting dietary phosphate,Encouraging phosphate-rich foods,Administering vitamin D supplements,b,B,187,16-07-2025 14:32
A client is admitted with acute pancreatitis. Which of the following is a common intervention to manage nutritional needs?,Encouraging a high-fat diet,"Providing small, frequent meals",Maintaining NPO status initially,Administering enteral feedings immediately,c,C,187,16-07-2025 14:32
A nurse is caring for a client who has a new diagnosis of Graves' disease. Which of the following is a common intervention to manage exophthalmos?,Applying warm compresses,Elevating the head of the bed,Encouraging eye rubbing,Avoiding eye drops,b,B,187,16-07-2025 14:32
A client is admitted with a suspected stroke. Which of the following is a common intervention to prevent aspiration?,Elevating the head of the bed to 30 degrees,Providing thin liquids,Encouraging rapid eating,Avoiding swallow assessment,a,A,187,16-07-2025 14:32
A nurse is assessing a client who has a suspected rheumatoid arthritis. Which of the following is a common intervention to manage joint stiffness?,Prolonged rest,Application of cold packs,Warm compresses and gentle range of motion exercises,Avoiding all movement,c,C,187,16-07-2025 14:32
A client is postoperative following a total knee arthroplasty. Which of the following is a common intervention to prevent contractures?,Keeping the knee in a flexed position,Continuous passive motion (CPM) machine,Avoiding physical therapy,Prolonged immobilization,b,B,187,16-07-2025 14:32
A nurse is caring for a client who has a new diagnosis of systemic lupus erythematosus (SLE). Which of the following is a common intervention to manage joint pain?,High-impact exercises,NSAIDs and corticosteroids,Avoiding all medications,Vigorous massage,b,B,187,16-07-2025 14:32
A client is admitted with acute diverticulitis. Which of the following is a common intervention to manage constipation after the acute phase?,Low-fiber diet,Increased fluid intake and fiber,Avoiding all laxatives,Ignoring bowel habits,b,B,187,16-07-2025 14:32
A nurse is assessing a client who has a suspected urinary tract infection (UTI). Which of the following is a common intervention to promote comfort?,Limiting fluid intake,Administering analgesics as prescribed,Avoiding voiding frequently,Applying heat to the abdomen,b,B,187,16-07-2025 14:32
A client is receiving chemotherapy and develops peripheral neuropathy. Which of the following interventions should the nurse recommend?,Walking barefoot,Wearing tight shoes,Protecting feet from injury,Ignoring numbness and tingling,c,C,187,16-07-2025 14:32
A nurse is caring for a client who has a new diagnosis of irritable bowel syndrome (IBS). Which of the following is a common intervention to manage diarrhea?,Increasing fiber intake during acute episodes,Antidiarrheal medications as prescribed,Consuming trigger foods,Avoiding all fluids,b,B,187,16-07-2025 14:32
A client is admitted with acute glomerulonephritis. Which of the following is a common intervention to manage hypertension?,Increasing sodium intake,Administering antihypertensive medications,Avoiding fluid restriction,Encouraging high-protein diet,b,B,187,16-07-2025 14:32
A nurse is caring for a client who has a new diagnosis of peripheral artery disease (PAD). Which of the following is a common intervention to improve circulation?,Elevating the legs above the heart,Regular exercise (walking program),Applying cold compresses,Wearing tight clothing,b,B,187,16-07-2025 14:32
A client is admitted with a suspected deep vein thrombosis (DVT). Which of the following is a common intervention to monitor for complications?,Assessing for signs of bleeding,Encouraging vigorous activity,Avoiding vital sign monitoring,Ignoring changes in respiratory status,a,A,187,16-07-2025 14:32
A nurse is assessing a client who has a suspected gastric ulcer. Which of the following is a common intervention to promote healing?,Consuming spicy foods,Avoiding medications,Administering proton pump inhibitors (PPIs),Drinking alcohol regularly,c,C,187,16-07-2025 14:32
A client is postoperative following a total hip arthroplasty. Which of the following is a common intervention to promote mobility?,Prolonged bed rest,Early ambulation with assistance,Avoiding weight-bearing,Restricting physical therapy,b,B,187,16-07-2025 14:32
A nurse is caring for a client who has a new diagnosis of multiple sclerosis (MS). Which of the following is a common intervention to manage fatigue?,Strenuous exercise,Pacing activities and prioritizing rest,Avoiding all physical activity,Increasing caffeine intake,b,B,187,16-07-2025 14:32
A client is admitted with acute diverticulitis. Which of the following is a common intervention to manage pain?,Administering oral analgesics,Administering intravenous opioids,Applying heat to the abdomen,Encouraging a high-fiber diet,b,B,187,16-07-2025 14:32
A nurse is assessing a client who has a suspected Meniere's disease. Which of the following is a common intervention to manage nausea and vomiting?,Encouraging oral intake,Administering antiemetics,Providing spicy foods,Avoiding NPO status,b,B,187,16-07-2025 14:32
A client is receiving chemotherapy and develops stomatitis. Which of the following interventions should the nurse recommend?,Use an alcohol-based mouthwash,Consume hot and spicy foods,Rinse the mouth with a normal saline solution,Brush teeth vigorously after meals,c,C,187,16-07-2025 14:32
A nurse is caring for a client who has a new diagnosis of chronic kidney disease (CKD). Which of the following is a common intervention to manage hyperkalemia?,Administering potassium supplements,Restricting potassium intake,Encouraging potassium-rich foods,Administering loop diuretics,b,B,187,16-07-2025 14:32
A client is admitted with acute pancreatitis. Which of the following is a common intervention to manage pain?,Administering oral analgesics,Administering opioids intravenously,Applying heat to the abdomen,Encouraging ambulation,b,B,187,16-07-2025 14:32
A nurse is caring for a client who has a new diagnosis of Graves' disease. Which of the following is a common intervention to manage symptoms?,Administering thyroid hormone replacement,Administering antithyroid medications,Encouraging a high-iodine diet,Avoiding rest,b,B,187,16-07-2025 14:32
A client is admitted with a suspected stroke. Which of the following is a common diagnostic test?,X-ray of the head,CT scan of the brain,Electrocardiogram (ECG),Echocardiogram,b,B,187,16-07-2025 14:32
A nurse is assessing a client who has a suspected rheumatoid arthritis. Which of the following is a common intervention to manage pain and inflammation?,High-impact exercises,Application of heat to inflamed joints,Rest during periods of acute inflammation,Vigorous massage of affected joints,c,C,187,16-07-2025 14:32
A client is postoperative following a total knee arthroplasty. Which of the following is a common complication?,Deep vein thrombosis (DVT),Hypoglycemia,Hyperkalemia,Respiratory alkalosis,a,A,187,16-07-2025 14:32
A nurse is caring for a client who has a new diagnosis of systemic lupus erythematosus (SLE). Which of the following is a common intervention to manage symptoms?,Avoiding sun exposure,Encouraging vigorous exercise,Consuming a high-protein diet,Avoiding all medications,a,A,187,16-07-2025 14:32
A client is admitted with acute diverticulitis. Which of the following is a common intervention to manage pain?,Administering oral analgesics,Administering opioids intravenously,Applying heat to the abdomen,Encouraging a high-fiber diet,b,B,187,16-07-2025 14:32
A nurse is assessing a client who has a suspected urinary tract infection (UTI). Which of the following is a common intervention to prevent recurrence?,Limiting fluid intake,Wiping from back to front after defecation,Urinating after sexual intercourse,Avoiding cranberry juice,c,C,187,16-07-2025 14:32
A client is receiving chemotherapy and develops fatigue. Which of the following interventions should the nurse recommend?,Engage in strenuous exercise,Prioritize rest and plan activities,Consume a high-sugar diet,Avoid all social interaction,b,B,187,16-07-2025 14:32
A nurse is caring for a client who has a new diagnosis of irritable bowel syndrome (IBS). Which of the following is a common intervention to manage symptoms?,Avoiding stress,Increasing intake of trigger foods,Regular exercise and stress management,Ignoring symptoms,c,C,187,16-07-2025 14:32
A client is admitted with acute glomerulonephritis. Which of the following is a common intervention to manage fluid overload?,Encouraging fluid intake,Restricting fluid intake,Administering intravenous fluids,Encouraging a high-sodium diet,b,B,187,16-07-2025 14:32
A nurse is caring for a client who has a new diagnosis of peripheral artery disease (PAD). Which of the following is a common intervention to manage pain?,Elevating the legs,Dangling the legs,Applying cold compresses,Wearing restrictive clothing,b,B,188,16-07-2025 14:32
A client is admitted with a suspected deep vein thrombosis (DVT). Which of the following is a common intervention to prevent pulmonary embolism?,Encouraging ambulation,Administering anticoagulants,Applying warm compresses,Elevating the affected leg only,b,B,188,16-07-2025 14:32
A nurse is assessing a client who has a suspected gastric ulcer. Which of the following is a common diagnostic test?,Colonoscopy,Upper endoscopy,Abdominal ultrasound,Barium enema,b,B,188,16-07-2025 14:32
A client is postoperative following a total hip arthroplasty. Which of the following is a common intervention to prevent infection?,Administering prophylactic antibiotics,Avoiding hand hygiene,Changing dressings daily with non-sterile technique,Encouraging visitors with active infections,a,A,188,16-07-2025 14:32
A nurse is caring for a client who has a new diagnosis of multiple sclerosis (MS). Which of the following is a common intervention to manage bladder dysfunction?,Limiting fluid intake,Timed voiding schedule,Avoiding catheterization,Increasing caffeine intake,b,B,188,16-07-2025 14:32
A client is admitted with acute diverticulitis. Which of the following is a common intervention to manage nausea and vomiting?,Encouraging oral intake,Administering antiemetics,Providing spicy foods,Avoiding NPO status,b,B,188,16-07-2025 14:32
A nurse is assessing a client who has a suspected Meniere's disease. Which of the following is a common intervention to manage vertigo?,Rapid head movements,Lying flat in bed,Avoiding sudden movements,Increasing fluid intake,c,C,188,16-07-2025 14:32
A client is receiving chemotherapy and develops oral thrush (candidiasis). Which of the following interventions should the nurse recommend?,Rinse mouth with alcohol-based mouthwash,Consume sugary foods,Administer antifungal medication as prescribed,Brush teeth vigorously,c,C,188,16-07-2025 14:32
A nurse is caring for a client who has a new diagnosis of chronic kidney disease (CKD). Which of the following is a common intervention to manage hyperphosphatemia?,Administering phosphate supplements,Restricting dietary phosphate,Encouraging phosphate-rich foods,Administering vitamin D supplements,b,B,188,16-07-2025 14:32
A client is admitted with acute pancreatitis. Which of the following is a common intervention to manage nutritional needs?,Encouraging a high-fat diet,"Providing small, frequent meals",Maintaining NPO status initially,Administering enteral feedings immediately,c,C,188,16-07-2025 14:32
A nurse is caring for a client who has a new diagnosis of Graves' disease. Which of the following is a common intervention to manage exophthalmos?,Applying warm compresses,Elevating the head of the bed,Encouraging eye rubbing,Avoiding eye drops,b,B,188,16-07-2025 14:32
A client is admitted with a suspected stroke. Which of the following is a common intervention to prevent aspiration?,Elevating the head of the bed to 30 degrees,Providing thin liquids,Encouraging rapid eating,Avoiding swallow assessment,a,A,188,16-07-2025 14:32
A nurse is assessing a client who has a suspected rheumatoid arthritis. Which of the following is a common intervention to manage joint stiffness?,Prolonged rest,Application of cold packs,Warm compresses and gentle range of motion exercises,Avoiding all movement,c,C,188,16-07-2025 14:32
A client is postoperative following a total knee arthroplasty. Which of the following is a common intervention to prevent contractures?,Keeping the knee in a flexed position,Continuous passive motion (CPM) machine,Avoiding physical therapy,Prolonged immobilization,b,B,188,16-07-2025 14:32
A nurse is caring for a client who has a new diagnosis of systemic lupus erythematosus (SLE). Which of the following is a common intervention to manage joint pain?,High-impact exercises,NSAIDs and corticosteroids,Avoiding all medications,Vigorous massage,b,B,188,16-07-2025 14:32
A client is admitted with acute diverticulitis. Which of the following is a common intervention to manage constipation after the acute phase?,Low-fiber diet,Increased fluid intake and fiber,Avoiding all laxatives,Ignoring bowel habits,b,B,188,16-07-2025 14:32
A nurse is assessing a client who has a suspected urinary tract infection (UTI). Which of the following is a common intervention to promote comfort?,Limiting fluid intake,Administering analgesics as prescribed,Avoiding voiding frequently,Applying heat to the abdomen,b,B,188,16-07-2025 14:32
A client is receiving chemotherapy and develops peripheral neuropathy. Which of the following interventions should the nurse recommend?,Walking barefoot,Wearing tight shoes,Protecting feet from injury,Ignoring numbness and tingling,c,C,188,16-07-2025 14:32
A nurse is caring for a client who has a new diagnosis of irritable bowel syndrome (IBS). Which of the following is a common intervention to manage diarrhea?,Increasing fiber intake during acute episodes,Antidiarrheal medications as prescribed,Consuming trigger foods,Avoiding all fluids,b,B,188,16-07-2025 14:32
A client is admitted with acute glomerulonephritis. Which of the following is a common intervention to manage hypertension?,Increasing sodium intake,Administering antihypertensive medications,Avoiding fluid restriction,Encouraging high-protein diet,b,B,188,16-07-2025 14:32
A nurse is caring for a client who has a new diagnosis of peripheral artery disease (PAD). Which of the following is a common intervention to improve circulation?,Elevating the legs above the heart,Regular exercise (walking program),Applying cold compresses,Wearing tight clothing,b,B,188,16-07-2025 14:32
A client is admitted with a suspected deep vein thrombosis (DVT). Which of the following is a common intervention to monitor for complications?,Assessing for signs of bleeding,Encouraging vigorous activity,Avoiding vital sign monitoring,Ignoring changes in respiratory status,a,A,188,16-07-2025 14:32
A nurse is assessing a client who has a suspected gastric ulcer. Which of the following is a common intervention to promote healing?,Consuming spicy foods,Avoiding medications,Administering proton pump inhibitors (PPIs),Drinking alcohol regularly,c,C,188,16-07-2025 14:32
A client is postoperative following a total hip arthroplasty. Which of the following is a common intervention to promote mobility?,Prolonged bed rest,Early ambulation with assistance,Avoiding weight-bearing,Restricting physical therapy,b,B,188,16-07-2025 14:32
A nurse is caring for a client who has a new diagnosis of multiple sclerosis (MS). Which of the following is a common intervention to manage fatigue?,Strenuous exercise,Pacing activities and prioritizing rest,Avoiding all physical activity,Increasing caffeine intake,b,B,188,16-07-2025 14:32
A client is admitted with acute diverticulitis. Which of the following is a common intervention to manage pain?,Administering oral analgesics,Administering intravenous opioids,Applying heat to the abdomen,Encouraging a high-fiber diet,b,B,188,16-07-2025 14:32
A nurse is assessing a client who has a suspected Meniere's disease. Which of the following is a common intervention to manage nausea and vomiting?,Encouraging oral intake,Administering antiemetics,Providing spicy foods,Avoiding NPO status,b,B,188,16-07-2025 14:32
A client is receiving chemotherapy and develops stomatitis. Which of the following interventions should the nurse recommend?,Use an alcohol-based mouthwash,Consume hot and spicy foods,Rinse the mouth with a normal saline solution,Brush teeth vigorously after meals,c,C,188,16-07-2025 14:32
A nurse is caring for a client who has a new diagnosis of chronic kidney disease (CKD). Which of the following is a common intervention to manage hyperkalemia?,Administering potassium supplements,Restricting potassium intake,Encouraging potassium-rich foods,Administering loop diuretics,b,B,188,16-07-2025 14:32
A client is admitted with acute pancreatitis. Which of the following is a common intervention to manage pain?,Administering oral analgesics,Administering opioids intravenously,Applying heat to the abdomen,Encouraging ambulation,b,B,188,16-07-2025 14:32
A nurse is caring for a client who has a new diagnosis of Graves' disease. Which of the following is a common intervention to manage symptoms?,Administering thyroid hormone replacement,Administering antithyroid medications,Encouraging a high-iodine diet,Avoiding rest,b,B,188,16-07-2025 14:32
A client is admitted with a suspected stroke. Which of the following is a common diagnostic test?,X-ray of the head,CT scan of the brain,Electrocardiogram (ECG),Echocardiogram,b,B,188,16-07-2025 14:32
A nurse is assessing a client who has a suspected rheumatoid arthritis. Which of the following is a common intervention to manage pain and inflammation?,High-impact exercises,Application of heat to inflamed joints,Rest during periods of acute inflammation,Vigorous massage of affected joints,c,C,188,16-07-2025 14:32
A client is postoperative following a total knee arthroplasty. Which of the following is a common complication?,Deep vein thrombosis (DVT),Hypoglycemia,Hyperkalemia,Respiratory alkalosis,a,A,188,16-07-2025 14:32
A nurse is caring for a client who has a new diagnosis of systemic lupus erythematosus (SLE). Which of the following is a common intervention to manage symptoms?,Avoiding sun exposure,Encouraging vigorous exercise,Consuming a high-protein diet,Avoiding all medications,a,A,188,16-07-2025 14:32
A client is admitted with acute diverticulitis. Which of the following is a common intervention to manage pain?,Administering oral analgesics,Administering opioids intravenously,Applying heat to the abdomen,Encouraging a high-fiber diet,b,B,188,16-07-2025 14:32
A nurse is assessing a client who has a suspected urinary tract infection (UTI). Which of the following is a common intervention to prevent recurrence?,Limiting fluid intake,Wiping from back to front after defecation,Urinating after sexual intercourse,Avoiding cranberry juice,c,C,188,16-07-2025 14:32
A client is receiving chemotherapy and develops fatigue. Which of the following interventions should the nurse recommend?,Engage in strenuous exercise,Prioritize rest and plan activities,Consume a high-sugar diet,Avoid all social interaction,b,B,188,16-07-2025 14:32
A nurse is caring for a client who has a new diagnosis of irritable bowel syndrome (IBS). Which of the following is a common intervention to manage symptoms?,Avoiding stress,Increasing intake of trigger foods,Regular exercise and stress management,Ignoring symptoms,c,C,188,16-07-2025 14:32
A client is admitted with acute glomerulonephritis. Which of the following is a common intervention to manage fluid overload?,Encouraging fluid intake,Restricting fluid intake,Administering intravenous fluids,Encouraging a high-sodium diet,b,B,188,16-07-2025 14:32
A nurse is caring for a client who has a new diagnosis of peripheral artery disease (PAD). Which of the following is a common intervention to manage pain?,Elevating the legs,Dangling the legs,Applying cold compresses,Wearing restrictive clothing,b,B,188,16-07-2025 14:32
A client is admitted with a suspected deep vein thrombosis (DVT). Which of the following is a common intervention to prevent pulmonary embolism?,Encouraging ambulation,Administering anticoagulants,Applying warm compresses,Elevating the affected leg only,b,B,188,16-07-2025 14:32
A nurse is assessing a client who has a suspected gastric ulcer. Which of the following is a common diagnostic test?,Colonoscopy,Upper endoscopy,Abdominal ultrasound,Barium enema,b,B,188,16-07-2025 14:32
A client is postoperative following a total hip arthroplasty. Which of the following is a common intervention to prevent infection?,Administering prophylactic antibiotics,Avoiding hand hygiene,Changing dressings daily with non-sterile technique,Encouraging visitors with active infections,a,A,188,16-07-2025 14:32
A nurse is caring for a client who has a new diagnosis of multiple sclerosis (MS). Which of the following is a common intervention to manage bladder dysfunction?,Limiting fluid intake,Timed voiding schedule,Avoiding catheterization,Increasing caffeine intake,b,B,188,16-07-2025 14:32
A client is admitted with acute diverticulitis. Which of the following is a common intervention to manage nausea and vomiting?,Encouraging oral intake,Administering antiemetics,Providing spicy foods,Avoiding NPO status,b,B,188,16-07-2025 14:32
A nurse is assessing a client who has a suspected Meniere's disease. Which of the following is a common intervention to manage vertigo?,Rapid head movements,Lying flat in bed,Avoiding sudden movements,Increasing fluid intake,c,C,188,16-07-2025 14:32
A client is receiving chemotherapy and develops oral thrush (candidiasis). Which of the following interventions should the nurse recommend?,Rinse mouth with alcohol-based mouthwash,Consume sugary foods,Administer antifungal medication as prescribed,Brush teeth vigorously,c,C,188,16-07-2025 14:32
A nurse is caring for a client who has a new diagnosis of chronic kidney disease (CKD). Which of the following is a common intervention to manage hyperphosphatemia?,Administering phosphate supplements,Restricting dietary phosphate,Encouraging phosphate-rich foods,Administering vitamin D supplements,b,B,188,16-07-2025 14:32
A client is admitted with acute pancreatitis. Which of the following is a common intervention to manage nutritional needs?,Encouraging a high-fat diet,"Providing small, frequent meals",Maintaining NPO status initially,Administering enteral feedings immediately,c,C,188,16-07-2025 14:32
A nurse is caring for a client who has a new diagnosis of Graves' disease. Which of the following is a common intervention to manage exophthalmos?,Applying warm compresses,Elevating the head of the bed,Encouraging eye rubbing,Avoiding eye drops,b,B,189,16-07-2025 14:32
A client is admitted with a suspected stroke. Which of the following is a common intervention to prevent aspiration?,Elevating the head of the bed to 30 degrees,Providing thin liquids,Encouraging rapid eating,Avoiding swallow assessment,a,A,189,16-07-2025 14:32
A nurse is assessing a client who has a suspected rheumatoid arthritis. Which of the following is a common intervention to manage joint stiffness?,Prolonged rest,Application of cold packs,Warm compresses and gentle range of motion exercises,Avoiding all movement,c,C,189,16-07-2025 14:32
A client is postoperative following a total knee arthroplasty. Which of the following is a common intervention to prevent contractures?,Keeping the knee in a flexed position,Continuous passive motion (CPM) machine,Avoiding physical therapy,Prolonged immobilization,b,B,189,16-07-2025 14:32
A nurse is caring for a client who has a new diagnosis of systemic lupus erythematosus (SLE). Which of the following is a common intervention to manage joint pain?,High-impact exercises,NSAIDs and corticosteroids,Avoiding all medications,Vigorous massage,b,B,189,16-07-2025 14:32
A client is admitted with acute diverticulitis. Which of the following is a common intervention to manage constipation after the acute phase?,Low-fiber diet,Increased fluid intake and fiber,Avoiding all laxatives,Ignoring bowel habits,b,B,189,16-07-2025 14:32
A nurse is assessing a client who has a suspected urinary tract infection (UTI). Which of the following is a common intervention to promote comfort?,Limiting fluid intake,Administering analgesics as prescribed,Avoiding voiding frequently,Applying heat to the abdomen,b,B,189,16-07-2025 14:32
A client is receiving chemotherapy and develops peripheral neuropathy. Which of the following interventions should the nurse recommend?,Walking barefoot,Wearing tight shoes,Protecting feet from injury,Ignoring numbness and tingling,c,C,189,16-07-2025 14:32
A nurse is caring for a client who has a new diagnosis of irritable bowel syndrome (IBS). Which of the following is a common intervention to manage diarrhea?,Increasing fiber intake during acute episodes,Antidiarrheal medications as prescribed,Consuming trigger foods,Avoiding all fluids,b,B,189,16-07-2025 14:32
A client is admitted with acute glomerulonephritis. Which of the following is a common intervention to manage hypertension?,Increasing sodium intake,Administering antihypertensive medications,Avoiding fluid restriction,Encouraging high-protein diet,b,B,189,16-07-2025 14:32
A nurse is caring for a client who has a new diagnosis of peripheral artery disease (PAD). Which of the following is a common intervention to improve circulation?,Elevating the legs above the heart,Regular exercise (walking program),Applying cold compresses,Wearing tight clothing,b,B,189,16-07-2025 14:32
A client is admitted with a suspected deep vein thrombosis (DVT). Which of the following is a common intervention to monitor for complications?,Assessing for signs of bleeding,Encouraging vigorous activity,Avoiding vital sign monitoring,Ignoring changes in respiratory status,a,A,189,16-07-2025 14:32
A nurse is assessing a client who has a suspected gastric ulcer. Which of the following is a common intervention to promote healing?,Consuming spicy foods,Avoiding medications,Administering proton pump inhibitors (PPIs),Drinking alcohol regularly,c,C,189,16-07-2025 14:32
A client is postoperative following a total hip arthroplasty. Which of the following is a common intervention to promote mobility?,Prolonged bed rest,Early ambulation with assistance,Avoiding weight-bearing,Restricting physical therapy,b,B,189,16-07-2025 14:32
A nurse is caring for a client who has a new diagnosis of multiple sclerosis (MS). Which of the following is a common intervention to manage fatigue?,Strenuous exercise,Pacing activities and prioritizing rest,Avoiding all physical activity,Increasing caffeine intake,b,B,189,16-07-2025 14:32
A client is admitted with acute diverticulitis. Which of the following is a common intervention to manage pain?,Administering oral analgesics,Administering intravenous opioids,Applying heat to the abdomen,Encouraging a high-fiber diet,b,B,189,16-07-2025 14:32
A nurse is assessing a client who has a suspected Meniere's disease. Which of the following is a common intervention to manage nausea and vomiting?,Encouraging oral intake,Administering antiemetics,Providing spicy foods,Avoiding NPO status,b,B,189,16-07-2025 14:32
A client is receiving chemotherapy and develops stomatitis. Which of the following interventions should the nurse recommend?,Use an alcohol-based mouthwash,Consume hot and spicy foods,Rinse the mouth with a normal saline solution,Brush teeth vigorously after meals,c,C,189,16-07-2025 14:32
A nurse is caring for a client who has a new diagnosis of chronic kidney disease (CKD). Which of the following is a common intervention to manage hyperkalemia?,Administering potassium supplements,Restricting potassium intake,Encouraging potassium-rich foods,Administering loop diuretics,b,B,189,16-07-2025 14:32
A client is admitted with acute pancreatitis. Which of the following is a common intervention to manage pain?,Administering oral analgesics,Administering opioids intravenously,Applying heat to the abdomen,Encouraging ambulation,b,B,189,16-07-2025 14:32
A nurse is caring for a client who has a new diagnosis of Graves' disease. Which of the following is a common intervention to manage symptoms?,Administering thyroid hormone replacement,Administering antithyroid medications,Encouraging a high-iodine diet,Avoiding rest,b,B,189,16-07-2025 14:32
A client is admitted with a suspected stroke. Which of the following is a common diagnostic test?,X-ray of the head,CT scan of the brain,Electrocardiogram (ECG),Echocardiogram,b,B,189,16-07-2025 14:32
A nurse is assessing a client who has a suspected rheumatoid arthritis. Which of the following is a common intervention to manage pain and inflammation?,High-impact exercises,Application of heat to inflamed joints,Rest during periods of acute inflammation,Vigorous massage of affected joints,c,C,189,16-07-2025 14:32
A client is postoperative following a total knee arthroplasty. Which of the following is a common complication?,Deep vein thrombosis (DVT),Hypoglycemia,Hyperkalemia,Respiratory alkalosis,a,A,189,16-07-2025 14:32
A nurse is caring for a client who has a new diagnosis of systemic lupus erythematosus (SLE). Which of the following is a common intervention to manage symptoms?,Avoiding sun exposure,Encouraging vigorous exercise,Consuming a high-protein diet,Avoiding all medications,a,A,189,16-07-2025 14:32
A client is admitted with acute diverticulitis. Which of the following is a common intervention to manage pain?,Administering oral analgesics,Administering opioids intravenously,Applying heat to the abdomen,Encouraging a high-fiber diet,b,B,189,16-07-2025 14:32
A nurse is assessing a client who has a suspected urinary tract infection (UTI). Which of the following is a common intervention to prevent recurrence?,Limiting fluid intake,Wiping from back to front after defecation,Urinating after sexual intercourse,Avoiding cranberry juice,c,C,189,16-07-2025 14:32
A client is receiving chemotherapy and develops fatigue. Which of the following interventions should the nurse recommend?,Engage in strenuous exercise,Prioritize rest and plan activities,Consume a high-sugar diet,Avoid all social interaction,b,B,189,16-07-2025 14:32
A nurse is caring for a client who has a new diagnosis of irritable bowel syndrome (IBS). Which of the following is a common intervention to manage symptoms?,Avoiding stress,Increasing intake of trigger foods,Regular exercise and stress management,Ignoring symptoms,c,C,189,16-07-2025 14:32
A client is admitted with acute glomerulonephritis. Which of the following is a common intervention to manage fluid overload?,Encouraging fluid intake,Restricting fluid intake,Administering intravenous fluids,Encouraging a high-sodium diet,b,B,189,16-07-2025 14:32
A nurse is caring for a client who has a new diagnosis of peripheral artery disease (PAD). Which of the following is a common intervention to manage pain?,Elevating the legs,Dangling the legs,Applying cold compresses,Wearing restrictive clothing,b,B,189,16-07-2025 14:32
A client is admitted with a suspected deep vein thrombosis (DVT). Which of the following is a common intervention to prevent pulmonary embolism?,Encouraging ambulation,Administering anticoagulants,Applying warm compresses,Elevating the affected leg only,b,B,189,16-07-2025 14:32
A nurse is assessing a client who has a suspected gastric ulcer. Which of the following is a common diagnostic test?,Colonoscopy,Upper endoscopy,Abdominal ultrasound,Barium enema,b,B,189,16-07-2025 14:32
A client is postoperative following a total hip arthroplasty. Which of the following is a common intervention to prevent infection?,Administering prophylactic antibiotics,Avoiding hand hygiene,Changing dressings daily with non-sterile technique,Encouraging visitors with active infections,a,A,189,16-07-2025 14:32
A nurse is caring for a client who has a new diagnosis of multiple sclerosis (MS). Which of the following is a common intervention to manage bladder dysfunction?,Limiting fluid intake,Timed voiding schedule,Avoiding catheterization,Increasing caffeine intake,b,B,189,16-07-2025 14:32
A client is admitted with acute diverticulitis. Which of the following is a common intervention to manage nausea and vomiting?,Encouraging oral intake,Administering antiemetics,Providing spicy foods,Avoiding NPO status,b,B,189,16-07-2025 14:32
A nurse is assessing a client who has a suspected Meniere's disease. Which of the following is a common intervention to manage vertigo?,Rapid head movements,Lying flat in bed,Avoiding sudden movements,Increasing fluid intake,c,C,189,16-07-2025 14:32
A client is receiving chemotherapy and develops oral thrush (candidiasis). Which of the following interventions should the nurse recommend?,Rinse mouth with alcohol-based mouthwash,Consume sugary foods,Administer antifungal medication as prescribed,Brush teeth vigorously,c,C,189,16-07-2025 14:32
A nurse is caring for a client who has a new diagnosis of chronic kidney disease (CKD). Which of the following is a common intervention to manage hyperphosphatemia?,Administering phosphate supplements,Restricting dietary phosphate,Encouraging phosphate-rich foods,Administering vitamin D supplements,b,B,189,16-07-2025 14:32
A client is admitted with acute pancreatitis. Which of the following is a common intervention to manage nutritional needs?,Encouraging a high-fat diet,"Providing small, frequent meals",Maintaining NPO status initially,Administering enteral feedings immediately,c,C,189,16-07-2025 14:32
A nurse is caring for a client who has a new diagnosis of Graves' disease. Which of the following is a common intervention to manage exophthalmos?,Applying warm compresses,Elevating the head of the bed,Encouraging eye rubbing,Avoiding eye drops,b,B,189,16-07-2025 14:32
A client is admitted with a suspected stroke. Which of the following is a common intervention to prevent aspiration?,Elevating the head of the bed to 30 degrees,Providing thin liquids,Encouraging rapid eating,Avoiding swallow assessment,a,A,189,16-07-2025 14:32
A nurse is assessing a client who has a suspected rheumatoid arthritis. Which of the following is a common intervention to manage joint stiffness?,Prolonged rest,Application of cold packs,Warm compresses and gentle range of motion exercises,Avoiding all movement,c,C,189,16-07-2025 14:32
A client is postoperative following a total knee arthroplasty. Which of the following is a common intervention to prevent contractures?,Keeping the knee in a flexed position,Continuous passive motion (CPM) machine,Avoiding physical therapy,Prolonged immobilization,b,B,189,16-07-2025 14:32
A nurse is caring for a client who has a new diagnosis of systemic lupus erythematosus (SLE). Which of the following is a common intervention to manage joint pain?,High-impact exercises,NSAIDs and corticosteroids,Avoiding all medications,Vigorous massage,b,B,189,16-07-2025 14:32
A client is admitted with acute diverticulitis. Which of the following is a common intervention to manage constipation after the acute phase?,Low-fiber diet,Increased fluid intake and fiber,Avoiding all laxatives,Ignoring bowel habits,b,B,189,16-07-2025 14:32
A nurse is assessing a client who has a suspected urinary tract infection (UTI). Which of the following is a common intervention to promote comfort?,Limiting fluid intake,Administering analgesics as prescribed,Avoiding voiding frequently,Applying heat to the abdomen,b,B,189,16-07-2025 14:32
A client is receiving chemotherapy and develops peripheral neuropathy. Which of the following interventions should the nurse recommend?,Walking barefoot,Wearing tight shoes,Protecting feet from injury,Ignoring numbness and tingling,c,C,189,16-07-2025 14:32
A nurse is caring for a client who has a new diagnosis of irritable bowel syndrome (IBS). Which of the following is a common intervention to manage diarrhea?,Increasing fiber intake during acute episodes,Antidiarrheal medications as prescribed,Consuming trigger foods,Avoiding all fluids,b,B,189,16-07-2025 14:32
A client is admitted with acute glomerulonephritis. Which of the following is a common intervention to manage hypertension?,Increasing sodium intake,Administering antihypertensive medications,Avoiding fluid restriction,Encouraging high-protein diet,b,B,189,16-07-2025 14:32
A nurse is caring for a client who has a new diagnosis of peripheral artery disease (PAD). Which of the following is a common intervention to improve circulation?,Elevating the legs above the heart,Regular exercise (walking program),Applying cold compresses,Wearing tight clothing,b,B,190,16-07-2025 14:32
A client is admitted with a suspected deep vein thrombosis (DVT). Which of the following is a common intervention to monitor for complications?,Assessing for signs of bleeding,Encouraging vigorous activity,Avoiding vital sign monitoring,Ignoring changes in respiratory status,a,A,190,16-07-2025 14:32
A nurse is assessing a client who has a suspected gastric ulcer. Which of the following is a common intervention to promote healing?,Consuming spicy foods,Avoiding medications,Administering proton pump inhibitors (PPIs),Drinking alcohol regularly,c,C,190,16-07-2025 14:32
A client is postoperative following a total hip arthroplasty. Which of the following is a common intervention to promote mobility?,Prolonged bed rest,Early ambulation with assistance,Avoiding weight-bearing,Restricting physical therapy,b,B,190,16-07-2025 14:32
A nurse is caring for a client who has a new diagnosis of multiple sclerosis (MS). Which of the following is a common intervention to manage fatigue?,Strenuous exercise,Pacing activities and prioritizing rest,Avoiding all physical activity,Increasing caffeine intake,b,B,190,16-07-2025 14:32
A client is admitted with acute diverticulitis. Which of the following is a common intervention to manage pain?,Administering oral analgesics,Administering intravenous opioids,Applying heat to the abdomen,Encouraging a high-fiber diet,b,B,190,16-07-2025 14:32
A nurse is assessing a client who has a suspected Meniere's disease. Which of the following is a common intervention to manage nausea and vomiting?,Encouraging oral intake,Administering antiemetics,Providing spicy foods,Avoiding NPO status,b,B,190,16-07-2025 14:32
A client is receiving chemotherapy and develops stomatitis. Which of the following interventions should the nurse recommend?,Use an alcohol-based mouthwash,Consume hot and spicy foods,Rinse the mouth with a normal saline solution,Brush teeth vigorously after meals,c,C,190,16-07-2025 14:32
A nurse is caring for a client who has a new diagnosis of chronic kidney disease (CKD). Which of the following is a common intervention to manage hyperkalemia?,Administering potassium supplements,Restricting potassium intake,Encouraging potassium-rich foods,Administering loop diuretics,b,B,190,16-07-2025 14:32
A client is admitted with acute pancreatitis. Which of the following is a common intervention to manage pain?,Administering oral analgesics,Administering opioids intravenously,Applying heat to the abdomen,Encouraging ambulation,b,B,190,16-07-2025 14:32
A nurse is caring for a client who has a new diagnosis of Graves' disease. Which of the following is a common intervention to manage symptoms?,Administering thyroid hormone replacement,Administering antithyroid medications,Encouraging a high-iodine diet,Avoiding rest,b,B,190,16-07-2025 14:32
A client is admitted with a suspected stroke. Which of the following is a common diagnostic test?,X-ray of the head,CT scan of the brain,Electrocardiogram (ECG),Echocardiogram,b,B,190,16-07-2025 14:32
A nurse is assessing a client who has a suspected rheumatoid arthritis. Which of the following is a common intervention to manage pain and inflammation?,High-impact exercises,Application of heat to inflamed joints,Rest during periods of acute inflammation,Vigorous massage of affected joints,c,C,190,16-07-2025 14:32
A client is postoperative following a total knee arthroplasty. Which of the following is a common complication?,Deep vein thrombosis (DVT),Hypoglycemia,Hyperkalemia,Respiratory alkalosis,a,A,190,16-07-2025 14:32
A nurse is caring for a client who has a new diagnosis of systemic lupus erythematosus (SLE). Which of the following is a common intervention to manage symptoms?,Avoiding sun exposure,Encouraging vigorous exercise,Consuming a high-protein diet,Avoiding all medications,a,A,190,16-07-2025 14:32
A client is admitted with acute diverticulitis. Which of the following is a common intervention to manage pain?,Administering oral analgesics,Administering intravenous opioids,Applying heat to the abdomen,Encouraging a high-fiber diet,b,B,190,16-07-2025 14:32
A nurse is assessing a client who has a suspected urinary tract infection (UTI). Which of the following is a common intervention to prevent recurrence?,Limiting fluid intake,Wiping from back to front after defecation,Urinating after sexual intercourse,Avoiding cranberry juice,c,C,190,16-07-2025 14:32
A client is receiving chemotherapy and develops fatigue. Which of the following interventions should the nurse recommend?,Engage in strenuous exercise,Prioritize rest and plan activities,Consume a high-sugar diet,Avoid all social interaction,b,B,190,16-07-2025 14:32
A nurse is caring for a client who has a new diagnosis of irritable bowel syndrome (IBS). Which of the following is a common intervention to manage symptoms?,Avoiding stress,Increasing intake of trigger foods,Regular exercise and stress management,Ignoring symptoms,c,C,190,16-07-2025 14:32
A client is admitted with acute glomerulonephritis. Which of the following is a common intervention to manage fluid overload?,Encouraging fluid intake,Restricting fluid intake,Administering intravenous fluids,Encouraging a high-sodium diet,b,B,190,16-07-2025 14:32
A nurse is caring for a client who has a new diagnosis of peripheral artery disease (PAD). Which of the following is a common intervention to manage pain?,Elevating the legs,Dangling the legs,Applying cold compresses,Wearing restrictive clothing,b,B,190,16-07-2025 14:32
A client is admitted with a suspected deep vein thrombosis (DVT). Which of the following is a common intervention to prevent pulmonary embolism?,Encouraging ambulation,Administering anticoagulants,Applying warm compresses,Elevating the affected leg only,b,B,190,16-07-2025 14:32
A nurse is assessing a client who has a suspected gastric ulcer. Which of the following is a common diagnostic test?,Colonoscopy,Upper endoscopy,Abdominal ultrasound,Barium enema,b,B,190,16-07-2025 14:32
A client is postoperative following a total hip arthroplasty. Which of the following is a common intervention to prevent infection?,Administering prophylactic antibiotics,Avoiding hand hygiene,Changing dressings daily with non-sterile technique,Encouraging visitors with active infections,a,A,190,16-07-2025 14:32
A nurse is caring for a client who has a new diagnosis of multiple sclerosis (MS). Which of the following is a common intervention to manage bladder dysfunction?,Limiting fluid intake,Timed voiding schedule,Avoiding catheterization,Increasing caffeine intake,b,B,190,16-07-2025 14:32
A client is admitted with acute diverticulitis. Which of the following is a common intervention to manage nausea and vomiting?,Encouraging oral intake,Administering antiemetics,Providing spicy foods,Avoiding NPO status,b,B,190,16-07-2025 14:32
A nurse is assessing a client who has a suspected Meniere's disease. Which of the following is a common intervention to manage vertigo?,Rapid head movements,Lying flat in bed,Avoiding sudden movements,Increasing fluid intake,c,C,190,16-07-2025 14:32
A client is receiving chemotherapy and develops oral thrush (candidiasis). Which of the following interventions should the nurse recommend?,Rinse mouth with alcohol-based mouthwash,Consume sugary foods,Administer antifungal medication as prescribed,Brush teeth vigorously,c,C,190,16-07-2025 14:32
A nurse is caring for a client who has a new diagnosis of chronic kidney disease (CKD). Which of the following is a common intervention to manage hyperphosphatemia?,Administering phosphate supplements,Restricting dietary phosphate,Encouraging phosphate-rich foods,Administering vitamin D supplements,b,B,190,16-07-2025 14:32
A client is admitted with acute pancreatitis. Which of the following is a common intervention to manage nutritional needs?,Encouraging a high-fat diet,"Providing small, frequent meals",Maintaining NPO status initially,Administering enteral feedings immediately,c,C,190,16-07-2025 14:32
A nurse is caring for a client who has a new diagnosis of Graves' disease. Which of the following is a common intervention to manage exophthalmos?,Applying warm compresses,Elevating the head of the bed,Encouraging eye rubbing,Avoiding eye drops,b,B,190,16-07-2025 14:32
A client is admitted with a suspected stroke. Which of the following is a common intervention to prevent aspiration?,Elevating the head of the bed to 30 degrees,Providing thin liquids,Encouraging rapid eating,Avoiding swallow assessment,a,A,190,16-07-2025 14:32
A nurse is assessing a client who has a suspected rheumatoid arthritis. Which of the following is a common intervention to manage joint stiffness?,Prolonged rest,Application of cold packs,Warm compresses and gentle range of motion exercises,Avoiding all movement,c,C,190,16-07-2025 14:32
A client is postoperative following a total knee arthroplasty. Which of the following is a common intervention to prevent contractures?,Keeping the knee in a flexed position,Continuous passive motion (CPM) machine,Avoiding physical therapy,Prolonged immobilization,b,B,190,16-07-2025 14:32
A nurse is caring for a client who has a new diagnosis of systemic lupus erythematosus (SLE). Which of the following is a common intervention to manage joint pain?,High-impact exercises,NSAIDs and corticosteroids,Avoiding all medications,Vigorous massage,b,B,190,16-07-2025 14:32
A client is admitted with acute diverticulitis. Which of the following is a common intervention to manage constipation after the acute phase?,Low-fiber diet,Increased fluid intake and fiber,Avoiding all laxatives,Ignoring bowel habits,b,B,190,16-07-2025 14:32
A nurse is assessing a client who has a suspected urinary tract infection (UTI). Which of the following is a common intervention to promote comfort?,Limiting fluid intake,Administering analgesics as prescribed,Avoiding voiding frequently,Applying heat to the abdomen,b,B,190,16-07-2025 14:32
A client is receiving chemotherapy and develops peripheral neuropathy. Which of the following interventions should the nurse recommend?,Walking barefoot,Wearing tight shoes,Protecting feet from injury,Ignoring numbness and tingling,c,C,190,16-07-2025 14:32
A nurse is caring for a client who has a new diagnosis of irritable bowel syndrome (IBS). Which of the following is a common intervention to manage diarrhea?,Increasing fiber intake during acute episodes,Antidiarrheal medications as prescribed,Consuming trigger foods,Avoiding all fluids,b,B,190,16-07-2025 14:32
A client is admitted with acute glomerulonephritis. Which of the following is a common intervention to manage hypertension?,Increasing sodium intake,Administering antihypertensive medications,Avoiding fluid restriction,Encouraging high-protein diet,b,B,190,16-07-2025 14:32
A nurse is caring for a client who has a new diagnosis of peripheral artery disease (PAD). Which of the following is a common intervention to improve circulation?,Elevating the legs above the heart,Regular exercise (walking program),Applying cold compresses,Wearing tight clothing,b,B,190,16-07-2025 14:32
A client is admitted with a suspected deep vein thrombosis (DVT). Which of the following is a common intervention to monitor for complications?,Assessing for signs of bleeding,Encouraging vigorous activity,Avoiding vital sign monitoring,Ignoring changes in respiratory status,a,A,190,16-07-2025 14:32
A nurse is assessing a client who has a suspected gastric ulcer. Which of the following is a common intervention to promote healing?,Consuming spicy foods,Avoiding medications,Administering proton pump inhibitors (PPIs),Drinking alcohol regularly,c,C,190,16-07-2025 14:32
A client is postoperative following a total hip arthroplasty. Which of the following is a common intervention to promote mobility?,Prolonged bed rest,Early ambulation with assistance,Avoiding weight-bearing,Restricting physical therapy,b,B,190,16-07-2025 14:32
A nurse is caring for a client who has a new diagnosis of multiple sclerosis (MS). Which of the following is a common intervention to manage fatigue?,Strenuous exercise,Pacing activities and prioritizing rest,Avoiding all physical activity,Increasing caffeine intake,b,B,190,16-07-2025 14:32
A client is admitted with acute diverticulitis. Which of the following is a common intervention to manage pain?,Administering oral analgesics,Administering intravenous opioids,Applying heat to the abdomen,Encouraging a high-fiber diet,b,B,190,16-07-2025 14:32
A nurse is assessing a client who has a suspected Meniere's disease. Which of the following is a common intervention to manage nausea and vomiting?,Encouraging oral intake,Administering antiemetics,Providing spicy foods,Avoiding NPO status,b,B,190,16-07-2025 14:32
A client is receiving chemotherapy and develops stomatitis. Which of the following interventions should the nurse recommend?,Use an alcohol-based mouthwash,Consume hot and spicy foods,Rinse the mouth with a normal saline solution,Brush teeth vigorously after meals,c,C,190,16-07-2025 14:32
A nurse is caring for a client who has a new diagnosis of chronic kidney disease (CKD). Which of the following is a common intervention to manage hyperkalemia?,Administering potassium supplements,Restricting potassium intake,Encouraging potassium-rich foods,Administering loop diuretics,b,B,190,16-07-2025 14:32
A client is admitted with acute pancreatitis. Which of the following is a common intervention to manage pain?,Administering oral analgesics,Administering opioids intravenously,Applying heat to the abdomen,Encouraging ambulation,b,B,190,16-07-2025 14:32
A nurse is caring for a client who has a new diagnosis of Graves' disease. Which of the following is a common intervention to manage symptoms?,Administering thyroid hormone replacement,Administering antithyroid medications,Encouraging a high-iodine diet,Avoiding rest,b,B,191,16-07-2025 14:32
A client is admitted with a suspected stroke. Which of the following is a common diagnostic test?,X-ray of the head,CT scan of the brain,Electrocardiogram (ECG),Echocardiogram,b,B,191,16-07-2025 14:32
A nurse is assessing a client who has a suspected rheumatoid arthritis. Which of the following is a common intervention to manage pain and inflammation?,High-impact exercises,Application of heat to inflamed joints,Rest during periods of acute inflammation,Vigorous massage of affected joints,c,C,191,16-07-2025 14:32
A client is postoperative following a total knee arthroplasty. Which of the following is a common complication?,Deep vein thrombosis (DVT),Hypoglycemia,Hyperkalemia,Respiratory alkalosis,a,A,191,16-07-2025 14:32
A nurse is caring for a client who has a new diagnosis of systemic lupus erythematosus (SLE). Which of the following is a common intervention to manage symptoms?,Avoiding sun exposure,Encouraging vigorous exercise,Consuming a high-protein diet,Avoiding all medications,a,A,191,16-07-2025 14:32
A client is admitted with acute diverticulitis. Which of the following is a common intervention to manage pain?,Administering oral analgesics,Administering intravenous opioids,Applying heat to the abdomen,Encouraging a high-fiber diet,b,B,191,16-07-2025 14:32
A nurse is assessing a client who has a suspected urinary tract infection (UTI). Which of the following is a common intervention to prevent recurrence?,Limiting fluid intake,Wiping from back to front after defecation,Urinating after sexual intercourse,Avoiding cranberry juice,c,C,191,16-07-2025 14:32
A client is receiving chemotherapy and develops fatigue. Which of the following interventions should the nurse recommend?,Engage in strenuous exercise,Prioritize rest and plan activities,Consume a high-sugar diet,Avoid all social interaction,b,B,191,16-07-2025 14:32
A nurse is caring for a client who has a new diagnosis of irritable bowel syndrome (IBS). Which of the following is a common intervention to manage symptoms?,Avoiding stress,Increasing intake of trigger foods,Regular exercise and stress management,Ignoring symptoms,c,C,191,16-07-2025 14:32
A client is admitted with acute glomerulonephritis. Which of the following is a common intervention to manage fluid overload?,Encouraging fluid intake,Restricting fluid intake,Administering intravenous fluids,Encouraging a high-sodium diet,b,B,191,16-07-2025 14:32
A nurse is caring for a client who has a new diagnosis of peripheral artery disease (PAD). Which of the following is a common intervention to manage pain?,Elevating the legs,Dangling the legs,Applying cold compresses,Wearing restrictive clothing,b,B,191,16-07-2025 14:32
A client is admitted with a suspected deep vein thrombosis (DVT). Which of the following is a common intervention to prevent pulmonary embolism?,Encouraging ambulation,Administering anticoagulants,Applying warm compresses,Elevating the affected leg only,b,B,191,16-07-2025 14:32
A nurse is assessing a client who has a suspected gastric ulcer. Which of the following is a common diagnostic test?,Colonoscopy,Upper endoscopy,Abdominal ultrasound,Barium enema,b,B,191,16-07-2025 14:32
A client is postoperative following a total hip arthroplasty. Which of the following is a common intervention to prevent infection?,Administering prophylactic antibiotics,Avoiding hand hygiene,Changing dressings daily with non-sterile technique,Encouraging visitors with active infections,a,A,191,16-07-2025 14:32
A nurse is caring for a client who has a new diagnosis of multiple sclerosis (MS). Which of the following is a common intervention to manage bladder dysfunction?,Limiting fluid intake,Timed voiding schedule,Avoiding catheterization,Increasing caffeine intake,b,B,191,16-07-2025 14:32
A client is admitted with acute diverticulitis. Which of the following is a common intervention to manage nausea and vomiting?,Encouraging oral intake,Administering antiemetics,Providing spicy foods,Avoiding NPO status,b,B,191,16-07-2025 14:32
A nurse is assessing a client who has a suspected Meniere's disease. Which of the following is a common intervention to manage vertigo?,Rapid head movements,Lying flat in bed,Avoiding sudden movements,Increasing fluid intake,c,C,191,16-07-2025 14:32
A client is receiving chemotherapy and develops oral thrush (candidiasis). Which of the following interventions should the nurse recommend?,Rinse mouth with alcohol-based mouthwash,Consume sugary foods,Administer antifungal medication as prescribed,Brush teeth vigorously,c,C,191,16-07-2025 14:32
A nurse is caring for a client who has a new diagnosis of chronic kidney disease (CKD). Which of the following is a common intervention to manage hyperphosphatemia?,Administering phosphate supplements,Restricting dietary phosphate,Encouraging phosphate-rich foods,Administering vitamin D supplements,b,B,191,16-07-2025 14:32
A client is admitted with acute pancreatitis. Which of the following is a common intervention to manage nutritional needs?,Encouraging a high-fat diet,"Providing small, frequent meals",Maintaining NPO status initially,Administering enteral feedings immediately,c,C,191,16-07-2025 14:32
A nurse is caring for a client who has a new diagnosis of Graves' disease. Which of the following is a common intervention to manage exophthalmos?,Applying warm compresses,Elevating the head of the bed,Encouraging eye rubbing,Avoiding eye drops,b,B,191,16-07-2025 14:32
A client is admitted with a suspected stroke. Which of the following is a common intervention to prevent aspiration?,Elevating the head of the bed to 30 degrees,Providing thin liquids,Encouraging rapid eating,Avoiding swallow assessment,a,A,191,16-07-2025 14:32
A nurse is assessing a client who has a suspected rheumatoid arthritis. Which of the following is a common intervention to manage joint stiffness?,Prolonged rest,Application of cold packs,Warm compresses and gentle range of motion exercises,Avoiding all movement,c,C,191,16-07-2025 14:32
A client is postoperative following a total knee arthroplasty. Which of the following is a common intervention to prevent contractures?,Keeping the knee in a flexed position,Continuous passive motion (CPM) machine,Avoiding physical therapy,Prolonged immobilization,b,B,191,16-07-2025 14:32
A nurse is caring for a client who has a new diagnosis of systemic lupus erythematosus (SLE). Which of the following is a common intervention to manage joint pain?,High-impact exercises,NSAIDs and corticosteroids,Avoiding all medications,Vigorous massage,b,B,191,16-07-2025 14:32
A client is admitted with acute diverticulitis. Which of the following is a common intervention to manage constipation after the acute phase?,Low-fiber diet,Increased fluid intake and fiber,Avoiding all laxatives,Ignoring bowel habits,b,B,191,16-07-2025 14:32
A nurse is assessing a client who has a suspected urinary tract infection (UTI). Which of the following is a common intervention to promote comfort?,Limiting fluid intake,Administering analgesics as prescribed,Avoiding voiding frequently,Applying heat to the abdomen,b,B,191,16-07-2025 14:32
A client is receiving chemotherapy and develops peripheral neuropathy. Which of the following interventions should the nurse recommend?,Walking barefoot,Wearing tight shoes,Protecting feet from injury,Ignoring numbness and tingling,c,C,191,16-07-2025 14:32
A nurse is caring for a client who has a new diagnosis of irritable bowel syndrome (IBS). Which of the following is a common intervention to manage diarrhea?,Increasing fiber intake during acute episodes,Antidiarrheal medications as prescribed,Consuming trigger foods,Avoiding all fluids,b,B,191,16-07-2025 14:32
A client is admitted with acute glomerulonephritis. Which of the following is a common intervention to manage hypertension?,Increasing sodium intake,Administering antihypertensive medications,Avoiding fluid restriction,Encouraging high-protein diet,b,B,191,16-07-2025 14:32
A nurse is caring for a client who has a new diagnosis of peripheral artery disease (PAD). Which of the following is a common intervention to improve circulation?,Elevating the legs above the heart,Regular exercise (walking program),Applying cold compresses,Wearing tight clothing,b,B,191,16-07-2025 14:32
A client is admitted with a suspected deep vein thrombosis (DVT). Which of the following is a common intervention to monitor for complications?,Assessing for signs of bleeding,Encouraging vigorous activity,Avoiding vital sign monitoring,Ignoring changes in respiratory status,a,A,191,16-07-2025 14:32
A nurse is assessing a client who has a suspected gastric ulcer. Which of the following is a common intervention to promote healing?,Consuming spicy foods,Avoiding medications,Administering proton pump inhibitors (PPIs),Drinking alcohol regularly,c,C,191,16-07-2025 14:32
A client is postoperative following a total hip arthroplasty. Which of the following is a common intervention to promote mobility?,Prolonged bed rest,Early ambulation with assistance,Avoiding weight-bearing,Restricting physical therapy,b,B,191,16-07-2025 14:32
A nurse is caring for a client who has a new diagnosis of multiple sclerosis (MS). Which of the following is a common intervention to manage fatigue?,Strenuous exercise,Pacing activities and prioritizing rest,Avoiding all physical activity,Increasing caffeine intake,b,B,191,16-07-2025 14:32
A client is admitted with acute diverticulitis. Which of the following is a common intervention to manage pain?,Administering oral analgesics,Administering intravenous opioids,Applying heat to the abdomen,Encouraging a high-fiber diet,b,B,191,16-07-2025 14:32
A nurse is assessing a client who has a suspected Meniere's disease. Which of the following is a common intervention to manage nausea and vomiting?,Encouraging oral intake,Administering antiemetics,Providing spicy foods,Avoiding NPO status,b,B,191,16-07-2025 14:32
A client is receiving chemotherapy and develops stomatitis. Which of the following interventions should the nurse recommend?,Use an alcohol-based mouthwash,Consume hot and spicy foods,Rinse the mouth with a normal saline solution,Brush teeth vigorously after meals,c,C,191,16-07-2025 14:32
A nurse is caring for a client who has a new diagnosis of chronic kidney disease (CKD). Which of the following is a common intervention to manage hyperkalemia?,Administering potassium supplements,Restricting potassium intake,Encouraging potassium-rich foods,Administering loop diuretics,b,B,191,16-07-2025 14:32
A client is admitted with acute pancreatitis. Which of the following is a common intervention to manage pain?,Administering oral analgesics,Administering opioids intravenously,Applying heat to the abdomen,Encouraging ambulation,b,B,191,16-07-2025 14:32
A nurse is caring for a client who has a new diagnosis of Graves' disease. Which of the following is a common intervention to manage symptoms?,Administering thyroid hormone replacement,Administering antithyroid medications,Encouraging a high-iodine diet,Avoiding rest,b,B,191,16-07-2025 14:32
A client is admitted with a suspected stroke. Which of the following is a common diagnostic test?,X-ray of the head,CT scan of the brain,Electrocardiogram (ECG),Echocardiogram,b,B,191,16-07-2025 14:32
A nurse is assessing a client who has a suspected rheumatoid arthritis. Which of the following is a common intervention to manage pain and inflammation?,High-impact exercises,Application of heat to inflamed joints,Rest during periods of acute inflammation,Vigorous massage of affected joints,c,C,191,16-07-2025 14:32
A client is postoperative following a total knee arthroplasty. Which of the following is a common complication?,Deep vein thrombosis (DVT),Hypoglycemia,Hyperkalemia,Respiratory alkalosis,a,A,191,16-07-2025 14:32
A nurse is caring for a client who has a new diagnosis of systemic lupus erythematosus (SLE). Which of the following is a common intervention to manage symptoms?,Avoiding sun exposure,Encouraging vigorous exercise,Consuming a high-protein diet,Avoiding all medications,a,A,191,16-07-2025 14:32
A client is admitted with acute diverticulitis. Which of the following is a common intervention to manage pain?,Administering oral analgesics,Administering intravenous opioids,Applying heat to the abdomen,Encouraging a high-fiber diet,b,B,191,16-07-2025 14:32
A nurse is assessing a client who has a suspected urinary tract infection (UTI). Which of the following is a common intervention to prevent recurrence?,Limiting fluid intake,Wiping from back to front after defecation,Urinating after sexual intercourse,Avoiding cranberry juice,c,C,191,16-07-2025 14:32
A client is receiving chemotherapy and develops fatigue. Which of the following interventions should the nurse recommend?,Engage in strenuous exercise,Prioritize rest and plan activities,Consume a high-sugar diet,Avoid all social interaction,b,B,191,16-07-2025 14:32
A nurse is caring for a client who has a new diagnosis of irritable bowel syndrome (IBS). Which of the following is a common intervention to manage symptoms?,Avoiding stress,Increasing intake of trigger foods,Regular exercise and stress management,Ignoring symptoms,c,C,191,16-07-2025 14:32
A client is admitted with acute glomerulonephritis. Which of the following is a common intervention to manage fluid overload?,Encouraging fluid intake,Restricting fluid intake,Administering intravenous fluids,Encouraging a high-sodium diet,b,B,191,16-07-2025 14:32
A nurse is caring for a client who has a new diagnosis of peripheral artery disease (PAD). Which of the following is a common intervention to manage pain?,Elevating the legs,Dangling the legs,Applying cold compresses,Wearing restrictive clothing,b,B,191,16-07-2025 14:32
A client is admitted with a suspected deep vein thrombosis (DVT). Which of the following is a common intervention to prevent pulmonary embolism?,Encouraging ambulation,Administering anticoagulants,Applying warm compresses,Elevating the affected leg only,b,B,191,16-07-2025 14:32
A nurse is assessing a client who has a suspected gastric ulcer. Which of the following is a common diagnostic test?,Colonoscopy,Upper endoscopy,Abdominal ultrasound,Barium enema,b,B,191,16-07-2025 14:32
A client is postoperative following a total hip arthroplasty. Which of the following is a common intervention to prevent infection?,Administering prophylactic antibiotics,Avoiding hand hygiene,Changing dressings daily with non-sterile technique,Encouraging visitors with active infections,a,A,191,16-07-2025 14:32
A nurse is caring for a client who has a new diagnosis of multiple sclerosis (MS). Which of the following is a common intervention to manage bladder dysfunction?,Limiting fluid intake,Timed voiding schedule,Avoiding catheterization,Increasing caffeine intake,b,B,191,16-07-2025 14:32
A client is admitted with acute diverticulitis. Which of the following is a common intervention to manage nausea and vomiting?,Encouraging oral intake,Administering antiemetics,Providing spicy foods,Avoiding NPO status,b,B,191,16-07-2025 14:32
A nurse is assessing a client who has a suspected Meniere's disease. Which of the following is a common intervention to manage vertigo?,Rapid head movements,Lying flat in bed,Avoiding sudden movements,Increasing fluid intake,c,C,191,16-07-2025 14:32
A client is receiving chemotherapy and develops oral thrush (candidiasis). Which of the following interventions should the nurse recommend?,Rinse mouth with alcohol-based mouthwash,Consume sugary foods,Administer antifungal medication as prescribed,Brush teeth vigorously,c,C,191,16-07-2025 14:32
A nurse is caring for a client who has a new diagnosis of chronic kidney disease (CKD). Which of the following is a common intervention to manage hyperphosphatemia?,Administering phosphate supplements,Restricting dietary phosphate,Encouraging phosphate-rich foods,Administering vitamin D supplements,b,B,191,16-07-2025 14:32
A client is admitted with acute pancreatitis. Which of the following is a common intervention to manage nutritional needs?,Encouraging a high-fat diet,"Providing small, frequent meals",Maintaining NPO status initially,Administering enteral feedings immediately,c,C,191,16-07-2025 14:32
