question_text,option_a,option_b,option_c,option_d,,correct_answer,quiz_test_id,created_at
Which of the following is a common sign of pregnancy?,Amenorrhea,Menorrhagia,Dysmenorrhea,Metrorrhagia,a,A,31,16-07-2025 14:32
What is the normal duration of a full-term pregnancy?,36 weeks,38 weeks,40 weeks,42 weeks,c,C,31,16-07-2025 14:32
Which hormone is primarily responsible for maintaining pregnancy?,Estrogen,Progesterone,Luteinizing Hormone (LH),Follicle-Stimulating Hormone (FSH),b,B,31,16-07-2025 14:32
What is the term for the first fetal movements felt by the mother?,Ballottement,Quickening,Chadwick's sign,Hegar's sign,b,B,31,16-07-2025 14:32
Which of the following is a common discomfort during the first trimester of pregnancy?,Leg cramps,Heartburn,Nausea and vomiting,Backache,c,C,31,16-07-2025 14:32
What is the recommended daily folic acid intake for pregnant women to prevent neural tube defects?,200 mcg,400 mcg,600 mcg,800 mcg,b,B,31,16-07-2025 14:32
Which of the following is a sign of true labor?,Contractions that disappear with walking,Irregular contractions,Contractions that become progressively stronger and more regular,Contractions felt only in the abdomen,c,C,31,16-07-2025 14:32
What is the first stage of labor characterized by?,Full cervical dilation,Placental expulsion,Cervical effacement and dilation,Delivery of the baby,c,C,31,16-07-2025 14:32
What is the primary purpose of a Leopold's maneuver?,To assess fetal heart rate,To determine fetal position and presentation,To measure uterine contractions,To check for cervical dilation,b,B,31,16-07-2025 14:32
Which of the following is a common complication of the third stage of labor?,Preterm labor,Postpartum hemorrhage,Preeclampsia,Gestational diabetes,b,B,31,16-07-2025 14:32
What is the term for the surgical incision made to enlarge the vaginal opening during childbirth?,Cesarean section,Episiotomy,Hysterectomy,Oophorectomy,b,B,31,16-07-2025 14:32
Which of the following is a common cause of postpartum depression?,Excessive sleep,Hormonal changes and sleep deprivation,Increased social activity,Lack of responsibilities,b,B,31,16-07-2025 14:32
What is the primary benefit of breastfeeding for the newborn?,Increased risk of allergies,Provides antibodies and essential nutrients,Slower weight gain,Reduced bonding with the mother,b,B,31,16-07-2025 14:32
Which of the following is a common gynecological condition characterized by painful menstruation?,Amenorrhea,Dysmenorrhea,Menorrhagia,Metrorrhagia,b,B,31,16-07-2025 14:32
"What is the term for the cessation of menstruation in women, typically around age 50?",Menarche,Ovulation,Menopause,Puberty,c,C,31,16-07-2025 14:32
Which of the following is a common screening test for cervical cancer?,Mammogram,Pap smear,Colonoscopy,Blood test,b,B,31,16-07-2025 14:32
What is the primary cause of pelvic inflammatory disease (PID)?,Fungal infection,"Bacterial infection, often sexually transmitted",Viral infection,Parasitic infection,b,B,31,16-07-2025 14:32
Which of the following is a common symptom of endometriosis?,Painless periods,Chronic pelvic pain and infertility,Regular menstrual cycles,Absence of pain during intercourse,b,B,31,16-07-2025 14:32
What is the term for the surgical removal of the uterus?,Oophorectomy,Salpingectomy,Hysterectomy,Mastectomy,c,C,31,16-07-2025 14:32
Which of the following is a common cause of infertility in women?,Regular ovulation,Polycystic Ovary Syndrome (PCOS),Healthy fallopian tubes,Normal hormonal balance,b,B,31,16-07-2025 14:32
What is the term for the condition where the placenta covers the cervix?,Abruptio placentae,Placenta previa,Ectopic pregnancy,Preeclampsia,b,B,31,16-07-2025 14:32
Which of the following is a common sign of preeclampsia?,Low blood pressure,Proteinuria and hypertension,Normal weight gain,Absence of swelling,b,B,31,16-07-2025 14:32
What is the primary purpose of a non-stress test (NST) during pregnancy?,To assess fetal lung maturity,To monitor fetal heart rate accelerations in response to fetal movement,To determine fetal gender,To check for chromosomal abnormalities,b,B,31,16-07-2025 14:32
Which of the following is a common complication of gestational diabetes?,Low birth weight,Macrosomia (large baby),Preterm labor,Post-term pregnancy,b,B,31,16-07-2025 14:32
"What is the term for the period immediately after childbirth, lasting approximately six weeks?",Antenatal period,Intrapartum period,Postpartum period,Perinatal period,c,C,31,16-07-2025 14:32
Which of the following is a common postpartum infection?,Common cold,Endometritis,Urinary tract infection (UTI),Mastitis,b,B,31,16-07-2025 14:32
What is the primary purpose of a newborn screening test?,To determine the baby's blood type,To detect serious genetic and metabolic disorders early,To check for allergies,To assess the baby's intelligence,b,B,31,16-07-2025 14:32
Which of the following is a common cause of premature rupture of membranes (PROM)?,Full-term pregnancy,Infection,Adequate amniotic fluid,Normal uterine contractions,b,B,31,16-07-2025 14:32
What is the term for the condition where the umbilical cord prolapses before the baby's head?,Nuchal cord,Cord prolapse,Vasa previa,Placental abruption,b,B,31,16-07-2025 14:32
Which of the following is a common sign of ectopic pregnancy?,Normal uterine growth,Abdominal pain and vaginal bleeding,Absence of pain,Regular menstrual cycles,b,B,31,16-07-2025 14:32
What is the primary purpose of a colposcopy?,To examine the inside of the uterus,"To closely examine the cervix, vagina, and vulva for signs of disease",To visualize the fallopian tubes,To assess ovarian function,b,B,31,16-07-2025 14:32
Which of the following is a common symptom of uterine fibroids?,Painless periods,Heavy menstrual bleeding and pelvic pressure,Regular menstrual cycles,Absence of abdominal discomfort,b,B,31,16-07-2025 14:32
What is the term for the surgical removal of an ovary?,Hysterectomy,Salpingectomy,Oophorectomy,Myomectomy,c,C,31,16-07-2025 14:32
Which of the following is a common cause of vaginal candidiasis (yeast infection)?,Bacterial infection,Fungal infection (Candida albicans),Viral infection,Parasitic infection,b,B,31,16-07-2025 14:32
What is the primary purpose of a mammogram?,To screen for cervical cancer,To screen for breast cancer,To detect ovarian cysts,To assess uterine health,b,B,31,16-07-2025 14:32
Which of the following is a common symptom of polycystic ovary syndrome (PCOS)?,Regular menstrual cycles,"Irregular periods, acne, and hirsutism",Absence of weight gain,Normal hormonal balance,b,B,31,16-07-2025 14:32
What is the term for the condition where the uterus slips down into or protrudes out of the vagina?,Uterine fibroids,Uterine prolapse,Endometriosis,Adenomyosis,b,B,31,16-07-2025 14:32
Which of the following is a common sexually transmitted infection (STI) that can cause pelvic inflammatory disease?,Herpes simplex virus,Chlamydia,Human papillomavirus (HPV),Hepatitis B,b,B,31,16-07-2025 14:32
What is the primary purpose of a hysteroscopy?,To examine the outside of the uterus,To visualize the inside of the uterus,To assess the fallopian tubes,To examine the ovaries,b,B,31,16-07-2025 14:32
Which of the following is a common symptom of ovarian cysts?,Absence of pelvic pain,"Pelvic pain, bloating, and irregular periods",Regular menstrual cycles,Increased appetite,b,B,31,16-07-2025 14:32
What is the term for the procedure where amniotic fluid is sampled for genetic testing?,Chorionic villus sampling (CVS),Amniocentesis,Cordocentesis,Fetoscopy,b,B,31,16-07-2025 14:32
"Which of the following is a common complication of multiple gestation (twins, triplets, etc.)?",Decreased risk of preterm labor,Increased risk of preterm labor and low birth weight,Easier delivery,Reduced need for monitoring,b,B,31,16-07-2025 14:32
What is the primary purpose of a biophysical profile (BPP) during pregnancy?,To assess fetal lung maturity,"To assess fetal well-being by evaluating fetal breathing, movement, tone, amniotic fluid volume, and NST",To determine fetal gender,To check for chromosomal abnormalities,b,B,31,16-07-2025 14:32
Which of the following is a common sign of placental abruption?,Painless vaginal bleeding,"Sudden, severe abdominal pain and vaginal bleeding",Absence of pain,Normal fetal heart rate,b,B,31,16-07-2025 14:32
What is the term for the process of the uterus returning to its pre-pregnancy size?,Involution,Subinvolution,Lochia,Engorgement,a,A,31,16-07-2025 14:32
Which of the following is a common postpartum complication characterized by blood clots in the legs?,Puerperal fever,Deep vein thrombosis (DVT),Pulmonary embolism,Postpartum hemorrhage,b,B,31,16-07-2025 14:32
What is the primary purpose of a well-woman exam?,To diagnose acute illnesses,To provide preventive care and screen for gynecological conditions,To treat chronic diseases,To perform surgical procedures,b,B,31,16-07-2025 14:32
Which of the following is a common cause of abnormal uterine bleeding?,Regular ovulation,"Hormonal imbalances, fibroids, or polyps",Healthy uterine lining,Normal menstrual cycles,b,B,31,16-07-2025 14:32
What is the term for the surgical removal of the fallopian tubes?,Hysterectomy,Oophorectomy,Salpingectomy,Myomectomy,c,C,31,16-07-2025 14:32
Which of the following is a common symptom of bacterial vaginosis (BV)?,Odorless vaginal discharge,Fishy-smelling vaginal discharge,Itching and burning,No symptoms,b,B,31,16-07-2025 14:32
What is the term for the procedure where a small sample of tissue is taken from the placenta for genetic testing?,Amniocentesis,Chorionic villus sampling (CVS),Cordocentesis,Fetoscopy,b,B,32,16-07-2025 14:32
Which of the following is a common complication of prolonged labor?,Rapid delivery,Fetal distress and maternal exhaustion,Reduced need for intervention,Increased uterine contractions,b,B,32,16-07-2025 14:32
What is the primary purpose of a contraction stress test (CST) during pregnancy?,To assess fetal lung maturity,To evaluate fetal heart rate response to uterine contractions,To determine fetal gender,To check for chromosomal abnormalities,b,B,32,16-07-2025 14:32
Which of the following is a common sign of gestational hypertension?,Low blood pressure,High blood pressure without proteinuria,Normal weight gain,Absence of swelling,b,B,32,16-07-2025 14:32
"What is the term for the first milk produced by the mother after childbirth, rich in antibodies?",Mature milk,Colostrum,Hindmilk,Foremilk,b,B,32,16-07-2025 14:32
Which of the following is a common postpartum complication characterized by breast pain and inflammation?,Engorgement,Mastitis,Thrush,Blocked milk duct,b,B,32,16-07-2025 14:32
What is the primary purpose of a well-baby check-up?,To diagnose acute illnesses,To monitor growth and development and provide preventive care,To treat chronic diseases,To perform surgical procedures,b,B,32,16-07-2025 14:32
Which of the following is a common cause of dyspareunia (painful intercourse)?,Adequate lubrication,"Vaginal dryness, infection, or endometriosis",Normal hormonal balance,Absence of pain,b,B,32,16-07-2025 14:32
What is the term for the surgical removal of uterine fibroids while preserving the uterus?,Hysterectomy,Myomectomy,Oophorectomy,Salpingectomy,b,B,32,16-07-2025 14:32
Which of the following is a common symptom of trichomoniasis?,Odorless vaginal discharge,"Frothy, greenish-yellow vaginal discharge with a strong odor",No symptoms,"White, thick discharge",b,B,32,16-07-2025 14:32
What is the term for the condition where the fertilized egg implants outside the uterus?,Intrauterine pregnancy,Ectopic pregnancy,Molar pregnancy,Tubal pregnancy,b,B,32,16-07-2025 14:32
Which of the following is a common sign of threatened abortion?,Heavy bleeding with tissue passage,Vaginal bleeding with closed cervix,Absence of bleeding,Strong uterine contractions,b,B,32,16-07-2025 14:32
What is the primary purpose of a fetal kick count?,To assess fetal heart rate,To monitor fetal movement and well-being,To determine fetal position,To check for cervical dilation,b,B,32,16-07-2025 14:32
Which of the following is a common complication of pre-existing diabetes in pregnancy?,Low birth weight,Increased risk of congenital anomalies and macrosomia,Reduced need for insulin,Easier labor,b,B,32,16-07-2025 14:32
What is the term for the dark line that appears on the abdomen during pregnancy?,Striae gravidarum,Linea nigra,Chloasma,Melasma,b,B,32,16-07-2025 14:32
Which of the following is a common postpartum complication characterized by excessive bleeding after childbirth?,Retained placenta,Postpartum hemorrhage,Uterine atony,Lacerations,b,B,32,16-07-2025 14:32
What is the primary purpose of a postpartum check-up?,To diagnose acute illnesses,To assess maternal recovery and provide contraceptive counseling,To treat chronic diseases,To perform surgical procedures,b,B,32,16-07-2025 14:32
Which of the following is a common cause of amenorrhea (absence of menstruation)?,Regular ovulation,"Pregnancy, hormonal imbalances, or excessive exercise",Normal menstrual cycles,Absence of stress,b,B,32,16-07-2025 14:32
What is the term for the surgical procedure to tie or seal the fallopian tubes for permanent contraception?,Vasectomy,Tubal ligation,Hysterectomy,Oophorectomy,b,B,32,16-07-2025 14:32
Which of the following is a common symptom of genital herpes?,Painless sores,Painful blisters or sores on the genitals,No symptoms,Itching without lesions,b,B,32,16-07-2025 14:32
What is the term for the condition where the placenta separates from the uterine wall prematurely?,Placenta previa,Abruptio placentae,Ectopic pregnancy,Preeclampsia,b,B,32,16-07-2025 14:32
Which of the following is a common sign of placenta accreta?,Easy separation of the placenta,"Placenta abnormally attached to the uterine wall, leading to difficulty with separation",Normal placental expulsion,Reduced risk of hemorrhage,b,B,32,16-07-2025 14:32
What is the primary purpose of a fetal scalp electrode (FSE)?,To assess fetal lung maturity,To directly monitor fetal heart rate during labor,To determine fetal gender,To check for chromosomal abnormalities,b,B,32,16-07-2025 14:32
Which of the following is a common complication of prolonged rupture of membranes?,Reduced risk of infection,Increased risk of infection (chorioamnionitis),Faster labor,Normal amniotic fluid volume,b,B,32,16-07-2025 14:32
What is the term for the soft spots on a newborn's head?,Sutures,Fontanelles,Caput succedaneum,Cephalohematoma,b,B,32,16-07-2025 14:32
Which of the following is a common postpartum complication characterized by a sudden drop in blood pressure?,Postpartum preeclampsia,Postpartum shock,Postpartum depression,Postpartum psychosis,b,B,32,16-07-2025 14:32
What is the primary purpose of a well-child visit?,To diagnose acute illnesses,"To monitor growth and development, administer immunizations, and provide anticipatory guidance",To treat chronic diseases,To perform surgical procedures,b,B,32,16-07-2025 14:32
Which of the following is a common cause of infertility in men?,Normal sperm count,Low sperm count or poor sperm motility,Healthy reproductive organs,Normal hormonal balance,b,B,32,16-07-2025 14:32
What is the term for the surgical procedure to remove a breast?,Lumpectomy,Mastectomy,Biopsy,Mammoplasty,b,B,32,16-07-2025 14:32
Which of the following is a common symptom of human papillomavirus (HPV) infection?,Painful blisters,Genital warts,No symptoms,Fishy odor,b,B,32,16-07-2025 14:32
What is the term for the condition where the cervix shortens and opens too early during pregnancy?,Cervical ripening,Cervical incompetence,Cervical dilation,Cervical effacement,b,B,32,16-07-2025 14:32
Which of the following is a common sign of gestational trophoblastic disease (molar pregnancy)?,Normal fetal development,Abnormally high hCG levels and vaginal bleeding,Absence of nausea,Regular uterine growth,b,B,32,16-07-2025 14:32
What is the primary purpose of an amniotomy?,To induce labor by artificially rupturing the membranes,To stop labor contractions,To assess fetal lung maturity,To administer medication,a,A,32,16-07-2025 14:32
Which of the following is a common complication of shoulder dystocia?,Easy delivery,Brachial plexus injury to the newborn,Reduced maternal bleeding,Faster labor,b,B,32,16-07-2025 14:32
What is the term for the yellowish discoloration of the skin and eyes in newborns?,Cyanosis,Jaundice,Pallor,Erythema,b,B,32,16-07-2025 14:32
Which of the following is a common postpartum complication characterized by fever and abdominal pain?,Urinary tract infection (UTI),Endometritis,Mastitis,Wound infection,b,B,32,16-07-2025 14:32
What is the primary purpose of family planning?,To limit family size only,To enable individuals and couples to decide freely and responsibly the number and spacing of their children,To encourage large families,To prevent all pregnancies,b,B,32,16-07-2025 14:32
Which of the following is a common cause of menorrhagia (heavy menstrual bleeding)?,Light periods,"Uterine fibroids, hormonal imbalances, or bleeding disorders",Regular menstrual cycles,Absence of pain,b,B,32,16-07-2025 14:32
What is the term for the surgical procedure to remove a cyst from an ovary?,Oophorectomy,Ovarian cystectomy,Salpingectomy,Hysterectomy,b,B,32,16-07-2025 14:32
Which of the following is a common symptom of syphilis?,Painful genital sores,Painless chancre (sore) at the site of infection,No symptoms,Itching and burning,b,B,32,16-07-2025 14:32
What is the term for the condition where the baby's head is too large to pass through the mother's pelvis?,Cephalopelvic disproportion (CPD),Breech presentation,Transverse lie,Occiput posterior,a,A,32,16-07-2025 14:32
Which of the following is a common sign of fetal distress during labor?,Normal fetal heart rate variability,Persistent late decelerations or absent variability in fetal heart rate,Increased fetal movement,Regular uterine contractions,b,B,32,16-07-2025 14:32
What is the primary purpose of an external cephalic version (ECV)?,To induce labor,To manually turn a breech baby to a head-down position,To assess fetal lung maturity,To administer medication,b,B,32,16-07-2025 14:32
Which of the following is a common complication of retained placental fragments?,Reduced postpartum bleeding,Postpartum hemorrhage and infection,Faster uterine involution,Normal lochia,b,B,32,16-07-2025 14:32
"What is the term for the bluish discoloration of the hands and feet in newborns, especially when cold?",Jaundice,Acrocyanosis,Pallor,Erythema,b,B,32,16-07-2025 14:32
Which of the following is a common postpartum complication characterized by a sudden onset of severe headache and vision changes?,Postpartum depression,Postpartum preeclampsia,Postpartum psychosis,Postpartum thyroiditis,b,B,32,16-07-2025 14:32
What is the primary purpose of preconception counseling?,To diagnose infertility,To optimize maternal health before pregnancy to improve pregnancy outcomes,To treat sexually transmitted infections,To provide contraceptive advice,b,B,32,16-07-2025 14:32
Which of the following is a common cause of oligomenorrhea (infrequent menstruation)?,Regular ovulation,"Hormonal imbalances, stress, or excessive exercise",Normal menstrual cycles,Absence of stress,b,B,32,16-07-2025 14:32
What is the term for the surgical procedure to remove a portion of the fallopian tube?,Salpingectomy,Salpingostomy,Fimbrioplasty,Tubal anastomosis,a,A,32,16-07-2025 14:32
Which of the following is a common symptom of gonorrhea?,Painless sores,Painful urination and abnormal discharge,No symptoms,Itching without discharge,b,B,32,16-07-2025 14:32
What is the term for the condition where the baby is born before 37 weeks of gestation?,Full-term birth,Preterm birth,Post-term birth,Term birth,b,B,33,16-07-2025 14:32
Which of the following is a common sign of hyperemesis gravidarum?,Mild nausea,Severe nausea and vomiting leading to weight loss and dehydration,Increased appetite,Absence of vomiting,b,B,33,16-07-2025 14:32
What is the primary purpose of a cervical cerclage?,To induce labor,To reinforce a weak cervix to prevent premature birth,To assess fetal lung maturity,To administer medication,b,B,33,16-07-2025 14:32
Which of the following is a common complication of multiple gestations?,Reduced risk of preterm labor,"Increased risk of preterm labor, preeclampsia, and gestational diabetes",Easier delivery,Reduced need for monitoring,b,B,33,16-07-2025 14:32
"What is the term for the thick, greenish-black stool passed by a newborn in the first few days?",Meconium,Transitional stool,Breastfed stool,Formula-fed stool,a,A,33,16-07-2025 14:32
Which of the following is a common postpartum complication characterized by fever and uterine tenderness?,Urinary tract infection (UTI),Endometritis,Mastitis,Wound infection,b,B,33,16-07-2025 14:32
What is the primary purpose of a postnatal visit?,To diagnose acute illnesses,To assess maternal and infant well-being and provide support,To treat chronic diseases,To perform surgical procedures,b,B,33,16-07-2025 14:32
Which of the following is a common cause of dysmenorrhea (painful menstruation)?,Absence of pain,"Uterine contractions, endometriosis, or fibroids",Regular menstrual cycles,Normal hormonal balance,b,B,33,16-07-2025 14:32
What is the term for the surgical procedure to remove uterine fibroids?,Hysterectomy,Myomectomy,Oophorectomy,Salpingectomy,b,B,33,16-07-2025 14:32
Which of the following is a common symptom of chlamydia?,Painful sores,"Often asymptomatic, but can cause abnormal discharge and painful urination",Genital warts,Fishy odor,b,B,33,16-07-2025 14:32
What is the term for the condition where the baby is in a buttocks-first position?,Cephalic presentation,Breech presentation,Transverse lie,Occiput posterior,b,B,33,16-07-2025 14:32
Which of the following is a common sign of a complete abortion?,Persistent vaginal bleeding,"Passage of all products of conception, with cessation of bleeding and pain",Strong uterine contractions,Open cervix,b,B,33,16-07-2025 14:32
What is the primary purpose of an ultrasound during pregnancy?,To determine fetal gender only,"To visualize the fetus, assess growth, and detect abnormalities",To check for chromosomal abnormalities,To assess fetal lung maturity,b,B,33,16-07-2025 14:32
Which of the following is a common complication of preeclampsia?,Low blood pressure,Eclampsia (seizures) and HELLP syndrome,Normal weight gain,Absence of swelling,b,B,33,16-07-2025 14:32
What is the term for the yellowish discharge from the vagina after childbirth?,Lochia rubra,Lochia serosa,Lochia alba,Colostrum,c,C,33,16-07-2025 14:32
Which of the following is a common postpartum complication characterized by pain and swelling in the breast?,Engorgement,Mastitis,Thrush,Blocked milk duct,b,B,33,16-07-2025 14:32
What is the primary purpose of a well-woman check-up?,To diagnose acute illnesses,To provide preventive care and screen for gynecological conditions,To treat chronic diseases,To perform surgical procedures,b,B,33,16-07-2025 14:32
Which of the following is a common cause of amenorrhea (absence of menstruation)?,Regular ovulation,"Pregnancy, hormonal imbalances, or excessive exercise",Normal menstrual cycles,Absence of stress,b,B,33,16-07-2025 14:32
What is the term for the surgical procedure to remove the uterus and ovaries?,Hysterectomy,Oophorectomy,Salpingectomy,Hysterectomy with bilateral salpingo-oophorectomy,d,D,33,16-07-2025 14:32
Which of the following is a common symptom of bacterial vaginosis (BV)?,Odorless vaginal discharge,Fishy-smelling vaginal discharge,Itching and burning,No symptoms,b,B,33,16-07-2025 14:32
What is the term for the condition where the fertilized egg implants in the fallopian tube?,Intrauterine pregnancy,Tubal pregnancy,Molar pregnancy,Ectopic pregnancy,b,B,33,16-07-2025 14:32
Which of the following is a common sign of inevitable abortion?,Closed cervix,Vaginal bleeding with cervical dilation,Absence of bleeding,Mild uterine contractions,b,B,33,16-07-2025 14:32
What is the primary purpose of a non-stress test (NST) during pregnancy?,To assess fetal lung maturity,To monitor fetal heart rate accelerations in response to fetal movement,To determine fetal gender,To check for chromosomal abnormalities,b,B,33,16-07-2025 14:32
Which of the following is a common complication of gestational diabetes?,Low birth weight,Macrosomia (large baby) and neonatal hypoglycemia,Preterm labor,Post-term pregnancy,b,B,33,16-07-2025 14:32
What is the term for the period of time from conception to birth?,Postpartum period,Gestation,Perinatal period,Neonatal period,b,B,33,16-07-2025 14:32
Which of the following is a common postpartum infection?,Common cold,Endometritis,Urinary tract infection (UTI),Mastitis,b,B,33,16-07-2025 14:32
What is the primary purpose of a newborn screening test?,To determine the baby's blood type,To detect serious genetic and metabolic disorders early,To check for allergies,To assess the baby's intelligence,b,B,33,16-07-2025 14:32
Which of the following is a common cause of premature rupture of membranes (PROM)?,Full-term pregnancy,"Infection, polyhydramnios, or multiple gestation",Adequate amniotic fluid,Normal uterine contractions,b,B,33,16-07-2025 14:32
What is the term for the condition where the umbilical cord is wrapped around the baby's neck?,Cord prolapse,Nuchal cord,Vasa previa,Placental abruption,b,B,33,16-07-2025 14:32
Which of the following is a common sign of placenta previa?,Painful vaginal bleeding,Painless vaginal bleeding in the second or third trimester,Abdominal pain,Normal fetal heart rate,b,B,33,16-07-2025 14:32
What is the primary purpose of a hysteroscopy?,To examine the outside of the uterus,To visualize the inside of the uterus,To assess the fallopian tubes,To examine the ovaries,b,B,33,16-07-2025 14:32
Which of the following is a common symptom of uterine polyps?,Painless periods,"Irregular bleeding, heavy periods, or postmenopausal bleeding",Regular menstrual cycles,Absence of abdominal discomfort,b,B,33,16-07-2025 14:32
What is the term for the surgical removal of a fallopian tube?,Hysterectomy,Oophorectomy,Salpingectomy,Myomectomy,c,C,33,16-07-2025 14:32
Which of the following is a common cause of vulvovaginal candidiasis (yeast infection)?,Bacterial infection,Fungal infection (Candida albicans),Viral infection,Parasitic infection,b,B,33,16-07-2025 14:32
What is the primary purpose of a transvaginal ultrasound?,To screen for cervical cancer,"To visualize the uterus, ovaries, and fallopian tubes more clearly",To detect ovarian cysts,To assess uterine health,b,B,33,16-07-2025 14:32
Which of the following is a common symptom of endometriosis?,Painless periods,"Chronic pelvic pain, dysmenorrhea, and infertility",Regular menstrual cycles,Absence of pain during intercourse,b,B,33,16-07-2025 14:32
What is the term for the condition where the uterine lining grows outside the uterus?,Uterine fibroids,Endometriosis,Adenomyosis,Uterine prolapse,b,B,33,16-07-2025 14:32
Which of the following is a common sexually transmitted infection (STI) that can cause genital warts?,Herpes simplex virus,Chlamydia,Human papillomavirus (HPV),Hepatitis B,c,C,33,16-07-2025 14:32
What is the primary purpose of a laparoscopy in gynecology?,To examine the inside of the uterus,To visualize pelvic organs and perform surgical procedures through small incisions,To assess the fallopian tubes,To examine the ovaries,b,B,33,16-07-2025 14:32
Which of the following is a common symptom of ovarian cysts?,Absence of pelvic pain,"Pelvic pain, bloating, and irregular periods",Regular menstrual cycles,Increased appetite,b,B,33,16-07-2025 14:32
What is the term for the procedure where a small sample of tissue is taken from the chorion for genetic testing?,Amniocentesis,Chorionic villus sampling (CVS),Cordocentesis,Fetoscopy,b,B,33,16-07-2025 14:32
Which of the following is a common complication of polyhydramnios (excess amniotic fluid)?,Reduced risk of preterm labor,"Increased risk of preterm labor, placental abruption, and cord prolapse",Easier delivery,Reduced need for monitoring,b,B,33,16-07-2025 14:32
What is the primary purpose of a contraction stress test (CST) during pregnancy?,To assess fetal lung maturity,To evaluate fetal heart rate response to uterine contractions,To determine fetal gender,To check for chromosomal abnormalities,b,B,33,16-07-2025 14:32
Which of the following is a common sign of HELLP syndrome?,Low blood pressure,"Hemolysis, elevated liver enzymes, and low platelet count",Normal weight gain,Absence of swelling,b,B,33,16-07-2025 14:32
What is the term for the process of the uterus returning to its pre-pregnancy size?,Subinvolution,Involution,Lochia,Engorgement,b,B,33,16-07-2025 14:32
Which of the following is a common postpartum complication characterized by a sudden drop in blood pressure?,Postpartum preeclampsia,Postpartum shock,Postpartum depression,Postpartum psychosis,b,B,33,16-07-2025 14:32
What is the primary purpose of a well-baby check-up?,To diagnose acute illnesses,"To monitor growth and development, administer immunizations, and provide anticipatory guidance",To treat chronic diseases,To perform surgical procedures,b,B,33,16-07-2025 14:32
Which of the following is a common cause of infertility in women?,Regular ovulation,"Polycystic Ovary Syndrome (PCOS), endometriosis, or blocked fallopian tubes",Healthy fallopian tubes,Normal hormonal balance,b,B,33,16-07-2025 14:32
"What is the term for the surgical removal of the uterus, cervix, and sometimes ovaries and fallopian tubes?",Oophorectomy,Salpingectomy,Hysterectomy,Total hysterectomy with bilateral salpingo-oophorectomy,d,D,33,16-07-2025 14:32
Which of the following is a common symptom of trichomoniasis?,Odorless vaginal discharge,"Frothy, greenish-yellow vaginal discharge with a strong odor",No symptoms,"White, thick discharge",b,B,33,16-07-2025 14:32
What is the term for the condition where the baby is born after 42 weeks of gestation?,Full-term birth,Preterm birth,Post-term birth,Term birth,c,C,34,16-07-2025 14:32
Which of the following is a common sign of threatened abortion?,Heavy bleeding with tissue passage,Vaginal bleeding with closed cervix,Absence of bleeding,Strong uterine contractions,b,B,34,16-07-2025 14:32
What is the primary purpose of a fetal kick count?,To assess fetal heart rate,To monitor fetal movement and well-being,To determine fetal position,To check for cervical dilation,b,B,34,16-07-2025 14:32
Which of the following is a common complication of pre-existing hypertension in pregnancy?,Low blood pressure,"Increased risk of preeclampsia, placental abruption, and fetal growth restriction",Reduced need for medication,Easier labor,b,B,34,16-07-2025 14:32
"What is the term for the fine, soft hair that covers the body of a newborn?",Vernix caseosa,Lanugo,Milia,Erythema toxicum,b,B,34,16-07-2025 14:32
"Which of the following is a common postpartum complication characterized by severe mood swings, confusion, and hallucinations?",Postpartum depression,Postpartum psychosis,Postpartum anxiety,Baby blues,b,B,34,16-07-2025 14:32
What is the primary purpose of genetic counseling?,To diagnose genetic disorders,To assess the risk of inherited conditions and provide information and support,To treat genetic diseases,To perform genetic testing,b,B,34,16-07-2025 14:32
Which of the following is a common cause of menorrhagia (heavy menstrual bleeding)?,Light periods,"Uterine fibroids, hormonal imbalances, or bleeding disorders",Regular menstrual cycles,Absence of pain,b,B,34,16-07-2025 14:32
What is the term for the surgical procedure to remove an ovarian cyst?,Oophorectomy,Ovarian cystectomy,Salpingectomy,Hysterectomy,b,B,34,16-07-2025 14:32
Which of the following is a common symptom of syphilis?,Painful genital sores,Painless chancre (sore) at the site of infection,No symptoms,Itching and burning,b,B,34,16-07-2025 14:32
What is the term for the condition where the baby's head is not engaged in the pelvis at the onset of labor?,Cephalopelvic disproportion (CPD),High fetal station,Breech presentation,Transverse lie,b,B,34,16-07-2025 14:32
Which of the following is a common sign of fetal distress during labor?,Normal fetal heart rate variability,Persistent late decelerations or absent variability in fetal heart rate,Increased fetal movement,Regular uterine contractions,b,B,34,16-07-2025 14:32
What is the primary purpose of an internal fetal monitor?,To assess fetal lung maturity,To directly monitor fetal heart rate and uterine contractions during labor,To determine fetal gender,To check for chromosomal abnormalities,b,B,34,16-07-2025 14:32
Which of the following is a common complication of prolonged rupture of membranes?,Reduced risk of infection,Increased risk of infection (chorioamnionitis) and cord compression,Faster labor,Normal amniotic fluid volume,b,B,34,16-07-2025 14:32
"What is the term for the cheesy, white substance that covers the skin of a newborn?",Lanugo,Vernix caseosa,Milia,Erythema toxicum,b,B,34,16-07-2025 14:32
Which of the following is a common postpartum complication characterized by a sudden onset of severe headache and vision changes?,Postpartum depression,Postpartum preeclampsia,Postpartum psychosis,Postpartum thyroiditis,b,B,34,16-07-2025 14:32
What is the primary purpose of preconception counseling?,To diagnose infertility,To optimize maternal health before pregnancy to improve pregnancy outcomes,To treat sexually transmitted infections,To provide contraceptive advice,b,B,34,16-07-2025 14:32
Which of the following is a common cause of oligomenorrhea (infrequent menstruation)?,Regular ovulation,"Hormonal imbalances, stress, or excessive exercise",Normal menstrual cycles,Absence of stress,b,B,34,16-07-2025 14:32
What is the term for the surgical procedure to remove a portion of the fallopian tube?,Salpingectomy,Salpingostomy,Fimbrioplasty,Tubal anastomosis,a,A,34,16-07-2025 14:32
Which of the following is a common symptom of gonorrhea?,Painless sores,Painful urination and abnormal discharge,No symptoms,Itching without discharge,b,B,34,16-07-2025 14:32
What is the term for the condition where the placenta separates from the uterine wall prematurely?,Placenta previa,Abruptio placentae,Ectopic pregnancy,Preeclampsia,b,B,34,16-07-2025 14:32
Which of the following is a common sign of placenta accreta?,Easy separation of the placenta,"Placenta abnormally attached to the uterine wall, leading to difficulty with separation",Normal placental expulsion,Reduced risk of hemorrhage,b,B,34,16-07-2025 14:32
What is the primary purpose of a fetal scalp electrode (FSE)?,To assess fetal lung maturity,To directly monitor fetal heart rate during labor,To determine fetal gender,To check for chromosomal abnormalities,b,B,34,16-07-2025 14:32
Which of the following is a common complication of prolonged rupture of membranes?,Reduced risk of infection,Increased risk of infection (chorioamnionitis) and cord compression,Faster labor,Normal amniotic fluid volume,b,B,34,16-07-2025 14:32
What is the term for the soft spots on a newborn's head?,Sutures,Fontanelles,Caput succedaneum,Cephalohematoma,b,B,34,16-07-2025 14:32
Which of the following is a common postpartum complication characterized by a sudden drop in blood pressure?,Postpartum preeclampsia,Postpartum shock,Postpartum depression,Postpartum psychosis,b,B,34,16-07-2025 14:32
What is the primary purpose of a well-child visit?,To diagnose acute illnesses,"To monitor growth and development, administer immunizations, and provide anticipatory guidance",To treat chronic diseases,To perform surgical procedures,b,B,34,16-07-2025 14:32
Which of the following is a common cause of infertility in men?,Normal sperm count,Low sperm count or poor sperm motility,Healthy reproductive organs,Normal hormonal balance,b,B,34,16-07-2025 14:32
What is the term for the surgical procedure to remove a breast?,Lumpectomy,Mastectomy,Biopsy,Mammoplasty,b,B,34,16-07-2025 14:32
Which of the following is a common symptom of human papillomavirus (HPV) infection?,Painful blisters,Genital warts,No symptoms,Fishy odor,b,B,34,16-07-2025 14:32
What is the term for the condition where the cervix shortens and opens too early during pregnancy?,Cervical ripening,Cervical incompetence,Cervical dilation,Cervical effacement,b,B,34,16-07-2025 14:32
Which of the following is a common sign of gestational trophoblastic disease (molar pregnancy)?,Normal fetal development,Abnormally high hCG levels and vaginal bleeding,Absence of nausea,Regular uterine growth,b,B,34,16-07-2025 14:32
What is the primary purpose of an amniotomy?,To induce labor by artificially rupturing the membranes,To stop labor contractions,To assess fetal lung maturity,To administer medication,a,A,34,16-07-2025 14:32
Which of the following is a common complication of shoulder dystocia?,Easy delivery,Brachial plexus injury to the newborn,Reduced maternal bleeding,Faster labor,b,B,34,16-07-2025 14:32
What is the term for the yellowish discoloration of the skin and eyes in newborns?,Cyanosis,Jaundice,Pallor,Erythema,b,B,34,16-07-2025 14:32
Which of the following is a common postpartum complication characterized by fever and abdominal pain?,Urinary tract infection (UTI),Endometritis,Mastitis,Wound infection,b,B,34,16-07-2025 14:32
What is the primary purpose of family planning?,To limit family size only,To enable individuals and couples to decide freely and responsibly the number and spacing of their children,To encourage large families,To prevent all pregnancies,b,B,34,16-07-2025 14:32
Which of the following is a common cause of menorrhagia (heavy menstrual bleeding)?,Light periods,"Uterine fibroids, hormonal imbalances, or bleeding disorders",Regular menstrual cycles,Absence of pain,b,B,34,16-07-2025 14:32
What is the term for the surgical procedure to remove a cyst from an ovary?,Oophorectomy,Ovarian cystectomy,Salpingectomy,Hysterectomy,b,B,34,16-07-2025 14:32
Which of the following is a common symptom of syphilis?,Painful genital sores,Painless chancre (sore) at the site of infection,No symptoms,Itching and burning,b,B,34,16-07-2025 14:32
What is the term for the condition where the baby's head is too large to pass through the mother's pelvis?,Cephalopelvic disproportion (CPD),Breech presentation,Transverse lie,Occiput posterior,a,A,34,16-07-2025 14:32
Which of the following is a common sign of fetal distress during labor?,Normal fetal heart rate variability,Persistent late decelerations or absent variability in fetal heart rate,Increased fetal movement,Regular uterine contractions,b,B,34,16-07-2025 14:32
What is the primary purpose of an external cephalic version (ECV)?,To induce labor,To manually turn a breech baby to a head-down position,To assess fetal lung maturity,To administer medication,b,B,34,16-07-2025 14:32
Which of the following is a common complication of retained placental fragments?,Reduced postpartum bleeding,Postpartum hemorrhage and infection,Faster uterine involution,Normal lochia,b,B,34,16-07-2025 14:32
"What is the term for the bluish discoloration of the hands and feet in newborns, especially when cold?",Jaundice,Acrocyanosis,Pallor,Erythema,b,B,34,16-07-2025 14:32
Which of the following is a common postpartum complication characterized by a sudden onset of severe headache and vision changes?,Postpartum depression,Postpartum preeclampsia,Postpartum psychosis,Postpartum thyroiditis,b,B,34,16-07-2025 14:32
What is the primary purpose of preconception counseling?,To diagnose infertility,To optimize maternal health before pregnancy to improve pregnancy outcomes,To treat sexually transmitted infections,To provide contraceptive advice,b,B,34,16-07-2025 14:32
Which of the following is a common cause of oligomenorrhea (infrequent menstruation)?,Regular ovulation,"Hormonal imbalances, stress, or excessive exercise",Normal menstrual cycles,Absence of stress,b,B,34,16-07-2025 14:32
What is the term for the surgical procedure to remove a portion of the fallopian tube?,Salpingectomy,Salpingostomy,Fimbrioplasty,Tubal anastomosis,a,A,34,16-07-2025 14:32
Which of the following is a common symptom of gonorrhea?,Painless sores,Painful urination and abnormal discharge,No symptoms,Itching without discharge,b,B,34,16-07-2025 14:32
What is the term for the condition where the baby is born before 37 weeks of gestation?,Full-term birth,Preterm birth,Post-term birth,Term birth,b,B,35,16-07-2025 14:32
Which of the following is a common sign of hyperemesis gravidarum?,Mild nausea,Severe nausea and vomiting leading to weight loss and dehydration,Increased appetite,Absence of vomiting,b,B,35,16-07-2025 14:32
What is the primary purpose of a cervical cerclage?,To induce labor,To reinforce a weak cervix to prevent premature birth,To assess fetal lung maturity,To administer medication,b,B,35,16-07-2025 14:32
Which of the following is a common complication of multiple gestations?,Reduced risk of preterm labor,"Increased risk of preterm labor, preeclampsia, and gestational diabetes",Easier delivery,Reduced need for monitoring,b,B,35,16-07-2025 14:32
"What is the term for the thick, greenish-black stool passed by a newborn in the first few days?",Meconium,Transitional stool,Breastfed stool,Formula-fed stool,a,A,35,16-07-2025 14:32
Which of the following is a common postpartum complication characterized by fever and uterine tenderness?,Urinary tract infection (UTI),Endometritis,Mastitis,Wound infection,b,B,35,16-07-2025 14:32
What is the primary purpose of a postnatal visit?,To diagnose acute illnesses,To assess maternal and infant well-being and provide support,To treat chronic diseases,To perform surgical procedures,b,B,35,16-07-2025 14:32
Which of the following is a common cause of dysmenorrhea (painful menstruation)?,Absence of pain,"Uterine contractions, endometriosis, or fibroids",Regular menstrual cycles,Normal hormonal balance,b,B,35,16-07-2025 14:32
What is the term for the surgical procedure to remove uterine fibroids?,Hysterectomy,Myomectomy,Oophorectomy,Salpingectomy,b,B,35,16-07-2025 14:32
Which of the following is a common symptom of chlamydia?,Painful sores,"Often asymptomatic, but can cause abnormal discharge and painful urination",Genital warts,Fishy odor,b,B,35,16-07-2025 14:32
What is the term for the condition where the baby is in a buttocks-first position?,Cephalic presentation,Breech presentation,Transverse lie,Occiput posterior,b,B,35,16-07-2025 14:32
Which of the following is a common sign of a complete abortion?,Persistent vaginal bleeding,"Passage of all products of conception, with cessation of bleeding and pain",Strong uterine contractions,Open cervix,b,B,35,16-07-2025 14:32
What is the primary purpose of an ultrasound during pregnancy?,To determine fetal gender only,"To visualize the fetus, assess growth, and detect abnormalities",To check for chromosomal abnormalities,To assess fetal lung maturity,b,B,35,16-07-2025 14:32
Which of the following is a common complication of preeclampsia?,Low blood pressure,Eclampsia (seizures) and HELLP syndrome,Normal weight gain,Absence of swelling,b,B,35,16-07-2025 14:32
What is the term for the yellowish discharge from the vagina after childbirth?,Lochia rubra,Lochia serosa,Lochia alba,Colostrum,c,C,35,16-07-2025 14:32
Which of the following is a common postpartum complication characterized by pain and swelling in the breast?,Engorgement,Mastitis,Thrush,Blocked milk duct,b,B,35,16-07-2025 14:32
What is the primary purpose of a well-woman check-up?,To diagnose acute illnesses,To provide preventive care and screen for gynecological conditions,To treat chronic diseases,To perform surgical procedures,b,B,35,16-07-2025 14:32
Which of the following is a common cause of amenorrhea (absence of menstruation)?,Regular ovulation,"Pregnancy, hormonal imbalances, or excessive exercise",Normal menstrual cycles,Absence of stress,b,B,35,16-07-2025 14:32
What is the term for the surgical procedure to remove the uterus and ovaries?,Hysterectomy,Oophorectomy,Salpingectomy,Hysterectomy with bilateral salpingo-oophorectomy,d,D,35,16-07-2025 14:32
Which of the following is a common symptom of bacterial vaginosis (BV)?,Odorless vaginal discharge,Fishy-smelling vaginal discharge,Itching and burning,No symptoms,b,B,35,16-07-2025 14:32
What is the term for the condition where the fertilized egg implants in the fallopian tube?,Intrauterine pregnancy,Tubal pregnancy,Molar pregnancy,Ectopic pregnancy,b,B,35,16-07-2025 14:32
Which of the following is a common sign of inevitable abortion?,Closed cervix,Vaginal bleeding with cervical dilation,Absence of bleeding,Mild uterine contractions,b,B,35,16-07-2025 14:32
What is the primary purpose of a non-stress test (NST) during pregnancy?,To assess fetal lung maturity,To monitor fetal heart rate accelerations in response to fetal movement,To determine fetal gender,To check for chromosomal abnormalities,b,B,35,16-07-2025 14:32
Which of the following is a common complication of gestational diabetes?,Low birth weight,Macrosomia (large baby) and neonatal hypoglycemia,Preterm labor,Post-term pregnancy,b,B,35,16-07-2025 14:32
What is the term for the period of time from conception to birth?,Postpartum period,Gestation,Perinatal period,Neonatal period,b,B,35,16-07-2025 14:32
Which of the following is a common postpartum infection?,Common cold,Endometritis,Urinary tract infection (UTI),Mastitis,b,B,35,16-07-2025 14:32
What is the primary purpose of a newborn screening test?,To determine the baby's blood type,To detect serious genetic and metabolic disorders early,To check for allergies,To assess the baby's intelligence,b,B,35,16-07-2025 14:32
Which of the following is a common cause of premature rupture of membranes (PROM)?,Full-term pregnancy,"Infection, polyhydramnios, or multiple gestation",Adequate amniotic fluid,Normal uterine contractions,b,B,35,16-07-2025 14:32
What is the term for the condition where the umbilical cord is wrapped around the baby's neck?,Cord prolapse,Nuchal cord,Vasa previa,Placental abruption,b,B,35,16-07-2025 14:32
Which of the following is a common sign of placenta previa?,Painful vaginal bleeding,Painless vaginal bleeding in the second or third trimester,Abdominal pain,Normal fetal heart rate,b,B,35,16-07-2025 14:32
What is the primary purpose of a hysteroscopy?,To examine the outside of the uterus,To visualize the inside of the uterus,To assess the fallopian tubes,To examine the ovaries,b,B,35,16-07-2025 14:32
Which of the following is a common symptom of uterine polyps?,Painless periods,"Irregular bleeding, heavy periods, or postmenopausal bleeding",Regular menstrual cycles,Absence of abdominal discomfort,b,B,35,16-07-2025 14:32
What is the term for the surgical removal of a fallopian tube?,Hysterectomy,Oophorectomy,Salpingectomy,Myomectomy,c,C,35,16-07-2025 14:32
Which of the following is a common cause of vulvovaginal candidiasis (yeast infection)?,Bacterial infection,Fungal infection (Candida albicans),Viral infection,Parasitic infection,b,B,35,16-07-2025 14:32
What is the primary purpose of a transvaginal ultrasound?,To screen for cervical cancer,"To visualize the uterus, ovaries, and fallopian tubes more clearly",To detect ovarian cysts,To assess uterine health,b,B,35,16-07-2025 14:32
Which of the following is a common symptom of endometriosis?,Painless periods,"Chronic pelvic pain, dysmenorrhea, and infertility",Regular menstrual cycles,Absence of pain during intercourse,b,B,35,16-07-2025 14:32
What is the term for the condition where the uterine lining grows outside the uterus?,Uterine fibroids,Endometriosis,Adenomyosis,Uterine prolapse,b,B,35,16-07-2025 14:32
Which of the following is a common sexually transmitted infection (STI) that can cause genital warts?,Herpes simplex virus,Chlamydia,Human papillomavirus (HPV),Hepatitis B,c,C,35,16-07-2025 14:32
What is the primary purpose of a laparoscopy in gynecology?,To examine the inside of the uterus,To visualize pelvic organs and perform surgical procedures through small incisions,To assess the fallopian tubes,To examine the ovaries,b,B,35,16-07-2025 14:32
Which of the following is a common symptom of ovarian cysts?,Absence of pelvic pain,"Pelvic pain, bloating, and irregular periods",Regular menstrual cycles,Increased appetite,b,B,35,16-07-2025 14:32
What is the term for the procedure where a small sample of tissue is taken from the chorion for genetic testing?,Amniocentesis,Chorionic villus sampling (CVS),Cordocentesis,Fetoscopy,b,B,35,16-07-2025 14:32
Which of the following is a common complication of polyhydramnios (excess amniotic fluid)?,Reduced risk of preterm labor,"Increased risk of preterm labor, placental abruption, and cord prolapse",Easier delivery,Reduced need for monitoring,b,B,35,16-07-2025 14:32
What is the primary purpose of a contraction stress test (CST) during pregnancy?,To assess fetal lung maturity,To evaluate fetal heart rate response to uterine contractions,To determine fetal gender,To check for chromosomal abnormalities,b,B,35,16-07-2025 14:32
Which of the following is a common sign of HELLP syndrome?,Low blood pressure,"Hemolysis, elevated liver enzymes, and low platelet count",Normal weight gain,Absence of swelling,b,B,35,16-07-2025 14:32
What is the term for the process of the uterus returning to its pre-pregnancy size?,Subinvolution,Involution,Lochia,Engorgement,b,B,35,16-07-2025 14:32
Which of the following is a common postpartum complication characterized by a sudden drop in blood pressure?,Postpartum preeclampsia,Postpartum shock,Postpartum depression,Postpartum psychosis,b,B,35,16-07-2025 14:32
What is the primary purpose of a well-baby check-up?,To diagnose acute illnesses,"To monitor growth and development, administer immunizations, and provide anticipatory guidance",To treat chronic diseases,To perform surgical procedures,b,B,35,16-07-2025 14:32
Which of the following is a common cause of infertility in women?,Regular ovulation,"Polycystic Ovary Syndrome (PCOS), endometriosis, or blocked fallopian tubes",Healthy fallopian tubes,Normal hormonal balance,b,B,35,16-07-2025 14:32
"What is the term for the surgical removal of the uterus, cervix, and sometimes ovaries and fallopian tubes?",Oophorectomy,Salpingectomy,Hysterectomy,Total hysterectomy with bilateral salpingo-oophorectomy,d,D,35,16-07-2025 14:32
Which of the following is a common symptom of trichomoniasis?,Odorless vaginal discharge,"Frothy, greenish-yellow vaginal discharge with a strong odor",No symptoms,"White, thick discharge",b,B,35,16-07-2025 14:32
What is the term for the condition where the baby is born after 42 weeks of gestation?,Full-term birth,Preterm birth,Post-term birth,Term birth,c,C,36,16-07-2025 14:32
Which of the following is a common sign of threatened abortion?,Heavy bleeding with tissue passage,Vaginal bleeding with closed cervix,Absence of bleeding,Strong uterine contractions,b,B,36,16-07-2025 14:32
What is the primary purpose of a fetal kick count?,To assess fetal heart rate,To monitor fetal movement and well-being,To determine fetal position,To check for cervical dilation,b,B,36,16-07-2025 14:32
Which of the following is a common complication of pre-existing hypertension in pregnancy?,Low blood pressure,"Increased risk of preeclampsia, placental abruption, and fetal growth restriction",Reduced need for medication,Easier labor,b,B,36,16-07-2025 14:32
"What is the term for the fine, soft hair that covers the body of a newborn?",Vernix caseosa,Lanugo,Milia,Erythema toxicum,b,B,36,16-07-2025 14:32
"Which of the following is a common postpartum complication characterized by severe mood swings, confusion, and hallucinations?",Postpartum depression,Postpartum psychosis,Postpartum anxiety,Baby blues,b,B,36,16-07-2025 14:32
What is the primary purpose of genetic counseling?,To diagnose genetic disorders,To assess the risk of inherited conditions and provide information and support,To treat genetic diseases,To perform genetic testing,b,B,36,16-07-2025 14:32
Which of the following is a common cause of menorrhagia (heavy menstrual bleeding)?,Light periods,"Uterine fibroids, hormonal imbalances, or bleeding disorders",Regular menstrual cycles,Absence of pain,b,B,36,16-07-2025 14:32
What is the term for the surgical procedure to remove an ovarian cyst?,Oophorectomy,Ovarian cystectomy,Salpingectomy,Hysterectomy,b,B,36,16-07-2025 14:32
Which of the following is a common symptom of syphilis?,Painful genital sores,Painless chancre (sore) at the site of infection,No symptoms,Itching and burning,b,B,36,16-07-2025 14:32
What is the term for the condition where the baby's head is not engaged in the pelvis at the onset of labor?,Cephalopelvic disproportion (CPD),High fetal station,Breech presentation,Transverse lie,b,B,36,16-07-2025 14:32
Which of the following is a common sign of fetal distress during labor?,Normal fetal heart rate variability,Persistent late decelerations or absent variability in fetal heart rate,Increased fetal movement,Regular uterine contractions,b,B,36,16-07-2025 14:32
What is the primary purpose of an internal fetal monitor?,To assess fetal lung maturity,To directly monitor fetal heart rate and uterine contractions during labor,To determine fetal gender,To check for chromosomal abnormalities,b,B,36,16-07-2025 14:32
Which of the following is a common complication of prolonged rupture of membranes?,Reduced risk of infection,Increased risk of infection (chorioamnionitis) and cord compression,Faster labor,Normal amniotic fluid volume,b,B,36,16-07-2025 14:32
"What is the term for the cheesy, white substance that covers the skin of a newborn?",Lanugo,Vernix caseosa,Milia,Erythema toxicum,b,B,36,16-07-2025 14:32
Which of the following is a common postpartum complication characterized by a sudden onset of severe headache and vision changes?,Postpartum depression,Postpartum preeclampsia,Postpartum psychosis,Postpartum thyroiditis,b,B,36,16-07-2025 14:32
What is the primary purpose of preconception counseling?,To diagnose infertility,To optimize maternal health before pregnancy to improve pregnancy outcomes,To treat sexually transmitted infections,To provide contraceptive advice,b,B,36,16-07-2025 14:32
Which of the following is a common cause of oligomenorrhea (infrequent menstruation)?,Regular ovulation,"Hormonal imbalances, stress, or excessive exercise",Normal menstrual cycles,Absence of stress,b,B,36,16-07-2025 14:32
What is the term for the surgical procedure to remove a portion of the fallopian tube?,Salpingectomy,Salpingostomy,Fimbrioplasty,Tubal anastomosis,a,A,36,16-07-2025 14:32
Which of the following is a common symptom of gonorrhea?,Painless sores,Painful urination and abnormal discharge,No symptoms,Itching without discharge,b,B,36,16-07-2025 14:32
What is the term for the condition where the placenta separates from the uterine wall prematurely?,Placenta previa,Abruptio placentae,Ectopic pregnancy,Preeclampsia,b,B,36,16-07-2025 14:32
Which of the following is a common sign of placenta accreta?,Easy separation of the placenta,"Placenta abnormally attached to the uterine wall, leading to difficulty with separation",Normal placental expulsion,Reduced risk of hemorrhage,b,B,36,16-07-2025 14:32
What is the primary purpose of a fetal scalp electrode (FSE)?,To assess fetal lung maturity,To directly monitor fetal heart rate during labor,To determine fetal gender,To check for chromosomal abnormalities,b,B,36,16-07-2025 14:32
Which of the following is a common complication of prolonged rupture of membranes?,Reduced risk of infection,Increased risk of infection (chorioamnionitis) and cord compression,Faster labor,Normal amniotic fluid volume,b,B,36,16-07-2025 14:32
What is the term for the soft spots on a newborn's head?,Sutures,Fontanelles,Caput succedaneum,Cephalohematoma,b,B,36,16-07-2025 14:32
Which of the following is a common postpartum complication characterized by a sudden drop in blood pressure?,Postpartum preeclampsia,Postpartum shock,Postpartum depression,Postpartum psychosis,b,B,36,16-07-2025 14:32
What is the primary purpose of a well-child visit?,To diagnose acute illnesses,"To monitor growth and development, administer immunizations, and provide anticipatory guidance",To treat chronic diseases,To perform surgical procedures,b,B,36,16-07-2025 14:32
Which of the following is a common cause of infertility in men?,Normal sperm count,Low sperm count or poor sperm motility,Healthy reproductive organs,Normal hormonal balance,b,B,36,16-07-2025 14:32
What is the term for the surgical procedure to remove a breast?,Lumpectomy,Mastectomy,Biopsy,Mammoplasty,b,B,36,16-07-2025 14:32
Which of the following is a common symptom of human papillomavirus (HPV) infection?,Painful blisters,Genital warts,No symptoms,Fishy odor,b,B,36,16-07-2025 14:32
What is the term for the condition where the cervix shortens and opens too early during pregnancy?,Cervical ripening,Cervical incompetence,Cervical dilation,Cervical effacement,b,B,36,16-07-2025 14:32
Which of the following is a common sign of gestational trophoblastic disease (molar pregnancy)?,Normal fetal development,Abnormally high hCG levels and vaginal bleeding,Absence of nausea,Regular uterine growth,b,B,36,16-07-2025 14:32
What is the primary purpose of an amniotomy?,To induce labor by artificially rupturing the membranes,To stop labor contractions,To assess fetal lung maturity,To administer medication,a,A,36,16-07-2025 14:32
Which of the following is a common complication of shoulder dystocia?,Easy delivery,Brachial plexus injury to the newborn,Reduced maternal bleeding,Faster labor,b,B,36,16-07-2025 14:32
What is the term for the yellowish discoloration of the skin and eyes in newborns?,Cyanosis,Jaundice,Pallor,Erythema,b,B,36,16-07-2025 14:32
Which of the following is a common postpartum complication characterized by fever and abdominal pain?,Urinary tract infection (UTI),Endometritis,Mastitis,Wound infection,b,B,36,16-07-2025 14:32
What is the primary purpose of family planning?,To limit family size only,To enable individuals and couples to decide freely and responsibly the number and spacing of their children,To encourage large families,To prevent all pregnancies,b,B,36,16-07-2025 14:32
Which of the following is a common cause of menorrhagia (heavy menstrual bleeding)?,Light periods,"Uterine fibroids, hormonal imbalances, or bleeding disorders",Regular menstrual cycles,Absence of pain,b,B,36,16-07-2025 14:32
What is the term for the surgical procedure to remove a cyst from an ovary?,Oophorectomy,Ovarian cystectomy,Salpingectomy,Hysterectomy,b,B,36,16-07-2025 14:32
Which of the following is a common symptom of syphilis?,Painful genital sores,Painless chancre (sore) at the site of infection,No symptoms,Itching and burning,b,B,36,16-07-2025 14:32
What is the term for the condition where the baby's head is too large to pass through the mother's pelvis?,Cephalopelvic disproportion (CPD),Breech presentation,Transverse lie,Occiput posterior,a,A,36,16-07-2025 14:32
Which of the following is a common sign of fetal distress during labor?,Normal fetal heart rate variability,Persistent late decelerations or absent variability in fetal heart rate,Increased fetal movement,Regular uterine contractions,b,B,36,16-07-2025 14:32
What is the primary purpose of an external cephalic version (ECV)?,To induce labor,To manually turn a breech baby to a head-down position,To assess fetal lung maturity,To administer medication,b,B,36,16-07-2025 14:32
Which of the following is a common complication of retained placental fragments?,Reduced postpartum bleeding,Postpartum hemorrhage and infection,Faster uterine involution,Normal lochia,b,B,36,16-07-2025 14:32
"What is the term for the bluish discoloration of the hands and feet in newborns, especially when cold?",Jaundice,Acrocyanosis,Pallor,Erythema,b,B,36,16-07-2025 14:32
Which of the following is a common postpartum complication characterized by a sudden onset of severe headache and vision changes?,Postpartum depression,Postpartum preeclampsia,Postpartum psychosis,Postpartum thyroiditis,b,B,36,16-07-2025 14:32
What is the primary purpose of preconception counseling?,To diagnose infertility,To optimize maternal health before pregnancy to improve pregnancy outcomes,To treat sexually transmitted infections,To provide contraceptive advice,b,B,36,16-07-2025 14:32
Which of the following is a common cause of oligomenorrhea (infrequent menstruation)?,Regular ovulation,"Hormonal imbalances, stress, or excessive exercise",Normal menstrual cycles,Absence of stress,b,B,36,16-07-2025 14:32
What is the term for the surgical procedure to remove a portion of the fallopian tube?,Salpingectomy,Salpingostomy,Fimbrioplasty,Tubal anastomosis,a,A,36,16-07-2025 14:32
Which of the following is a common symptom of gonorrhea?,Painless sores,Painful urination and abnormal discharge,No symptoms,Itching without discharge,b,B,36,16-07-2025 14:32
What is the term for the condition where the baby is born before 37 weeks of gestation?,Full-term birth,Preterm birth,Post-term birth,Term birth,b,B,37,16-07-2025 14:32
Which of the following is a common sign of hyperemesis gravidarum?,Mild nausea,Severe nausea and vomiting leading to weight loss and dehydration,Increased appetite,Absence of vomiting,b,B,37,16-07-2025 14:32
What is the primary purpose of a cervical cerclage?,To induce labor,To reinforce a weak cervix to prevent premature birth,To assess fetal lung maturity,To administer medication,b,B,37,16-07-2025 14:32
Which of the following is a common complication of multiple gestations?,Reduced risk of preterm labor,"Increased risk of preterm labor, preeclampsia, and gestational diabetes",Easier delivery,Reduced need for monitoring,b,B,37,16-07-2025 14:32
"What is the term for the thick, greenish-black stool passed by a newborn in the first few days?",Meconium,Transitional stool,Breastfed stool,Formula-fed stool,a,A,37,16-07-2025 14:32
Which of the following is a common postpartum complication characterized by fever and uterine tenderness?,Urinary tract infection (UTI),Endometritis,Mastitis,Wound infection,b,B,37,16-07-2025 14:32
What is the primary purpose of a postnatal visit?,To diagnose acute illnesses,To assess maternal and infant well-being and provide support,To treat chronic diseases,To perform surgical procedures,b,B,37,16-07-2025 14:32
Which of the following is a common cause of dysmenorrhea (painful menstruation)?,Absence of pain,"Uterine contractions, endometriosis, or fibroids",Regular menstrual cycles,Normal hormonal balance,b,B,37,16-07-2025 14:32
What is the term for the surgical procedure to remove uterine fibroids?,Hysterectomy,Myomectomy,Oophorectomy,Salpingectomy,b,B,37,16-07-2025 14:32
Which of the following is a common symptom of chlamydia?,Painful sores,"Often asymptomatic, but can cause abnormal discharge and painful urination",Genital warts,Fishy odor,b,B,37,16-07-2025 14:32
What is the term for the condition where the baby is in a buttocks-first position?,Cephalic presentation,Breech presentation,Transverse lie,Occiput posterior,b,B,37,16-07-2025 14:32
Which of the following is a common sign of a complete abortion?,Persistent vaginal bleeding,"Passage of all products of conception, with cessation of bleeding and pain",Strong uterine contractions,Open cervix,b,B,37,16-07-2025 14:32
What is the primary purpose of an ultrasound during pregnancy?,To determine fetal gender only,"To visualize the fetus, assess growth, and detect abnormalities",To check for chromosomal abnormalities,To assess fetal lung maturity,b,B,37,16-07-2025 14:32
Which of the following is a common complication of preeclampsia?,Low blood pressure,Eclampsia (seizures) and HELLP syndrome,Normal weight gain,Absence of swelling,b,B,37,16-07-2025 14:32
What is the term for the yellowish discharge from the vagina after childbirth?,Lochia rubra,Lochia serosa,Lochia alba,Colostrum,c,C,37,16-07-2025 14:32
Which of the following is a common postpartum complication characterized by pain and swelling in the breast?,Engorgement,Mastitis,Thrush,Blocked milk duct,b,B,37,16-07-2025 14:32
What is the primary purpose of a well-woman check-up?,To diagnose acute illnesses,To provide preventive care and screen for gynecological conditions,To treat chronic diseases,To perform surgical procedures,b,B,37,16-07-2025 14:32
Which of the following is a common cause of amenorrhea (absence of menstruation)?,Regular ovulation,"Pregnancy, hormonal imbalances, or excessive exercise",Normal menstrual cycles,Absence of stress,b,B,37,16-07-2025 14:32
What is the term for the surgical procedure to remove the uterus and ovaries?,Hysterectomy,Oophorectomy,Salpingectomy,Hysterectomy with bilateral salpingo-oophorectomy,d,D,37,16-07-2025 14:32
Which of the following is a common symptom of bacterial vaginosis (BV)?,Odorless vaginal discharge,Fishy-smelling vaginal discharge,Itching and burning,No symptoms,b,B,37,16-07-2025 14:32
What is the term for the condition where the fertilized egg implants in the fallopian tube?,Intrauterine pregnancy,Tubal pregnancy,Molar pregnancy,Ectopic pregnancy,b,B,37,16-07-2025 14:32
Which of the following is a common sign of inevitable abortion?,Closed cervix,Vaginal bleeding with cervical dilation,Absence of bleeding,Mild uterine contractions,b,B,37,16-07-2025 14:32
What is the primary purpose of a non-stress test (NST) during pregnancy?,To assess fetal lung maturity,To monitor fetal heart rate accelerations in response to fetal movement,To determine fetal gender,To check for chromosomal abnormalities,b,B,37,16-07-2025 14:32
Which of the following is a common complication of gestational diabetes?,Low birth weight,Macrosomia (large baby) and neonatal hypoglycemia,Preterm labor,Post-term pregnancy,b,B,37,16-07-2025 14:32
What is the term for the period of time from conception to birth?,Postpartum period,Gestation,Perinatal period,Neonatal period,b,B,37,16-07-2025 14:32
Which of the following is a common postpartum infection?,Common cold,Endometritis,Urinary tract infection (UTI),Mastitis,b,B,37,16-07-2025 14:32
What is the primary purpose of a newborn screening test?,To determine the baby's blood type,To detect serious genetic and metabolic disorders early,To check for allergies,To assess the baby's intelligence,b,B,37,16-07-2025 14:32
Which of the following is a common cause of premature rupture of membranes (PROM)?,Full-term pregnancy,"Infection, polyhydramnios, or multiple gestation",Adequate amniotic fluid,Normal uterine contractions,b,B,37,16-07-2025 14:32
What is the term for the condition where the umbilical cord is wrapped around the baby's neck?,Cord prolapse,Nuchal cord,Vasa previa,Placental abruption,b,B,37,16-07-2025 14:32
Which of the following is a common sign of placenta previa?,Painful vaginal bleeding,Painless vaginal bleeding in the second or third trimester,Abdominal pain,Normal fetal heart rate,b,B,37,16-07-2025 14:32
What is the primary purpose of a hysteroscopy?,To examine the outside of the uterus,To visualize the inside of the uterus,To assess the fallopian tubes,To examine the ovaries,b,B,37,16-07-2025 14:32
Which of the following is a common symptom of uterine polyps?,Painless periods,"Irregular bleeding, heavy periods, or postmenopausal bleeding",Regular menstrual cycles,Absence of abdominal discomfort,b,B,37,16-07-2025 14:32
What is the term for the surgical removal of a fallopian tube?,Hysterectomy,Oophorectomy,Salpingectomy,Myomectomy,c,C,37,16-07-2025 14:32
Which of the following is a common cause of vulvovaginal candidiasis (yeast infection)?,Bacterial infection,Fungal infection (Candida albicans),Viral infection,Parasitic infection,b,B,37,16-07-2025 14:32
What is the primary purpose of a transvaginal ultrasound?,To screen for cervical cancer,"To visualize the uterus, ovaries, and fallopian tubes more clearly",To detect ovarian cysts,To assess uterine health,b,B,37,16-07-2025 14:32
Which of the following is a common symptom of endometriosis?,Painless periods,"Chronic pelvic pain, dysmenorrhea, and infertility",Regular menstrual cycles,Absence of pain during intercourse,b,B,37,16-07-2025 14:32
What is the term for the condition where the uterine lining grows outside the uterus?,Uterine fibroids,Endometriosis,Adenomyosis,Uterine prolapse,b,B,37,16-07-2025 14:32
Which of the following is a common sexually transmitted infection (STI) that can cause genital warts?,Herpes simplex virus,Chlamydia,Human papillomavirus (HPV),Hepatitis B,c,C,37,16-07-2025 14:32
What is the primary purpose of a laparoscopy in gynecology?,To examine the inside of the uterus,To visualize pelvic organs and perform surgical procedures through small incisions,To assess the fallopian tubes,To examine the ovaries,b,B,37,16-07-2025 14:32
Which of the following is a common symptom of ovarian cysts?,Absence of pelvic pain,"Pelvic pain, bloating, and irregular periods",Regular menstrual cycles,Increased appetite,b,B,37,16-07-2025 14:32
What is the term for the procedure where a small sample of tissue is taken from the chorion for genetic testing?,Amniocentesis,Chorionic villus sampling (CVS),Cordocentesis,Fetoscopy,b,B,37,16-07-2025 14:32
Which of the following is a common complication of polyhydramnios (excess amniotic fluid)?,Reduced risk of preterm labor,"Increased risk of preterm labor, placental abruption, and cord prolapse",Easier delivery,Reduced need for monitoring,b,B,37,16-07-2025 14:32
What is the primary purpose of a contraction stress test (CST) during pregnancy?,To assess fetal lung maturity,To evaluate fetal heart rate response to uterine contractions,To determine fetal gender,To check for chromosomal abnormalities,b,B,37,16-07-2025 14:32
Which of the following is a common sign of HELLP syndrome?,Low blood pressure,"Hemolysis, elevated liver enzymes, and low platelet count",Normal weight gain,Absence of swelling,b,B,37,16-07-2025 14:32
What is the term for the process of the uterus returning to its pre-pregnancy size?,Subinvolution,Involution,Lochia,Engorgement,b,B,37,16-07-2025 14:32
Which of the following is a common postpartum complication characterized by a sudden drop in blood pressure?,Postpartum preeclampsia,Postpartum shock,Postpartum depression,Postpartum psychosis,b,B,37,16-07-2025 14:32
What is the primary purpose of a well-baby check-up?,To diagnose acute illnesses,"To monitor growth and development, administer immunizations, and provide anticipatory guidance",To treat chronic diseases,To perform surgical procedures,b,B,37,16-07-2025 14:32
Which of the following is a common cause of infertility in women?,Regular ovulation,"Polycystic Ovary Syndrome (PCOS), endometriosis, or blocked fallopian tubes",Healthy fallopian tubes,Normal hormonal balance,b,B,37,16-07-2025 14:32
"What is the term for the surgical removal of the uterus, cervix, and sometimes ovaries and fallopian tubes?",Oophorectomy,Salpingectomy,Hysterectomy,Total hysterectomy with bilateral salpingo-oophorectomy,d,D,37,16-07-2025 14:32
Which of the following is a common symptom of trichomoniasis?,Odorless vaginal discharge,"Frothy, greenish-yellow vaginal discharge with a strong odor",No symptoms,"White, thick discharge",b,B,37,16-07-2025 14:32
What is the term for the condition where the baby is born after 42 weeks of gestation?,Full-term birth,Preterm birth,Post-term birth,Term birth,c,C,38,16-07-2025 14:32
Which of the following is a common sign of threatened abortion?,Heavy bleeding with tissue passage,Vaginal bleeding with closed cervix,Absence of bleeding,Strong uterine contractions,b,B,38,16-07-2025 14:32
What is the primary purpose of a fetal kick count?,To assess fetal heart rate,To monitor fetal movement and well-being,To determine fetal position,To check for cervical dilation,b,B,38,16-07-2025 14:32
Which of the following is a common complication of pre-existing hypertension in pregnancy?,Low blood pressure,"Increased risk of preeclampsia, placental abruption, and fetal growth restriction",Reduced need for medication,Easier labor,b,B,38,16-07-2025 14:32
"What is the term for the fine, soft hair that covers the body of a newborn?",Vernix caseosa,Lanugo,Milia,Erythema toxicum,b,B,38,16-07-2025 14:32
"Which of the following is a common postpartum complication characterized by severe mood swings, confusion, and hallucinations?",Postpartum depression,Postpartum psychosis,Postpartum anxiety,Baby blues,b,B,38,16-07-2025 14:32
What is the primary purpose of genetic counseling?,To diagnose genetic disorders,To assess the risk of inherited conditions and provide information and support,To treat genetic diseases,To perform genetic testing,b,B,38,16-07-2025 14:32
Which of the following is a common cause of menorrhagia (heavy menstrual bleeding)?,Light periods,"Uterine fibroids, hormonal imbalances, or bleeding disorders",Regular menstrual cycles,Absence of pain,b,B,38,16-07-2025 14:32
What is the term for the surgical procedure to remove an ovarian cyst?,Oophorectomy,Ovarian cystectomy,Salpingectomy,Hysterectomy,b,B,38,16-07-2025 14:32
Which of the following is a common symptom of syphilis?,Painful genital sores,Painless chancre (sore) at the site of infection,No symptoms,Itching and burning,b,B,38,16-07-2025 14:32
What is the term for the condition where the baby's head is not engaged in the pelvis at the onset of labor?,Cephalopelvic disproportion (CPD),High fetal station,Breech presentation,Transverse lie,b,B,38,16-07-2025 14:32
Which of the following is a common sign of fetal distress during labor?,Normal fetal heart rate variability,Persistent late decelerations or absent variability in fetal heart rate,Increased fetal movement,Regular uterine contractions,b,B,38,16-07-2025 14:32
What is the primary purpose of an internal fetal monitor?,To assess fetal lung maturity,To directly monitor fetal heart rate and uterine contractions during labor,To determine fetal gender,To check for chromosomal abnormalities,b,B,38,16-07-2025 14:32
Which of the following is a common complication of prolonged rupture of membranes?,Reduced risk of infection,Increased risk of infection (chorioamnionitis) and cord compression,Faster labor,Normal amniotic fluid volume,b,B,38,16-07-2025 14:32
"What is the term for the cheesy, white substance that covers the skin of a newborn?",Lanugo,Vernix caseosa,Milia,Erythema toxicum,b,B,38,16-07-2025 14:32
Which of the following is a common postpartum complication characterized by a sudden onset of severe headache and vision changes?,Postpartum depression,Postpartum preeclampsia,Postpartum psychosis,Postpartum thyroiditis,b,B,38,16-07-2025 14:32
What is the primary purpose of preconception counseling?,To diagnose infertility,To optimize maternal health before pregnancy to improve pregnancy outcomes,To treat sexually transmitted infections,To provide contraceptive advice,b,B,38,16-07-2025 14:32
Which of the following is a common cause of oligomenorrhea (infrequent menstruation)?,Regular ovulation,"Hormonal imbalances, stress, or excessive exercise",Normal menstrual cycles,Absence of stress,b,B,38,16-07-2025 14:32
What is the term for the surgical procedure to remove a portion of the fallopian tube?,Salpingectomy,Salpingostomy,Fimbrioplasty,Tubal anastomosis,a,A,38,16-07-2025 14:32
Which of the following is a common symptom of gonorrhea?,Painless sores,Painful urination and abnormal discharge,No symptoms,Itching without discharge,b,B,38,16-07-2025 14:32
What is the term for the condition where the placenta separates from the uterine wall prematurely?,Placenta previa,Abruptio placentae,Ectopic pregnancy,Preeclampsia,b,B,38,16-07-2025 14:32
Which of the following is a common sign of placenta accreta?,Easy separation of the placenta,"Placenta abnormally attached to the uterine wall, leading to difficulty with separation",Normal placental expulsion,Reduced risk of hemorrhage,b,B,38,16-07-2025 14:32
What is the primary purpose of a fetal scalp electrode (FSE)?,To assess fetal lung maturity,To directly monitor fetal heart rate during labor,To determine fetal gender,To check for chromosomal abnormalities,b,B,38,16-07-2025 14:32
Which of the following is a common complication of prolonged rupture of membranes?,Reduced risk of infection,Increased risk of infection (chorioamnionitis) and cord compression,Faster labor,Normal amniotic fluid volume,b,B,38,16-07-2025 14:32
What is the term for the soft spots on a newborn's head?,Sutures,Fontanelles,Caput succedaneum,Cephalohematoma,b,B,38,16-07-2025 14:32
Which of the following is a common postpartum complication characterized by a sudden drop in blood pressure?,Postpartum preeclampsia,Postpartum shock,Postpartum depression,Postpartum psychosis,b,B,38,16-07-2025 14:32
What is the primary purpose of a well-child visit?,To diagnose acute illnesses,"To monitor growth and development, administer immunizations, and provide anticipatory guidance",To treat chronic diseases,To perform surgical procedures,b,B,38,16-07-2025 14:32
Which of the following is a common cause of infertility in men?,Normal sperm count,Low sperm count or poor sperm motility,Healthy reproductive organs,Normal hormonal balance,b,B,38,16-07-2025 14:32
What is the term for the surgical procedure to remove a breast?,Lumpectomy,Mastectomy,Biopsy,Mammoplasty,b,B,38,16-07-2025 14:32
Which of the following is a common symptom of human papillomavirus (HPV) infection?,Painful blisters,Genital warts,No symptoms,Fishy odor,b,B,38,16-07-2025 14:32
What is the term for the condition where the cervix shortens and opens too early during pregnancy?,Cervical ripening,Cervical incompetence,Cervical dilation,Cervical effacement,b,B,38,16-07-2025 14:32
Which of the following is a common sign of gestational trophoblastic disease (molar pregnancy)?,Normal fetal development,Abnormally high hCG levels and vaginal bleeding,Absence of nausea,Regular uterine growth,b,B,38,16-07-2025 14:32
What is the primary purpose of an amniotomy?,To induce labor by artificially rupturing the membranes,To stop labor contractions,To assess fetal lung maturity,To administer medication,a,A,38,16-07-2025 14:32
Which of the following is a common complication of shoulder dystocia?,Easy delivery,Brachial plexus injury to the newborn,Reduced maternal bleeding,Faster labor,b,B,38,16-07-2025 14:32
What is the term for the yellowish discoloration of the skin and eyes in newborns?,Cyanosis,Jaundice,Pallor,Erythema,b,B,38,16-07-2025 14:32
Which of the following is a common postpartum complication characterized by fever and abdominal pain?,Urinary tract infection (UTI),Endometritis,Mastitis,Wound infection,b,B,38,16-07-2025 14:32
What is the primary purpose of family planning?,To limit family size only,To enable individuals and couples to decide freely and responsibly the number and spacing of their children,To encourage large families,To prevent all pregnancies,b,B,38,16-07-2025 14:32
Which of the following is a common cause of menorrhagia (heavy menstrual bleeding)?,Light periods,"Uterine fibroids, hormonal imbalances, or bleeding disorders",Regular menstrual cycles,Absence of pain,b,B,38,16-07-2025 14:32
What is the term for the surgical procedure to remove a cyst from an ovary?,Oophorectomy,Ovarian cystectomy,Salpingectomy,Hysterectomy,b,B,38,16-07-2025 14:32
Which of the following is a common symptom of syphilis?,Painful genital sores,Painless chancre (sore) at the site of infection,No symptoms,Itching and burning,b,B,38,16-07-2025 14:32
What is the term for the condition where the baby's head is too large to pass through the mother's pelvis?,Cephalopelvic disproportion (CPD),Breech presentation,Transverse lie,Occiput posterior,a,A,38,16-07-2025 14:32
Which of the following is a common sign of fetal distress during labor?,Normal fetal heart rate variability,Persistent late decelerations or absent variability in fetal heart rate,Increased fetal movement,Regular uterine contractions,b,B,38,16-07-2025 14:32
What is the primary purpose of an external cephalic version (ECV)?,To induce labor,To manually turn a breech baby to a head-down position,To assess fetal lung maturity,To administer medication,b,B,38,16-07-2025 14:32
Which of the following is a common complication of retained placental fragments?,Reduced postpartum bleeding,Postpartum hemorrhage and infection,Faster uterine involution,Normal lochia,b,B,38,16-07-2025 14:32
"What is the term for the bluish discoloration of the hands and feet in newborns, especially when cold?",Jaundice,Acrocyanosis,Pallor,Erythema,b,B,38,16-07-2025 14:32
Which of the following is a common postpartum complication characterized by a sudden onset of severe headache and vision changes?,Postpartum depression,Postpartum preeclampsia,Postpartum psychosis,Postpartum thyroiditis,b,B,38,16-07-2025 14:32
What is the primary purpose of preconception counseling?,To diagnose infertility,To optimize maternal health before pregnancy to improve pregnancy outcomes,To treat sexually transmitted infections,To provide contraceptive advice,b,B,38,16-07-2025 14:32
Which of the following is a common cause of oligomenorrhea (infrequent menstruation)?,Regular ovulation,"Hormonal imbalances, stress, or excessive exercise",Normal menstrual cycles,Absence of stress,b,B,38,16-07-2025 14:32
What is the term for the surgical procedure to remove a portion of the fallopian tube?,Salpingectomy,Salpingostomy,Fimbrioplasty,Tubal anastomosis,a,A,38,16-07-2025 14:32
Which of the following is a common symptom of gonorrhea?,Painless sores,Painful urination and abnormal discharge,No symptoms,Itching without discharge,b,B,38,16-07-2025 14:32
What is the term for the condition where the baby is born before 37 weeks of gestation?,Full-term birth,Preterm birth,Post-term birth,Term birth,b,B,39,16-07-2025 14:32
Which of the following is a common sign of hyperemesis gravidarum?,Mild nausea,Severe nausea and vomiting leading to weight loss and dehydration,Increased appetite,Absence of vomiting,b,B,39,16-07-2025 14:32
What is the primary purpose of a cervical cerclage?,To induce labor,To reinforce a weak cervix to prevent premature birth,To assess fetal lung maturity,To administer medication,b,B,39,16-07-2025 14:32
Which of the following is a common complication of multiple gestations?,Reduced risk of preterm labor,"Increased risk of preterm labor, preeclampsia, and gestational diabetes",Easier delivery,Reduced need for monitoring,b,B,39,16-07-2025 14:32
"What is the term for the thick, greenish-black stool passed by a newborn in the first few days?",Meconium,Transitional stool,Breastfed stool,Formula-fed stool,a,A,39,16-07-2025 14:32
Which of the following is a common postpartum complication characterized by fever and uterine tenderness?,Urinary tract infection (UTI),Endometritis,Mastitis,Wound infection,b,B,39,16-07-2025 14:32
What is the primary purpose of a postnatal visit?,To diagnose acute illnesses,To assess maternal and infant well-being and provide support,To treat chronic diseases,To perform surgical procedures,b,B,39,16-07-2025 14:32
Which of the following is a common cause of dysmenorrhea (painful menstruation)?,Absence of pain,"Uterine contractions, endometriosis, or fibroids",Regular menstrual cycles,Normal hormonal balance,b,B,39,16-07-2025 14:32
What is the term for the surgical procedure to remove uterine fibroids?,Hysterectomy,Myomectomy,Oophorectomy,Salpingectomy,b,B,39,16-07-2025 14:32
Which of the following is a common symptom of chlamydia?,Painful sores,"Often asymptomatic, but can cause abnormal discharge and painful urination",Genital warts,Fishy odor,b,B,39,16-07-2025 14:32
What is the term for the condition where the baby is in a buttocks-first position?,Cephalic presentation,Breech presentation,Transverse lie,Occiput posterior,b,B,39,16-07-2025 14:32
Which of the following is a common sign of a complete abortion?,Persistent vaginal bleeding,"Passage of all products of conception, with cessation of bleeding and pain",Strong uterine contractions,Open cervix,b,B,39,16-07-2025 14:32
What is the primary purpose of an ultrasound during pregnancy?,To determine fetal gender only,"To visualize the fetus, assess growth, and detect abnormalities",To check for chromosomal abnormalities,To assess fetal lung maturity,b,B,39,16-07-2025 14:32
Which of the following is a common complication of preeclampsia?,Low blood pressure,Eclampsia (seizures) and HELLP syndrome,Normal weight gain,Absence of swelling,b,B,39,16-07-2025 14:32
What is the term for the yellowish discharge from the vagina after childbirth?,Lochia rubra,Lochia serosa,Lochia alba,Colostrum,c,C,39,16-07-2025 14:32
Which of the following is a common postpartum complication characterized by pain and swelling in the breast?,Engorgement,Mastitis,Thrush,Blocked milk duct,b,B,39,16-07-2025 14:32
What is the primary purpose of a well-woman check-up?,To diagnose acute illnesses,To provide preventive care and screen for gynecological conditions,To treat chronic diseases,To perform surgical procedures,b,B,39,16-07-2025 14:32
Which of the following is a common cause of amenorrhea (absence of menstruation)?,Regular ovulation,"Pregnancy, hormonal imbalances, or excessive exercise",Normal menstrual cycles,Absence of stress,b,B,39,16-07-2025 14:32
What is the term for the surgical procedure to remove the uterus and ovaries?,Hysterectomy,Oophorectomy,Salpingectomy,Hysterectomy with bilateral salpingo-oophorectomy,d,D,39,16-07-2025 14:32
Which of the following is a common symptom of bacterial vaginosis (BV)?,Odorless vaginal discharge,Fishy-smelling vaginal discharge,Itching and burning,No symptoms,b,B,39,16-07-2025 14:32
What is the term for the condition where the fertilized egg implants in the fallopian tube?,Intrauterine pregnancy,Tubal pregnancy,Molar pregnancy,Ectopic pregnancy,b,B,39,16-07-2025 14:32
Which of the following is a common sign of inevitable abortion?,Closed cervix,Vaginal bleeding with cervical dilation,Absence of bleeding,Mild uterine contractions,b,B,39,16-07-2025 14:32
What is the primary purpose of a non-stress test (NST) during pregnancy?,To assess fetal lung maturity,To monitor fetal heart rate accelerations in response to fetal movement,To determine fetal gender,To check for chromosomal abnormalities,b,B,39,16-07-2025 14:32
Which of the following is a common complication of gestational diabetes?,Low birth weight,Macrosomia (large baby) and neonatal hypoglycemia,Preterm labor,Post-term pregnancy,b,B,39,16-07-2025 14:32
What is the term for the period of time from conception to birth?,Postpartum period,Gestation,Perinatal period,Neonatal period,b,B,39,16-07-2025 14:32
Which of the following is a common postpartum infection?,Common cold,Endometritis,Urinary tract infection (UTI),Mastitis,b,B,39,16-07-2025 14:32
What is the primary purpose of a newborn screening test?,To determine the baby's blood type,To detect serious genetic and metabolic disorders early,To check for allergies,To assess the baby's intelligence,b,B,39,16-07-2025 14:32
Which of the following is a common cause of premature rupture of membranes (PROM)?,Full-term pregnancy,"Infection, polyhydramnios, or multiple gestation",Adequate amniotic fluid,Normal uterine contractions,b,B,39,16-07-2025 14:32
What is the term for the condition where the umbilical cord is wrapped around the baby's neck?,Cord prolapse,Nuchal cord,Vasa previa,Placental abruption,b,B,39,16-07-2025 14:32
Which of the following is a common sign of placenta previa?,Painful vaginal bleeding,Painless vaginal bleeding in the second or third trimester,Abdominal pain,Normal fetal heart rate,b,B,39,16-07-2025 14:32
What is the primary purpose of a hysteroscopy?,To examine the outside of the uterus,To visualize the inside of the uterus,To assess the fallopian tubes,To examine the ovaries,b,B,39,16-07-2025 14:32
Which of the following is a common symptom of uterine polyps?,Painless periods,"Irregular bleeding, heavy periods, or postmenopausal bleeding",Regular menstrual cycles,Absence of abdominal discomfort,b,B,39,16-07-2025 14:32
What is the term for the surgical removal of a fallopian tube?,Hysterectomy,Oophorectomy,Salpingectomy,Myomectomy,c,C,39,16-07-2025 14:32
Which of the following is a common cause of vulvovaginal candidiasis (yeast infection)?,Bacterial infection,Fungal infection (Candida albicans),Viral infection,Parasitic infection,b,B,39,16-07-2025 14:32
What is the primary purpose of a transvaginal ultrasound?,To screen for cervical cancer,"To visualize the uterus, ovaries, and fallopian tubes more clearly",To detect ovarian cysts,To assess uterine health,b,B,39,16-07-2025 14:32
Which of the following is a common symptom of endometriosis?,Painless periods,"Chronic pelvic pain, dysmenorrhea, and infertility",Regular menstrual cycles,Absence of pain during intercourse,b,B,39,16-07-2025 14:32
What is the term for the condition where the uterine lining grows outside the uterus?,Uterine fibroids,Endometriosis,Adenomyosis,Uterine prolapse,b,B,39,16-07-2025 14:32
Which of the following is a common sexually transmitted infection (STI) that can cause genital warts?,Herpes simplex virus,Chlamydia,Human papillomavirus (HPV),Hepatitis B,c,C,39,16-07-2025 14:32
What is the primary purpose of a laparoscopy in gynecology?,To examine the inside of the uterus,To visualize pelvic organs and perform surgical procedures through small incisions,To assess the fallopian tubes,To examine the ovaries,b,B,39,16-07-2025 14:32
Which of the following is a common symptom of ovarian cysts?,Absence of pelvic pain,"Pelvic pain, bloating, and irregular periods",Regular menstrual cycles,Increased appetite,b,B,39,16-07-2025 14:32
What is the term for the procedure where a small sample of tissue is taken from the chorion for genetic testing?,Amniocentesis,Chorionic villus sampling (CVS),Cordocentesis,Fetoscopy,b,B,39,16-07-2025 14:32
Which of the following is a common complication of polyhydramnios (excess amniotic fluid)?,Reduced risk of preterm labor,"Increased risk of preterm labor, placental abruption, and cord prolapse",Easier delivery,Reduced need for monitoring,b,B,39,16-07-2025 14:32
What is the primary purpose of a contraction stress test (CST) during pregnancy?,To assess fetal lung maturity,To evaluate fetal heart rate response to uterine contractions,To determine fetal gender,To check for chromosomal abnormalities,b,B,39,16-07-2025 14:32
Which of the following is a common sign of HELLP syndrome?,Low blood pressure,"Hemolysis, elevated liver enzymes, and low platelet count",Normal weight gain,Absence of swelling,b,B,39,16-07-2025 14:32
What is the term for the process of the uterus returning to its pre-pregnancy size?,Subinvolution,Involution,Lochia,Engorgement,b,B,39,16-07-2025 14:32
Which of the following is a common postpartum complication characterized by a sudden drop in blood pressure?,Postpartum preeclampsia,Postpartum shock,Postpartum depression,Postpartum psychosis,b,B,39,16-07-2025 14:32
What is the primary purpose of a well-baby check-up?,To diagnose acute illnesses,"To monitor growth and development, administer immunizations, and provide anticipatory guidance",To treat chronic diseases,To perform surgical procedures,b,B,39,16-07-2025 14:32
Which of the following is a common cause of infertility in women?,Regular ovulation,"Polycystic Ovary Syndrome (PCOS), endometriosis, or blocked fallopian tubes",Healthy fallopian tubes,Normal hormonal balance,b,B,39,16-07-2025 14:32
"What is the term for the surgical removal of the uterus, cervix, and sometimes ovaries and fallopian tubes?",Oophorectomy,Salpingectomy,Hysterectomy,Total hysterectomy with bilateral salpingo-oophorectomy,d,D,39,16-07-2025 14:32
Which of the following is a common symptom of trichomoniasis?,Odorless vaginal discharge,"Frothy, greenish-yellow vaginal discharge with a strong odor",No symptoms,"White, thick discharge",b,B,39,16-07-2025 14:32
What is the term for the condition where the baby is born after 42 weeks of gestation?,Full-term birth,Preterm birth,Post-term birth,Term birth,c,C,40,16-07-2025 14:32
Which of the following is a common sign of threatened abortion?,Heavy bleeding with tissue passage,Vaginal bleeding with closed cervix,Absence of bleeding,Strong uterine contractions,b,B,40,16-07-2025 14:32
What is the primary purpose of a fetal kick count?,To assess fetal heart rate,To monitor fetal movement and well-being,To determine fetal position,To check for cervical dilation,b,B,40,16-07-2025 14:32
Which of the following is a common complication of pre-existing hypertension in pregnancy?,Low blood pressure,"Increased risk of preeclampsia, placental abruption, and fetal growth restriction",Reduced need for medication,Easier labor,b,B,40,16-07-2025 14:32
"What is the term for the fine, soft hair that covers the body of a newborn?",Vernix caseosa,Lanugo,Milia,Erythema toxicum,b,B,40,16-07-2025 14:32
"Which of the following is a common postpartum complication characterized by severe mood swings, confusion, and hallucinations?",Postpartum depression,Postpartum psychosis,Postpartum anxiety,Baby blues,b,B,40,16-07-2025 14:32
What is the primary purpose of genetic counseling?,To diagnose genetic disorders,To assess the risk of inherited conditions and provide information and support,To treat genetic diseases,To perform genetic testing,b,B,40,16-07-2025 14:32
Which of the following is a common cause of menorrhagia (heavy menstrual bleeding)?,Light periods,"Uterine fibroids, hormonal imbalances, or bleeding disorders",Regular menstrual cycles,Absence of pain,b,B,40,16-07-2025 14:32
What is the term for the surgical procedure to remove an ovarian cyst?,Oophorectomy,Ovarian cystectomy,Salpingectomy,Hysterectomy,b,B,40,16-07-2025 14:32
Which of the following is a common symptom of syphilis?,Painful genital sores,Painless chancre (sore) at the site of infection,No symptoms,Itching and burning,b,B,40,16-07-2025 14:32
What is the term for the condition where the baby's head is not engaged in the pelvis at the onset of labor?,Cephalopelvic disproportion (CPD),High fetal station,Breech presentation,Transverse lie,b,B,40,16-07-2025 14:32
Which of the following is a common sign of fetal distress during labor?,Normal fetal heart rate variability,Persistent late decelerations or absent variability in fetal heart rate,Increased fetal movement,Regular uterine contractions,b,B,40,16-07-2025 14:32
What is the primary purpose of an internal fetal monitor?,To assess fetal lung maturity,To directly monitor fetal heart rate and uterine contractions during labor,To determine fetal gender,To check for chromosomal abnormalities,b,B,40,16-07-2025 14:32
Which of the following is a common complication of prolonged rupture of membranes?,Reduced risk of infection,Increased risk of infection (chorioamnionitis) and cord compression,Faster labor,Normal amniotic fluid volume,b,B,40,16-07-2025 14:32
"What is the term for the cheesy, white substance that covers the skin of a newborn?",Lanugo,Vernix caseosa,Milia,Erythema toxicum,b,B,40,16-07-2025 14:32
Which of the following is a common postpartum complication characterized by a sudden onset of severe headache and vision changes?,Postpartum depression,Postpartum preeclampsia,Postpartum psychosis,Postpartum thyroiditis,b,B,40,16-07-2025 14:32
What is the primary purpose of preconception counseling?,To diagnose infertility,To optimize maternal health before pregnancy to improve pregnancy outcomes,To treat sexually transmitted infections,To provide contraceptive advice,b,B,40,16-07-2025 14:32
Which of the following is a common cause of oligomenorrhea (infrequent menstruation)?,Regular ovulation,"Hormonal imbalances, stress, or excessive exercise",Normal menstrual cycles,Absence of stress,b,B,40,16-07-2025 14:32
What is the term for the surgical procedure to remove a portion of the fallopian tube?,Salpingectomy,Salpingostomy,Fimbrioplasty,Tubal anastomosis,a,A,40,16-07-2025 14:32
Which of the following is a common symptom of gonorrhea?,Painless sores,Painful urination and abnormal discharge,No symptoms,Itching without discharge,b,B,40,16-07-2025 14:32
What is the term for the condition where the placenta separates from the uterine wall prematurely?,Placenta previa,Abruptio placentae,Ectopic pregnancy,Preeclampsia,b,B,40,16-07-2025 14:32
Which of the following is a common sign of placenta accreta?,Easy separation of the placenta,"Placenta abnormally attached to the uterine wall, leading to difficulty with separation",Normal placental expulsion,Reduced risk of hemorrhage,b,B,40,16-07-2025 14:32
What is the primary purpose of a fetal scalp electrode (FSE)?,To assess fetal lung maturity,To directly monitor fetal heart rate during labor,To determine fetal gender,To check for chromosomal abnormalities,b,B,40,16-07-2025 14:32
Which of the following is a common complication of prolonged rupture of membranes?,Reduced risk of infection,Increased risk of infection (chorioamnionitis) and cord compression,Faster labor,Normal amniotic fluid volume,b,B,40,16-07-2025 14:32
What is the term for the soft spots on a newborn's head?,Sutures,Fontanelles,Caput succedaneum,Cephalohematoma,b,B,40,16-07-2025 14:32
Which of the following is a common postpartum complication characterized by a sudden drop in blood pressure?,Postpartum preeclampsia,Postpartum shock,Postpartum depression,Postpartum psychosis,b,B,40,16-07-2025 14:32
What is the primary purpose of a well-child visit?,To diagnose acute illnesses,"To monitor growth and development, administer immunizations, and provide anticipatory guidance",To treat chronic diseases,To perform surgical procedures,b,B,40,16-07-2025 14:32
Which of the following is a common cause of infertility in men?,Normal sperm count,Low sperm count or poor sperm motility,Healthy reproductive organs,Normal hormonal balance,b,B,40,16-07-2025 14:32
What is the term for the surgical procedure to remove a breast?,Lumpectomy,Mastectomy,Biopsy,Mammoplasty,b,B,40,16-07-2025 14:32
Which of the following is a common symptom of human papillomavirus (HPV) infection?,Painful blisters,Genital warts,No symptoms,Fishy odor,b,B,40,16-07-2025 14:32
What is the term for the condition where the cervix shortens and opens too early during pregnancy?,Cervical ripening,Cervical incompetence,Cervical dilation,Cervical effacement,b,B,40,16-07-2025 14:32
Which of the following is a common sign of gestational trophoblastic disease (molar pregnancy)?,Normal fetal development,Abnormally high hCG levels and vaginal bleeding,Absence of nausea,Regular uterine growth,b,B,40,16-07-2025 14:32
What is the primary purpose of an amniotomy?,To induce labor by artificially rupturing the membranes,To stop labor contractions,To assess fetal lung maturity,To administer medication,a,A,40,16-07-2025 14:32
Which of the following is a common complication of shoulder dystocia?,Easy delivery,Brachial plexus injury to the newborn,Reduced maternal bleeding,Faster labor,b,B,40,16-07-2025 14:32
What is the term for the yellowish discoloration of the skin and eyes in newborns?,Cyanosis,Jaundice,Pallor,Erythema,b,B,40,16-07-2025 14:32
Which of the following is a common postpartum complication characterized by fever and abdominal pain?,Urinary tract infection (UTI),Endometritis,Mastitis,Wound infection,b,B,40,16-07-2025 14:32
What is the primary purpose of family planning?,To limit family size only,To enable individuals and couples to decide freely and responsibly the number and spacing of their children,To encourage large families,To prevent all pregnancies,b,B,40,16-07-2025 14:32
Which of the following is a common cause of menorrhagia (heavy menstrual bleeding)?,Light periods,"Uterine fibroids, hormonal imbalances, or bleeding disorders",Regular menstrual cycles,Absence of pain,b,B,40,16-07-2025 14:32
What is the term for the surgical procedure to remove a cyst from an ovary?,Oophorectomy,Ovarian cystectomy,Salpingectomy,Hysterectomy,b,B,40,16-07-2025 14:32
Which of the following is a common symptom of syphilis?,Painful genital sores,Painless chancre (sore) at the site of infection,No symptoms,Itching and burning,b,B,40,16-07-2025 14:32
What is the term for the condition where the baby's head is too large to pass through the mother's pelvis?,Cephalopelvic disproportion (CPD),Breech presentation,Transverse lie,Occiput posterior,a,A,40,16-07-2025 14:32
Which of the following is a common sign of fetal distress during labor?,Normal fetal heart rate variability,Persistent late decelerations or absent variability in fetal heart rate,Increased fetal movement,Regular uterine contractions,b,B,40,16-07-2025 14:32
What is the primary purpose of an external cephalic version (ECV)?,To induce labor,To manually turn a breech baby to a head-down position,To assess fetal lung maturity,To administer medication,b,B,40,16-07-2025 14:32
Which of the following is a common complication of retained placental fragments?,Reduced postpartum bleeding,Postpartum hemorrhage and infection,Faster uterine involution,Normal lochia,b,B,40,16-07-2025 14:32
"What is the term for the bluish discoloration of the hands and feet in newborns, especially when cold?",Jaundice,Acrocyanosis,Pallor,Erythema,b,B,40,16-07-2025 14:32
Which of the following is a common postpartum complication characterized by a sudden onset of severe headache and vision changes?,Postpartum depression,Postpartum preeclampsia,Postpartum psychosis,Postpartum thyroiditis,b,B,40,16-07-2025 14:32
What is the primary purpose of preconception counseling?,To diagnose infertility,To optimize maternal health before pregnancy to improve pregnancy outcomes,To treat sexually transmitted infections,To provide contraceptive advice,b,B,40,16-07-2025 14:32
Which of the following is a common cause of oligomenorrhea (infrequent menstruation)?,Regular ovulation,"Hormonal imbalances, stress, or excessive exercise",Normal menstrual cycles,Absence of stress,b,B,40,16-07-2025 14:32
What is the term for the surgical procedure to remove a portion of the fallopian tube?,Salpingectomy,Salpingostomy,Fimbrioplasty,Tubal anastomosis,a,A,40,16-07-2025 14:32
Which of the following is a common symptom of gonorrhea?,Painless sores,Painful urination and abnormal discharge,No symptoms,Itching without discharge,b,B,40,16-07-2025 14:32
What is the term for the condition where the baby is born before 37 weeks of gestation?,Full-term birth,Preterm birth,Post-term birth,Term birth,b,B,40,16-07-2025 14:32
Which of the following is a common sign of hyperemesis gravidarum?,Mild nausea,Severe nausea and vomiting leading to weight loss and dehydration,Increased appetite,Absence of vomiting,b,B,40,16-07-2025 14:32
What is the primary purpose of a cervical cerclage?,To induce labor,To reinforce a weak cervix to prevent premature birth,To assess fetal lung maturity,To administer medication,b,B,40,16-07-2025 14:32
Which of the following is a common complication of multiple gestations?,Reduced risk of preterm labor,"Increased risk of preterm labor, preeclampsia, and gestational diabetes",Easier delivery,Reduced need for monitoring,b,B,40,16-07-2025 14:32
"What is the term for the thick, greenish-black stool passed by a newborn in the first few days?",Meconium,Transitional stool,Breastfed stool,Formula-fed stool,a,A,40,16-07-2025 14:32
Which of the following is a common postpartum complication characterized by fever and uterine tenderness?,Urinary tract infection (UTI),Endometritis,Mastitis,Wound infection,b,B,40,16-07-2025 14:32
What is the primary purpose of a postnatal visit?,To diagnose acute illnesses,To assess maternal and infant well-being and provide support,To treat chronic diseases,To perform surgical procedures,b,B,40,16-07-2025 14:32
Which of the following is a common cause of dysmenorrhea (painful menstruation)?,Absence of pain,"Uterine contractions, endometriosis, or fibroids",Regular menstrual cycles,Normal hormonal balance,b,B,40,16-07-2025 14:32
What is the term for the surgical procedure to remove uterine fibroids?,Hysterectomy,Myomectomy,Oophorectomy,Salpingectomy,b,B,40,16-07-2025 14:32
Which of the following is a common symptom of chlamydia?,Painful sores,"Often asymptomatic, but can cause abnormal discharge and painful urination",Genital warts,Fishy odor,b,B,40,16-07-2025 14:32
