question_text,option_a,option_b,option_c,option_d,,correct_answer,quiz_test_id,created_at
Which of the following nutrients is the body's primary source of energy?,Protein,Carbohydrate,Fat,Vitamins,b,B,115,16-07-2025 14:32
Macronutrients include all of the following EXCEPT:,Carbohydrates,Proteins,Fats,Minerals,a,A,115,17-07-2025 14:32
Which of the following is a water-soluble vitamin?,Vitamin A,Vitamin C,Vitamin D,Vitamin K,c,C,115,18-07-2025 14:32
Iron is an essential mineral primarily known for its role in:,Bone health,Oxygen transport in the blood (as part of hemoglobin),Thyroid function,Nerve transmission,d,D,115,19-07-2025 14:32
A deficiency of Vitamin D can lead to which condition in children?,Scurvy,Rickets,Pellagra,Beriberi,a,A,115,20-07-2025 14:32
Which of the following foods is a good source of complete protein?,Rice,Lentils,Chicken breast,Spinach,b,B,115,21-07-2025 14:32
Dietary fiber is important for:,Providing energy,Promoting digestive health and preventing constipation,Building muscle tissue,Blood clotting,c,C,115,22-07-2025 14:32
Which of the following fats is generally considered to be the healthiest type to include in the diet?,Saturated fats,Trans fats,Unsaturated fats (monounsaturated and polyunsaturated),Cholesterol,d,D,115,23-07-2025 14:32
The Recommended Dietary Allowance (RDA) for a nutrient is the:,Minimum amount needed to prevent deficiency,Maximum amount that is safe to consume,Average daily level of intake sufficient to meet the nutrient requirements of nearly all (97-98%) healthy individuals,Amount found in a typical serving of food,a,A,115,24-07-2025 14:32
Which of the following is a major function of water in the human body?,Providing calories for energy,Regulating body temperature and transporting nutrients,Synthesizing hormones,Storing genetic information,b,B,115,25-07-2025 14:32
Pellagra is a deficiency disease caused by a lack of which B-vitamin?,Thiamin (B1),Riboflavin (B2),Niacin (B3),Cobalamin (B12),c,C,115,26-07-2025 14:32
Good sources of calcium include:,Citrus fruits,"Dairy products, leafy green vegetables, and fortified foods",Red meat,Potatoes,a,A,115,27-07-2025 14:32
Which of the following is a characteristic of malnutrition?,Always involves being underweight,Can include undernutrition (deficiencies) or overnutrition (excesses),Only affects children in developing countries,Is solely caused by a lack of protein,b,B,115,28-07-2025 14:32
The process of breaking down food into absorbable components is called:,Metabolism,Digestion,Respiration,Circulation,d,D,115,29-07-2025 14:32
Basal Metabolic Rate (BMR) refers to the:,Energy expended during physical activity,Energy needed to digest food,Minimum amount of energy required by the body at rest to maintain vital functions,Total calories consumed in a day,a,A,115,30-07-2025 14:32
Which of the following is a fat-soluble vitamin?,Vitamin B6,Vitamin E,Folic acid,Vitamin C,b,B,115,31-07-2025 14:32
A deficiency of iodine can lead to:,Anemia,Goiter and hypothyroidism,Osteoporosis,Night blindness,c,C,115,01-08-2025 14:32
The primary role of carbohydrates in the diet is to:,Build and repair tissues,Provide a concentrated source of energy and insulate the body,"Supply energy, particularly for the brain and nervous system",Regulate body processes as enzymes and hormones,d,D,115,02-08-2025 14:32
Which of the following is a good source of omega-3 fatty acids?,Olive oil,"Fatty fish (e.g., salmon, mackerel)",Butter,Coconut oil,a,A,115,03-08-2025 14:32
Scurvy is caused by a deficiency of:,Vitamin A,Vitamin B1 (Thiamin),Vitamin C,Vitamin D,b,B,115,04-08-2025 14:32
The building blocks of proteins are called:,Fatty acids,Monosaccharides,Amino acids,Glycerol,c,C,115,05-08-2025 14:32
Which of the following is a common symptom of iron-deficiency anemia?,Increased energy levels,"Fatigue, weakness, and pale skin",Improved cognitive function,Weight gain,d,D,115,06-08-2025 14:32
"The term ""empty calories"" refers to foods that:",Are very low in calories,Provide calories mainly from unhealthy fats and added sugars with few nutrients,Are only found in diet foods,Are difficult to digest,a,A,115,07-08-2025 14:32
Which of the following is a key recommendation of most healthy eating guidelines?,Consume large amounts of red and processed meats,"Increase intake of fruits, vegetables, whole grains, and lean proteins",Avoid all fats in the diet,Drink sugary beverages frequently,b,B,115,08-08-2025 14:32
Vitamin K is essential for:,Vision,Blood clotting,Bone mineralization,Energy metabolism,c,C,115,09-08-2025 14:32
Which of the following is a micronutrient?,Carbohydrates,Fats,Zinc,Protein,d,D,115,10-08-2025 14:32
Beriberi is a disease caused by a deficiency of which vitamin?,Niacin (B3),Thiamin (B1),Riboflavin (B2),Vitamin C,a,A,115,11-08-2025 14:32
The primary function of fluoride in nutrition is to:,Aid in digestion,Prevent dental caries (cavities),Regulate blood sugar,Support immune function,b,B,115,12-08-2025 14:32
Which of the following is a good source of dietary fiber?,White bread,Apple juice,Oats and beans,Cheese,c,C,115,13-08-2025 14:32
"The term ""balanced diet"" means a diet that:",Consists of only one food group,Provides all essential nutrients in appropriate amounts and proportions for good health,Is very low in calories,Excludes all carbohydrates,d,D,115,14-08-2025 14:32
Night blindness can be a symptom of deficiency in which vitamin?,Vitamin C,Vitamin D,Vitamin A,Vitamin B12,a,A,115,15-08-2025 14:32
"Which mineral is crucial for maintaining fluid balance and nerve function, often found in table salt?",Calcium,Iron,Sodium,Potassium,b,B,115,16-08-2025 14:32
The energy value of food is commonly measured in:,Grams,Liters,Kilocalories (Calories),Milligrams,c,C,115,17-08-2025 14:32
Which of the following is a role of protein in the body?,Primary source of quick energy,"Building and repairing tissues, and forming enzymes and hormones",Insulating the body,Storing long-term energy,d,D,115,18-08-2025 14:32
"Osteoporosis, a condition characterized by weak and brittle bones, is often associated with a deficiency of:",Iron and Vitamin C,Calcium and Vitamin D,Sodium and Potassium,Vitamin B12 and Folic Acid,a,A,115,19-08-2025 14:32
Which of the following is a complex carbohydrate?,Glucose,Sucrose (table sugar),Starch,Fructose,b,B,115,20-08-2025 14:32
"Antioxidants, such as Vitamin C and E, help to:",Increase blood pressure,Protect cells from damage caused by free radicals,Promote blood clotting,Store energy in fat cells,c,C,115,21-08-2025 14:32
A major source of Vitamin B12 in the diet is:,Fruits and vegetables,"Animal products (meat, fish, dairy, eggs)",Grains and cereals,Nuts and seeds,d,D,115,22-08-2025 14:32
"The term ""nutrient density"" refers to:",The amount of calories per gram of food,The proportion of essential nutrients relative to the number of calories in a given food,The weight of the food,The ease of digestion of the food,a,A,115,23-08-2025 14:32
Which of the following is a potential health risk associated with high intake of saturated and trans fats?,Improved heart health,Increased risk of cardiovascular disease,Lowered blood cholesterol levels,Reduced risk of obesity,b,B,115,24-08-2025 14:32
Folic acid (folate) is particularly important for women of childbearing age to prevent:,Iron-deficiency anemia,Neural tube defects in the developing fetus,Scurvy,Rickets,c,C,115,25-08-2025 14:32
Which of the following is a function of fats (lipids) in the body?,Primary component of enzymes,Absorption of fat-soluble vitamins and providing insulation,Main source of energy for the brain,Regulating blood glucose levels,d,D,115,26-08-2025 14:32
The condition of kwashiorkor is a severe form of malnutrition primarily caused by:,Insufficient calorie intake,"Insufficient protein intake, often with adequate or near-adequate calorie intake",Vitamin C deficiency,Iron deficiency,a,A,115,27-08-2025 14:32
"Which of the following is a trace mineral, meaning it is needed in very small amounts by the body?",Calcium,Phosphorus,Selenium,Sodium,b,B,115,28-08-2025 14:32
The glycemic index (GI) is a measure of how quickly a carbohydrate-containing food raises:,Blood pressure,Blood glucose levels,Blood cholesterol levels,Body temperature,c,C,115,29-08-2025 14:32
Which of the following is a symptom of dehydration?,Clear urine,Increased energy,"Thirst, dark urine, and fatigue",Moist skin,d,D,115,30-08-2025 14:32
The process by which the body uses nutrients to build and maintain tissues and provide energy is called:,Excretion,Ingestion,Metabolism,Absorption,a,A,115,31-08-2025 14:32
Which of the following food groups is the best source of Vitamin C?,Dairy products,Meat and poultry,"Citrus fruits, berries, and bell peppers",Grains and cereals,b,B,115,01-09-2025 14:32
Marasmus is a severe form of malnutrition characterized by:,Edema (swelling),"Severe deficiency of both calories and protein, leading to extreme wasting",Skin rashes,Hair discoloration,c,C,115,02-09-2025 14:32
Which of the following is a key role of potassium in the body?,Building strong bones,"Maintaining fluid balance, nerve signals, and muscle contractions",Oxygen transport,Blood clotting,d,D,115,03-09-2025 14:32
"The term ""enteral nutrition"" refers to:",Providing nutrients intravenously,"Providing nutrients through the gastrointestinal tract (e.g., via a feeding tube)",A normal oral diet,A diet high in fiber,a,A,116,04-09-2025 14:32
Parenteral nutrition involves providing nutrients:,Orally,Through a feeding tube into the stomach,"Intravenously, bypassing the gastrointestinal tract",Through a feeding tube into the jejunum,b,B,116,05-09-2025 14:32
Which of the following conditions might require parenteral nutrition?,Common cold,Severe malabsorption syndromes or non-functional GI tract,Mild indigestion,A patient who can eat but prefers not to,c,C,116,06-09-2025 14:32
A therapeutic diet is a meal plan that:,Is designed for weight loss only,Controls the intake of certain foods or nutrients as part of medical treatment for a specific condition,Is the same for everyone,Is based on personal preferences rather than medical needs,d,D,116,07-09-2025 14:32
Which of the following is an example of a therapeutic diet?,A diet high in sugar for all patients,A low-sodium diet for hypertension,A diet consisting only of fast food,A diet that excludes all fruits and vegetables,a,A,116,08-09-2025 14:32
The nutritional needs of an infant are primarily met by:,Solid foods from birth,Breast milk or infant formula for the first several months of life,Cow's milk from birth,Water and juice only,b,B,116,09-09-2025 14:32
Complementary feeding for infants typically begins around:,2 months of age,6 months of age,12 months of age,18 months of age,c,C,116,10-09-2025 14:32
Which of the following is an important nutritional consideration during pregnancy?,Decreased need for calories,"Increased need for certain nutrients like folic acid, iron, and calcium",Avoiding all fats,Consuming large amounts of caffeine,d,D,116,11-09-2025 14:32
Nutritional needs during lactation (breastfeeding) generally include:,Lower calorie and fluid intake than during pregnancy,Higher calorie and fluid intake to support milk production,No change from pre-pregnancy needs,A diet very low in protein,a,A,116,12-09-2025 14:32
Which of the following is a common nutritional concern in older adults?,Increased BMR leading to weight loss,"Decreased absorption of some nutrients, risk of dehydration, and potential for malnutrition due to various factors",Overconsumption of fruits and vegetables,Excessive thirst,b,B,116,13-09-2025 14:32
Dysphagia refers to:,Difficulty swallowing,Loss of appetite,Increased thirst,Nausea and vomiting,c,C,116,14-09-2025 14:32
Patients with dysphagia may require:,"A diet high in dry, crumbly foods","Modified food textures (e.g., pureed, minced) and thickened liquids",Only intravenous fluids,A regular diet with no modifications,d,D,116,15-09-2025 14:32
Celiac disease is an autoimmune disorder triggered by the ingestion of:,Lactose,"Gluten (found in wheat, barley, and rye)",Fructose,Histamine,a,A,116,16-09-2025 14:32
The primary dietary management for celiac disease is:,A low-fat diet,A high-protein diet,A strict gluten-free diet for life,A diet high in fiber,b,B,116,17-09-2025 14:32
Lactose intolerance is caused by a deficiency of the enzyme:,Amylase,Lipase,Lactase,Protease,c,C,116,18-09-2025 14:32
Individuals with lactose intolerance may need to:,Increase their intake of dairy products,Avoid or limit lactose-containing foods or use lactase enzyme supplements,Consume more gluten,Follow a low-protein diet,d,D,116,19-09-2025 14:32
Which of the following is a key dietary recommendation for individuals with Type 2 Diabetes Mellitus?,Consuming large amounts of sugary drinks,"Controlling carbohydrate intake, choosing whole grains, and monitoring portion sizes",A diet very high in saturated fats,Avoiding all fruits,a,A,116,20-09-2025 14:32
Medical Nutrition Therapy (MNT) for diabetes aims to:,Cure diabetes completely,"Help manage blood glucose levels, reduce complications, and improve overall health",Encourage weight gain,Eliminate all carbohydrates from the diet,b,B,116,21-09-2025 14:32
"For individuals with hypertension, a common dietary recommendation is to:",Increase sodium intake,"Reduce sodium intake and follow a diet rich in fruits, vegetables, and low-fat dairy (e.g., DASH diet)",Consume a diet high in processed foods,Avoid all potassium-rich foods,c,C,116,22-09-2025 14:32
The DASH (Dietary Approaches to Stop Hypertension) diet emphasizes:,High intake of red meat and sugary foods,"Increased consumption of fruits, vegetables, whole grains, lean proteins, and low-fat dairy, while limiting sodium, saturated fat, and cholesterol",A very low carbohydrate intake,Only consuming liquids,d,D,116,23-09-2025 14:32
Which of the following is a nutritional concern for patients with chronic kidney disease (CKD)?,"Unrestricted intake of protein, phosphorus, and potassium","Often requires restrictions on protein, phosphorus, potassium, and sodium, depending on the stage of CKD",High fluid intake is always recommended,A diet high in salt to improve kidney function,a,A,116,24-09-2025 14:32
"Patients undergoing dialysis often have specific nutritional needs, including:",Very low protein intake,"Often increased protein needs, but continued restrictions on phosphorus, potassium, and fluids",Unrestricted fluid intake,A diet very high in sodium,b,B,116,25-09-2025 14:32
Nutritional support for patients with cancer aims to:,Promote rapid weight gain,"Help maintain nutritional status, manage side effects of treatment (e.g., nausea, anorexia), and support recovery",Cure cancer through diet alone,Encourage consumption of processed foods,c,C,116,26-09-2025 14:32
"Cachexia, often seen in cancer patients, is characterized by:",Increased appetite and weight gain,"Severe muscle wasting, weight loss, and anorexia",Improved immune function,High energy levels,d,D,116,27-09-2025 14:32
Which of the following is important for nutritional assessment of a patient?,Only measuring weight,"Anthropometric measurements (height, weight, BMI), biochemical data (lab tests), clinical signs, and dietary history (ABCD approach)",Asking about their favorite foods only,Assuming all patients have similar nutritional needs,a,A,116,28-09-2025 14:32
Body Mass Index (BMI) is calculated using a person's:,Age and height,Weight and waist circumference,Weight and height (kg/m²),Blood pressure and heart rate,b,B,116,29-09-2025 14:32
A BMI of 30 kg/m² or higher is generally classified as:,Underweight,Normal weight,Overweight,Obese,c,C,116,30-09-2025 14:32
Which of the following is a potential complication of obesity?,Decreased risk of type 2 diabetes,"Increased risk of cardiovascular disease, type 2 diabetes, and certain cancers",Improved joint health,Lower blood pressure,d,D,116,01-10-2025 14:32
Nutritional counseling for weight management should focus on:,Quick-fix diets and restrictive eating patterns,"Sustainable lifestyle changes, including a balanced diet, regular physical activity, and behavioral strategies",Only calorie counting without considering nutrient quality,Encouraging skipping meals,a,A,116,02-10-2025 14:32
Anorexia nervosa is an eating disorder characterized by:,Binge eating followed by purging,Excessive food intake and obesity,"Severe restriction of food intake, intense fear of gaining weight, and distorted body image",Eating non-food substances,b,B,116,03-10-2025 14:32
Bulimia nervosa is an eating disorder characterized by:,Severe food restriction,"Recurrent episodes of binge eating followed by compensatory behaviors (e.g., vomiting, laxative abuse)",A healthy relationship with food,Only eating very small portions,c,C,116,04-10-2025 14:32
Nutritional therapy for eating disorders often involves:,Encouraging further weight loss,"A multidisciplinary approach including medical stabilization, nutritional rehabilitation, and psychotherapy",Focusing only on calorie restriction,Ignoring the psychological aspects of the disorder,d,D,116,05-10-2025 14:32
Which of the following is a common food allergen?,Water,"Peanuts, tree nuts, milk, eggs, soy, wheat, fish, and shellfish",Plain rice,Most vegetables,a,A,116,06-10-2025 14:32
"Anaphylaxis is a severe, life-threatening allergic reaction that requires:",Drinking plenty of water,"Immediate medical attention, often including administration of epinephrine",Taking an antihistamine and waiting for symptoms to resolve,Applying a topical cream,b,B,116,07-10-2025 14:32
"The term ""food intolerance"" (e.g., lactose intolerance) differs from a food allergy in that it:",Always involves the immune system,Typically causes digestive symptoms and does not involve an immune system reaction like allergies do,Is always life-threatening,Is caused by bacteria in food,c,C,116,08-10-2025 14:32
Which of the following is a key principle of food safety to prevent foodborne illness?,Storing all foods at room temperature,"Clean (wash hands and surfaces), Separate (don't cross-contaminate), Cook (to proper temperatures), Chill (refrigerate promptly)",Using the same cutting board for raw meat and vegetables,Thawing frozen foods on the counter for several hours,d,D,116,09-10-2025 14:32
"The danger zone"" for food storage, where bacteria can multiply rapidly, is typically between:",0°F and 32°F (-18°C and 0°C),40°F and 140°F (4°C and 60°C),150°F and 200°F (65°C and 93°C),Below freezing temperatures,a,A,116,10-10-2025 14:32
Which of the following is a common source of Salmonella infection?,Properly cooked meat,Raw or undercooked eggs and poultry,Pasteurized milk,Washed fruits,b,B,116,11-10-2025 14:32
The primary goal of nutritional screening in a clinical setting is to:,Diagnose specific nutritional deficiencies,Quickly identify individuals who are at nutritional risk or may have malnutrition,Plan detailed meal plans for all patients,Provide dietary supplements to everyone,c,C,116,12-10-2025 14:32
Which of the following is a component of a clear liquid diet?,Milk,"Broth, gelatin, and clear juices",Pureed meats,Ice cream,d,D,116,13-10-2025 14:32
A full liquid diet includes foods that are:,Only clear liquids,"Liquid at room temperature or body temperature, including milk, smooth soups, and strained cereals",Solid foods that are easy to chew,Only intravenous fluids,a,A,116,14-10-2025 14:32
A soft diet is often prescribed for patients who have:,No difficulty chewing or swallowing,"Difficulty chewing or swallowing, or after certain surgeries",A need for a high-fiber diet,Severe malabsorption,b,B,116,15-10-2025 14:32
Which of the following nutrients is most likely to be deficient in a strict vegan diet if not carefully planned?,Vitamin C,"Vitamin B12, calcium, iron, and zinc",Carbohydrates,Fiber,c,C,116,16-10-2025 14:32
Probiotics are:,Harmful bacteria found in spoiled food,"Live microorganisms that, when administered in adequate amounts, confer a health benefit on the host (e.g., found in yogurt)",Types of dietary fiber,Synthetic vitamins,d,D,116,17-10-2025 14:32
Prebiotics are:,Antibiotics used to treat infections,"Non-digestible food ingredients that selectively stimulate the growth and/or activity of beneficial bacteria in the colon (e.g., certain fibers)",Harmful food additives,Types of fats,a,A,116,18-10-2025 14:32
"The term ""bioavailability"" in nutrition refers to:",The amount of a nutrient present in a food,The proportion of a nutrient that is absorbed and utilized by the body,The caloric content of a nutrient,The shelf life of a nutrient supplement,b,B,116,19-10-2025 14:32
Which of the following can affect the bioavailability of minerals like iron and calcium?,The color of the food,"The presence of other food components (e.g., phytates, oxalates, vitamin C)",The time of day the food is consumed,The brand of the food,c,C,116,20-10-2025 14:32
The Acceptable Macronutrient Distribution Range (AMDR) for carbohydrates for adults is typically:,10-20% of total daily calories,20-35% of total daily calories,45-65% of total daily calories,70-80% of total daily calories,d,D,116,21-10-2025 14:32
The AMDR for protein for adults is typically:,5-10% of total daily calories,10-35% of total daily calories,40-50% of total daily calories,50-60% of total daily calories,a,A,116,22-10-2025 14:32
The AMDR for fat for adults is typically:,5-15% of total daily calories,20-35% of total daily calories,40-55% of total daily calories,60-75% of total daily calories,b,B,116,23-10-2025 14:32
Which of the following is a role of phosphorus in the body?,Primarily involved in oxygen transport,"Component of bones, teeth, DNA, RNA, and ATP; involved in energy metabolism",Main component of thyroid hormones,Essential for blood clotting,b,B,117,24-10-2025 14:32
Good dietary sources of magnesium include:,Processed meats,"Nuts, seeds, whole grains, and green leafy vegetables",White bread and pasta,Sugary drinks,a,A,117,25-10-2025 14:32
A deficiency of zinc can lead to:,Improved wound healing,"Impaired immune function, growth retardation, and skin lesions",Increased appetite,Stronger bones,c,C,117,26-10-2025 14:32
Which of the following is a function of selenium?,Acts as an antioxidant and is involved in thyroid hormone metabolism,Primarily involved in fluid balance,Essential for vision,Major component of muscle tissue,d,D,117,27-10-2025 14:32
Chromium is a trace mineral that plays a role in:,Bone formation,"Carbohydrate and lipid metabolism, potentially enhancing insulin action",Oxygen transport,Nerve transmission,a,A,117,28-10-2025 14:32
Copper is essential for:,"The formation of hemoglobin and collagen, and plays a role in iron metabolism and immune function",Regulating blood calcium levels,Synthesizing vitamin D,Maintaining blood glucose levels,b,B,117,29-10-2025 14:32
Manganese is involved in:,Blood clotting,"Bone formation, metabolism of amino acids, cholesterol, glucose, and carbohydrates",Vision,Thyroid hormone production,c,C,117,30-10-2025 14:32
Molybdenum is a trace mineral that functions as a cofactor for several enzymes involved in:,Muscle contraction,The metabolism of sulfur-containing amino acids and certain nitrogenous compounds,Oxygen transport,Nerve impulse transmission,a,A,117,31-10-2025 14:32
Which of the following is a common symptom of Vitamin B6 (pyridoxine) deficiency?,Enhanced immune response,"Dermatitis, anemia, convulsions, and confusion",Stronger nails and hair,Increased energy,b,B,117,01-11-2025 14:32
Pantothenic acid (Vitamin B5) is a component of:,Hemoglobin,"Coenzyme A (CoA), which is essential for fatty acid metabolism and other metabolic pathways",Rhodopsin (visual pigment),Collagen,c,C,117,02-11-2025 14:32
Biotin (Vitamin B7) is important for:,Vision,"Carbohydrate, fat, and protein metabolism; often associated with healthy hair, skin, and nails",Blood clotting,Oxygen transport,a,A,117,03-11-2025 14:32
Choline is a nutrient that is important for:,Bone health,"Brain development, liver function, and lipid metabolism",Blood glucose regulation,Muscle growth,b,B,117,04-11-2025 14:32
Which of the following is a characteristic of an essential nutrient?,The body can synthesize it in sufficient amounts,It must be obtained from the diet because the body cannot make it or cannot make enough of it,It is only needed in very small amounts,It provides no calories,c,C,117,05-11-2025 14:32
"The term ""fortification"" in nutrition refers to:",Removing nutrients from food,Adding nutrients to food that were not originally present or present in insignificant amounts,The natural nutrient content of a food,Cooking food at high temperatures,d,D,117,06-11-2025 14:32
"""Enrichment"" of foods typically involves:",Adding new nutrients not naturally found in the food,"Adding back nutrients that were lost during processing (e.g., B vitamins and iron in refined grains)",Removing all fats from a food,Increasing the sugar content of a food,a,A,117,07-11-2025 14:32
"Which of the following is a common dietary source of trans fats, which should be minimized?",Fruits and vegetables,"Commercially baked goods, fried foods, and some margarines (made with partially hydrogenated oils)",Olive oil,Lean meats,b,B,117,08-11-2025 14:32
The Dietary Guidelines for Americans are updated every:,Year,5 years,10 years,20 years,c,C,117,09-11-2025 14:32
MyPlate is a visual guide that replaced the Food Pyramid and recommends making half your plate:,Grains and protein,Fruits and vegetables,Dairy and protein,Only grains,d,D,117,10-11-2025 14:32
Which of the following is a key message of MyPlate?,Avoid all dairy products,"Focus on whole fruits, vary your veggies, make half your grains whole grains, vary your protein routine, and move to low-fat or fat-free dairy or yogurt",Eat as much protein as possible,Drink sugary beverages with every meal,a,A,117,11-11-2025 14:32
A serving size on a Nutrition Facts label is:,The amount you should always eat,"A standardized amount of food used for comparison, which may not be the amount you typically consume",The entire package contents,Determined by the consumer,b,B,117,12-11-2025 14:32
The % Daily Value (%DV) on a Nutrition Facts label is based on a:,"1,000-calorie diet","2,000-calorie diet","3,000-calorie diet",Personalized calorie level,c,C,117,13-11-2025 14:32
"A food labeled ""low-fat"" must contain:",No fat,3 grams of fat or less per serving,5 grams of fat or less per serving,10 grams of fat or less per serving,d,D,117,14-11-2025 14:32
"A food labeled ""fat-free"" must contain:",Absolutely no fat,Less than 0.5 grams of fat per serving,1 gram of fat per serving,2 grams of fat per serving,a,A,117,15-11-2025 14:32
"The term ""organic"" on a food label indicates that the food was:",Genetically modified,"Produced according to specific USDA standards, which generally prohibit synthetic pesticides, herbicides, fertilizers, and genetic engineering",Grown hydroponically,Irradiated for safety,b,B,117,16-11-2025 14:32
Which of the following is a potential benefit of consuming a diet rich in phytochemicals (found in plant foods)?,Increased risk of chronic diseases,Reduced risk of certain chronic diseases due to antioxidant and anti-inflammatory properties,Guaranteed weight loss,No impact on health,c,C,117,17-11-2025 14:32
Examples of phytochemicals include:,Cholesterol and saturated fat,"Flavonoids (in fruits, vegetables, tea), carotenoids (in carrots, sweet potatoes), and lycopene (in tomatoes)",Vitamin B12 and iron,Sodium and potassium,d,D,117,18-11-2025 14:32
Which of the following is a common symptom of dehydration in infants?,Excessive tearing,"Sunken fontanelle (soft spot on head), decreased urination, and dry mouth",Hyperactivity,Moist diapers every hour,a,A,117,19-11-2025 14:32
Oral Rehydration Salts (ORS) solution is used to treat:,Severe infections,"Dehydration, particularly due to diarrhea",Vitamin deficiencies,High blood pressure,b,B,117,20-11-2025 14:32
The primary components of an ORS solution are:,Protein and fat,"Glucose (sugar), sodium, and potassium (electrolytes) mixed with water",Vitamins and minerals only,Fiber and antibiotics,c,C,117,21-11-2025 14:32
Which of the following is a good strategy to increase dietary fiber intake?,Choosing white bread over whole-wheat bread,"Eating more fruits, vegetables, legumes, and whole grains",Drinking more fruit juice instead of eating whole fruit,Consuming more processed snack foods,d,D,117,22-11-2025 14:32
"The term ""energy balance"" refers to the relationship between:",Protein intake and fat intake,Calories consumed and calories expended,Carbohydrate intake and vitamin intake,Water intake and mineral intake,a,A,117,23-11-2025 14:32
Positive energy balance (consuming more calories than expended) leads to:,Weight loss,Weight gain,No change in weight,Increased muscle mass only,b,B,117,24-11-2025 14:32
Negative energy balance (expending more calories than consumed) leads to:,Weight gain,Weight loss,No change in weight,Increased fat storage only,c,C,117,25-11-2025 14:32
Which of the following factors can influence an individual's Basal Metabolic Rate (BMR)?,Only dietary intake,"Age, sex, body size and composition, genetics, and thyroid function",Only physical activity level,Only the time of day,d,D,117,26-11-2025 14:32
The thermic effect of food (TEF) refers to the:,Energy used during physical activity,"Energy required to digest, absorb, and metabolize food",Energy stored as fat,Basal metabolic rate,a,A,117,27-11-2025 14:32
Which macronutrient generally has the highest thermic effect of food?,Carbohydrates,Fats,Protein,Alcohol,b,B,117,28-11-2025 14:32
Which of the following is a health risk associated with visceral fat (fat stored around the organs in the abdomen)?,Decreased risk of metabolic syndrome,"Increased risk of type 2 diabetes, heart disease, and certain cancers",Improved insulin sensitivity,Lower blood pressure,c,C,117,29-11-2025 14:32
Waist circumference is a useful indicator of:,Overall body fat percentage,Abdominal obesity and associated health risks,Bone density,Muscle mass,d,D,117,30-11-2025 14:32
A healthy waist circumference for women is generally considered to be less than:,25 inches,30 inches,35 inches (88 cm),40 inches,a,A,117,01-12-2025 14:32
A healthy waist circumference for men is generally considered to be less than:,30 inches,35 inches,40 inches (102 cm),45 inches,b,B,117,02-12-2025 14:32
Which of the following is a common barrier to healthy eating?,Easy access to nutritious foods,"Lack of time, cost of healthy foods, and lack of cooking skills",Too much nutritional information available,Strong social support for healthy choices,c,C,117,03-12-2025 14:32
Mindful eating involves:,Eating as quickly as possible,"Paying attention to the food you are eating, your hunger and fullness cues, and the eating experience",Eating while distracted by TV or work,Always finishing everything on your plate regardless of hunger,d,D,117,04-12-2025 14:32
Which of the following is a characteristic of a fad diet?,Promotes a balanced and sustainable approach to eating,"Often promises rapid weight loss, restricts entire food groups, and lacks scientific evidence",Encourages regular physical activity,Is recommended by most healthcare professionals,a,A,117,05-12-2025 14:32
"The concept of ""nutrient timing"" in sports nutrition refers to:","Eating only at specific times of the day, regardless of activity","Strategically consuming nutrients (e.g., carbohydrates and protein) around exercise to optimize performance and recovery",Avoiding all food before exercise,Consuming only supplements,b,B,117,06-12-2025 14:32
Carbohydrate loading is a strategy used by some endurance athletes to:,Decrease glycogen stores,Maximize muscle glycogen stores before a long-duration event,Increase fat intake significantly,Reduce fluid intake,c,C,117,07-12-2025 14:32
Adequate hydration is crucial for athletic performance because dehydration can lead to:,Improved endurance,"Decreased performance, fatigue, and increased risk of heat illness",Enhanced muscle strength,Better focus,d,D,117,08-12-2025 14:32
Electrolytes lost through sweat during exercise include primarily:,Calcium and Vitamin D,"Sodium, potassium, and chloride",Iron and Zinc,B vitamins,a,A,117,09-12-2025 14:32
Sports drinks may be beneficial during prolonged or intense exercise because they provide:,Only water,Carbohydrates for energy and electrolytes to replace losses,High amounts of protein,Fat for sustained energy,b,B,117,10-12-2025 14:32
The female athlete triad is a syndrome characterized by:,"High energy availability, regular menstruation, and strong bones","Low energy availability (with or without an eating disorder), menstrual dysfunction, and low bone mineral density","Excessive muscle mass, dehydration, and electrolyte imbalance","Optimal athletic performance, high iron stores, and normal hormone levels",c,C,117,11-12-2025 14:32
Which of the following is a key nutritional strategy for promoting muscle protein synthesis after resistance exercise?,Consuming only carbohydrates,Consuming adequate high-quality protein,Avoiding all food for several hours,Drinking large amounts of water only,d,D,117,12-12-2025 14:32
The recommended daily intake of protein for most healthy adults is approximately:,0.4 grams per kilogram of body weight,0.8 grams per kilogram of body weight,1.5 grams per kilogram of body weight,2.5 grams per kilogram of body weight,a,A,118,13-12-2025 14:32
"Athletes, particularly those involved in strength or endurance training, may have:",Lower protein needs than sedentary individuals,Higher protein needs than sedentary individuals,The same protein needs as sedentary individuals,No need for dietary protein,b,B,118,14-12-2025 14:32
"Which of the following is a complete protein source, meaning it contains all nine essential amino acids?",Gelatin,Quinoa and soy products,Most fruits,Corn,c,C,118,15-12-2025 14:32
Incomplete proteins (lacking one or more essential amino acids) can be combined in the diet to form complete proteins. This is known as:,Protein sparing,"Protein complementarity (e.g., beans and rice)",Protein denaturation,Protein loading,d,D,118,16-12-2025 14:32
Which of the following is a potential health consequence of excessive protein intake over a long period?,Improved kidney function,"May strain the kidneys in individuals with pre-existing kidney disease, and can be associated with dehydration if fluid intake is not adequate",Stronger bones regardless of calcium intake,Guaranteed muscle growth without exercise,a,A,118,17-12-2025 14:32
"The term ""hidden hunger"" refers to:",A strong desire for unhealthy foods,"Micronutrient deficiencies (e.g., vitamins and minerals) despite adequate calorie intake",Not feeling hungry even when the body needs food,Eating in secret,b,B,118,18-12-2025 14:32
Which population group is particularly vulnerable to iron deficiency?,Adult men,"Infants, young children, adolescent girls, and pregnant women",Elderly men,Athletes who consume a lot of red meat,c,C,118,19-12-2025 14:32
"Heme iron, found in animal products, is generally:",Less well absorbed than non-heme iron,More readily absorbed by the body than non-heme iron (found in plant foods),Not absorbed by the body at all,Only found in fortified foods,d,D,118,20-12-2025 14:32
The absorption of non-heme iron can be enhanced by consuming it with:,Calcium-rich foods,"Vitamin C-rich foods (e.g., citrus fruits, bell peppers)",Tea or coffee,"Phytate-rich foods (e.g., whole grains, legumes)",a,A,118,21-12-2025 14:32
"Which of the following is a common symptom of Vitamin B12 deficiency, often seen in older adults or strict vegans?",Improved memory,"Neurological problems (e.g., numbness, tingling), fatigue, and megaloblastic anemia",Darker skin pigmentation,Increased muscle strength,b,B,118,22-12-2025 14:32
"Intrinsic factor, produced in the stomach, is necessary for the absorption of:",Vitamin C,Vitamin B12,Iron,Calcium,c,C,118,23-12-2025 14:32
Pernicious anemia is a type of anemia caused by:,Iron deficiency,"Lack of intrinsic factor, leading to Vitamin B12 malabsorption",Folic acid deficiency,Vitamin K deficiency,d,D,118,24-12-2025 14:32
Which of the following is a good dietary source of folate (folic acid)?,Red meat,"Leafy green vegetables, legumes, and fortified grains",Dairy products,Fish oils,a,A,118,25-12-2025 14:32
A key role of the dietitian/nutritionist in a healthcare team is to:,Only prepare meals in the hospital kitchen,"Provide medical nutrition therapy, assess nutritional status, develop and implement nutrition care plans, and educate patients",Prescribe medications for nutritional deficiencies,Perform surgical procedures related to nutrition,b,B,118,26-12-2025 14:32
"When providing nutritional education to a patient, it is important to:",Use complex medical jargon,"Consider the patient's cultural background, literacy level, and readiness to change",Provide a generic diet plan without individualization,Focus only on what the patient is doing wrong,c,C,118,27-12-2025 14:32
"The ""SMART"" criteria for setting nutritional goals means that goals should be:","Simple, Measurable, Achievable, Realistic, Time-bound","Strict, Monitored, Aggressive, Rigid, Tough","Small, Meaningful, Artistic, Relevant, Theoretical","Standard, Mundane, Average, Regular, Typical",d,D,118,28-12-2025 14:32
Which of the following is a common challenge in promoting healthy eating in schools?,Abundance of healthy food options,"Influence of marketing of unhealthy foods, budget constraints, and student preferences for less healthy options",Strong parental support for healthy school meals,Lack of interest from school staff,a,A,118,29-12-2025 14:32
Food deserts are areas that:,Have an overabundance of supermarkets and healthy food retailers,"Have limited access to affordable and nutritious food, often found in low-income communities",Are primarily agricultural regions,Only exist in rural areas,b,B,118,30-12-2025 14:32
Which of the following government programs in India aims to improve nutritional status among children and pregnant/lactating women?,National Rural Employment Guarantee Act (NREGA),Integrated Child Development Services (ICDS),Pradhan Mantri Jan Dhan Yojana (PMJDY),Swachh Bharat Abhiyan,c,C,118,31-12-2025 14:32
The Mid-Day Meal Scheme in India provides:,Breakfast to college students,A free cooked meal to children in government and government-aided primary and upper primary schools,Financial assistance for food to elderly individuals,Subsidized grains to all citizens,d,D,118,01-01-2026 14:32
Which of the following is a key component of the National Nutrition Mission (POSHAN Abhiyaan) in India?,Focusing only on adult malnutrition,"Reducing stunting, undernutrition, anemia (among young children, women, and adolescent girls), and low birth weight",Promoting consumption of fast food,Distributing free vitamin supplements to everyone,a,A,118,02-01-2026 14:32
The Food Safety and Standards Authority of India (FSSAI) is responsible for:,Promoting agricultural exports,Setting and enforcing standards for food products to ensure food safety and hygiene,Providing loans to farmers,Conducting cooking competitions,b,B,118,03-01-2026 14:32
"The ""Eat Right India"" movement, initiated by FSSAI, aims to:",Encourage consumption of imported foods,"Promote safe, healthy, and sustainable food for all citizens",Increase the use of food additives,Focus only on food safety in restaurants,c,C,118,04-01-2026 14:32
Which of the following is a common nutritional problem in developing countries?,Overconsumption of micronutrients,"Protein-energy malnutrition, iron-deficiency anemia, iodine deficiency disorders, and vitamin A deficiency",Low rates of breastfeeding,Excessive intake of fruits and vegetables,d,D,118,05-01-2026 14:32
"The ""first 1000 days"" of life (from conception to a child's second birthday) are critical for:",Learning to drive,"Optimal growth, brain development, and long-term health; nutrition during this period has a profound impact",Developing athletic skills,Choosing a career path,a,A,118,06-01-2026 14:32
Exclusive breastfeeding is recommended by WHO and UNICEF for the first:,2 months of life,6 months of life,12 months of life,24 months of life,b,B,118,07-01-2026 14:32
"Colostrum, the first milk produced after birth, is rich in:",Fats and sugars only,Antibodies and nutrients that protect the newborn and support growth,Water only,Fiber,c,C,118,08-01-2026 14:32
Which of the following is a benefit of breastfeeding for the infant?,Increased risk of infections,"Provides ideal nutrition, enhances immune system, reduces risk of allergies, and promotes bonding",Leads to slower cognitive development,Causes dental caries,d,D,118,09-01-2026 14:32
Which of the following is a benefit of breastfeeding for the mother?,Increased risk of ovarian cancer,"Helps with postpartum weight loss, reduces risk of certain cancers (breast, ovarian), and promotes bonding",Delays uterine involution,Is more expensive than formula feeding,a,A,118,10-01-2026 14:32
Growth monitoring in children involves regularly measuring and tracking:,Only their height,"Weight, height/length, and head circumference to assess growth patterns and identify potential problems",Only their appetite,Their favorite toys,b,B,118,11-01-2026 14:32
Stunting in children is defined as:,Low weight-for-height,"Low height-for-age, indicating chronic malnutrition",Low weight-for-age,High BMI,b,B,118,12-01-2026 14:32
Wasting in children is defined as:,Low height-for-age,"Low weight-for-height, indicating acute malnutrition",High head circumference,Normal growth,a,A,118,13-01-2026 14:32
Underweight in children is defined as:,High weight-for-height,"Low weight-for-age, which can reflect stunting, wasting, or both",Normal BMI,Excessive fat storage,c,C,118,14-01-2026 14:32
Which of the following is a common consequence of childhood obesity?,Improved self-esteem,"Increased risk of type 2 diabetes, cardiovascular disease, and psychosocial problems in childhood and adulthood",Better athletic performance,Lower risk of asthma,d,D,118,15-01-2026 14:32
Strategies to prevent childhood obesity include:,Encouraging sedentary behavior,"Promoting healthy eating habits, regular physical activity, limiting screen time, and ensuring adequate sleep",Offering sugary drinks frequently,Restricting all fats from a child's diet,a,A,118,16-01-2026 14:32
The nutritional requirements of adolescents are influenced by:,Decreased growth rate,"Rapid growth spurts, hormonal changes, and increased physical activity levels",Minimal need for iron and calcium,A preference for low-calorie diets,b,B,118,17-01-2026 14:32
Common nutritional concerns during adolescence include:,Overconsumption of fruits and vegetables,"Inadequate intake of iron, calcium, and vitamin D; irregular eating habits; and risk of eating disorders",Excessive protein intake,Low risk of obesity,c,C,118,18-01-2026 14:32
Which of the following is a key factor in maintaining bone health throughout life?,Avoiding all physical activity,"Adequate intake of calcium and vitamin D, and regular weight-bearing exercise",A diet low in protein,Consuming high amounts of phosphorus only,a,A,118,19-01-2026 14:32
"Sarcopenia, the age-related loss of muscle mass and strength, can be mitigated by:",A sedentary lifestyle,Adequate protein intake and regular resistance exercise,A diet very low in calories,Avoiding all fats,b,B,118,20-01-2026 14:32
Which of the following is a reliable source of nutrition information?,Social media influencers without credentials,"Registered Dietitians (RDs) or Registered Dietitian Nutritionists (RDNs), peer-reviewed scientific journals, and reputable health organizations",Websites promoting quick-fix diet products,Anecdotal testimonials,c,C,118,21-01-2026 14:32
"When evaluating nutrition information online, it is important to look for:",Claims that sound too good to be true,"The credentials of the author/organization, supporting scientific evidence, and potential biases",Products being sold alongside the information,Information that contradicts established scientific consensus,a,A,118,22-01-2026 14:32
Which of the following is a common myth about nutrition?,A balanced diet is important for health.,Carbohydrates make you fat.,Fruits and vegetables are good sources of vitamins.,Hydration is important.,b,B,118,23-01-2026 14:32
"The concept of ""food synergy"" suggests that:",Individual nutrients work best in isolation,The combined effect of various nutrients and compounds in whole foods is greater than the sum of their individual effects,Supplements are always better than whole foods,All processed foods are unhealthy,c,C,118,24-01-2026 14:32
Which of the following is a potential risk of relying heavily on dietary supplements instead of whole foods?,Guaranteed optimal health,"Missing out on beneficial phytochemicals and fiber, potential for nutrient imbalances or toxicity, and higher cost",Always safer than getting nutrients from food,No risks involved,d,D,118,25-01-2026 14:32
A nutrition care process often involves which steps?,"Diagnosis, Prescription, Surgery, Follow-up","Assessment, Diagnosis (nutritional), Intervention, Monitoring and Evaluation (ADIME)","Interview, Observation, Testing, Reporting","Planning, Cooking, Serving, Cleaning",a,A,118,26-01-2026 14:32
Which of the following is an example of a nutrition-sensitive intervention?,Providing iron supplements directly,Improving access to clean water and sanitation to reduce diarrheal diseases that impair nutrient absorption,Distributing fortified foods,Conducting nutrition education sessions,b,B,118,27-01-2026 14:32
Food security exists when:,"People have access to any type of food, regardless of nutritional value","All people, at all times, have physical, social, and economic access to sufficient, safe, and nutritious food that meets their dietary needs and food preferences for an active and healthy life",Food is available only in supermarkets,People rely solely on emergency food aid,c,C,118,28-01-2026 14:32
The four pillars of food security are:,"Production, Quality, Price, Taste","Availability, Access, Utilization, Stability","Farming, Processing, Marketing, Consumption","Import, Export, Storage, Distribution",d,D,118,29-01-2026 14:32
Which of the following is a sustainable dietary pattern that is generally considered healthy for both people and the planet?,A diet very high in red and processed meats,"A plant-based or plant-forward diet that emphasizes fruits, vegetables, whole grains, legumes, nuts, and seeds, with moderate or low intake of animal products",A diet consisting mainly of ultra-processed foods,A diet that requires significant food imports from distant locations,a,A,118,30-01-2026 14:32
"The EAT-Lancet Commission on Food, Planet, Health recommends a global reference diet that is:",High in red meat and low in plant-based foods,"Rich in plant-based foods, with optional modest amounts of animal-source foods, to promote human health and environmental sustainability",Focused on eliminating all carbohydrates,Based on consuming large quantities of dairy products,b,B,118,31-01-2026 14:32
Which of the following is a common symptom of hypoglycemia (low blood sugar)?,Excessive thirst and urination,"Shakiness, sweating, confusion, and rapid heartbeat",Flushed skin and fruity breath odor,Slow pulse and drowsiness,c,C,119,01-02-2026 14:32
"For a person with diabetes experiencing mild hypoglycemia, a quick source of carbohydrates could be:",A piece of cheese,"15 grams of fast-acting carbohydrate, such as 4 ounces of juice or regular soda, or glucose tablets",A handful of nuts,A glass of water,d,D,119,02-02-2026 14:32
Hyperglycemia (high blood sugar) in diabetes can lead to long-term complications affecting the:,Only the bones,"Eyes (retinopathy), kidneys (nephropathy), nerves (neuropathy), and cardiovascular system",Only the skin,Only the digestive system,a,A,119,03-02-2026 14:32
Glycated hemoglobin (HbA1c) is a blood test that reflects average blood glucose levels over the past:,24 hours,1 week,2-3 months,1 year,b,B,119,04-02-2026 14:32
A target HbA1c level for many adults with diabetes is generally:,Above 9%,Below 7%,Around 5%,Above 10%,c,C,119,05-02-2026 14:32
"Ketones are produced when the body breaks down fat for energy, which can occur in uncontrolled diabetes. High levels of ketones can lead to:",Improved kidney function,"Diabetic ketoacidosis (DKA), a serious and life-threatening condition",Lowered blood acidity,Increased insulin sensitivity,d,D,119,06-02-2026 14:32
Which of the following is a key aspect of managing gestational diabetes?,Encouraging excessive weight gain,"Blood glucose monitoring, healthy diet, physical activity, and sometimes medication (e.g., insulin)",A diet very high in simple sugars,Avoiding all physical activity,a,A,119,07-02-2026 14:32
Women who have had gestational diabetes are at an increased risk of developing:,Type 1 diabetes later in life,Type 2 diabetes later in life,No future health problems,Osteoporosis,b,B,119,08-02-2026 14:32
Polycystic Ovary Syndrome (PCOS) is often associated with:,Low insulin levels,"Insulin resistance, obesity, and an increased risk of type 2 diabetes",High estrogen levels,Improved fertility,c,C,119,09-02-2026 14:32
Nutritional management for PCOS often includes:,A diet high in refined carbohydrates and sugar,"Weight management (if overweight/obese), a balanced diet focusing on whole grains, lean proteins, fruits, and vegetables, and regular physical activity",Avoiding all fats,A very low protein diet,d,D,119,10-02-2026 14:32
Which of the following is a common nutritional deficiency seen in individuals with alcohol use disorder?,Excess of B vitamins,"Deficiencies of thiamin, folate, and other B vitamins, as well as magnesium and zinc",High levels of vitamin C,Excessive iron stores,a,A,119,11-02-2026 14:32
"Wernicke-Korsakoff syndrome is a neurological disorder caused by a severe deficiency of which vitamin, often associated with chronic alcoholism?",Niacin,Thiamin (Vitamin B1),Vitamin C,Vitamin D,b,B,119,12-02-2026 14:32
Refeeding syndrome is a potentially fatal condition that can occur when malnourished individuals are refed too quickly. It is characterized by shifts in:,Blood glucose only,"Fluids and electrolytes, particularly phosphorus, potassium, and magnesium",Only protein levels,Only fat levels,c,C,119,13-02-2026 14:32
"To prevent refeeding syndrome, nutritional support for severely malnourished patients should be:",Started rapidly with high-calorie feeds,"Initiated slowly and cautiously, with careful monitoring of electrolytes and fluid balance",Focused only on protein intake,Delayed for several days,d,D,119,14-02-2026 14:32
Which of the following is a common gastrointestinal symptom that can affect nutritional status?,Increased appetite,"Nausea, vomiting, diarrhea, or constipation",Improved absorption of nutrients,Normal bowel movements,a,A,119,15-02-2026 14:32
"For patients with nausea and vomiting, dietary advice may include:","Eating large, infrequent meals","Consuming small, frequent meals of bland, easily digestible foods, and avoiding strong odors",Lying down immediately after eating,Drinking large amounts of fluids with meals,b,B,119,16-02-2026 14:32
"For patients with diarrhea, dietary recommendations often include:","Increasing intake of high-fiber, greasy, and spicy foods","Following a BRAT diet (Bananas, Rice, Applesauce, Toast) initially, ensuring adequate fluid and electrolyte replacement, and gradually reintroducing other foods",Consuming large amounts of dairy products,Avoiding all fluids,c,C,119,17-02-2026 14:32
"For patients with constipation, dietary advice typically involves:",Decreasing fluid and fiber intake,"Increasing intake of dietary fiber, ensuring adequate fluid intake, and engaging in regular physical activity",Relying solely on laxatives,Avoiding fruits and vegetables,d,D,119,18-02-2026 14:32
Gastroesophageal Reflux Disease (GERD) is a condition where stomach acid frequently flows back into the esophagus. Dietary management may include:,Eating large meals before bedtime,"Avoiding trigger foods (e.g., spicy foods, fatty foods, caffeine, chocolate), eating smaller meals, and not lying down immediately after eating",Increasing intake of acidic foods,Drinking carbonated beverages with meals,a,A,119,19-02-2026 14:32
"Peptic ulcer disease involves sores in the lining of the stomach or duodenum. While diet is not a primary cause, recommendations may include:",Consuming large amounts of spicy and acidic foods,"Avoiding foods that irritate the ulcer (individualized), and not smoking or drinking alcohol",Eating only bland foods indefinitely,Taking large doses of NSAIDs,b,B,119,20-02-2026 14:32
"Irritable Bowel Syndrome (IBS) is a common disorder affecting the large intestine. Dietary approaches, such as the Low-FODMAP diet, aim to:",Increase intake of all types of carbohydrates,"Identify and reduce intake of poorly absorbed, fermentable oligo-, di-, mono-saccharides and polyols that can trigger symptoms",Eliminate all fiber from the diet,Encourage consumption of artificial sweeteners,c,C,119,21-02-2026 14:32
"Inflammatory Bowel Disease (IBD), which includes Crohn's disease and ulcerative colitis, often requires nutritional management to:",Cure the disease,"Manage symptoms, correct deficiencies (e.g., iron, B12, vitamin D), and support remission; specific diets vary based on disease activity and individual tolerance",Promote inflammation,Encourage a diet high in trigger foods,d,D,119,22-02-2026 14:32
"Diverticular disease involves small pouches (diverticula) that form in the wall of the colon. During an acute attack of diverticulitis (inflammation), the diet is often:",High in fiber,"Initially clear liquids, progressing to low-fiber, and then gradually increasing fiber once inflammation resolves",Unrestricted,Focused on seeds and nuts,a,A,119,23-02-2026 14:32
"For long-term management of diverticulosis (presence of diverticula without inflammation), a diet ____ is generally recommended to prevent diverticulitis.",Low in fiber,High in fiber,Consisting only of liquids,Free of all fruits and vegetables,b,B,119,24-02-2026 14:32
"Short Bowel Syndrome (SBS) occurs when a significant portion of the small intestine is surgically removed or non-functional, leading to malabsorption. Nutritional management is complex and may involve:",A standard oral diet for everyone,"Specialized oral diets, enteral nutrition, or parenteral nutrition, depending on the extent and location of bowel resection and remaining function",A diet very high in insoluble fiber,Restricting all fluids,c,C,119,25-02-2026 14:32
"Liver disease, such as cirrhosis, can significantly impact nutritional status. Dietary management may include:",Unrestricted protein and sodium intake,"Adequate calories and protein (unless hepatic encephalopathy is present, then protein may be modified), sodium restriction if ascites or edema is present, and vitamin/mineral supplementation",High alcohol intake,A diet very high in fat,d,D,119,26-02-2026 14:32
"Ascites, a common complication of cirrhosis, is the accumulation of fluid in the abdominal cavity. A key dietary modification for managing ascites is:",Increasing sodium intake,Restricting sodium intake,Increasing fluid intake significantly,A high-protein diet only,a,A,119,27-02-2026 14:32
Hepatic encephalopathy is a decline in brain function that occurs as a result of severe liver disease. Nutritional management may involve:,Very high protein intake,"Modifying protein intake (not overly restricting unless necessary), focusing on vegetable and dairy proteins, and ensuring adequate calories",A diet high in ammonia-producing foods,Restricting all carbohydrates,b,B,119,28-02-2026 14:32
Pancreatitis (inflammation of the pancreas) can be acute or chronic. Nutritional support during acute pancreatitis often involves:,Immediate high-fat oral diet,"Initially NPO (nothing by mouth) to rest the pancreas, followed by clear liquids, then a low-fat solid diet as tolerated; severe cases may require enteral or parenteral nutrition",Encouraging alcohol consumption,A diet high in spicy foods,c,C,119,01-03-2026 14:32
"Chronic pancreatitis often leads to malabsorption, particularly of fat, due to insufficient pancreatic enzymes. Management includes:",A very high-fat diet,"Pancreatic enzyme replacement therapy (PERT) with meals, a moderate-fat diet (using MCT oil if needed), and vitamin/mineral supplementation (especially fat-soluble vitamins)",Avoiding all dietary fat,Restricting protein intake severely,d,D,119,02-03-2026 14:32
"Cystic Fibrosis (CF) is a genetic disorder that affects mucus and sweat glands, leading to problems in the lungs and pancreas. Nutritional management is crucial and includes:","A low-calorie, low-fat diet","A high-calorie, high-fat, high-protein diet, pancreatic enzyme replacement therapy, and supplementation of fat-soluble vitamins",Restricting salt intake,Avoiding all supplements,a,A,119,03-03-2026 14:32
Gout is a form of arthritis caused by the buildup of uric acid crystals in the joints. Dietary recommendations often include:,"Increasing intake of purine-rich foods (e.g., organ meats, certain seafood)","Limiting intake of purine-rich foods, avoiding alcohol (especially beer), and maintaining a healthy weight",A diet very high in protein from all sources,Restricting fluid intake,b,B,119,04-03-2026 14:32
Which of the following foods is relatively high in purines and may need to be limited by individuals with gout?,Most fruits and vegetables,"Organ meats (liver, kidney), sardines, anchovies, and some red meats",Dairy products,Whole grains,c,C,119,05-03-2026 14:32
Nutritional considerations for patients with HIV/AIDS focus on:,Promoting weight loss regardless of current status,"Maintaining a healthy weight, managing symptoms that affect food intake (e.g., anorexia, diarrhea), preventing nutrient deficiencies, and supporting immune function",A diet very low in protein,Avoiding all dietary fats,d,D,119,06-03-2026 14:32
"Food-drug interactions can occur when food or nutrients affect the absorption, metabolism, or excretion of medications. An example is:",Vitamin C enhancing iron absorption (a beneficial interaction),"Grapefruit juice interacting with certain statins, increasing their blood levels and potential side effects",Water having no effect on medication absorption,All foods interacting negatively with all drugs,a,A,119,07-03-2026 14:32
"Patients taking warfarin (an anticoagulant) need to maintain a consistent intake of which vitamin, as it plays a role in blood clotting?",Vitamin C,Vitamin K (found in leafy green vegetables),Vitamin D,Vitamin B12,b,B,119,08-03-2026 14:32
"Monoamine Oxidase Inhibitors (MAOIs), a class of antidepressants, can interact dangerously with foods high in tyramine, such as:",Fresh fruits and vegetables,"Aged cheeses, cured meats, and fermented foods",Plain rice and pasta,Milk and yogurt,c,C,119,09-03-2026 14:32
Nutritional genomics (nutrigenetics and nutrigenomics) is a field that studies the interaction between:,Diet and exercise,"Nutrients and genes (how genes affect response to diet, and how diet affects gene expression)",Food safety and food production,Macronutrients and micronutrients only,d,D,119,10-03-2026 14:32
Which of the following is a key ethical consideration in providing nutrition care?,Imposing personal dietary beliefs on patients,"Respecting patient autonomy, providing evidence-based advice, maintaining confidentiality, and avoiding conflicts of interest",Guaranteeing specific health outcomes,Sharing patient information without consent,a,A,119,11-03-2026 14:32
Cultural competence in nutrition care involves:,Assuming all patients from a particular culture have the same dietary habits,"Understanding and respecting the cultural beliefs, values, and practices related to food and health of diverse patient populations",Discouraging traditional dietary practices,Providing only Westernized diet plans,b,B,119,12-03-2026 14:32
"Which of the following is a common characteristic of the Mediterranean diet, known for its health benefits?",High intake of red meat and butter,"High intake of fruits, vegetables, whole grains, legumes, nuts, seeds, olive oil; moderate intake of fish and poultry; low intake of red meat and sweets",Low intake of all fats,Exclusion of all grains,c,C,119,13-03-2026 14:32
"The ketogenic diet is a very low-carbohydrate, high-fat diet that has been used therapeutically for:",Managing hypertension,"Some forms of epilepsy, and is being researched for other conditions; it requires careful medical supervision",Promoting weight gain,Increasing athletic endurance in all sports,d,D,119,14-03-2026 14:32
Potential side effects or challenges of a ketogenic diet can include:,Increased energy levels in all individuals,,Improved kidney function,Lowered blood cholesterol in all cases,a,A,119,15-03-2026 14:32
Intermittent fasting involves cycling between periods of eating and voluntary fasting. Potential benefits being researched include:,Guaranteed rapid weight loss for everyone,"Weight management, improved insulin sensitivity, and cellular repair processes; long-term effects and optimal protocols are still under investigation",Increased muscle mass without exercise,No effect on metabolic health,b,B,119,16-03-2026 14:32
Which of the following is NOT a recognized form of intermittent fasting?,"16/8 method (fast for 16 hours, eat within an 8-hour window)","5:2 diet (eat normally for 5 days, restrict calories significantly on 2 non-consecutive days)",Eat-Stop-Eat (24-hour fast once or twice a week),Continuous Grazing Method (eating small amounts constantly throughout the day and night),c,C,119,17-03-2026 14:32
"The term ""ultra-processed foods"" (UPFs) generally refers to foods that:","Are minimally processed, like fresh fruits and vegetables","Are industrial formulations with many ingredients, including additives not typically used in home cooking (e.g., artificial colors, flavors, emulsifiers)",Are always healthier than unprocessed foods,Are only sold in health food stores,d,D,119,18-03-2026 14:32
High consumption of ultra-processed foods has been associated with:,Improved nutritional status,"Increased risk of obesity, cardiovascular disease, type 2 diabetes, and some cancers",Lower calorie intake,Better mental health outcomes,a,A,119,19-03-2026 14:32
Which of the following is an example of an ultra-processed food?,An apple,"Packaged sugary breakfast cereals, instant noodles, and many ready-to-eat meals",Plain yogurt,Grilled chicken breast,b,B,119,20-03-2026 14:32
"The concept of ""food environment"" refers to:",Only the taste and texture of food,"The physical, economic, policy, and sociocultural surroundings, opportunities, and conditions that influence people’s food choices and nutritional status",The weather conditions where food is grown,The type of soil used for agriculture,c,C,119,21-03-2026 14:32
Which of the following is a strategy to create a healthier food environment?,Increasing the marketing of unhealthy foods to children,"Improving availability and affordability of healthy foods, implementing policies that support healthy choices (e.g., sugar taxes, front-of-pack labeling), and providing nutrition education",Placing vending machines with sugary drinks in schools,Reducing access to fresh fruits and vegetables,d,D,119,22-03-2026 14:32
Which of the following is a primary function of Vitamin A?,Blood clotting,"Vision, immune function, reproduction, and cellular communication",Energy metabolism,Bone mineralization,a,A,120,23-03-2026 14:32
Good dietary sources of preformed Vitamin A (retinol) include:,Carrots and sweet potatoes,"Liver, dairy products, and fish",Citrus fruits,Whole grains,b,B,120,24-03-2026 14:32
"Carotenoids, such as beta-carotene (found in carrots and sweet potatoes), are precursors to Vitamin A, meaning:",They are toxic in large amounts,The body can convert them into Vitamin A,They inhibit Vitamin A absorption,They are a form of Vitamin D,c,C,120,25-03-2026 14:32
Vitamin E is a potent antioxidant that primarily protects:,Bones from demineralization,Cell membranes from oxidative damage,The blood from clotting too quickly,The thyroid gland from iodine deficiency,d,D,120,26-03-2026 14:32
Good dietary sources of Vitamin E include:,Citrus fruits,"Nuts, seeds, vegetable oils, and green leafy vegetables",Dairy products,Red meat,a,A,120,27-03-2026 14:32
Which of the following is a key function of Vitamin B6 (pyridoxine)?,Vision,"Involved in amino acid metabolism, neurotransmitter synthesis, and red blood cell formation",Blood clotting,Bone health,b,B,120,28-03-2026 14:32
Good dietary sources of Vitamin B6 include:,Only fruits,"Poultry, fish, potatoes, starchy vegetables, and non-citrus fruits",Dairy products,Olive oil,c,C,120,29-03-2026 14:32
Which of the following is a primary role of sodium in the body?,Building strong teeth,"Maintaining fluid balance, nerve transmission, and muscle contraction",Oxygen transport,Enhancing immune function,d,D,120,30-03-2026 14:32
"While sodium is essential, excessive intake is linked to:",Low blood pressure,High blood pressure (hypertension) and increased risk of cardiovascular disease,Improved kidney function,Stronger bones,a,A,120,31-03-2026 14:32
"The major intracellular cation (positively charged ion) that plays a vital role in nerve function, muscle contraction, and maintaining heartbeat is:",Sodium,Potassium,Calcium,Chloride,b,B,120,01-04-2026 14:32
Good dietary sources of potassium include:,Processed snack foods,"Fruits (e.g., bananas, oranges, melons), vegetables (e.g., potatoes, spinach), legumes, and dairy products",White bread,Butter,b,B,120,02-04-2026 14:32
Chloride is an electrolyte that works with sodium and potassium to:,Build muscle tissue,Maintain fluid balance and is a component of stomach acid (hydrochloric acid),Transport oxygen,Synthesize hormones,a,A,120,03-04-2026 14:32
The majority of dietary chloride comes from:,Fruits,Table salt (sodium chloride) and processed foods,Nuts and seeds,Fresh vegetables,c,C,120,04-04-2026 14:32
Which of the following is a role of water in the body?,Providing energy,"Transporting nutrients and waste products, regulating body temperature, lubricating joints, and acting as a solvent for chemical reactions",Storing genetic information,Building strong bones,d,D,120,05-04-2026 14:32
"General recommendations for daily fluid intake for adults vary, but a common guideline is around:",1-2 glasses per day,"8-10 glasses (approximately 2-2.5 liters) per day, with needs varying based on activity, climate, and individual factors",20 glasses per day,Only when feeling thirsty,a,A,120,06-04-2026 14:32
Which of the following can contribute to an individual's total fluid intake?,Only plain water,"Water, other beverages (milk, juice, tea), and the moisture content of foods",Only caffeinated beverages,Only sugary drinks,b,B,120,07-04-2026 14:32
"The term ""nutrient-drug interaction"" refers to the effect of:",One nutrient on another nutrient,"A nutrient on a drug, or a drug on a nutrient",A drug on another drug,A food on another food,c,C,120,08-04-2026 14:32
Which of the following is an example of a drug affecting nutrient status?,Vitamin C enhancing iron absorption,"Certain diuretics increasing the excretion of potassium, potentially leading to deficiency",Calcium having no effect on drug absorption,All drugs improving nutrient absorption,d,D,120,09-04-2026 14:32
"The Nutrition Care Process model includes which four distinct, interrelated steps?","Planning, Implementation, Cooking, Evaluation","Assessment, Diagnosis, Intervention, Monitoring/Evaluation (ADIME)","Screening, Referral, Treatment, Discharge","Education, Counseling, Supplementation, Follow-up",a,A,120,10-04-2026 14:32
"In the ADIME model, the ""Assessment"" step involves:",Identifying the specific nutrition problem,"Collecting and interpreting relevant data (e.g., anthropometric, biochemical, clinical, dietary)",Implementing the nutrition plan,Determining if nutrition goals are being met,b,B,120,11-04-2026 14:32
"The ""Diagnosis"" step in the ADIME model involves:",Medical diagnosis of a disease,"Identifying and labeling a specific nutrition problem that the dietitian is responsible for treating (e.g., inadequate energy intake, excessive sodium intake)",Prescribing medication,Performing a physical examination,c,C,120,12-04-2026 14:32
"A nutrition diagnosis is typically written in a PES statement format, which stands for:","Problem, Etiology, Solution","Problem, Etiology (cause/contributing risk factors), Signs/Symptoms (defining characteristics)","Patient, Evaluation, Strategy","Plan, Execution, Success",d,D,120,13-04-2026 14:32
"The ""Intervention"" step in the ADIME model involves:",Only providing food,"Planning and implementing actions to address the identified nutrition problem(s), such as nutrition education, counseling, or provision of specific foods or supplements",Only monitoring the patient,Diagnosing a medical condition,a,A,120,14-04-2026 14:32
"The ""Monitoring and Evaluation"" step in the ADIME model involves:",Setting initial nutrition goals,"Tracking progress towards nutrition goals, evaluating the effectiveness of the intervention, and making adjustments as needed",Only collecting dietary intake data,Discharging the patient without follow-up,b,B,120,15-04-2026 14:32
"Which of the following is a key principle of motivational interviewing, a counseling technique used in nutrition?",Confronting the patient about their unhealthy behaviors,"Collaborating with the patient, evoking their own motivations for change, and supporting their autonomy",Providing direct advice without exploring the patient's perspective,Setting strict rules for the patient to follow,c,C,120,16-04-2026 14:32
"The ""stages of change"" model (Transtheoretical Model) suggests that behavior change occurs through several stages, including:",Only Action and Maintenance,"Precontemplation, Contemplation, Preparation, Action, and Maintenance","Awareness, Interest, Trial, Adoption","Denial, Anger, Bargaining, Depression, Acceptance",d,D,120,17-04-2026 14:32
"A patient in the ""Precontemplation"" stage of change is typically:",Actively making changes,"Not intending to make changes in the foreseeable future, and may be unaware of or underestimate the problem",Planning to make changes soon,Has already made changes and is working to maintain them,a,A,120,18-04-2026 14:32
"A patient in the ""Action"" stage of change is:",Not thinking about changing,"Actively modifying their behavior, experiences, or environment to overcome their problems",Still weighing the pros and cons of change,Has sustained the change for a long period,b,B,120,19-04-2026 14:32
Health literacy is the degree to which individuals have the capacity to:,Read any type of material,"Obtain, process, and understand basic health information and services needed to make appropriate health decisions",Perform complex medical procedures,Write prescriptions,c,C,120,20-04-2026 14:32
Low health literacy can be a barrier to effective nutrition counseling and can lead to:,Better adherence to dietary recommendations,"Poorer health outcomes, difficulty understanding nutrition labels, and challenges in managing chronic diseases",Increased patient empowerment,More accurate self-reporting of dietary intake,d,D,120,21-04-2026 14:32
"When communicating nutrition information to patients with low health literacy, it is helpful to:",Use complex medical terms to sound more professional,"Use plain language, visual aids, and the teach-back method to ensure understanding",Provide large amounts of written material only,Speak quickly to save time,a,A,120,22-04-2026 14:32
"The ""teach-back"" method involves:",Asking the patient to teach you something new,Asking the patient to explain in their own words what they have understood from the information provided,Giving the patient a test on the material,Repeating the information multiple times without checking for understanding,b,B,120,23-04-2026 14:32
Which of the following is a common challenge in conducting accurate dietary assessments?,Patients always remember and report their food intake perfectly,"Underreporting or overreporting of food intake, recall bias, and difficulty estimating portion sizes",Dietary assessment methods are always 100% accurate,All individuals have very consistent eating patterns,c,C,120,24-04-2026 14:32
A 24-hour dietary recall involves asking a patient to:,Record everything they eat for the next 24 hours,Recall everything they ate and drank in the previous 24 hours,Estimate their average intake over the past month,Keep a food diary for one week,d,D,120,25-04-2026 14:32
A food frequency questionnaire (FFQ) assesses:,"Intake over a short period, like one day","How often certain foods or food groups are consumed over a longer period (e.g., past month or year)","Only the types of food eaten, not the amounts",Only beverage consumption,a,A,120,26-04-2026 14:32
A food diary or food record requires the patient to:,Estimate their past intake,"Record all foods and beverages consumed, along with amounts, at the time of consumption over a specified period (e.g., 3-7 days)",Only list their favorite foods,Answer questions about their general eating habits,b,B,120,27-04-2026 14:32
Anthropometric measurements used in nutritional assessment include:,Blood pressure and heart rate,"Height, weight, body mass index (BMI), waist circumference, and skinfold thickness",Serum albumin and prealbumin levels,Dietary intake records,c,C,120,28-04-2026 14:32
Biochemical data used in nutritional assessment can include blood tests for:,Only glucose levels,"Hemoglobin (for anemia), albumin/prealbumin (for protein status), lipid profile (cholesterol, triglycerides), and specific vitamin/mineral levels",Only food allergies,Only hormone levels,d,D,120,29-04-2026 14:32
Clinical signs of malnutrition can include:,Always having a healthy appearance,"Muscle wasting, edema, skin changes, hair loss, and changes in nails or tongue",Increased energy levels,Normal vital signs only,a,A,120,30-04-2026 14:32
Which of the following is a limitation of using BMI as a sole indicator of nutritional status?,It is too difficult to calculate,"It does not distinguish between fat mass and muscle mass, and may not accurately reflect body composition in athletes or older adults",It is only accurate for children,It is not correlated with health risks,b,B,120,01-05-2026 14:32
Sarcopenic obesity is a condition characterized by:,High muscle mass and low fat mass,The combination of age-related loss of muscle mass (sarcopenia) and excessive body fat (obesity),Low muscle mass and low fat mass,High muscle mass and high fat mass,c,C,120,02-05-2026 14:32
Which of the following is a key dietary strategy to support immune function?,Consuming a diet very low in all nutrients,"Ensuring adequate intake of various nutrients, including protein, vitamins (A, C, D, E, B6, B12, folate), and minerals (zinc, iron, selenium, copper)",Relying only on antioxidant supplements,Avoiding all fruits and vegetables,d,D,120,03-05-2026 14:32
"The gut microbiome, the collection of microorganisms in the digestive tract, plays a role in:",Only digestion,"Digestion, nutrient absorption, immune function, and potentially mental health",Only causing disease,Only producing vitamins,a,A,120,04-05-2026 14:32
Dietary factors that can positively influence the gut microbiome include:,A diet high in processed foods and sugar,"A diet rich in fiber (prebiotics) from fruits, vegetables, legumes, and whole grains, and consumption of fermented foods containing probiotics",A diet very low in all carbohydrates,Frequent use of antibiotics,b,B,120,05-05-2026 14:32
Which of the following is a common nutritional concern during pregnancy that can lead to complications if not managed?,Excessive weight loss,"Gestational diabetes, preeclampsia (related to hypertension), and iron-deficiency anemia",Overconsumption of folic acid,Low risk of nutrient deficiencies,c,C,120,06-05-2026 14:32
Hyperemesis gravidarum is a severe form of nausea and vomiting during pregnancy that can lead to:,Excessive weight gain,"Dehydration, electrolyte imbalances, and malnutrition, requiring medical intervention",Improved fetal growth,No significant health concerns,d,D,120,07-05-2026 14:32
"Pica, the craving and consumption of non-food substances (e.g., clay, ice, starch), can sometimes occur during pregnancy and may be associated with:",Excess intake of all nutrients,Iron deficiency or other nutrient deficiencies,A healthy pregnancy,High energy levels,a,A,120,08-05-2026 14:32
The energy requirements during the second trimester of pregnancy typically increase by approximately:,100 kcal/day,340 kcal/day,600 kcal/day,No increase is needed,b,B,120,09-05-2026 14:32
The energy requirements during the third trimester of pregnancy typically increase by approximately:,150 kcal/day,450 kcal/day,700 kcal/day,Energy needs decrease,c,C,120,10-05-2026 14:32
The recommended weight gain during pregnancy for a woman with a normal pre-pregnancy BMI is typically:,5-10 pounds (2.3-4.5 kg),15-25 pounds (6.8-11.3 kg),25-35 pounds (11.3-15.9 kg),More than 40 pounds (18.1 kg),d,D,120,11-05-2026 14:32
"Which of the following foods should pregnant women generally avoid or limit due to potential risks (e.g., Listeria, mercury)?",Cooked poultry and pasteurized dairy,"Unpasteurized dairy products, certain soft cheeses, raw or undercooked meats/eggs/seafood, and some types of fish high in mercury (e.g., shark, swordfish)",Most fruits and vegetables,Whole grain breads,a,A,121,12-05-2026 14:32
Caffeine intake during pregnancy should generally be:,Increased significantly,"Limited (e.g., to less than 200-300 mg per day, or as advised by a healthcare provider)",Avoided completely by all pregnant women,Substituted with energy drinks,b,B,121,13-05-2026 14:32
Alcohol consumption during pregnancy:,Is safe in small amounts,"Is not recommended at any level, as it can lead to Fetal Alcohol Spectrum Disorders (FASDs)",Is only harmful in the first trimester,Has no effect on the developing fetus,c,C,121,14-05-2026 14:32
Which of the following is a common feeding problem in premature infants?,Overly strong suck and swallow reflex,"Immature digestive system, difficulty coordinating sucking/swallowing/breathing, and increased nutritional needs for catch-up growth",Low energy requirements,Preference for solid foods immediately after birth,d,D,121,15-05-2026 14:32
Human milk fortifiers are sometimes added to breast milk for premature infants to:,Decrease its caloric density,"Increase the content of calories, protein, vitamins, and minerals to meet their higher nutritional needs",Make it taste better,Reduce its digestibility,a,A,121,16-05-2026 14:32
Failure to thrive (FTT) in infants and children is a condition characterized by:,Excessive weight gain,"Inadequate growth (weight or height falling below expected percentiles) due to various medical, nutritional, or psychosocial factors",Normal growth patterns,Only occurring in premature infants,b,B,121,17-05-2026 14:32
Nutritional interventions for failure to thrive aim to:,Restrict calorie intake,"Provide adequate calories and nutrients for catch-up growth, address any underlying feeding problems, and offer parental support and education",Focus only on vitamin supplements,Delay the introduction of solid foods,c,C,121,18-05-2026 14:32
"Food neophobia, the reluctance to eat or try new foods, is common in:",Adults only,Toddlers and young children,Infants under 6 months,Adolescents only,d,D,121,19-05-2026 14:32
Strategies to manage food neophobia in children include:,Forcing the child to eat the new food,"Repeated, neutral exposure to new foods without pressure, involving children in food preparation, and modeling healthy eating",Offering only familiar foods,Punishing the child for not trying new foods,a,A,121,20-05-2026 14:32
"Dental caries (cavities) in children can be influenced by diet, particularly by:","Frequent consumption of sugary foods and drinks, and prolonged exposure of teeth to carbohydrates",A diet high in calcium,"Regular tooth brushing only, regardless of diet",Eating only savory foods,b,B,121,21-05-2026 14:32
"To promote dental health in children, it is advisable to:",Allow sipping on sugary drinks throughout the day,"Limit sugary snacks and drinks, encourage water consumption, ensure adequate fluoride, and promote good oral hygiene practices",Avoid all fruits,Only offer hard candies as treats,c,C,121,22-05-2026 14:32
Which of the following is a common nutritional issue among college students?,Overconsumption of fruits and vegetables,"Irregular eating patterns, reliance on convenience foods, potential for weight gain (",Low risk of alcohol abuse,"Consistent, balanced meals three times a day",d,D,121,23-05-2026 14:32
"Nutritional needs of older adults (e.g., >65 years) are affected by:",Increased BMR and energy needs,"Decreased BMR (often leading to lower energy needs), changes in body composition, reduced absorption of some nutrients, and increased risk of chronic diseases",Improved sense of taste and smell,Higher thirst sensation,a,A,121,24-05-2026 14:32
Common nutrient deficiencies in older adults can include:,Excess Vitamin B12 and calcium,"Vitamin D, Vitamin B12, calcium, and magnesium",Overload of iron,High levels of all fat-soluble vitamins,b,B,121,25-05-2026 14:32
Dehydration is a significant risk for older adults due to:,Increased thirst sensation,"Decreased thirst sensation, reduced kidney function, and potential use of medications that increase fluid loss",Overconsumption of fluids,Enhanced ability to conserve water,c,C,121,26-05-2026 14:32
Dysgeusia (altered sense of taste) and dysosmia (altered sense of smell) in older adults can:,Increase appetite and food enjoyment,"Decrease appetite, food enjoyment, and nutrient intake",Have no impact on nutritional status,Only affect the preference for sweet foods,d,D,121,27-05-2026 14:32
Social isolation and loneliness in older adults can contribute to:,Improved nutritional intake,"Poor nutritional status due to lack of motivation to cook or eat, depression, and reduced access to food",Increased physical activity,Better adherence to therapeutic diets,a,A,121,28-05-2026 14:32
Polypharmacy (use of multiple medications) in older adults can increase the risk of:,Nutrient-drug interactions and side effects that affect appetite or nutrient absorption,Improved nutrient absorption,No nutritional consequences,Decreased need for dietary modifications,b,B,121,29-05-2026 14:32
"The ""Mini Nutritional Assessment"" (MNA) is a screening tool commonly used for:",Infants,Older adults to identify malnutrition or risk of malnutrition,Athletes,Pregnant women,c,C,121,30-05-2026 14:32
Which of the following is a key component of nutrition-focused physical assessment?,Only measuring blood pressure,"Examining for signs of muscle wasting, fat loss, edema, and micronutrient deficiencies (e.g., skin, hair, nails, mouth)",Only listening to lung sounds,Only checking reflexes,d,D,121,31-05-2026 14:32
Edema (swelling due to fluid accumulation) can affect body weight and may mask:,Dehydration,Actual weight loss or muscle wasting,Obesity,Normal hydration status,a,A,121,01-06-2026 14:32
Cachexia differs from simple starvation in that it involves:,Only fat loss,"An inflammatory response and metabolic alterations that lead to muscle breakdown, often seen in chronic diseases like cancer or heart failure",Reversible weight loss with adequate calorie intake,No impact on appetite,b,B,121,02-06-2026 14:32
"Which of the following is a common metabolic change during critical illness or severe stress (e.g., sepsis, burns)?",Decreased metabolic rate,"Hypermetabolism (increased metabolic rate), increased protein catabolism (breakdown), and insulin resistance",Decreased glucose production,Increased protein synthesis,c,C,121,03-06-2026 14:32
Nutritional support for critically ill patients aims to:,Promote rapid weight gain,"Provide adequate energy and protein to meet increased needs, preserve lean body mass, support immune function, and modulate the stress response",Restrict all nutrients,Focus only on hydration,d,D,121,04-06-2026 14:32
Enteral nutrition (EN) is generally preferred over parenteral nutrition (PN) in critically ill patients if the GI tract is functional because EN:,Is more expensive,"Helps maintain gut integrity, reduces risk of infection, and is more physiological",Has a higher risk of complications,Provides fewer nutrients,a,A,121,05-06-2026 14:32
Common complications of enteral nutrition can include:,Improved gut motility,"Diarrhea, constipation, aspiration, and tube displacement or clogging",Decreased risk of infection,Better blood glucose control always,b,B,121,06-06-2026 14:32
Common complications of parenteral nutrition can include:,Improved liver function,"Infection (catheter-related bloodstream infection), metabolic abnormalities (e.g., hyperglycemia, electrolyte imbalances), and liver dysfunction (with long-term use)",No risk of nutrient deficiencies,Lower cost than enteral nutrition,c,C,121,07-06-2026 14:32
Transitional feeding refers to the process of:,Switching from one brand of infant formula to another,"Gradually moving from parenteral nutrition to enteral nutrition, or from enteral nutrition to an oral diet",Introducing solid foods to an infant for the first time,Changing from a regular diet to a therapeutic diet,d,D,121,08-06-2026 14:32
Which of the following is a key consideration when planning a home enteral nutrition (HEN) or home parenteral nutrition (HPN) regimen?,Only the cost of the formula/solution,"Patient/caregiver training, appropriate formula/solution selection, access and infusion schedule, monitoring for complications, and psychosocial support",The patient's favorite foods,The brand of the feeding pump only,a,A,121,09-06-2026 14:32
The primary goal of nutrition in palliative care is often to:,Cure the underlying disease,"Maximize quality of life, manage symptoms (e.g., anorexia, nausea, dysphagia), and provide comfort, rather than aggressive nutritional repletion",Achieve ideal body weight,Strictly adhere to therapeutic diet restrictions,b,B,121,10-06-2026 14:32
Which of the following is a common ethical dilemma in providing nutrition support at the end of life?,Whether to offer the patient their favorite foods,"Deciding whether to initiate, continue, or withdraw artificial nutrition and hydration, considering patient wishes, prognosis, and potential benefits versus burdens",Choosing between different brands of supplements,How to season food appropriately,c,C,121,11-06-2026 14:32
An advance directive or living will can help guide decisions about:,Daily meal choices,"Medical treatments, including artificial nutrition and hydration, if the patient becomes unable to make decisions for themselves",Which hospital to go to,Financial matters only,d,D,121,12-06-2026 14:32
"The concept of ""food as medicine"" emphasizes the role of:",Using food to replace all medications,"Utilizing specific foods and dietary patterns to prevent, manage, or treat diseases",Only consuming organic foods,Relying solely on supplements,a,A,121,13-06-2026 14:32
"Which of the following is an example of a functional food, a food that may provide health benefits beyond basic nutrition?",Plain white sugar,"Oats (containing beta-glucan, which can lower cholesterol) or yogurt with probiotics",Fried potato chips,Artificially sweetened soda,b,B,121,14-06-2026 14:32
"Nutraceuticals are products derived from food sources that are purported to provide extra health benefits, in addition to the basic nutritional value found in foods. They are often sold in medicinal forms (e.g., capsules, powders). An example is:",An apple,Glucosamine and chondroitin supplements for joint health,A slice of whole wheat bread,A glass of milk,c,C,121,15-06-2026 14:32
"The regulation of dietary supplements in many countries, including India and the USA, is generally:","Stricter than for prescription drugs, requiring pre-market approval for safety and efficacy","Less strict than for prescription drugs; manufacturers are primarily responsible for ensuring safety, and they do not need to prove efficacy before marketing",The same as for conventional foods,Non-existent,d,D,121,16-06-2026 14:32
Consumers should be cautious about dietary supplements that:,Are recommended by their doctor,"Make claims that sound too good to be true, promise quick fixes, or are marketed as alternatives to conventional medicine for serious conditions",Are sold in pharmacies,Contain well-known vitamins and minerals,a,A,121,17-06-2026 14:32
"Which of the following is a potential risk of consuming excessive amounts of certain fat-soluble vitamins (A, D, E, K)?","They are easily excreted in urine, so toxicity is rare",They can accumulate in the body and lead to toxicity,They provide no additional benefit at high doses,They are less effective at high doses,b,B,121,18-06-2026 14:32
Water-soluble vitamins (B vitamins and Vitamin C) are generally:,"Stored in the body for long periods, so deficiencies are rare","Not stored in large amounts in the body (excess is usually excreted in urine), so regular intake is important; toxicity is less common than with fat-soluble vitamins but can occur with very high doses of some",Only found in animal products,More likely to cause toxicity than fat-soluble vitamins,c,C,121,19-06-2026 14:32
"The term ""Estimated Average Requirement"" (EAR) for a nutrient is the:",Amount that meets the needs of 97-98% of healthy individuals,Average daily intake level estimated to meet the requirement of half the healthy individuals in a particular life stage and gender group,Highest level of daily nutrient intake that is likely to pose no risk of adverse health effects,Recommended intake for individuals with specific diseases,d,D,121,20-06-2026 14:32
"The ""Tolerable Upper Intake Level"" (UL) for a nutrient is the:",Minimum amount needed to prevent deficiency,Highest level of daily nutrient intake that is likely to pose no risk of adverse health effects to almost all individuals in the general population,Recommended daily intake for optimal health,Amount found in a typical serving of food,a,A,121,21-06-2026 14:32
Which of the following is a key recommendation from the World Health Organization (WHO) regarding sugar intake?,Increase consumption of free sugars,"Reduce intake of free sugars to less than 10% of total energy intake, with further reductions to less than 5% for additional health benefits",Free sugars have no impact on health,Only natural sugars in fruits are a concern,b,B,121,22-06-2026 14:32
"""Free sugars"" include:",Sugars naturally present in whole fruits and vegetables,"Monosaccharides and disaccharides added to foods and beverages by the manufacturer, cook, or consumer, and sugars naturally present in honey, syrups, fruit juices, and fruit juice concentrates",Only artificial sweeteners,Complex carbohydrates,c,C,121,23-06-2026 14:32
High intake of sugar-sweetened beverages (SSBs) is associated with an increased risk of:,Improved dental health,"Weight gain, type 2 diabetes, cardiovascular disease, and dental caries",Stronger bones,Better cognitive function,d,D,121,24-06-2026 14:32
Artificial sweeteners (non-nutritive sweeteners) are substances used to sweeten foods and beverages with few or no calories. Their long-term health effects are:,Proven to be completely harmless in all amounts,"Still a subject of ongoing research and debate, with some studies suggesting potential links to metabolic changes or other health issues, while regulatory agencies generally consider them safe within acceptable daily intake levels",Known to cause significant weight loss in everyone,More nutritious than natural sugars,a,A,121,25-06-2026 14:32
Which of the following is a common artificial sweetener?,Sucrose (table sugar),"Aspartame, sucralose, and saccharin",Honey,Fructose,b,B,121,26-06-2026 14:32
"The concept of ""food processing"" encompasses a wide range of techniques. Which of the following is an example of minimal processing?",Manufacturing a sugary breakfast cereal,"Washing, cutting, and packaging fresh vegetables",Creating a ready-to-eat frozen meal,Producing instant soup powder,c,C,121,27-06-2026 14:32
"While some processed foods can be part of a healthy diet (e.g., canned beans, frozen fruits), heavy reliance on ultra-processed foods is generally discouraged due to their typical nutritional profile, which often includes:","High levels of fiber, vitamins, and minerals","High levels of added sugars, unhealthy fats, sodium, and low levels of essential nutrients and fiber",Only natural ingredients,Low calorie density,d,D,121,28-06-2026 14:32
"Front-of-pack labeling (FOPL) systems, such as traffic light labels or health star ratings, aim to:",Make nutrition information more confusing for consumers,"Help consumers make quicker, healthier food choices at the point of purchase by providing simplified nutrition information",Promote the sale of unhealthy foods,Replace the detailed Nutrition Facts panel,a,A,121,29-06-2026 14:32
A public health approach to improving nutrition in a population often involves:,Focusing only on individual counseling,"A combination of strategies, including policy changes (e.g., food taxes, subsidies), environmental modifications (e.g., improving access to healthy foods), and educational campaigns",Only distributing supplements,Blaming individuals for poor food choices,b,B,121,30-06-2026 14:32
Which of the following is a key role of nurses in promoting good nutrition?,Prescribing specific diet plans without consulting a dietitian,"Screening for nutritional risk, providing basic nutrition education and counseling, reinforcing dietary recommendations from dietitians, monitoring intake, and administering enteral/parenteral nutrition",Only serving meals to patients,Ignoring nutritional aspects of patient care,c,C,122,01-07-2026 14:32
"When a nurse identifies a patient at nutritional risk, the appropriate next step is often to:",Immediately start parenteral nutrition,Refer the patient to a Registered Dietitian for a comprehensive nutritional assessment and intervention plan,Advise the patient to eat more of their favorite foods,"Do nothing, as nutrition is not a nursing responsibility",d,D,122,02-07-2026 14:32
Which of the following is an important aspect of documenting nutrition care?,Only recording the patient's weight,"Clearly and accurately documenting nutritional assessments, diagnoses, interventions, patient education, and monitoring/evaluation of outcomes",Using informal language and abbreviations that others may not understand,Only documenting when problems occur,a,A,122,03-07-2026 14:32
"The term ""iatrogenic malnutrition"" refers to malnutrition that develops:",Due to genetic factors,"As a result of medical treatment or hospitalization (e.g., due to prolonged NPO status, effects of medications, or unappetizing hospital food)",Only in developing countries,From excessive intake of healthy foods,b,B,122,04-07-2026 14:32
Strategies to prevent iatrogenic malnutrition in hospitalized patients include:,Keeping all patients NPO for extended periods,"Early nutritional screening and intervention, minimizing periods of NPO, providing appealing and nutritious meals, and offering assistance with feeding if needed",Ignoring patient food preferences,Only providing intravenous fluids to all patients,c,C,122,05-07-2026 14:32
Which of the following is a common barrier to adequate nutritional intake in hospitalized patients?,Excellent appetite due to illness,"Pain, nausea, fatigue, unpalatable food, restrictive therapeutic diets, and interruptions during mealtimes",Too much variety in the hospital menu,Overly attentive staff encouraging eating,d,D,122,06-07-2026 14:32
"The ""MUST"" (Malnutrition Universal Screening Tool) is a five-step screening tool to identify adults who are malnourished, at risk of malnutrition, or obese. It includes assessment of:",Only dietary intake,"BMI, unplanned weight loss, and acute disease effect",Only blood test results,Only physical activity levels,a,A,122,07-07-2026 14:32
Which of the following is a key indicator of protein-energy malnutrition (PEM)?,High serum albumin levels,"Low serum albumin or prealbumin levels, weight loss, and muscle wasting",Increased body fat percentage,Normal growth in children,b,B,122,08-07-2026 14:32
Prealbumin has a shorter half-life than albumin and is therefore considered:,A less sensitive indicator of acute changes in protein status,A more sensitive indicator of acute changes in protein status and response to nutritional intervention,Unrelated to protein status,Only useful for assessing fat stores,b,B,122,09-07-2026 14:32
Nitrogen balance studies are used to assess protein status. A positive nitrogen balance indicates:,Protein intake is less than protein excretion (net protein loss),"Protein intake is greater than protein excretion (net protein synthesis, e.g., during growth or recovery)",Protein intake equals protein excretion (equilibrium),The body is not utilizing protein,a,A,122,10-07-2026 14:32
A negative nitrogen balance indicates:,Net protein synthesis,"Protein intake is less than protein excretion (net protein breakdown, e.g., during critical illness, starvation)",Protein equilibrium,Excessive protein intake,b,B,122,11-07-2026 14:32
Indirect calorimetry is a method used to measure:,Body fat percentage directly,Energy expenditure by measuring oxygen consumption and carbon dioxide production,Nutrient content of foods,Blood glucose levels,c,C,122,12-07-2026 14:32
The Respiratory Quotient (RQ) is the ratio of CO2 produced to O2 consumed. An RQ of approximately 1.0 suggests primary utilization of which macronutrient for energy?,Fat,Carbohydrate,Protein,Alcohol,d,D,122,13-07-2026 14:32
An RQ of approximately 0.7 suggests primary utilization of which macronutrient for energy?,Carbohydrate,Fat,Protein,A mixed diet,a,A,122,14-07-2026 14:32
An RQ greater than 1.0 may indicate:,Predominant fat oxidation,Overfeeding or lipogenesis (synthesis of fat from carbohydrates),Starvation,Predominant protein oxidation,b,B,122,15-07-2026 14:32
Which of the following is a common nutritional concern in patients with burns?,Decreased energy and protein needs,"Extremely high energy and protein needs to support wound healing and combat hypermetabolism, along with increased needs for certain vitamins and minerals (e.g., vitamin C, zinc)",A diet low in fluids,Restricting all fats,c,C,122,16-07-2026 14:32
Nutritional support for burn patients often begins early and may involve:,Only oral diet regardless of burn severity,"High-calorie, high-protein enteral nutrition, sometimes supplemented with parenteral nutrition if enteral goals cannot be met",A low-protein diet to reduce kidney strain,Restricting fluids to prevent edema,d,D,122,17-07-2026 14:32
Pressure injuries (bedsores) can be influenced by nutritional status. Which nutrients are particularly important for wound healing and prevention of pressure injuries?,Only carbohydrates,"Adequate calories, protein, vitamin C, zinc, and hydration",Only fats,High intake of sugar,a,A,122,18-07-2026 14:32
Which of the following is a key dietary recommendation for individuals with osteoporosis?,A diet low in calcium and vitamin D,"Ensuring adequate intake of calcium and vitamin D, along with other bone-healthy nutrients, and engaging in weight-bearing exercise",Avoiding all dairy products,A diet very high in phosphorus,b,B,122,19-07-2026 14:32
Good food sources of Vitamin D include:,Most fruits and vegetables,"Fatty fish (salmon, mackerel), fortified milk and cereals, and egg yolks; sunlight exposure also promotes Vitamin D synthesis in the skin",Lean meats,Whole grains,c,C,122,20-07-2026 14:32
Which of the following lifestyle factors can negatively impact bone health?,Regular weight-bearing exercise,"Smoking, excessive alcohol intake, and a sedentary lifestyle",Adequate calcium intake,Normal body weight,d,D,122,21-07-2026 14:32
"The term ""metabolic syndrome"" refers to a cluster of conditions that increase the risk of heart disease, stroke, and type 2 diabetes. These conditions include:","Low blood pressure, low blood sugar, and low cholesterol","High blood pressure, high blood sugar, excess body fat around the waist (abdominal obesity), and abnormal cholesterol or triglyceride levels",High HDL (,Normal waist circumference and low BMI,a,A,122,22-07-2026 14:32
Lifestyle modifications are central to managing metabolic syndrome and include:,Increasing intake of processed foods,"Weight loss (if overweight/obese), a healthy diet (e.g., DASH or Mediterranean), regular physical activity, and smoking cessation",A sedentary lifestyle,High sodium intake,b,B,122,23-07-2026 14:32
"Which of the following blood lipid parameters is generally considered ""good"" cholesterol because it helps remove cholesterol from arteries?",LDL (Low-Density Lipoprotein) cholesterol,HDL (High-Density Lipoprotein) cholesterol,Total cholesterol,Triglycerides,c,C,122,24-07-2026 14:32
High levels of which blood lipid parameter are a major risk factor for atherosclerosis and cardiovascular disease?,HDL cholesterol,LDL cholesterol,Both HDL and LDL equally,Only VLDL cholesterol,d,D,122,25-07-2026 14:32
Dietary strategies to help lower LDL cholesterol include:,Increasing intake of saturated and trans fats,"Reducing intake of saturated and trans fats, increasing intake of soluble fiber (e.g., from oats, beans, apples), and consuming foods rich in unsaturated fats (e.g., olive oil, nuts, avocados)",A diet very low in all fats,Increasing intake of dietary cholesterol significantly,a,A,122,26-07-2026 14:32
Soluble fiber can help lower LDL cholesterol by:,Increasing its absorption in the gut,"Binding to bile acids in the intestine and promoting their excretion, which causes the liver to use more cholesterol to make new bile acids",Directly converting LDL to HDL,Increasing the production of LDL in the liver,b,B,122,27-07-2026 14:32
"Plant sterols and stanols, found in some fortified foods, can help lower LDL cholesterol by:",Increasing its synthesis,Blocking the absorption of dietary and biliary cholesterol in the intestine,Converting HDL to LDL,Damaging arterial walls,c,C,122,28-07-2026 14:32
High triglyceride levels can also increase the risk of cardiovascular disease. Dietary factors that can raise triglycerides include:,High intake of omega-3 fatty acids,"High intake of refined carbohydrates, sugary foods and drinks, and excessive alcohol",A diet low in all carbohydrates,Regular physical activity,d,D,122,29-07-2026 14:32
"Omega-3 fatty acids, found in fatty fish, flaxseeds, and walnuts, are known to:",Increase LDL cholesterol,Help lower triglyceride levels and have other cardiovascular benefits,Have no effect on blood lipids,Increase blood pressure,a,A,122,30-07-2026 14:32
The Nutrition Facts label on food products in India is regulated by:,WHO (World Health Organization),FSSAI (Food Safety and Standards Authority of India),ICMR (Indian Council of Medical Research),Ministry of Agriculture,b,B,122,31-07-2026 14:32
"As per FSSAI, the mandatory information on a Nutrition Facts label in India includes:",Only calorie content,"Energy (kcal), protein, carbohydrate (specifying sugar), fat (specifying saturated and trans fat), and sodium",Only vitamin and mineral content,Only serving size,c,C,122,01-08-2026 14:32
The Recommended Dietary Allowances (RDAs) for Indians are formulated by the:,Food and Agriculture Organization (FAO),"National Institute of Nutrition (NIN), under the Indian Council of Medical Research (ICMR)",Ministry of Health and Family Welfare,FSSAI,d,D,122,02-08-2026 14:32
"The concept of ""Balanced Diet"" as per NIN/ICMR emphasizes:",Consuming only one food group in large quantities,Consuming a variety of foods from different food groups in appropriate proportions to meet nutrient needs and maintain health,A diet high in fats and sugars,Avoiding all traditional Indian foods,a,A,122,03-08-2026 14:32
Which of the following is a common feature of traditional Indian diets that can be beneficial for health?,High intake of processed meats,"Use of diverse spices with potential antioxidant and anti-inflammatory properties, and inclusion of legumes and whole grains",Low fiber content,Frequent consumption of sugary beverages,b,B,122,04-08-2026 14:32
A potential nutritional concern in some traditional Indian vegetarian diets can be ensuring adequate intake of:,Vitamin C and fiber,"Vitamin B12, iron, zinc, calcium, and protein quality if not well-planned",Carbohydrates,Vitamin A,c,C,122,05-08-2026 14:32
"The term ""double burden of malnutrition"" refers to:",Only undernutrition,"The coexistence of undernutrition (stunting, wasting, micronutrient deficiencies) along with overweight and obesity within the same population, household, or even individual",Only overnutrition,Malnutrition only in children,d,D,122,06-08-2026 14:32
Which of the following is a factor contributing to the rising rates of obesity and non-communicable diseases (NCDs) in India?,"Increased consumption of traditional, whole foods","Nutrition transition (shift towards diets higher in processed foods, fats, and sugars), urbanization, and increasingly sedentary lifestyles",High levels of physical activity across the population,Strong adherence to traditional dietary patterns,a,A,122,07-08-2026 14:32
"Anemia, particularly iron-deficiency anemia, is a major public health problem in India, especially affecting:",Only elderly men,Women (especially pregnant women and adolescent girls) and young children,Only adult men in urban areas,Athletes only,b,B,122,08-08-2026 14:32
The Anemia Mukt Bharat (Anemia Free India) strategy focuses on:,Only iron supplementation for pregnant women,"A multi-pronged approach including iron-folic acid supplementation, deworming, behavior change communication, and addressing non-nutritional causes of anemia",Only dietary diversification,Only screening for anemia,c,C,122,09-08-2026 14:32
"Vitamin A deficiency is a public health concern in India, particularly among young children, and can lead to:",Improved vision,"Night blindness, increased risk of infections, and xerophthalmia (dry eyes, potentially leading to blindness)",Stronger bones,Better growth,d,D,122,10-08-2026 14:32
The National Vitamin A Prophylaxis Programme in India involves administering high doses of Vitamin A supplementation to:,All adults,Children aged 9 months to 5 years,Only pregnant women,Only adolescent girls,a,A,122,11-08-2026 14:32
"Iodine Deficiency Disorders (IDDs) can lead to goiter, hypothyroidism, and impaired cognitive development. The most effective public health strategy to prevent IDDs is:",Supplementation with iodine tablets for everyone,Universal Salt Iodization (USI) - ensuring all edible salt is adequately iodized,Consuming large amounts of seafood only,Avoiding all salt,b,B,122,12-08-2026 14:32
The National Iodine Deficiency Disorders Control Programme (NIDDCP) in India promotes:,The use of non-iodized salt,The consumption of adequately iodized salt and monitors iodine status in the population,Supplementation with iodine for specific groups only,Reducing salt intake to very low levels,c,C,122,13-08-2026 14:32
Which of the following is a key message for promoting infant and young child feeding (IYCF) practices?,Start complementary foods at 2 months of age,"Initiate breastfeeding within one hour of birth, exclusive breastfeeding for the first 6 months, and timely introduction of adequate, safe, and appropriate complementary foods from 6 months onwards while continuing breastfeeding",Give honey to infants under 1 year,Stop breastfeeding as soon as complementary foods are introduced,d,D,122,14-08-2026 14:32
Complementary foods for infants should be:,Low in energy and nutrients,"Rich in energy and nutrients (including iron), of appropriate texture, and given in adequate frequency and amounts",Highly spiced and salted,The same as adult food from 6 months,a,A,122,15-08-2026 14:32
Which of the following is a common barrier to optimal IYCF practices in India?,Universal knowledge about correct feeding practices,"Lack of awareness, traditional beliefs that may be harmful, inadequate family support, and aggressive marketing of breast-milk substitutes",Easy access to diverse and nutritious complementary foods for all,Strong government policies that are always effectively implemented,b,B,122,16-08-2026 14:32
"The term ""hidden hunger"" specifically refers to a deficiency of:",Calories,"Macronutrients (protein, carbohydrates, fats)",Micronutrients (vitamins and minerals),Water,c,C,122,17-08-2026 14:32
Biofortification is a process of:,Adding nutrients to foods during processing,"Breeding crops to increase their nutritional value (e.g., higher levels of vitamins or minerals)",Removing harmful substances from foods,Fortifying foods with synthetic nutrients only,d,D,122,18-08-2026 14:32
Examples of biofortified crops developed in India include:,Sugarcane with higher sugar content,"Iron-rich pearl millet, zinc-rich rice and wheat, and vitamin A-rich sweet potato",Cotton with longer fibers,Tea with higher caffeine content,a,A,122,19-08-2026 14:32
Which of the following is a key role of Anganwadi Workers (AWWs) under the ICDS scheme in India?,Only providing formal education to children,"Providing supplementary nutrition, pre-school education, health check-ups, immunization, and nutrition and health education to children, pregnant women, and lactating mothers",Only distributing medicines,Only conducting agricultural activities,b,B,123,20-08-2026 14:32
"The concept of ""Dietary Diversity Score"" is used to assess:",The total amount of food consumed,"The variety of food groups consumed, which is an indicator of nutrient adequacy",Only the intake of fruits and vegetables,The taste preferences of an individual,c,C,123,21-08-2026 14:32
A higher dietary diversity score is generally associated with:,Poorer nutritional status,Better nutritional status and increased likelihood of meeting micronutrient needs,Increased risk of obesity,No impact on health,d,D,123,22-08-2026 14:32
Food adulteration is a major concern that can impact food safety and nutritional quality. It involves:,Enhancing the nutritional value of food,"Intentionally adding, substituting, or removing substances from food, or misbranding food, often for economic gain, which can make it unsafe or reduce its quality",Only accidental contamination,Improving the taste of food always,a,A,123,23-08-2026 14:32
The Prevention of Food Adulteration Act (PFA) in India has now been largely subsumed under the:,Consumer Protection Act,"Food Safety and Standards Act (FSSA), 2006",Essential Commodities Act,Indian Penal Code,b,B,123,24-08-2026 14:32
Which of the following is a common adulterant found in milk in India?,Sugar,"Water, urea, detergent, and starch",Turmeric powder,Sand,c,C,123,25-08-2026 14:32
"Adulteration of spices, like chili powder with brick powder or turmeric with metanil yellow, can lead to:",Enhanced flavor and color,Serious health problems due to toxicity of the adulterants,Increased shelf life,No significant health impact,d,D,123,26-08-2026 14:32
"Consumer awareness and vigilance, along with strong regulatory enforcement, are crucial for tackling:",Only high food prices,Food adulteration and ensuring food safety,Only food shortages,Only marketing of unhealthy foods,a,A,123,27-08-2026 14:32
"The term ""food faddism"" refers to:",A scientifically sound approach to eating,"An unusual or exaggerated belief about certain foods or dietary practices, often lacking scientific basis, that may lead to restrictive or unbalanced diets",Eating a wide variety of foods,Following evidence-based dietary guidelines,b,B,123,28-08-2026 14:32
Which of the following is an example of food faddism?,Believing that a balanced diet is important for health,"Believing that a single superfood"" can cure all diseases, or that certain food combinations are inherently toxic",Encouraging fruit and vegetable consumption,Promoting hydration with water,c,C,123,29-08-2026 14:32
Nutrition quackery involves:,Providing evidence-based nutrition advice,"Promoting unproven or false nutrition claims, products, or services for profit, often preying on vulnerable individuals",Referring patients to qualified dietitians,Advocating for public health nutrition policies,d,D,123,30-08-2026 14:32
Red flags that may indicate nutrition quackery include:,Recommendations based on peer-reviewed scientific research,"Promises of quick and dramatic results, claims that sound too good to be true, use of testimonials instead of scientific evidence, and attempts to sell special products",Advice to eat a balanced diet,Encouragement to consult a healthcare professional,a,A,123,31-08-2026 14:32
"The concept of ""food miles"" refers to:",The nutritional quality of food,"The distance food travels from where it is produced to where it is consumed, which can have environmental implications (e.g., carbon emissions from transport)",The speed at which food is digested,The cost of food per mile traveled,b,B,123,01-09-2026 14:32
Choosing locally sourced and seasonal foods can help to:,Increase food miles and environmental impact,"Reduce food miles, support local farmers, and often provide fresher, more nutritious produce",Guarantee lower prices always,Ensure foods are always organic,c,C,123,02-09-2026 14:32
Sustainable food systems aim to:,Maximize food production at any cost,"Ensure food security and nutrition for all in such a way that the economic, social, and environmental bases to generate food security and nutrition for future generations are not compromised",Focus only on organic farming,Promote reliance on imported foods,d,D,123,03-09-2026 14:32
Which of the following is a practice that can contribute to a more sustainable food system?,High levels of food waste,"Reducing food waste, choosing plant-based diets more often, supporting sustainable agriculture, and conserving water and energy in food production and consumption",Overconsumption of resource-intensive foods like red meat,Using single-use plastics for all food packaging,a,A,123,04-09-2026 14:32
"Food waste occurs at various stages, including:",Only during transportation,"Agricultural production, post-harvest handling and storage, processing, distribution, retail, and consumer levels",Only at the consumer level,Only in restaurants,b,B,123,05-09-2026 14:32
Reducing food waste is important because it can help to:,Increase food prices,"Conserve resources (land, water, energy), reduce greenhouse gas emissions, and improve food security",Worsen malnutrition,Create more landfill space,c,C,123,06-09-2026 14:32
Which of the following is a simple way consumers can reduce food waste at home?,Buying more food than needed,"Planning meals, storing food properly, understanding date labels (e.g., ""best before"" vs. ""use by""), and using leftovers creatively",Throwing away imperfect-looking fruits and vegetables,Always choosing the largest package size,d,D,123,07-09-2026 14:32
"The ""Food Recovery Hierarchy"" suggests priorities for preventing and diverting wasted food. The most preferred option is:",Landfill/Incineration,Source Reduction (preventing waste in the first place),Feeding animals,Composting,a,A,123,08-09-2026 14:32
Which of the following is a common method of food preservation that extends shelf life by inhibiting microbial growth?,Leaving food at room temperature,"Refrigeration, freezing, canning, drying, and fermentation",Adding large amounts of water,Exposing food to sunlight for long periods,b,B,123,09-09-2026 14:32
Pasteurization is a process that uses heat to:,Cook food thoroughly,"Kill harmful microorganisms in foods like milk and juice, extending their shelf life",Enhance the flavor of all foods,Add nutrients to food,c,C,123,10-09-2026 14:32
Irradiation is a food preservation technique that uses ionizing radiation to:,Make food radioactive,"Kill bacteria, insects, and parasites, and can delay ripening or sprouting; it does not make food radioactive",Increase the vitamin content of food,Change the taste of food significantly,d,D,123,11-09-2026 14:32
"Genetically Modified Organisms (GMOs) in food involve altering the genetic material of plants or animals to introduce desired traits, such as:",Always lower nutritional value,"Pest resistance, herbicide tolerance, or enhanced nutritional content (e.g., Golden Rice with Vitamin A)",Always making them taste worse,Only increasing their size,a,A,123,12-09-2026 14:32
"The safety of GMO foods is a subject of public debate, but major scientific organizations worldwide have generally concluded that:",All GMO foods are unsafe,"GMO foods currently available on the market are safe to eat, though ongoing research and regulation are important",GMO foods are always more nutritious than non-GMO foods,GMO foods cause allergic reactions in everyone,b,B,123,13-09-2026 14:32
"In India, the regulation of GMOs is handled by the:",FSSAI only,"Genetic Engineering Appraisal Committee (GEAC) under the Ministry of Environment, Forest and Climate Change",ICMR only,Ministry of Agriculture only,c,C,123,14-09-2026 14:32
Organic farming practices generally prohibit the use of:,Natural fertilizers like manure,"Synthetic pesticides, herbicides, genetically modified organisms (GMOs), and synthetic fertilizers",Crop rotation,Composting,d,D,123,15-09-2026 14:32
"While organic foods may have lower pesticide residues, current scientific evidence regarding their superior nutritional content compared to conventionally grown foods is:",Conclusive and shows significantly higher levels of all nutrients,"Mixed and does not consistently show significant nutritional advantages, though some studies suggest higher levels of certain antioxidants or fatty acids in some organic foods",Non-existent,Shows they are always less nutritious,a,A,123,16-09-2026 14:32
The primary reasons consumers choose organic foods often include concerns about:,Higher cost,"Pesticide residues, environmental impact of conventional farming, and animal welfare (for organic animal products)",Lower nutritional value,Shorter shelf life,b,B,123,17-09-2026 14:32
Hydroponics is a method of growing plants:,In traditional soil,"Without soil, using mineral nutrient solutions in an aqueous solvent",Only in deserts,Using only rainwater,c,C,123,18-09-2026 14:32
Aquaponics combines:,Hydroponics with traditional farming,Aquaculture (raising aquatic animals like fish) with hydroponics (cultivating plants in water) in a symbiotic environment,Growing plants in the air,Only fish farming,d,D,123,19-09-2026 14:32
"Vertical farming is a practice of growing crops in vertically stacked layers, often indoors in controlled environments. It can help to:",Increase land use for agriculture,"Reduce land use, conserve water, and allow for year-round production in urban areas, but can be energy-intensive",Only grow root vegetables,Eliminate the need for all fertilizers,a,A,123,20-09-2026 14:32
Climate change can impact food security and nutrition through:,More stable weather patterns,"Effects on crop yields, livestock production, fisheries, food prices, and increased frequency of extreme weather events (droughts, floods)",Improved nutritional quality of all crops,Reduced pest and disease pressure,b,B,123,21-09-2026 14:32
Climate-resilient agriculture aims to:,Increase greenhouse gas emissions from farming,Develop farming practices and crop varieties that can better withstand the impacts of climate change,Focus only on monoculture,Use more water and pesticides,c,C,123,22-09-2026 14:32
Which of the following is a common foodborne pathogen that can cause illness if food is not handled or cooked properly?,Lactobacillus (a probiotic),"Salmonella, Escherichia coli (E. coli O157:H7), Listeria monocytogenes, and Campylobacter",Yeast used in baking,Acetic acid bacteria (used to make vinegar),d,D,123,23-09-2026 14:32
The incubation period for foodborne illnesses can range from:,Several months to years,"A few hours to several days, depending on the pathogen and the individual",Only a few minutes,Always exactly 24 hours,a,A,123,24-09-2026 14:32
Cross-contamination in food preparation refers to:,Mixing different types of food together,"The transfer of harmful bacteria from one food item (e.g., raw meat) to another food item (e.g., ready-to-eat vegetables) or surface",Cooking food at very high temperatures,Freezing food to preserve it,b,B,123,25-09-2026 14:32
"To prevent cross-contamination, it is important to:",Use the same cutting board for raw meat and vegetables,"Use separate cutting boards and utensils for raw meats and ready-to-eat foods, and wash hands thoroughly between handling different food items",Wash raw meat before cooking,Store raw meat above ready-to-eat foods in the refrigerator,c,C,123,26-09-2026 14:32
Which of the following is a safe internal cooking temperature for poultry?,145°F (63°C),165°F (74°C),135°F (57°C),120°F (49°C),d,D,123,27-09-2026 14:32
"The ""2-hour rule"" in food safety states that perishable foods should not be left at room temperature for more than:",1 hour,2 hours,4 hours,6 hours,a,A,123,28-09-2026 14:32
Which of the following is a safe method for thawing frozen food?,On the kitchen counter at room temperature,"In the refrigerator, under cold running water, or in the microwave (if cooked immediately)",In a warm oven,In direct sunlight,b,B,123,29-09-2026 14:32
Food recalls are issued when:,A food product is very popular,There is reason to believe that a food product may be contaminated or mislabeled and could pose a health risk to consumers,A food product is out of stock,A food product has reached its expiration date,c,C,123,30-09-2026 14:32
The primary purpose of food additives is to:,Make food less appealing,"Preserve flavor or enhance taste, appearance, or other qualities; they are regulated for safety",Reduce the nutritional value of food,Make food more expensive,d,D,123,01-10-2026 14:32
Examples of food additives include:,Fresh fruits and vegetables,"Preservatives, colorings, flavorings, and emulsifiers",Whole grains,Lean meats,a,A,123,02-10-2026 14:32
"The term ""GRAS"" (Generally Recognized As Safe) for food additives means that:",The additive has been proven to be harmful,"The additive is generally recognized by qualified experts as safe under the conditions of its intended use, based on extensive history of use or scientific evidence",The additive is only safe for certain individuals,The additive is not regulated,b,B,123,03-10-2026 14:32
Which of the following is a common method for assessing body composition?,Only BMI,"Skinfold thickness measurements, bioelectrical impedance analysis (BIA), dual-energy X-ray absorptiometry (DXA), and hydrostatic weighing",Only waist circumference,Only weight on a scale,b,B,123,04-10-2026 14:32
Bioelectrical Impedance Analysis (BIA) estimates body composition by:,Measuring the amount of water displaced by the body,Measuring the resistance of body tissues to a small electrical current (fat impedes current more than lean tissue),Using X-rays to measure bone density,Visually assessing body shape,a,A,123,05-10-2026 14:32
Dual-energy X-ray Absorptiometry (DXA) is considered a highly accurate method for measuring:,Only body weight,"Bone mineral density, body fat percentage, and lean body mass",Only muscle strength,Only hydration status,c,C,123,06-10-2026 14:32
Which of the following is a common nutritional concern for athletes who follow a vegetarian or vegan diet?,Excessive protein intake,"Ensuring adequate intake of protein, iron, zinc, calcium, vitamin B12, and omega-3 fatty acids",Too many carbohydrates,Overconsumption of all vitamins,d,D,123,07-10-2026 14:32
"The concept of ""nutrient periodization"" in sports nutrition involves:",Eating the same diet every day,"Strategically adjusting nutrient intake (e.g., carbohydrates, protein, fat) to match training phases and competition demands",Avoiding all supplements,Only focusing on hydration,a,A,123,08-10-2026 14:32
Which of the following is a common nutritional strategy for endurance athletes during prolonged exercise?,Avoiding all carbohydrates,"Consuming carbohydrates (e.g., sports drinks, gels) to maintain blood glucose levels and spare muscle glycogen",Only consuming protein,Drinking only plain water,b,B,124,09-10-2026 14:32
"The ""glycemic load"" of a food considers both the glycemic index and the:",Protein content,Amount of carbohydrate in a serving,Fat content,Fiber content,c,C,124,10-10-2026 14:32
A low glycemic load diet may be beneficial for:,Rapid increases in blood sugar,"Managing blood glucose levels, particularly for individuals with diabetes or insulin resistance",Promoting quick energy bursts,Increasing appetite,a,A,124,11-10-2026 14:32
Which of the following is a common nutritional concern for individuals with chronic obstructive pulmonary disease (COPD)?,Excessive weight gain,"Malnutrition, weight loss, and muscle wasting due to increased energy expenditure for breathing, reduced food intake, and inflammation",Overconsumption of all nutrients,No impact on nutritional status,b,B,124,12-10-2026 14:32
Nutritional support for COPD patients often includes:,A low-calorie diet,"High-calorie, high-protein diet, small frequent meals, and sometimes specialized formulas to reduce CO2 production",Restricting all fluids,A diet high in simple sugars,c,C,124,13-10-2026 14:32
Which of the following is a common nutritional concern for patients with heart failure?,Excessive weight loss,"Fluid retention, sodium restriction, and potential for cardiac cachexia (muscle wasting)",Unrestricted sodium intake,High potassium intake regardless of kidney function,a,A,124,14-10-2026 14:32
Dietary management for heart failure often includes:,High sodium intake,"Sodium restriction, fluid restriction (if indicated), and a heart-healthy diet rich in fruits, vegetables, and whole grains",Avoiding all fruits and vegetables,A diet very high in saturated fat,b,B,124,15-10-2026 14:32
Which of the following is a common nutritional concern for patients with dysphagia (difficulty swallowing)?,Overhydration,"Aspiration (food or liquid entering the airway), dehydration, and malnutrition",Excessive weight gain,No risk of choking,c,C,124,16-10-2026 14:32
The National Dysphagia Diet (NDD) provides guidelines for:,Only liquid consistency,Standardized food textures and liquid consistencies for individuals with dysphagia,Only solid food textures,A diet for weight loss,d,D,124,17-10-2026 14:32
Which of the following is a common nutritional concern for patients with pressure injuries (bedsores)?,Low protein needs,"Increased protein, calorie, vitamin C, and zinc needs for wound healing",No impact on nutritional status,Avoiding all fluids,a,A,124,18-10-2026 14:32
"The term ""medical food"" refers to:",Any food consumed by a sick person,"A food formulated to be consumed or administered enterally under the supervision of a physician and which is intended for the specific dietary management of a disease or condition for which distinctive nutritional requirements, based on recognized scientific principles, are established by medical evaluation",Food served in hospitals,Any dietary supplement,b,B,124,19-10-2026 14:32
Which of the following is a common nutritional concern for patients with cancer undergoing chemotherapy or radiation therapy?,Increased appetite and weight gain,"Nausea, vomiting, mucositis (inflammation of mucous membranes), taste changes, anorexia, and fatigue, leading to reduced food intake and malnutrition",Improved nutrient absorption,No side effects related to nutrition,c,C,124,20-10-2026 14:32
Nutritional interventions for cancer patients during treatment aim to:,Force feed patients,"Manage symptoms, maintain nutritional status, prevent weight loss and muscle wasting, and support immune function",Only provide intravenous fluids,Ignore patient preferences,d,D,124,21-10-2026 14:32
Which of the following is a common nutritional concern for patients with diabetes who are also experiencing gastroparesis (delayed stomach emptying)?,Rapid absorption of food,"Difficulty with blood glucose control, nausea, vomiting, and early satiety",Increased appetite,No impact on digestion,a,A,124,22-10-2026 14:32
Dietary management for gastroparesis often includes:,"High-fat, high-fiber meals","Small, frequent meals, low-fat and low-fiber foods, and sometimes liquid nutritional supplements","Large, infrequent meals",Avoiding all liquids,b,B,124,23-10-2026 14:32
Which of the following is a common nutritional concern for patients with chronic kidney disease (CKD) who are not yet on dialysis?,Unrestricted protein intake,"Protein restriction (to reduce kidney workload), phosphorus restriction, potassium restriction (if hyperkalemia), and sodium restriction",High fluid intake,Avoiding all fruits and vegetables,c,C,124,24-10-2026 14:32
"The term ""renal diet"" refers to a diet specifically designed for individuals with:",Liver disease,"Kidney disease, often restricting protein, sodium, potassium, and phosphorus",Heart disease,Diabetes,d,D,124,25-10-2026 14:32
Which of the following is a common nutritional concern for patients with liver cirrhosis?,Excessive protein intake,"Malnutrition, fluid retention (ascites), hepatic encephalopathy, and vitamin deficiencies",Improved appetite,Normal liver function,a,A,124,26-10-2026 14:32
Dietary management for liver cirrhosis may include:,Unrestricted sodium and fluid intake,"Sodium restriction (for ascites), fluid restriction (if indicated), adequate protein (unless severe encephalopathy), and vitamin/mineral supplementation",A diet very high in fat,Avoiding all carbohydrates,b,B,124,27-10-2026 14:32
Which of the following is a common nutritional concern for patients with pancreatitis?,Increased appetite,"Pain, nausea, vomiting, malabsorption (especially fat), and weight loss",No impact on digestion,Improved nutrient absorption,c,C,124,28-10-2026 14:32
Nutritional support during acute pancreatitis often involves:,Immediate reintroduction of solid foods,"Initial bowel rest (NPO), followed by clear liquids, then a low-fat diet as tolerated; enteral nutrition is preferred over parenteral if possible",A high-fat diet,Encouraging alcohol consumption,d,D,124,29-10-2026 14:32
Which of the following is a common nutritional concern for patients with inflammatory bowel disease (IBD) during a flare-up?,Increased appetite and weight gain,"Malabsorption, nutrient deficiencies, weight loss, and increased energy needs due to inflammation",No impact on digestion,Improved immune function,a,A,124,30-10-2026 14:32
Dietary management during an IBD flare-up may involve:,A high-fiber diet,"A low-residue or low-fiber diet to reduce bowel irritation, ensuring adequate hydration, and sometimes liquid nutritional supplements","Eating large, infrequent meals",Consuming trigger foods,b,B,124,31-10-2026 14:32
Which of the following is a common nutritional concern for patients with short bowel syndrome (SBS)?,Normal absorption of all nutrients,"Severe malabsorption of macronutrients and micronutrients, dehydration, and electrolyte imbalances",Excessive weight gain,No need for specialized nutrition,c,C,124,01-11-2026 14:32
Nutritional management for SBS is highly individualized and may include:,A standard oral diet for everyone,"Small, frequent meals, specialized oral diets (e.g., low fat, low oxalate), antidiarrheal medications, and often long-term enteral or parenteral nutrition",Avoiding all fluids,A diet very high in insoluble fiber,d,D,124,02-11-2026 14:32
Which of the following is a common nutritional concern for patients with celiac disease?,No impact on nutrient absorption,"Malabsorption of nutrients (especially fat-soluble vitamins, iron, folate) due to damage to the small intestinal lining, and potential for nutrient deficiencies",Excessive weight gain,Improved digestive function,a,A,124,03-11-2026 14:32
The only effective treatment for celiac disease is:,Medication,"A strict, lifelong gluten-free diet",Surgery,Dietary supplements only,b,B,124,04-11-2026 14:32
Which of the following is a common nutritional concern for patients with dysphagia (difficulty swallowing) who are at risk of aspiration?,Overhydration,"Dehydration, malnutrition, and pneumonia",Excessive weight gain,No risk of choking,c,C,124,05-11-2026 14:32
Strategies to reduce aspiration risk in patients with dysphagia include:,Eating quickly and talking while eating,"Modifying food textures and liquid consistencies, ensuring proper positioning during meals, and providing close supervision",Drinking thin liquids only,Eating large bites of food,d,D,124,06-11-2026 14:32
Which of the following is a common nutritional concern for patients with pressure injuries (bedsores)?,Low protein needs,"Increased protein, calorie, vitamin C, and zinc needs for wound healing and tissue repair",No impact on nutritional status,Avoiding all fluids,a,A,124,07-11-2026 14:32
"The term ""nutritional support"" encompasses:",Only oral diets,"The provision of nutrients to patients who are unable to meet their nutritional needs through conventional oral intake, including oral nutritional supplements, enteral nutrition, and parenteral nutrition",Only intravenous fluids,Only dietary counseling,b,B,124,08-11-2026 14:32
Which of the following is a common reason for initiating enteral nutrition?,Patient prefers not to eat orally,"Inability to swallow safely (e.g., stroke, head injury), severe malnutrition, or conditions requiring bowel rest",Patient has normal oral intake,Patient is allergic to all foods,c,C,124,09-11-2026 14:32
Which of the following is a common reason for initiating parenteral nutrition?,Patient can tolerate oral or enteral feeding,"Non-functional gastrointestinal tract (e.g., severe malabsorption, bowel obstruction, prolonged ileus), or when enteral nutrition is contraindicated or insufficient",Patient prefers intravenous feeding,Patient has mild indigestion,d,D,124,10-11-2026 14:32
"The term ""refeeding syndrome"" is characterized by rapid shifts in:",Blood glucose only,"Fluid and electrolyte levels (especially phosphorus, potassium, magnesium) upon reintroduction of nutrition in severely malnourished individuals",Only protein levels,Only fat levels,a,A,124,11-11-2026 14:32
"To prevent refeeding syndrome, nutritional support should be initiated:",Rapidly with full caloric goals,"Slowly and cautiously, with careful monitoring of electrolytes and fluid balance",Only after several days of fasting,With a high-fat diet,b,B,124,12-11-2026 14:32
Which of the following is a common ethical consideration in providing nutritional support?,Always providing full nutritional support regardless of patient wishes or prognosis,"Balancing the potential benefits and burdens of nutritional support, respecting patient autonomy, and considering quality of life",Only considering the cost of nutritional support,Ignoring patient preferences for food,c,C,124,13-11-2026 14:32
The role of the nurse in nutritional support includes:,Prescribing nutritional formulas,"Assessing nutritional status, administering and monitoring enteral/parenteral nutrition, managing feeding tubes, educating patients and families, and collaborating with the healthcare team",Only ordering food for patients,Performing complex nutritional calculations,d,D,124,14-11-2026 14:32
Which of the following is a key aspect of patient education regarding nutritional support?,Using complex medical terminology,"Explaining the purpose of the support, how it is administered, potential side effects, and signs/symptoms to report, in clear and understandable language",Providing minimal information to avoid overwhelming the patient,Only providing written materials without verbal explanation,a,A,124,15-11-2026 14:32
"The term ""nutritional rehabilitation"" refers to:",A quick fix for malnutrition,"A comprehensive process of restoring nutritional status and health in malnourished individuals, often involving a multidisciplinary team and individualized care plans",Only providing vitamin supplements,Only focusing on weight gain,b,B,124,16-11-2026 14:32
Which of the following is a common challenge in nutritional rehabilitation?,Patients always have a good appetite,"Anorexia, malabsorption, underlying medical conditions, psychosocial barriers, and lack of resources",Unlimited access to all types of food,Rapid and consistent weight gain,c,C,124,17-11-2026 14:32
"The concept of ""food insecurity"" refers to:",Having too much food,The limited or uncertain availability of nutritionally adequate and safe foods or limited or uncertain ability to acquire acceptable foods in socially acceptable ways,Always having access to healthy food,Only occurring in war-torn countries,d,D,124,18-11-2026 14:32
Food insecurity can lead to:,Improved health outcomes,"Malnutrition (both undernutrition and obesity), chronic diseases, and poorer academic and work performance",Increased access to healthcare,Enhanced mental well-being,a,A,124,19-11-2026 14:32
Which of the following is a common strategy to address food insecurity?,Reducing food assistance programs,"Food banks, food assistance programs (e.g., SNAP in the US, PDS in India), community gardens, and policies to improve economic access to food",Increasing the price of healthy foods,Promoting food waste,b,B,124,20-11-2026 14:32
The Public Distribution System (PDS) in India aims to:,Increase food prices for the poor,Provide subsidized food grains to the poor through a network of Fair Price Shops,Promote the export of food grains,Only distribute food to urban areas,c,C,124,21-11-2026 14:32
Which of the following is a common challenge in the effective implementation of food assistance programs?,Perfect targeting of beneficiaries,"Leakage, corruption, logistical challenges, and stigma associated with receiving aid",Unlimited funding,High levels of public awareness,d,D,124,22-11-2026 14:32
"The concept of ""nutrition education"" involves:",Only telling people what not to eat,"Providing individuals and communities with knowledge, skills, and motivation to make informed food and nutrition choices for health",Only distributing pamphlets,Assuming everyone already knows everything about nutrition,a,A,124,23-11-2026 14:32
Effective nutrition education should be:,One-way communication from expert to recipient,"Culturally sensitive, evidence-based, interactive, and tailored to the audience's needs and literacy level",Generic and applicable to all populations equally,Focused only on scientific jargon,b,B,124,24-11-2026 14:32
Which of the following is a key principle of behavior change in nutrition?,Change happens instantly and effortlessly,"Behavior change is a process, not an event, and requires readiness, self-efficacy, and support",Willpower alone is sufficient for lasting change,External rewards are the only motivators,c,C,124,25-11-2026 14:32
Self-efficacy in nutrition refers to:,A person's belief that they cannot make healthy food choices,"A person's belief in their ability to successfully perform a specific behavior (e.g., cook a healthy meal, resist unhealthy snacks)",A person's knowledge about nutrition,A person's desire to eat unhealthy foods,d,D,124,26-11-2026 14:32
Which of the following is a common strategy to enhance self-efficacy in nutrition?,Focusing on past failures,"Setting small, achievable goals, providing positive reinforcement, and offering opportunities for skill development",Emphasizing the difficulty of change,Ignoring progress,a,A,124,27-11-2026 14:32
"The term ""food sovereignty"" emphasizes:",Corporate control over the food system,"The right of peoples to healthy and culturally appropriate food produced through ecologically sound and sustainable methods, and their right to define their own food and agriculture systems",Reliance on global food markets,Centralized control of food production,b,B,125,28-11-2026 14:32
Which of the following is a key aspect of food sovereignty?,Promoting large-scale industrial agriculture,"Prioritizing local food systems, supporting small-scale farmers, and respecting traditional food cultures",Encouraging monoculture,Disregarding environmental impact,c,C,125,29-11-2026 14:32
"The concept of ""One Health"" recognizes the interconnectedness of:",Human health and animal health only,"Human health, animal health, and environmental health",Only physical health,Only mental health,d,D,125,30-11-2026 14:32
"In the context of nutrition, the One Health approach highlights the importance of:",Addressing human nutrition in isolation,"Considering the impact of agricultural practices, animal health, and environmental factors on human nutritional outcomes and food safety",Focusing only on clinical interventions,Ignoring the broader food system,a,A,125,01-12-2026 14:32
Which of the following is a common nutritional concern in disaster or emergency situations?,Overabundance of fresh food,"Food insecurity, malnutrition, increased risk of foodborne illness, and disruption of food supply chains",Improved access to diverse foods,No impact on nutritional status,b,B,125,02-12-2026 14:32
Nutritional interventions in emergencies often prioritize:,Long-term dietary changes,"Providing immediate access to safe, adequate, and appropriate food, preventing micronutrient deficiencies, and supporting vulnerable groups (e.g., infants, pregnant women)","Only providing high-cost, specialized foods",Ignoring cultural food preferences,c,C,125,03-12-2026 14:32
Ready-to-Use Therapeutic Food (RUTF) is a nutrient-dense paste used for the treatment of:,Mild malnutrition,"Severe acute malnutrition (SAM) in children, as it can be administered at home without refrigeration",Chronic diseases in adults,Vitamin deficiencies only,d,D,125,04-12-2026 14:32
Which of the following is a key component of RUTF?,Only sugar and water,"Peanut paste, sugar, vegetable oil, milk powder, and a vitamin/mineral mix",Only protein powder,Fresh fruits and vegetables,a,A,125,05-12-2026 14:32
"The term ""nutrition transition"" describes:","A shift from traditional diets to more modern, processed diets","A shift in dietary patterns and disease profiles that typically occurs as countries undergo economic development and urbanization, moving from traditional diets high in complex carbohydrates and fiber to diets higher in fats, sugars, and animal products",A shift from unhealthy diets to healthy diets,A shift from processed foods to whole foods,b,B,125,06-12-2026 14:32
The nutrition transition is often associated with an increase in:,Undernutrition only,"Overweight, obesity, and diet-related non-communicable diseases (e.g., type 2 diabetes, heart disease)",Micronutrient deficiencies only,Physical activity levels,c,C,125,07-12-2026 14:32
Which of the following is a key strategy to mitigate the negative health impacts of the nutrition transition?,Promoting increased consumption of ultra-processed foods,"Implementing public health policies that encourage healthy eating (e.g., taxes on sugary drinks, subsidies for fruits/vegetables), promoting physical activity, and strengthening food systems for healthy diets",Discouraging breastfeeding,Focusing only on individual responsibility without addressing environmental factors,d,D,125,08-12-2026 14:32
"The concept of ""food environment"" encompasses:",Only the physical availability of food,"The physical, economic, policy, and socio-cultural surroundings, opportunities, and conditions that influence people’s food choices and nutritional status",Only the taste of food,Only the cost of food,a,A,125,09-12-2026 14:32
"Which of the following is an example of a ""food swamp""?","An area with abundant access to fresh, healthy food options","An area with a high density of unhealthy food outlets (e.g., fast-food restaurants, convenience stores selling processed snacks) compared to healthy food options",An area where food is grown,An area with no food access,b,B,125,10-12-2026 14:32
Food deserts are areas that lack:,Fast food restaurants,"Easy access to affordable, healthy food options, such as supermarkets, often found in low-income urban or rural areas",Any food at all,Only organic food,c,C,125,11-12-2026 14:32
Which of the following is a potential health consequence of living in a food desert or food swamp?,Improved dietary quality,"Higher rates of obesity, type 2 diabetes, and other diet-related chronic diseases",Increased consumption of fruits and vegetables,Better access to healthcare,d,D,125,12-12-2026 14:32
Strategies to improve food environments include:,Increasing the number of unhealthy food outlets,"Promoting farmers' markets, community gardens, healthy corner store initiatives, and zoning regulations that limit unhealthy food outlets while encouraging healthy ones",Removing all healthy food options,Making healthy food more expensive,a,A,125,13-12-2026 14:32
"The term ""nutrition surveillance"" refers to:",Only monitoring individual dietary intake,"The continuous collection, analysis, interpretation, and dissemination of nutrition-related data for public health action",Only conducting research studies,Only providing nutrition education,b,B,125,14-12-2026 14:32
Nutrition surveillance data is used to:,Ignore public health problems,"Identify nutritional problems, monitor trends, evaluate the effectiveness of interventions, and inform policy decisions",Only track food prices,Only report on individual health status,c,C,125,15-12-2026 14:32
Which of the following is a common indicator used in nutrition surveillance?,Favorite food preferences,"Prevalence of stunting, wasting, underweight, overweight/obesity, and micronutrient deficiencies",Number of restaurants in an area,Daily calorie intake of a single individual,d,D,125,16-12-2026 14:32
The National Family Health Survey (NFHS) in India collects data on:,Only economic indicators,"Health, nutrition, and family welfare indicators, including anthropometric measurements of children and women, and prevalence of anemia",Only agricultural production,Only educational attainment,a,A,125,17-12-2026 14:32
Which of the following is a key role of the nurse in public health nutrition?,Prescribing medications for nutritional deficiencies,"Conducting nutritional assessments, providing nutrition education and counseling, advocating for healthy food environments, and collaborating with other health professionals",Only treating acute illnesses,Ignoring community-level nutrition issues,b,B,125,18-12-2026 14:32
Community-based nutrition interventions often involve:,Only individual counseling in a clinic setting,"Engaging community members, utilizing local resources, and implementing culturally appropriate programs to improve nutritional outcomes",Imposing external solutions without community input,Focusing only on high-income populations,c,C,125,19-12-2026 14:32
Which of the following is a key principle of a food-based dietary guideline?,Focus on individual nutrients rather than whole foods,"Provide practical advice on food choices and eating patterns to promote health and prevent disease, based on local food cultures and availability",Promote consumption of processed foods,Ignore cultural preferences,d,D,125,20-12-2026 14:32
Food-based dietary guidelines often recommend:,Limiting intake of fruits and vegetables,"Consuming a variety of foods, emphasizing fruits, vegetables, whole grains, and legumes, and limiting intake of unhealthy fats, added sugars, and sodium",High intake of red meat,Avoiding all dairy products,a,A,125,21-12-2026 14:32
"The concept of ""sustainable diets"" integrates:",Only environmental considerations,"Environmental sustainability, nutritional adequacy, cultural acceptability, and economic affordability",Only economic considerations,Only individual preferences,b,B,125,22-12-2026 14:32
Which of the following is a characteristic of a sustainable diet?,High environmental impact,"Low environmental impact, protective of biodiversity and ecosystems, nutritionally adequate, safe and healthy, culturally acceptable, and economically fair and accessible",High in processed foods,Requires significant food waste,b,B,125,23-12-2026 14:32
"The term ""planetary health diet"" refers to:","A diet that is only good for the planet, not for humans",A global reference diet proposed by the EAT-Lancet Commission that aims to optimize human health and environmental sustainability simultaneously,A diet that focuses only on animal products,A diet that ignores climate change,a,A,125,24-12-2026 14:32
Which of the following is a key recommendation of the planetary health diet?,Increased consumption of red meat,"A large increase in consumption of plant-based foods (fruits, vegetables, legumes, nuts, whole grains) and a substantial reduction in red meat and sugar intake",Avoiding all plant-based foods,Unlimited consumption of dairy products,b,B,125,25-12-2026 14:32
"The concept of ""food justice"" addresses:",Only the taste of food,"The right of all people to healthy, culturally appropriate food produced through sustainable methods, and the right to define their own food systems, often focusing on equitable access and power dynamics",Only food prices,Only food safety regulations,c,C,125,26-12-2026 14:32
Which of the following is a key aspect of food justice?,Promoting unequal access to healthy food,"Addressing systemic inequities in the food system, empowering marginalized communities, and ensuring fair labor practices for food workers",Ignoring the social and economic dimensions of food,Focusing only on individual dietary choices,d,D,125,27-12-2026 14:32
"The term ""food literacy"" refers to:",The ability to read food labels only,"The understanding of the broader food system, including food production, processing, distribution, and consumption, and the ability to make informed food choices",The ability to cook complex meals,The ability to grow one's own food,a,A,125,28-12-2026 14:32
Which of the following is a component of food literacy?,Only knowing the names of different foods,"Understanding nutritional information, food safety practices, the environmental impact of food choices, and the social and economic aspects of food",Only memorizing recipes,Only knowing how to shop for groceries,b,B,125,29-12-2026 14:32
"The concept of ""precision nutrition"" aims to:",Provide a one-size-fits-all dietary recommendation,"Tailor dietary recommendations to an individual's unique genetic makeup, microbiome, lifestyle, and health status",Only focus on calorie counting,Ignore individual differences in nutrient needs,c,C,125,30-12-2026 14:32
Which of the following technologies is being explored in precision nutrition?,Only traditional dietary assessments,"Genomics, metabolomics, proteomics, and microbiome analysis to understand individual responses to food",Only physical examinations,Only food frequency questionnaires,d,D,125,31-12-2026 14:32
"The term ""nutrigenetics"" studies:",How diet affects gene expression,How an individual's genetic makeup influences their response to nutrients and dietary components,The genetic modification of food,The genetics of foodborne pathogens,a,A,125,01-01-2027 14:32
"The term ""nutrigenomics"" studies:",How an individual's genetic makeup influences their response to nutrients,How nutrients and dietary components influence gene expression,The genetics of nutrient deficiencies,The genetic basis of food preferences,b,B,125,02-01-2027 14:32
Which of the following is a potential benefit of precision nutrition?,Eliminating the need for all dietary guidelines,"More personalized and effective dietary interventions for disease prevention and management, and optimization of individual health",Making all foods equally healthy for everyone,Simplifying dietary choices to a single food,c,C,125,03-01-2027 14:32
Challenges in implementing precision nutrition include:,Lack of scientific data,"The complexity of gene-diet interactions, ethical considerations, data privacy, and the cost and accessibility of advanced testing",Universal acceptance by all individuals,Simplicity of interpretation,d,D,125,04-01-2027 14:32
"The concept of ""food as medicine"" is gaining traction, particularly in the context of:",Replacing all pharmaceutical drugs,"Preventing and managing chronic diseases through dietary interventions, often in collaboration with healthcare providers",Only treating acute infections,Ignoring the role of conventional medicine,a,A,125,05-01-2027 14:32
"Which of the following is an example of a ""food prescription"" program?",A doctor telling a patient to eat more vegetables,"Healthcare providers prescribing fresh fruits and vegetables to patients with diet-related chronic diseases, often redeemable at farmers' markets or grocery stores",A program that only provides free fast food,A program that only offers vitamin supplements,b,B,125,06-01-2027 14:32
"The term ""culinary medicine"" integrates:",Only cooking skills,"The art and science of food and cooking with the science of medicine, aiming to empower individuals to make informed food choices and prepare healthy meals",Only medical procedures,Only nutrition science without practical application,c,C,125,07-01-2027 14:32
Which of the following is a key component of culinary medicine programs?,Lectures on abstract nutritional theories,"Hands-on cooking classes, practical meal preparation skills, and education on how food choices impact health",Only watching cooking shows,Only reading cookbooks,d,D,125,08-01-2027 14:32
"The concept of ""food environment"" refers to:",Only the physical location where food is consumed,"The collective physical, economic, policy, and socio-cultural surroundings, opportunities, and conditions that influence people’s food choices and nutritional status",Only the taste and smell of food,Only the agricultural practices used to grow food,a,A,125,09-01-2027 14:32
Which of the following is an example of a policy intervention to improve the food environment?,Promoting individual willpower only,"Implementing taxes on sugar-sweetened beverages, zoning laws to limit fast-food outlets, and subsidies for healthy food retailers in underserved areas",Encouraging more advertising for unhealthy foods,Removing all nutrition education programs,b,B,125,10-01-2027 14:32
"The term ""food system"" encompasses:",Only food production,"All activities involved in feeding a population: growing, harvesting, processing, packaging, transporting, marketing, consuming, and disposing of food",Only food consumption,Only food waste management,c,C,125,11-01-2027 14:32
Which of the following is a common nutritional concern for patients with heart failure?,Excessive weight loss,"Fluid retention, sodium restriction, and potential for cardiac cachexia (muscle wasting)",Unrestricted sodium intake,High potassium intake regardless of kidney function,a,A,125,12-01-2027 14:32
Dietary management for heart failure often includes:,High sodium intake,"Sodium restriction, fluid restriction (if indicated), and a heart-healthy diet rich in fruits, vegetables, and whole grains",Avoiding all fruits and vegetables,A diet very high in saturated fat,b,B,125,13-01-2027 14:32
Which of the following is a common nutritional concern for patients with dysphagia (difficulty swallowing)?,Overhydration,"Aspiration (food or liquid entering the airway), dehydration, and malnutrition",Excessive weight gain,No risk of choking,c,C,125,14-01-2027 14:32
The National Dysphagia Diet (NDD) provides guidelines for:,Only liquid consistency,Standardized food textures and liquid consistencies for individuals with dysphagia,Only solid food textures,A diet for weight loss,d,D,125,15-01-2027 14:32
Which of the following is a common nutritional concern for patients with pressure injuries (bedsores)?,Low protein needs,"Increased protein, calorie, vitamin C, and zinc needs for wound healing",No impact on nutritional status,Avoiding all fluids,a,A,125,16-01-2027 14:32
"The term ""medical food"" refers to:",Any food consumed by a sick person,"A food formulated to be consumed or administered enterally under the supervision of a physician and which is intended for the specific dietary management of a disease or condition for which distinctive nutritional requirements, based on recognized scientific principles, are established by medical evaluation",Food served in hospitals,Any dietary supplement,b,B,126,17-01-2027 14:32
Which of the following is a common nutritional concern for patients with cancer undergoing chemotherapy or radiation therapy?,Increased appetite and weight gain,"Nausea, vomiting, mucositis (inflammation of mucous membranes), taste changes, anorexia, and fatigue, leading to reduced food intake and malnutrition",Improved nutrient absorption,No side effects related to nutrition,c,C,126,18-01-2027 14:32
Nutritional interventions for cancer patients during treatment aim to:,Force feed patients,"Manage symptoms, maintain nutritional status, prevent weight loss and muscle wasting, and support immune function",Only provide intravenous fluids,Ignore patient preferences,d,D,126,19-01-2027 14:32
Which of the following is a common nutritional concern for patients with diabetes who are also experiencing gastroparesis (delayed stomach emptying)?,Rapid absorption of food,"Difficulty with blood glucose control, nausea, vomiting, and early satiety",Increased appetite,No impact on digestion,a,A,126,20-01-2027 14:32
Dietary management for gastroparesis often includes:,"High-fat, high-fiber meals","Small, frequent meals, low-fat and low-fiber foods, and sometimes liquid nutritional supplements","Large, infrequent meals",Avoiding all liquids,b,B,126,21-01-2027 14:32
Which of the following is a common nutritional concern for patients with chronic kidney disease (CKD) who are not yet on dialysis?,Unrestricted protein intake,"Protein restriction (to reduce kidney workload), phosphorus restriction, potassium restriction (if hyperkalemia), and sodium restriction",High fluid intake,Avoiding all fruits and vegetables,c,C,126,22-01-2027 14:32
"The term ""renal diet"" refers to a diet specifically designed for individuals with:",Liver disease,"Kidney disease, often restricting protein, sodium, potassium, and phosphorus",Heart disease,Diabetes,d,D,126,23-01-2027 14:32
Which of the following is a common nutritional concern for patients with liver cirrhosis?,Excessive protein intake,"Malnutrition, fluid retention (ascites), hepatic encephalopathy, and vitamin deficiencies",Improved appetite,Normal liver function,a,A,126,24-01-2027 14:32
Dietary management for liver cirrhosis may include:,Unrestricted sodium and fluid intake,"Sodium restriction (for ascites), fluid restriction (if indicated), adequate protein (unless severe encephalopathy), and vitamin/mineral supplementation",A diet very high in fat,Avoiding all carbohydrates,b,B,126,25-01-2027 14:32
Which of the following is a common nutritional concern for patients with pancreatitis?,Increased appetite,"Pain, nausea, vomiting, malabsorption (especially fat), and weight loss",No impact on digestion,Improved nutrient absorption,c,C,126,26-01-2027 14:32
Nutritional support during acute pancreatitis often involves:,Immediate reintroduction of solid foods,"Initial bowel rest (NPO), followed by clear liquids, then a low-fat diet as tolerated; enteral nutrition is preferred over parenteral if possible",A high-fat diet,Encouraging alcohol consumption,d,D,126,27-01-2027 14:32
Which of the following is a common nutritional concern for patients with inflammatory bowel disease (IBD) during a flare-up?,Increased appetite and weight gain,"Malabsorption, nutrient deficiencies, weight loss, and increased energy needs due to inflammation",No impact on digestion,Improved immune function,a,A,126,28-01-2027 14:32
Dietary management during an IBD flare-up may involve:,A high-fiber diet,"A low-residue or low-fiber diet to reduce bowel irritation, ensuring adequate hydration, and sometimes liquid nutritional supplements","Eating large, infrequent meals",Consuming trigger foods,b,B,126,29-01-2027 14:32
Which of the following is a common nutritional concern for patients with short bowel syndrome (SBS)?,Normal absorption of all nutrients,"Severe malabsorption of macronutrients and micronutrients, dehydration, and electrolyte imbalances",Excessive weight gain,No need for specialized nutrition,c,C,126,30-01-2027 14:32
Nutritional management for SBS is highly individualized and may include:,A standard oral diet for everyone,"Small, frequent meals, specialized oral diets (e.g., low fat, low oxalate), antidiarrheal medications, and often long-term enteral or parenteral nutrition",Avoiding all fluids,A diet very high in insoluble fiber,d,D,126,31-01-2027 14:32
Which of the following is a common nutritional concern for patients with celiac disease?,No impact on nutrient absorption,"Malabsorption of nutrients (especially fat-soluble vitamins, iron, folate) due to damage to the small intestinal lining, and potential for nutrient deficiencies",Excessive weight gain,Improved digestive function,a,A,126,01-02-2027 14:32
The only effective treatment for celiac disease is:,Medication,"A strict, lifelong gluten-free diet",Surgery,Dietary supplements only,b,B,126,02-02-2027 14:32
Which of the following is a common nutritional concern for patients with dysphagia (difficulty swallowing) who are at risk of aspiration?,Overhydration,"Dehydration, malnutrition, and pneumonia",Excessive weight gain,No risk of choking,c,C,126,03-02-2027 14:32
Strategies to reduce aspiration risk in patients with dysphagia include:,Eating quickly and talking while eating,"Modifying food textures and liquid consistencies, ensuring proper positioning during meals, and providing close supervision",Drinking thin liquids only,Eating large bites of food,d,D,126,04-02-2027 14:32
Which of the following is a common nutritional concern for patients with pressure injuries (bedsores)?,Low protein needs,"Increased protein, calorie, vitamin C, and zinc needs for wound healing and tissue repair",No impact on nutritional status,Avoiding all fluids,a,A,126,05-02-2027 14:32
"The term ""nutritional support"" encompasses:",Only oral diets,"The provision of nutrients to patients who are unable to meet their nutritional needs through conventional oral intake, including oral nutritional supplements, enteral nutrition, and parenteral nutrition",Only intravenous fluids,Only dietary counseling,b,B,126,06-02-2027 14:32
Which of the following is a common reason for initiating enteral nutrition?,Patient prefers not to eat orally,"Inability to swallow safely (e.g., stroke, head injury), severe malnutrition, or conditions requiring bowel rest",Patient has normal oral intake,Patient is allergic to all foods,c,C,126,07-02-2027 14:32
Which of the following is a common reason for initiating parenteral nutrition?,Patient can tolerate oral or enteral feeding,"Non-functional gastrointestinal tract (e.g., severe malabsorption, bowel obstruction, prolonged ileus), or when enteral nutrition is contraindicated or insufficient",Patient prefers intravenous feeding,Patient has mild indigestion,d,D,126,08-02-2027 14:32
"The term ""refeeding syndrome"" is characterized by rapid shifts in:",Blood glucose only,"Fluid and electrolyte levels (especially phosphorus, potassium, magnesium) upon reintroduction of nutrition in severely malnourished individuals",Only protein levels,Only fat levels,a,A,126,09-02-2027 14:32
"To prevent refeeding syndrome, nutritional support should be initiated:",Rapidly with full caloric goals,"Slowly and cautiously, with careful monitoring of electrolytes and fluid balance",Only after several days of fasting,With a high-fat diet,b,B,126,10-02-2027 14:32
Which of the following is a common ethical consideration in providing nutritional support?,Always providing full nutritional support regardless of patient wishes or prognosis,"Balancing the potential benefits and burdens of nutritional support, respecting patient autonomy, and considering quality of life",Only considering the cost of nutritional support,Ignoring patient preferences for food,c,C,126,11-02-2027 14:32
The role of the nurse in nutritional support includes:,Prescribing nutritional formulas,"Assessing nutritional status, administering and monitoring enteral/parenteral nutrition, managing feeding tubes, educating patients and families, and collaborating with the healthcare team",Only ordering food for patients,Performing complex nutritional calculations,d,D,126,12-02-2027 14:32
Which of the following is a key aspect of patient education regarding nutritional support?,Using complex medical terminology,"Explaining the purpose of the support, how it is administered, potential side effects, and signs/symptoms to report, in clear and understandable language",Providing minimal information to avoid overwhelming the patient,Only providing written materials without verbal explanation,a,A,126,13-02-2027 14:32
"The term ""nutritional rehabilitation"" refers to:",A quick fix for malnutrition,"A comprehensive process of restoring nutritional status and health in malnourished individuals, often involving a multidisciplinary team and individualized care plans",Only providing vitamin supplements,Only focusing on weight gain,b,B,126,14-02-2027 14:32
Which of the following is a common challenge in nutritional rehabilitation?,Patients always have a good appetite,"Anorexia, malabsorption, underlying medical conditions, psychosocial barriers, and lack of resources",Unlimited access to all types of food,Rapid and consistent weight gain,c,C,126,15-02-2027 14:32
"The concept of ""food insecurity"" refers to:",Having too much food,The limited or uncertain availability of nutritionally adequate and safe foods or limited or uncertain ability to acquire acceptable foods in socially acceptable ways,Always having access to healthy food,Only occurring in war-torn countries,d,D,126,16-02-2027 14:32
Food insecurity can lead to:,Improved health outcomes,"Malnutrition (both undernutrition and obesity), chronic diseases, and poorer academic and work performance",Increased access to healthcare,Enhanced mental well-being,a,A,126,17-02-2027 14:32
Which of the following is a common strategy to address food insecurity?,Reducing food assistance programs,"Food banks, food assistance programs (e.g., SNAP in the US, PDS in India), community gardens, and policies to improve economic access to food",Increasing the price of healthy foods,Promoting food waste,b,B,126,18-02-2027 14:32
The Public Distribution System (PDS) in India aims to:,Increase food prices for the poor,Provide subsidized food grains to the poor through a network of Fair Price Shops,Promote the export of food grains,Only distribute food to urban areas,c,C,126,19-02-2027 14:32
Which of the following is a common challenge in the effective implementation of food assistance programs?,Perfect targeting of beneficiaries,"Leakage, corruption, logistical challenges, and stigma associated with receiving aid",Unlimited funding,High levels of public awareness,d,D,126,20-02-2027 14:32
"The concept of ""nutrition education"" involves:",Only telling people what not to eat,"Providing individuals and communities with knowledge, skills, and motivation to make informed food and nutrition choices for health",Only distributing pamphlets,Assuming everyone already knows everything about nutrition,a,A,126,21-02-2027 14:32
Effective nutrition education should be:,One-way communication from expert to recipient,"Culturally sensitive, evidence-based, interactive, and tailored to the audience's needs and literacy level",Generic and applicable to all populations equally,Focused only on scientific jargon,b,B,126,22-02-2027 14:32
Which of the following is a key principle of behavior change in nutrition?,Change happens instantly and effortlessly,"Behavior change is a process, not an event, and requires readiness, self-efficacy, and support",Willpower alone is sufficient for lasting change,External rewards are the only motivators,c,C,126,23-02-2027 14:32
Self-efficacy in nutrition refers to:,A person's belief that they cannot make healthy food choices,"A person's belief in their ability to successfully perform a specific behavior (e.g., cook a healthy meal, resist unhealthy snacks)",A person's knowledge about nutrition,A person's desire to eat unhealthy foods,d,D,126,24-02-2027 14:32
Which of the following is a common strategy to enhance self-efficacy in nutrition?,Focusing on past failures,"Setting small, achievable goals, providing positive reinforcement, and offering opportunities for skill development",Emphasizing the difficulty of change,Ignoring progress,a,A,126,25-02-2027 14:32
"The term ""food sovereignty"" emphasizes:",Corporate control over the food system,"The right of peoples to healthy and culturally appropriate food produced through ecologically sound and sustainable methods, and their right to define their own food and agriculture systems",Reliance on global food markets,Centralized control of food production,b,B,126,26-02-2027 14:32
Which of the following is a key aspect of food sovereignty?,Promoting large-scale industrial agriculture,"Prioritizing local food systems, supporting small-scale farmers, and respecting traditional food cultures",Encouraging monoculture,Disregarding environmental impact,c,C,126,27-02-2027 14:32
"The concept of ""One Health"" recognizes the interconnectedness of:",Human health and animal health only,"Human health, animal health, and environmental health",Only physical health,Only mental health,d,D,126,28-02-2027 14:32
"In the context of nutrition, the One Health approach highlights the importance of:",Addressing human nutrition in isolation,"Considering the impact of agricultural practices, animal health, and environmental factors on human nutritional outcomes and food safety",Focusing only on clinical interventions,Ignoring the broader food system,a,A,126,01-03-2027 14:32
Which of the following is a common nutritional concern in disaster or emergency situations?,Overabundance of fresh food,"Food insecurity, malnutrition, increased risk of foodborne illness, and disruption of food supply chains",Improved access to diverse foods,No impact on nutritional status,b,B,126,02-03-2027 14:32
Nutritional interventions in emergencies often prioritize:,Long-term dietary changes,"Providing immediate access to safe, adequate, and appropriate food, preventing micronutrient deficiencies, and supporting vulnerable groups (e.g., infants, pregnant women)","Only providing high-cost, specialized foods",Ignoring cultural food preferences,c,C,126,03-03-2027 14:32
Ready-to-Use Therapeutic Food (RUTF) is a nutrient-dense paste used for the treatment of:,Mild malnutrition,"Severe acute malnutrition (SAM) in children, as it can be administered at home without refrigeration",Chronic diseases in adults,Vitamin deficiencies only,d,D,126,04-03-2027 14:32
Which of the following is a key component of RUTF?,Only sugar and water,"Peanut paste, sugar, vegetable oil, milk powder, and a vitamin/mineral mix",Only protein powder,Fresh fruits and vegetables,a,A,126,05-03-2027 14:32
"The term ""nutrition transition"" describes:","A shift from traditional diets to more modern, processed diets","A shift in dietary patterns and disease profiles that typically occurs as countries undergo economic development and urbanization, moving from traditional diets high in complex carbohydrates and fiber to diets higher in fats, sugars, and animal products",A shift from unhealthy diets to healthy diets,A shift from processed foods to whole foods,b,B,126,06-03-2027 14:32
The nutrition transition is often associated with an increase in:,Undernutrition only,"Overweight, obesity, and diet-related non-communicable diseases (e.g., type 2 diabetes, heart disease)",Micronutrient deficiencies only,Physical activity levels,c,C,126,07-03-2027 14:32
Which of the following is a key strategy to mitigate the negative health impacts of the nutrition transition?,Promoting increased consumption of ultra-processed foods,"Implementing public health policies that encourage healthy eating (e.g., taxes on sugary drinks, subsidies for fruits/vegetables), promoting physical activity, and strengthening food systems for healthy diets",Discouraging breastfeeding,Focusing only on individual responsibility without addressing environmental factors,d,D,127,08-03-2027 14:32
"The concept of ""food environment"" encompasses:",Only the physical availability of food,"The physical, economic, policy, and socio-cultural surroundings, opportunities, and conditions that influence people’s food choices and nutritional status",Only the taste of food,Only the cost of food,a,A,127,09-03-2027 14:32
"Which of the following is an example of a ""food swamp""?","An area with abundant access to fresh, healthy food options","An area with a high density of unhealthy food outlets (e.g., fast-food restaurants, convenience stores selling processed snacks) compared to healthy food options",An area where food is grown,An area with no food access,b,B,127,10-03-2027 14:32
Food deserts are areas that lack:,Fast food restaurants,"Easy access to affordable, healthy food options, such as supermarkets, often found in low-income urban or rural areas",Any food at all,Only organic food,c,C,127,11-03-2027 14:32
Which of the following is a potential health consequence of living in a food desert or food swamp?,Improved dietary quality,"Higher rates of obesity, type 2 diabetes, and other diet-related chronic diseases",Increased consumption of fruits and vegetables,Better access to healthcare,d,D,127,12-03-2027 14:32
Strategies to improve food environments include:,Increasing the number of unhealthy food outlets,"Promoting farmers' markets, community gardens, healthy corner store initiatives, and zoning regulations that limit unhealthy food outlets while encouraging healthy ones",Removing all healthy food options,Making healthy food more expensive,a,A,127,13-03-2027 14:32
"The term ""nutrition surveillance"" refers to:",Only monitoring individual dietary intake,"The continuous collection, analysis, interpretation, and dissemination of nutrition-related data for public health action",Only conducting research studies,Only providing nutrition education,b,B,127,14-03-2027 14:32
Nutrition surveillance data is used to:,Ignore public health problems,"Identify nutritional problems, monitor trends, evaluate the effectiveness of interventions, and inform policy decisions",Only track food prices,Only report on individual health status,c,C,127,15-03-2027 14:32
Which of the following is a common indicator used in nutrition surveillance?,Favorite food preferences,"Prevalence of stunting, wasting, underweight, overweight/obesity, and micronutrient deficiencies",Number of restaurants in an area,Daily calorie intake of a single individual,d,D,127,16-03-2027 14:32
The National Family Health Survey (NFHS) in India collects data on:,Only economic indicators,"Health, nutrition, and family welfare indicators, including anthropometric measurements of children and women, and prevalence of anemia",Only agricultural production,Only educational attainment,a,A,127,17-03-2027 14:32
Which of the following is a key role of the nurse in public health nutrition?,Prescribing medications for nutritional deficiencies,"Conducting nutritional assessments, providing nutrition education and counseling, advocating for healthy food environments, and collaborating with other health professionals",Only treating acute illnesses,Ignoring community-level nutrition issues,b,B,127,18-03-2027 14:32
Community-based nutrition interventions often involve:,Only individual counseling in a clinic setting,"Engaging community members, utilizing local resources, and implementing culturally appropriate programs to improve nutritional outcomes",Imposing external solutions without community input,Focusing only on high-income populations,c,C,127,19-03-2027 14:32
Which of the following is a key principle of a food-based dietary guideline?,Focus on individual nutrients rather than whole foods,"Provide practical advice on food choices and eating patterns to promote health and prevent disease, based on local food cultures and availability",Promote consumption of processed foods,Ignore cultural preferences,d,D,127,20-03-2027 14:32
Food-based dietary guidelines often recommend:,Limiting intake of fruits and vegetables,"Consuming a variety of foods, emphasizing fruits, vegetables, whole grains, and legumes, and limiting intake of unhealthy fats, added sugars, and sodium",High intake of red meat,Avoiding all dairy products,a,A,127,21-03-2027 14:32
"The concept of ""sustainable diets"" integrates:",Only environmental considerations,"Environmental sustainability, nutritional adequacy, cultural acceptability, and economic affordability",Only economic considerations,Only individual preferences,b,B,127,22-03-2027 14:32
Which of the following is a characteristic of a sustainable diet?,High environmental impact,"Low environmental impact, protective of biodiversity and ecosystems, nutritionally adequate, safe and healthy, culturally acceptable, and economically fair and accessible",High in processed foods,Requires significant food waste,b,B,127,23-03-2027 14:32
"The term ""planetary health diet"" refers to:","A diet that is only good for the planet, not for humans",A global reference diet proposed by the EAT-Lancet Commission that aims to optimize human health and environmental sustainability simultaneously,A diet that focuses only on animal products,A diet that ignores climate change,a,A,127,24-03-2027 14:32
Which of the following is a key recommendation of the planetary health diet?,Increased consumption of red meat,"A large increase in consumption of plant-based foods (fruits, vegetables, legumes, nuts, whole grains) and a substantial reduction in red meat and sugar intake",Avoiding all plant-based foods,Unlimited consumption of dairy products,b,B,127,25-03-2027 14:32
"The concept of ""food justice"" addresses:",Only the taste of food,"The right of all people to healthy, culturally appropriate food produced through sustainable methods, and the right to define their own food systems, often focusing on equitable access and power dynamics",Only food prices,Only food safety regulations,c,C,127,26-03-2027 14:32
Which of the following is a key aspect of food justice?,Promoting unequal access to healthy food,"Addressing systemic inequities in the food system, empowering marginalized communities, and ensuring fair labor practices for food workers",Ignoring the social and economic dimensions of food,Focusing only on individual dietary choices,d,D,127,27-03-2027 14:32
"The term ""food literacy"" refers to:",The ability to read food labels only,"The understanding of the broader food system, including food production, processing, distribution, and consumption, and the ability to make informed food choices",The ability to cook complex meals,The ability to grow one's own food,a,A,127,28-03-2027 14:32
Which of the following is a component of food literacy?,Only knowing the names of different foods,"Understanding nutritional information, food safety practices, the environmental impact of food choices, and the social and economic aspects of food",Only memorizing recipes,Only knowing how to shop for groceries,b,B,127,29-03-2027 14:32
"The concept of ""precision nutrition"" aims to:",Provide a one-size-fits-all dietary recommendation,"Tailor dietary recommendations to an individual's unique genetic makeup, microbiome, lifestyle, and health status",Only focus on calorie counting,Ignore individual differences in nutrient needs,c,C,127,30-03-2027 14:32
Which of the following technologies is being explored in precision nutrition?,Only traditional dietary assessments,"Genomics, metabolomics, proteomics, and microbiome analysis to understand individual responses to food",Only physical examinations,Only food frequency questionnaires,d,D,127,31-03-2027 14:32
"The term ""nutrigenetics"" studies:",How diet affects gene expression,How an individual's genetic makeup influences their response to nutrients and dietary components,The genetic modification of food,The genetics of foodborne pathogens,a,A,127,01-04-2027 14:32
"The term ""nutrigenomics"" studies:",How an individual's genetic makeup influences their response to nutrients,How nutrients and dietary components influence gene expression,The genetics of nutrient deficiencies,The genetic basis of food preferences,b,B,127,02-04-2027 14:32
Which of the following is a potential benefit of precision nutrition?,Eliminating the need for all dietary guidelines,"More personalized and effective dietary interventions for disease prevention and management, and optimization of individual health",Making all foods equally healthy for everyone,Simplifying dietary choices to a single food,c,C,127,03-04-2027 14:32
Challenges in implementing precision nutrition include:,Lack of scientific data,"The complexity of gene-diet interactions, ethical considerations, data privacy, and the cost and accessibility of advanced testing",Universal acceptance by all individuals,Simplicity of interpretation,d,D,127,04-04-2027 14:32
"The concept of ""food as medicine"" is gaining traction, particularly in the context of:",Replacing all pharmaceutical drugs,"Preventing and managing chronic diseases through dietary interventions, often in collaboration with healthcare providers",Only treating acute infections,Ignoring the role of conventional medicine,a,A,127,05-04-2027 14:32
"Which of the following is an example of a ""food prescription"" program?",A doctor telling a patient to eat more vegetables,"Healthcare providers prescribing fresh fruits and vegetables to patients with diet-related chronic diseases, often redeemable at farmers' markets or grocery stores",A program that only provides free fast food,A program that only offers vitamin supplements,b,B,127,06-04-2027 14:32
"The term ""culinary medicine"" integrates:",Only cooking skills,"The art and science of food and cooking with the science of medicine, aiming to empower individuals to make informed food choices and prepare healthy meals",Only medical procedures,Only nutrition science without practical application,c,C,127,07-04-2027 14:32
Which of the following is a key component of culinary medicine programs?,Lectures on abstract nutritional theories,"Hands-on cooking classes, practical meal preparation skills, and education on how food choices impact health",Only watching cooking shows,Only reading cookbooks,d,D,127,08-04-2027 14:32
"The concept of ""food environment"" refers to:",Only the physical location where food is consumed,"The collective physical, economic, policy, and socio-cultural surroundings, opportunities, and conditions that influence people’s food choices and nutritional status",Only the taste and smell of food,Only the agricultural practices used to grow food,a,A,127,09-04-2027 14:32
Which of the following is an example of a policy intervention to improve the food environment?,Promoting individual willpower only,"Implementing taxes on sugar-sweetened beverages, zoning laws to limit fast-food outlets, and subsidies for healthy food retailers in underserved areas",Encouraging more advertising for unhealthy foods,Removing all nutrition education programs,b,B,127,10-04-2027 14:32
"The term ""food system"" encompasses:",Only food production,"All activities involved in feeding a population: growing, harvesting, processing, packaging, transporting, marketing, consuming, and disposing of food",Only food consumption,Only food waste management,c,C,127,11-04-2027 14:32
Which of the following is a key challenge facing global food systems?,Abundance of healthy food for everyone,"Climate change, food insecurity, malnutrition (all forms), food waste, and unsustainable agricultural practices",Lack of innovation in food production,Decreasing demand for food,d,D,127,12-04-2027 14:32
"The concept of ""circular economy"" in food systems aims to:",Promote a linear model of,"Minimize waste and maximize the use of resources by keeping products and materials in use for as long as possible (e.g., composting, using food by-products)",Increase food waste,Focus only on food production,b,B,127,13-04-2027 14:32
Which of the following is a common nutritional concern for individuals with dementia or Alzheimer's disease?,Increased appetite and weight gain,"Forgetting to eat, difficulty preparing meals, dysphagia, changes in food preferences, and weight loss",Improved memory related to food,No impact on nutritional status,b,B,127,14-04-2027 14:32
Nutritional interventions for individuals with dementia may include:,Restricting all food choices,"Providing assistance with meals, offering finger foods, modifying food textures, creating a calm eating environment, and addressing specific nutritional deficiencies",Only providing liquid supplements,Ignoring changes in appetite,b,B,127,15-04-2027 14:32
"The term ""sensory properties of food"" refers to:",Only the nutritional content,"Aspects of food that are perceived by the senses, such as taste, smell, texture, appearance, and sound (e.g., crunchiness)",Only the cost of food,Only the origin of food,b,B,127,16-04-2027 14:32
Sensory properties play a crucial role in:,Only food safety,"Food acceptability, enjoyment, and consumption",Only the shelf life of food,Only the environmental impact of food,b,B,127,17-04-2027 14:32
Which of the following is a basic taste sensation?,Spicy,"Sweet, sour, salty, bitter, and umami",Minty,Crunchy,b,B,127,18-04-2027 14:32
"Umami, often described as savory or meaty, is associated with the presence of:",Sugars,Glutamate (an amino acid) and certain nucleotides,Acids,Salts,b,B,127,19-04-2027 14:32
The texture of food can significantly influence its acceptability. Which of the following is a textural attribute?,Sweetness,"Creaminess, crispiness, chewiness, and smoothness",Aroma,Color,b,B,127,20-04-2027 14:32
"Food neophobia, the fear of new foods, is often related to:",Positive sensory experiences,"Unfamiliar sensory properties (taste, smell, texture) of the food",High nutritional value of the food,Low cost of the food,b,B,127,21-04-2027 14:32
Which of the following is a common nutritional challenge for individuals with autism spectrum disorder (ASD)?,Always having a very diverse diet,"Food selectivity (restricted range of accepted foods), sensory sensitivities related to food, and potential for nutrient deficiencies",Overconsumption of all food groups,No issues with food intake,b,B,127,22-04-2027 14:32
Nutritional interventions for children with ASD and feeding difficulties often involve:,Forcing the child to eat disliked foods,"Behavioral therapies, sensory integration strategies, gradual introduction of new foods, and ensuring nutritional adequacy",Only providing vitamin supplements,Ignoring food preferences,b,B,127,23-04-2027 14:32
"The term ""oral-motor skills"" refers to the ability to:",Speak clearly,"Use the muscles of the mouth (lips, tongue, jaw) for functions like sucking, biting, chewing, and swallowing",Taste different foods,Smell different aromas,b,B,127,24-04-2027 14:32
Delayed or impaired oral-motor skills can lead to:,Improved feeding abilities,"Feeding difficulties, choking, aspiration, and inadequate nutrient intake",Increased enjoyment of food,No impact on nutrition,b,B,127,25-04-2027 14:32
Which of the following is a common sign of oral-motor dysfunction in infants or children?,Strong and coordinated sucking,"Difficulty latching onto a nipple, excessive drooling, prolonged feeding times, coughing or gagging during meals, and pocketing food in cheeks",Eagerness to try new textures,Rapid chewing and swallowing,b,B,127,26-04-2027 14:32
"The term ""dietary acculturation"" refers to the process by which:",Individuals maintain their traditional dietary patterns indefinitely after moving to a new country,"Immigrants adopt the dietary practices of their new host country, which can have both positive and negative impacts on nutritional status",Individuals only eat foods from their own culture,All cultures adopt a single global diet,b,B,128,27-04-2027 14:32
Dietary acculturation can sometimes lead to an increased risk of:,Undernutrition only,"Diet-related chronic diseases (e.g., obesity, type 2 diabetes) if traditional, healthier dietary patterns are replaced with less healthy Westernized diets",Micronutrient deficiencies only,Improved health outcomes always,b,B,128,28-04-2027 14:32
Which of the following is a key consideration when providing nutrition counseling to individuals from diverse cultural backgrounds?,Assuming all individuals from a specific culture eat the same way,"Understanding their traditional food practices, cultural beliefs about food and health, and adapting recommendations to be culturally sensitive and acceptable",Discouraging all traditional foods,Providing only generic dietary advice,b,B,128,29-04-2027 14:32
"The term ""food desert"" is often used to describe areas with limited access to:",Fast food restaurants,"Affordable and nutritious foods, such as fresh fruits, vegetables, and whole grains",Processed snack foods,Any type of food outlet,b,B,128,30-04-2027 14:32
Living in a food desert can contribute to:,Better dietary choices,Poorer dietary quality and increased risk of diet-related chronic diseases,Increased consumption of fresh produce,Lower rates of obesity,b,B,128,01-05-2027 14:32
Which of the following is a strategy to improve food access in food deserts?,Closing down existing supermarkets,"Establishing farmers' markets, mobile food markets, community gardens, and incentivizing supermarkets to open in underserved areas",Increasing the number of fast-food outlets,Making healthy food more expensive,b,B,128,02-05-2027 14:32
"The term ""food swamp"" describes areas with:",Limited access to any food,"A high concentration of unhealthy food outlets (e.g., fast-food restaurants, convenience stores) relative to healthy food options",Abundant access to fresh fruits and vegetables,Only organic food stores,b,B,128,03-05-2027 14:32
Living in a food swamp can also contribute to:,Healthier eating habits,Increased consumption of unhealthy foods and higher rates of obesity and diet-related chronic diseases,Better access to nutritious meals,Lower calorie intake,b,B,128,04-05-2027 14:32
Which of the following is a common nutritional concern for individuals experiencing homelessness?,Overconsumption of all nutrients,"Food insecurity, malnutrition, micronutrient deficiencies, and increased risk of diet-related chronic diseases due to inconsistent access to adequate and nutritious food",Access to a wide variety of healthy foods,No impact on nutritional status,b,B,128,05-05-2027 14:32
Nutritional interventions for homeless populations often focus on:,"Providing only expensive, specialized foods","Providing access to emergency food (e.g., shelters, soup kitchens), distributing nutrient-dense, non-perishable foods, and connecting individuals with food assistance programs",Only offering dietary counseling,Ignoring their immediate food needs,b,B,128,06-05-2027 14:32
"The term ""globalization of food systems"" refers to:",Only local food production and consumption,"The increasing interconnectedness of food production, distribution, and consumption across national borders, driven by international trade and multinational food corporations",A decrease in international food trade,Only traditional farming methods,b,B,128,07-05-2027 14:32
Globalization of food systems can have both positive and negative impacts on nutrition. A potential negative impact is:,Increased availability of diverse traditional foods,"Increased availability and marketing of cheap, energy-dense, nutrient-poor processed foods, contributing to the nutrition transition and rising rates of obesity and NCDs",Improved food security for all,Strengthening of local food cultures,b,B,128,08-05-2027 14:32
Which of the following is a key role of international organizations like WHO and FAO in global nutrition?,Only funding food aid programs,"Setting global nutrition standards and guidelines, monitoring global nutrition trends, providing technical assistance to countries, and advocating for policies to improve nutrition",Only promoting the interests of multinational food companies,Only conducting academic research,b,B,128,09-05-2027 14:32
"The Sustainable Development Goals (SDGs), adopted by all United Nations Member States, include several targets related to nutrition, such as:",Increasing food waste,"SDG 2: End hunger, achieve food security and improved nutrition, and promote sustainable agriculture",Promoting unhealthy diets,Ignoring malnutrition,b,B,128,10-05-2027 14:32
Which of the following is a common challenge in achieving global nutrition targets?,Lack of political will and investment,"Poverty, conflict, climate change, weak health systems, and inequitable access to resources",Abundance of funding for nutrition programs,Universal adoption of healthy dietary practices,b,B,128,11-05-2027 14:32
"The concept of ""nutrition-sensitive agriculture"" aims to:",Maximize crop yields regardless of nutritional quality,"Design agricultural programs and investments to improve nutritional outcomes, for example, by promoting diverse crop production, biofortification, and access to markets for nutritious foods",Focus only on cash crops for export,Ignore the role of women in agriculture,b,B,128,12-05-2027 14:32
Which of the following is a key pathway through which agriculture can impact nutrition?,Only by providing income to farmers,"By influencing food availability and access, food prices, household income, and women's empowerment",Only by producing staple grains,Only by using pesticides,b,B,128,13-05-2027 14:32
"The term ""agri-food system"" refers to:",Only farming activities,"The entire system of food production, processing, distribution, marketing, consumption, and waste management, including all actors and their interlinked value-adding activities",Only food retail,Only food consumption patterns,b,B,128,14-05-2027 14:32
Transforming agri-food systems to be more sustainable and nutrition-sensitive requires:,Only technological solutions,"A multi-sectoral approach involving policy changes, investment in research and innovation, empowerment of smallholder farmers, and changes in consumer behavior",Only focusing on large-scale industrial agriculture,Ignoring traditional knowledge,b,B,128,15-05-2027 14:32
Which of the following is a common nutritional concern for older adults related to medication use?,Medications always improve appetite and nutrient absorption.,"Polypharmacy can lead to drug-nutrient interactions, altered taste, dry mouth, and side effects that reduce food intake.",Older adults rarely take multiple medications.,All medications enhance the absorption of Vitamin B12.,b,B,128,16-05-2027 14:32
"The term ""frailty"" in older adults is a syndrome characterized by:",Increased strength and energy.,"Decreased physiological reserve and increased vulnerability to stressors, often associated with weight loss, weakness, and fatigue.",Optimal nutritional status.,High levels of physical activity.,b,B,128,17-05-2027 14:32
Nutritional interventions for frail older adults often focus on:,Restricting calorie and protein intake.,"Ensuring adequate calorie and protein intake, often with oral nutritional supplements, to prevent further decline and support muscle mass.",Avoiding all dietary fats.,Only providing hydration.,b,B,128,18-05-2027 14:32
"Which of the following is a key component of the ""Mediterranean Diet Pyramid""?",Daily consumption of red meat at the base.,"Emphasis on fruits, vegetables, whole grains, olive oil, nuts, legumes, and seeds as the foundation, with moderate fish and poultry, and limited red meat and sweets.",High intake of butter and processed foods.,Exclusion of all fats.,b,B,128,19-05-2027 14:32
The DASH (Dietary Approaches to Stop Hypertension) diet is rich in:,Sodium and saturated fat.,"Fruits, vegetables, whole grains, and low-fat dairy products, and low in saturated fat, total fat, cholesterol, and sodium.",Red meat and sugary drinks.,Refined grains and processed foods.,b,B,128,20-05-2027 14:32
"Which of the following is a common characteristic of ""Blue Zone"" diets, associated with longevity in certain populations?",High intake of processed foods and red meat.,"Predominantly plant-based, with moderate consumption of fish, limited meat, and inclusion of legumes, whole grains, and nuts.",Frequent consumption of sugary beverages.,Low intake of all carbohydrates.,b,B,128,21-05-2027 14:32
"The term ""epigenetics"" in nutrition refers to:",Changes in the DNA sequence itself.,"Modifications to DNA (e.g., methylation) that do not change the DNA sequence but can affect gene activity, and can be influenced by diet and other environmental factors.",The study of genetic mutations only.,The direct alteration of genes through food.,b,B,128,22-05-2027 14:32
Which of the following is a potential role of the gut microbiome in obesity?,The gut microbiome has no impact on body weight.,"Alterations in gut microbiome composition and function may influence energy extraction from food, inflammation, and appetite regulation, potentially contributing to obesity.",A diverse gut microbiome always leads to weight gain.,Probiotics are a guaranteed cure for obesity.,b,B,128,23-05-2027 14:32
"The concept of ""food addiction"" is controversial but suggests that:",All foods are equally addictive.,"Certain highly palatable foods (often high in sugar, fat, and salt) may trigger addictive-like behaviors and neurochemical changes in some individuals.",Food addiction is purely a matter of willpower.,Only illegal substances can be addictive.,b,B,128,24-05-2027 14:32
Which of the following is a common symptom reported by individuals who believe they experience food addiction?,Easily controlling intake of certain foods.,"Intense cravings, loss of control over consumption, and continued use despite negative consequences.","A preference for bland, unprocessed foods.",Eating only when physically hungry.,b,B,128,25-05-2027 14:32
"The term ""orthorexia nervosa"" (not yet formally recognized as a distinct eating disorder in the DSM) describes an obsession with:",Eating large quantities of food.,"Eating foods one considers healthy, to the point that it becomes a fixation and negatively impacts well-being and social life.",Avoiding all fruits and vegetables.,Consuming only processed foods.,b,B,128,26-05-2027 14:32
Which of the following is a potential negative consequence of orthorexia?,Improved overall health and well-being.,"Nutritional deficiencies due to overly restrictive diets, social isolation, and anxiety related to food choices.",A balanced and flexible approach to eating.,Increased enjoyment of food.,b,B,128,27-05-2027 14:32
"The term ""body positivity"" movement advocates for:",Promoting obesity as healthy.,"Acceptance and appreciation of all body types, and challenging societal beauty standards that can contribute to negative body image and disordered eating.",Encouraging unhealthy lifestyle choices.,Only celebrating thin bodies.,b,B,128,28-05-2027 14:32
Which of the following is a key principle of intuitive eating?,Strictly following external diet rules.,"Honoring hunger and fullness cues, making peace with food, rejecting the diet mentality, and finding satisfaction in eating.",Counting calories meticulously.,Labeling foods as,b,B,128,29-05-2027 14:32
"The concept of ""Health at Every Size"" (HAES) emphasizes:",Weight loss as the primary goal for health.,"Supporting health behaviors (e.g., balanced eating, enjoyable physical activity) for people of all sizes, without focusing on weight as the sole indicator of health.",That body size has no impact on health.,Promoting dieting for everyone.,b,B,128,30-05-2027 14:32
Which of the following is a common nutritional concern for individuals with Parkinson's disease?,Excessive weight gain and increased appetite.,"Difficulty swallowing (dysphagia), constipation, medication side effects affecting appetite, and potential for weight loss.",Improved motor control during meals.,No impact on nutritional status.,b,B,128,31-05-2027 14:32
Dietary protein can sometimes interfere with the absorption of which medication used to treat Parkinson's disease?,Aspirin,Levodopa,Metformin,Statins,b,B,128,01-06-2027 14:32
Which of the following is a common nutritional concern for individuals with Multiple Sclerosis (MS)?,Always high energy levels.,"Fatigue, dysphagia, constipation, and potential for vitamin D deficiency; no specific MS diet is universally recommended, but a balanced, healthy diet is important.",Rapid weight gain.,No risk of nutrient deficiencies.,b,B,128,02-06-2027 14:32
"The term ""food neophobia"" refers to:",A love of trying new foods.,The fear or reluctance to eat new or unfamiliar foods.,An allergy to a specific food.,Eating only one type of food.,b,B,128,03-06-2027 14:32
Which of the following is a common strategy to help overcome food neophobia in children?,Forcing the child to eat the new food.,"Repeated, neutral exposure to the new food without pressure, involving the child in food preparation, and modeling enjoyment of the food.",Hiding the new food in familiar foods.,Punishing the child for not eating the new food.,b,B,128,04-06-2027 14:32
"The term ""picky eating"" in children often involves:",Eating a wide variety of foods.,"A limited range of accepted foods, strong food preferences, and reluctance to try new foods.",Enjoying all textures and flavors.,Always eating large portions.,b,B,128,05-06-2027 14:32
Which of the following is a key principle in managing picky eating in children?,Creating a stressful mealtime environment.,"Maintaining a positive and patient approach, offering a variety of healthy foods, respecting the child's hunger and fullness cues, and avoiding pressure or battles over food.",Offering unhealthy alternatives if the child refuses a meal.,Allowing the child to dictate all meal choices.,b,B,128,06-06-2027 14:32
"The Division of Responsibility in feeding, developed by Ellyn Satter, states that:","Parents are responsible for what, when, and where to eat; children are responsible for how much to eat and whether to eat.","Children are responsible for what, when, and where to eat; parents are responsible for how much they eat.","Parents are responsible for all aspects of feeding, including how much the child eats.","Children should be allowed to eat whatever they want, whenever they want.",a,A,128,07-06-2027 14:32
Which of the following is a common nutritional concern for adolescent athletes?,Low energy and nutrient needs.,"Meeting high energy and nutrient demands for growth and performance, ensuring adequate hydration, and avoiding unhealthy weight control practices.",Overconsumption of fruits and vegetables.,Lack of interest in food.,b,B,128,08-06-2027 14:32
"The term ""energy availability"" in sports nutrition refers to:",The total amount of energy consumed.,"Dietary energy intake minus exercise energy expenditure, representing the energy available for basic physiological functions.",The energy derived from supplements only.,The speed at which energy is utilized.,b,B,128,09-06-2027 14:32
Low energy availability can lead to:,Improved athletic performance.,"Impaired physiological function, including menstrual dysfunction, reduced bone density, and increased risk of illness and injury (components of the Female Athlete Triad or Relative Energy Deficiency in Sport - RED-S).",Increased muscle mass.,Enhanced immune function.,b,B,128,10-06-2027 14:32
Which of the following is a common symptom of dehydration in athletes?,Increased endurance and strength.,"Fatigue, dizziness, decreased performance, muscle cramps, and dark urine.","Clear, copious urine.",Improved focus and concentration.,b,B,128,11-06-2027 14:32
Hyponatremia (low blood sodium) can occur in endurance athletes due to:,Excessive sodium intake.,"Excessive fluid intake (especially plain water) without adequate sodium replacement, leading to dilution of blood sodium levels.",Dehydration.,High protein intake.,b,B,128,12-06-2027 14:32
Which of the following is a key role of carbohydrates in exercise?,Primary building block for muscle repair.,"Primary fuel source for moderate to high-intensity exercise, and helps spare protein.",Main component of cell membranes.,Essential for hormone production only.,b,B,128,13-06-2027 14:32
Glycogen is the storage form of carbohydrate in the:,Adipose tissue.,Liver and muscles.,Bones.,Brain.,b,B,128,14-06-2027 14:32
Protein intake after exercise is important for:,Replenishing glycogen stores primarily.,Muscle repair and synthesis.,Providing immediate energy for subsequent activity.,Hydration.,b,B,128,15-06-2027 14:32
Which of the following is a common ergogenic aid (performance-enhancing substance) with established efficacy for certain types of exercise?,Vitamin C supplements for all athletes.,"Creatine (for short-duration, high-intensity exercise) and caffeine (for endurance and intermittent high-intensity exercise).",Herbal remedies with unproven claims.,Anabolic steroids (which are often banned and have serious health risks).,b,B,129,16-06-2027 14:32
"The term ""food allergy"" involves an adverse reaction to food that is mediated by the:",Digestive system only.,"Immune system (e.g., IgE antibodies).",Nervous system only.,Endocrine system only.,b,B,129,17-06-2027 14:32
The most common food allergens include:,"Water, salt, and sugar.","Peanuts, tree nuts, milk, eggs, soy, wheat, fish, and shellfish.",Most fruits and vegetables.,Plain rice and potatoes.,b,B,129,18-06-2027 14:32
"Anaphylaxis is a severe, potentially life-threatening allergic reaction that requires immediate treatment with:",Antihistamines only.,Epinephrine (adrenaline).,Corticosteroids only.,Water.,b,B,129,19-06-2027 14:32
Food intolerance differs from food allergy in that it typically:,Involves the immune system and is always life-threatening.,"Does not involve an immune system reaction (though may involve other mechanisms like enzyme deficiencies) and symptoms are often digestive (e.g., gas, bloating, diarrhea).",Is always caused by food poisoning.,Can be cured with medication.,b,B,129,20-06-2027 14:32
Lactose intolerance is caused by a deficiency of the enzyme:,Amylase (digests starch).,"Lactase (digests lactose, the sugar in milk).",Lipase (digests fat).,Protease (digests protein).,b,B,129,21-06-2027 14:32
Which of the following is a common symptom of lactose intolerance after consuming dairy products?,Skin rash.,"Bloating, gas, abdominal pain, and diarrhea.",Headache.,Joint pain.,b,B,129,22-06-2027 14:32
"Celiac disease is an autoimmune disorder triggered by the ingestion of gluten, a protein found in:",Rice and corn.,"Wheat, barley, and rye.",Fruits and vegetables.,Meat and dairy.,b,B,129,23-06-2027 14:32
The primary treatment for celiac disease is:,Medication to suppress the immune system.,"A strict, lifelong gluten-free diet.","Avoiding only wheat, but barley and rye are acceptable.",Consuming small amounts of gluten to build tolerance.,b,B,129,24-06-2027 14:32
"Non-celiac gluten sensitivity (NCGS) is a condition where individuals experience symptoms similar to celiac disease after ingesting gluten, but:",They have the same intestinal damage as in celiac disease.,They do not have celiac disease (negative celiac serology and normal intestinal biopsy) or wheat allergy.,It is always a psychological reaction.,It can be cured by eating more gluten.,b,B,129,25-06-2027 14:32
The Low-FODMAP diet is an elimination diet sometimes used to manage symptoms of:,Celiac disease.,Irritable Bowel Syndrome (IBS).,Food allergies.,Lactose intolerance only.,b,B,129,26-06-2027 14:32
FODMAPs are types of carbohydrates that are:,Easily absorbed by everyone.,"Fermentable Oligo-, Di-, Mono-saccharides And Polyols, which can be poorly absorbed in some individuals and cause digestive symptoms.",Found only in processed foods.,Essential nutrients.,b,B,129,27-06-2027 14:32
"Which of the following is a common nutritional concern for individuals with Inflammatory Bowel Disease (IBD), such as Crohn's disease or ulcerative colitis?",Excessive absorption of all nutrients.,"Malabsorption, nutrient deficiencies (e.g., iron, B12, vitamin D), weight loss, and increased energy needs during flare-ups.",No impact on nutritional status.,A strong preference for spicy foods.,b,B,129,28-06-2027 14:32
Dietary management for IBD is highly individualized but may involve:,A diet high in fiber and irritants during flare-ups.,"A low-residue or low-fiber diet during flare-ups, ensuring adequate hydration, and sometimes specialized nutritional support (enteral or parenteral nutrition).",Avoiding all fruits and vegetables permanently.,Consuming large amounts of dairy products.,b,B,129,29-06-2027 14:32
Which of the following is a common nutritional concern for individuals with diverticular disease?,Always requiring a low-fiber diet.,"During acute diverticulitis (inflammation), a low-fiber diet may be recommended; for long-term prevention of diverticulitis (in diverticulosis), a high-fiber diet is generally advised.",Needing to avoid all seeds and nuts.,No impact of diet on the condition.,b,B,129,30-06-2027 14:32
"The term ""gut-brain axis"" refers to the bidirectional communication between:",The stomach and the small intestine.,The gastrointestinal tract and the central nervous system.,The liver and the kidneys.,The heart and the lungs.,b,B,129,01-07-2027 14:32
The gut microbiome is thought to play a role in the gut-brain axis and may influence:,Only digestive health.,"Mood, stress response, and cognitive function.",Only immune function.,Only nutrient absorption.,b,B,129,02-07-2027 14:32
"Probiotics are live microorganisms that, when consumed in adequate amounts, may:",Always cause infections.,"Confer a health benefit, such as improving gut health or modulating the immune system.",Have no effect on the body.,Only be found in supplements.,b,B,129,03-07-2027 14:32
Prebiotics are non-digestible food components (often fibers) that:,Kill beneficial gut bacteria.,Selectively stimulate the growth and/or activity of beneficial bacteria in the gut.,Are found only in animal products.,Have no impact on the gut microbiome.,b,B,129,04-07-2027 14:32
Synbiotics are products that contain:,Only probiotics.,A combination of probiotics and prebiotics.,Only prebiotics.,Only antibiotics.,b,B,129,05-07-2027 14:32
Which of the following is a common source of probiotics?,Plain sugar.,"Fermented foods like yogurt, kefir, sauerkraut, and kimchi, as well as probiotic supplements.",White bread.,Processed meats.,b,B,129,06-07-2027 14:32
Which of the following is a common source of prebiotics?,Butter.,"Certain fruits, vegetables, and whole grains (e.g., onions, garlic, bananas, oats, asparagus).",Red meat.,Sugary drinks.,b,B,129,07-07-2027 14:32
"The term ""metabolic flexibility"" refers to the ability of the body to:",Only burn carbohydrates for fuel.,"Efficiently switch between using different fuel sources (e.g., carbohydrates and fats) depending on availability and demand.",Only burn fats for fuel.,Store unlimited amounts of energy.,b,B,129,08-07-2027 14:32
Impaired metabolic flexibility is associated with:,Improved health outcomes.,"Insulin resistance, type 2 diabetes, and obesity.",Enhanced athletic performance.,No impact on metabolic health.,b,B,129,09-07-2027 14:32
Which of the following dietary patterns is often associated with improved metabolic flexibility?,A diet high in ultra-processed foods.,"A balanced diet rich in whole foods, with appropriate macronutrient distribution, and regular physical activity.",A diet very low in all carbohydrates and fats.,Frequent consumption of sugary snacks.,b,B,129,10-07-2027 14:32
"The term ""chrononutrition"" studies the interaction between:",Diet and genetics.,"Diet, circadian rhythms (the body's internal clock), and metabolic health.",Diet and exercise timing only.,Diet and food safety.,b,B,129,11-07-2027 14:32
"Chrononutrition research suggests that not only what we eat, but also ____ we eat, can impact health.",How much,When,Where,With whom,b,B,129,12-07-2027 14:32
Which of the following is a potential implication of chrononutrition research?,Eating large meals late at night is always beneficial.,"Aligning meal timing with circadian rhythms (e.g., consuming more calories earlier in the day) may have metabolic benefits.",Skipping breakfast is always the healthiest option.,Meal timing has no impact on health.,b,B,129,13-07-2027 14:32
"The term ""food matrix"" refers to:",The nutritional content of a food only.,"The complex physical and chemical structure of a food, which can influence nutrient digestion, absorption, and bioavailability.",The packaging of a food.,The cost of a food.,b,B,129,14-07-2027 14:32
The food matrix effect suggests that the health impact of a nutrient can differ depending on:,Only the amount of the nutrient.,The food source it comes from and how it interacts with other components in that food.,Only the brand of the food.,Only the color of the food.,b,B,129,15-07-2027 14:32
Which of the following is an example of the food matrix effect?,Calcium from dairy products may be more bioavailable than calcium from some plant sources due to the presence of other components in dairy.,All sources of sugar have the same metabolic impact.,Isolated vitamin supplements are always better than whole foods.,The structure of a food has no impact on digestion.,a,A,129,16-07-2027 14:32
"The term ""bioactive compounds"" in food refers to:",Only macronutrients.,"Non-essential nutrients or other substances in food (e.g., phytochemicals, peptides) that can have physiological effects on the body and may influence health.",Only harmful substances in food.,Only food additives.,b,B,129,17-07-2027 14:32
Which of the following is an example of a bioactive compound with potential health benefits?,Saturated fat.,"Flavonoids (in fruits, vegetables, tea), lycopene (in tomatoes), and resveratrol (in grapes).",Added sugars.,Trans fats.,b,B,129,18-07-2027 14:32
"The concept of ""personalized nutrition"" aims to provide dietary recommendations based on:",General population guidelines only.,"An individual's unique characteristics, such as genetics, microbiome, lifestyle, and health status.",Only food preferences.,Only age and gender.,b,B,129,19-07-2027 14:32
Which of the following is a potential tool used in personalized nutrition?,Only standard dietary recall methods.,"Genetic testing, microbiome analysis, wearable sensors to track activity and glucose, and AI-driven algorithms.",Only blood pressure measurement.,Only BMI calculation.,b,B,129,20-07-2027 14:32
"The term ""food environment"" refers to the collective physical, economic, policy, and socio-cultural surroundings that influence food choices. Which of these is a socio-cultural factor?",Price of food.,Traditional food customs and peer influence.,Availability of supermarkets.,Food advertising regulations.,b,B,129,21-07-2027 14:32
"Which of the following is a key characteristic of a ""obesogenic environment""?",Promotes physical activity and healthy eating.,"An environment that promotes weight gain and is not conducive to weight loss, characterized by easy access to unhealthy foods and limited opportunities for physical activity.",Abundance of fresh fruits and vegetables.,Strong social support for healthy lifestyles.,b,B,129,22-07-2027 14:32
"The term ""food literacy"" encompasses the ability to:",Only read recipes.,"Access, understand, evaluate, and use information to make informed decisions about food, nutrition, and the food system.",Only grow food.,Only identify different food brands.,b,B,129,23-07-2027 14:32
Which of the following is a common barrier to food literacy?,Easy access to reliable nutrition information.,"Misinformation, confusing food labels, lack of cooking skills, and limited understanding of how food choices impact health and the environment.",Strong nutrition education in schools.,Clear and consistent food marketing.,b,B,129,24-07-2027 14:32
"The concept of ""culinary nutrition"" combines:",Only the science of nutrition with the art of cooking.,The science of nutrition with practical cooking skills and an understanding of food culture to promote healthy eating.,Only advanced cooking techniques.,Only theoretical nutrition knowledge.,b,B,129,25-07-2027 14:32
Which of the following is a key goal of culinary nutrition education?,To make people dependent on pre-prepared meals.,"To empower individuals with the knowledge and skills to select and prepare healthy, enjoyable meals.",To promote complicated and time-consuming recipes.,To discourage home cooking.,b,B,129,26-07-2027 14:32
"The term ""food security"" has four main dimensions: availability, access, utilization, and ____.",Price,Stability,Taste,Quality,b,B,129,27-07-2027 14:32
"""Utilization"" in the context of food security refers to:",Only the amount of food consumed.,"The body's ability to absorb and use nutrients from food, which can be affected by health status, sanitation, and food preparation practices.",Only the variety of foods available.,Only the safety of the food supply.,b,B,129,28-07-2027 14:32
"""Stability"" in the context of food security refers to:",Food prices remaining constant.,"Consistent access to adequate food over time, without being disrupted by shocks like droughts, price spikes, or conflict.",Only the shelf life of food products.,Only the taste of food remaining the same.,b,B,129,29-07-2027 14:32
Which of the following is a common consequence of food insecurity in children?,Improved academic performance.,"Stunting, wasting, micronutrient deficiencies, impaired cognitive development, and increased susceptibility to illness.",Enhanced physical growth.,No impact on health or development.,b,B,129,30-07-2027 14:32
"The term ""hidden hunger"" refers to a deficiency of:",Calories.,"Micronutrients (vitamins and minerals), even if calorie intake is adequate.",Protein.,Fiber.,b,B,129,31-07-2027 14:32
Which of the following is a common strategy to combat hidden hunger?,"Promoting consumption of energy-dense, nutrient-poor foods.","Food fortification, biofortification, dietary diversification, and supplementation.",Reducing access to fruits and vegetables.,Ignoring micronutrient content of foods.,b,B,129,01-08-2027 14:32
Food fortification involves:,Breeding crops to be more nutritious.,"Adding one or more micronutrients to commonly consumed foods during processing to increase their nutritional value (e.g., iodized salt, vitamin A-fortified oil).",Removing nutrients from food.,Only fortifying animal feed.,b,B,129,02-08-2027 14:32
Biofortification involves:,Adding nutrients to food after harvesting.,"Using conventional plant breeding or modern biotechnology to increase the micronutrient content of staple crops (e.g., iron-rich beans, vitamin A-rich cassava).",Only applying fertilizers to crops.,Only processing foods to enhance nutrients.,b,B,129,03-08-2027 14:32
Dietary diversification aims to:,Encourage consumption of only a few staple foods.,"Increase the variety of foods consumed, particularly fruits, vegetables, and other nutrient-rich foods, to improve micronutrient intake.",Promote reliance on supplements.,Reduce access to different food groups.,b,B,129,04-08-2027 14:32
Which of the following is a common challenge in implementing nutrition interventions in low-resource settings?,Abundance of funding and infrastructure.,"Limited resources, logistical challenges, cultural barriers, lack of trained personnel, and political instability.",High levels of community awareness and participation.,Strong health systems.,b,B,130,05-08-2027 14:32
"The concept of ""nutrition-sensitive interventions"" refers to interventions in sectors like agriculture, social protection, or education that are designed to:",Have no impact on nutrition.,"Incorporate specific nutrition goals and actions to improve nutritional outcomes, even if nutrition is not their primary objective.",Only focus on providing food aid.,Only address acute malnutrition.,b,B,130,06-08-2027 14:32
Which of the following is an example of a nutrition-sensitive agricultural intervention?,Promoting monoculture of cash crops.,"Promoting home gardens, diverse crop production, and livestock rearing to improve household access to nutritious foods.",Only increasing the use of pesticides.,Only focusing on export markets.,b,B,130,07-08-2027 14:32
"The term ""stunting"" in children is a result of:",Acute malnutrition.,"Chronic or recurrent undernutrition, leading to low height-for-age.",Overnutrition.,A single episode of illness.,b,B,130,08-08-2027 14:32
The consequences of stunting can include:,Improved cognitive development and school performance.,"Impaired cognitive development, reduced school performance, lower adult productivity, and increased risk of chronic diseases later in life.",Enhanced physical strength.,No long-term health impacts.,b,B,130,09-08-2027 14:32
"The ""first 1,000 days"" window (from conception to age 2) is critical for preventing stunting because:",Growth is slowest during this period.,"It is a period of rapid growth and development, and nutritional deficiencies during this time can have irreversible consequences.",Children only eat breast milk during this time.,Interventions after this period are equally effective.,b,B,130,10-08-2027 14:32
"Which of the following is a key intervention to prevent stunting in the first 1,000 days?",Only providing food aid to older children.,"Ensuring adequate maternal nutrition during pregnancy and lactation, promoting exclusive breastfeeding for the first 6 months, and providing appropriate complementary feeding from 6 months onwards.",Only focusing on sanitation.,Only deworming children.,b,B,130,11-08-2027 14:32
"The term ""wasting"" in children is a result of:",Chronic malnutrition.,"Acute significant food shortage and/or disease, leading to low weight-for-height.",Excessive calorie intake.,Normal growth.,b,B,130,12-08-2027 14:32
Wasting is a strong predictor of:,Long-term cognitive development.,Mortality in children under five.,Adult height.,Obesity later in life.,b,B,130,13-08-2027 14:32
Community-based Management of Acute Malnutrition (CMAM) is an approach that allows for the treatment of:,Only moderate acute malnutrition.,"Severe acute malnutrition (SAM) in children without medical complications on an outpatient basis, often using Ready-to-Use Therapeutic Foods (RUTF).",Only chronic malnutrition.,Only adult malnutrition.,b,B,130,14-08-2027 14:32
Which of the following is a key advantage of CMAM?,It requires all children with SAM to be hospitalized.,"It increases access to treatment, allows children to be treated in their homes, and is often more cost-effective than inpatient care.",It is only effective in urban areas.,It does not involve community health workers.,b,B,130,15-08-2027 14:32
"The term ""double burden of malnutrition"" refers to the coexistence of:",Only undernutrition and micronutrient deficiencies.,"Undernutrition (stunting, wasting, micronutrient deficiencies) and overnutrition (overweight, obesity) within the same population, household, or even individual.",Only overweight and obesity.,Only infectious diseases and malnutrition.,b,B,130,16-08-2027 14:32
Which of the following is a factor contributing to the double burden of malnutrition?,Decreased access to processed foods.,"Rapid nutrition transition, urbanization, and changes in lifestyle leading to increased consumption of energy-dense, nutrient-poor foods alongside persistent undernutrition.",Increased physical activity levels.,Strong traditional food systems.,b,B,130,17-08-2027 14:32
Addressing the double burden of malnutrition requires:,Separate programs for undernutrition and overnutrition.,"Integrated policies and programs that promote healthy diets and lifestyles across the life course, addressing all forms of malnutrition simultaneously.",Only focusing on undernutrition.,Only focusing on obesity.,b,B,130,18-08-2027 14:32
"The term ""food environment"" refers to the context in which consumers interact with the food system. Which of the following is part of the ""personal food environment""?",Food prices.,"Individual factors like income, knowledge, skills, and preferences that influence food choices.",Availability of food stores.,Food advertising.,b,B,130,19-08-2027 14:32
"Which of the following is part of the ""external food environment""?",Individual food preferences.,"Food availability, accessibility, affordability, marketing, and regulation.",Personal cooking skills.,Individual nutritional knowledge.,b,B,130,20-08-2027 14:32
"The term ""food choice"" is influenced by a complex interplay of factors, including:",Only individual willpower.,"Biological determinants (hunger, taste), economic determinants (cost, income), physical determinants (access, skills), social determinants (culture, family), and psychological determinants (mood, stress).",Only food availability.,Only advertising.,b,B,130,21-08-2027 14:32
Which of the following is a common psychological factor influencing food choice?,Food prices.,"Stress, mood, and emotional eating.",Food labeling.,Availability of healthy options.,b,B,130,22-08-2027 14:32
"The term ""sensory-specific satiety"" refers to:",Feeling full after eating any type of food.,"The decline in pleasantness associated with a food as it is eaten, which encourages consumption of a varied diet.",Always preferring sweet foods.,Having no sense of taste.,b,B,130,23-08-2027 14:32
Sensory-specific satiety can sometimes contribute to overeating if:,Only one type of food is available.,"A wide variety of highly palatable foods are available (e.g., at a buffet), as satiety for one food does not necessarily reduce the desire for a different-tasting food.",All foods taste the same.,Only bland foods are consumed.,b,B,130,24-08-2027 14:32
"The term ""palatability"" refers to:",The nutritional content of a food.,"The hedonic (pleasure-giving) properties of a food, related to its taste, smell, and texture.",The cost of a food.,The safety of a food.,b,B,130,25-08-2027 14:32
"Highly palatable foods, often high in sugar, fat, and salt, can sometimes:",Decrease appetite.,Override normal satiety signals and lead to overconsumption.,Promote weight loss.,Be difficult to digest.,b,B,130,26-08-2027 14:32
"The term ""mindful eating"" involves:",Eating as quickly as possible while distracted.,"Paying deliberate attention to the eating experience, including the sensory qualities of food, hunger and fullness cues, and emotional triggers related to eating.",Strictly adhering to a diet plan without considering internal cues.,Always finishing everything on the plate.,b,B,130,27-08-2027 14:32
Which of the following is a potential benefit of mindful eating?,Increased stress and anxiety around food.,"Improved awareness of hunger and satiety, better portion control, reduced emotional eating, and greater enjoyment of food.",Faster eating speed.,Weight gain.,b,B,130,28-08-2027 14:32
"The term ""food neophobia"" is most common in:",Adults.,Toddlers and preschool children.,Adolescents.,Infants under 6 months.,b,B,130,29-08-2027 14:32
Which of the following is a recommended strategy for introducing new foods to children with food neophobia?,Forcing the child to eat the new food immediately.,"Repeated, neutral exposure to the food (e.g., seeing it on the table, smelling it, touching it) without pressure to eat it, and pairing it with familiar, liked foods.",Hiding the new food in other foods without the child's knowledge.,Offering a reward only if the child eats the entire portion of the new food.,b,B,130,30-08-2027 14:32
"The term ""picky eating"" or ""fussy eating"" in children is characterized by:",A willingness to try all new foods.,"A limited variety of accepted foods, strong food preferences, and often rejection of entire food groups (e.g., vegetables).",Enjoyment of diverse textures and flavors.,Eating large quantities of all foods offered.,b,B,130,31-08-2027 14:32
Which of the following is a helpful approach for parents dealing with a picky eater?,Creating a power struggle over food.,"Maintaining a positive and relaxed mealtime environment, offering a variety of healthy foods without pressure, involving the child in food choices and preparation (age-appropriately), and being a good role model.",Allowing the child to eat only their preferred (often unhealthy) foods.,Punishing the child for not eating.,b,B,130,01-09-2027 14:32
"The term ""food jags"" refers to periods when a child:",Eats a wide variety of foods.,Will only eat one or a very limited selection of foods for several days or weeks.,Refuses all food.,Overeats consistently.,b,B,130,02-09-2027 14:32
Food jags are common in toddlers and are usually:,A sign of a serious eating disorder.,Temporary and resolve on their own if parents continue to offer a variety of healthy foods without pressure.,A reason to only offer the preferred food indefinitely.,An indication of a severe nutrient deficiency.,b,B,130,03-09-2027 14:32
Which of the following is a common nutritional concern during adolescence due to rapid growth and lifestyle changes?,Low energy needs.,"Inadequate intake of calcium, iron, vitamin D, and fiber; irregular meal patterns; and increased consumption of unhealthy snacks and sugary drinks.",Overconsumption of fruits and vegetables.,A strong preference for bland foods.,b,B,130,04-09-2027 14:32
"The term ""body image"" refers to:",Only a person's physical appearance.,"A person's perception, thoughts, and feelings about their own body.",Only how others see a person's body.,Only a person's weight.,b,B,130,05-09-2027 14:32
Negative body image can contribute to:,Healthy eating habits and regular exercise.,"Low self-esteem, depression, anxiety, and increased risk of disordered eating and eating disorders.",A positive relationship with food.,Acceptance of all body types.,b,B,130,06-09-2027 14:32
Which of the following is a characteristic of anorexia nervosa?,Recurrent binge eating followed by purging.,"Severe restriction of energy intake leading to significantly low body weight, intense fear of gaining weight, and disturbed body image.",Eating large amounts of food without compensatory behaviors.,Normal body weight and healthy eating patterns.,b,B,130,07-09-2027 14:32
Which of the following is a characteristic of bulimia nervosa?,Severe food restriction leading to very low body weight.,"Recurrent episodes of binge eating (consuming a large amount of food in a discrete period with a sense of lack of control) followed by recurrent inappropriate compensatory behaviors to prevent weight gain (e.g., self-induced vomiting, misuse of laxatives, excessive exercise).",Eating only healthy foods in small amounts.,No concern about body shape or weight.,b,B,130,08-09-2027 14:32
Which of the following is a characteristic of binge eating disorder?,Severe food restriction.,"Recurrent episodes of binge eating, associated with distress, but without the recurrent inappropriate compensatory behaviors seen in bulimia nervosa.",Eating only when physically hungry.,"Normal, controlled eating patterns.",b,B,130,09-09-2027 14:32
Eating disorders are serious mental illnesses with significant physical and psychological consequences. Treatment typically requires:,Only dietary changes.,"A multidisciplinary approach involving medical, nutritional, and psychological therapies.",Only willpower to overcome.,Only medication.,b,B,130,10-09-2027 14:32
Which of the following is a common nutritional goal in the treatment of anorexia nervosa?,Further weight loss.,"Gradual weight restoration to a healthy level, normalization of eating patterns, and correction of nutrient deficiencies.",Maintaining a very low calorie diet.,Focusing only on psychological issues without addressing nutrition.,b,B,130,11-09-2027 14:32
Which of the following is a common nutritional goal in the treatment of bulimia nervosa?,Encouraging compensatory behaviors.,"Establishing regular, non-binge eating patterns, eliminating compensatory behaviors, and addressing underlying nutritional and psychological issues.",Promoting restrictive dieting.,Ignoring the binge-purge cycle.,b,B,130,12-09-2027 14:32
"The term ""disordered eating"" refers to a range of irregular eating behaviors that:",Are always as severe as a formal eating disorder.,May not meet the full criteria for an eating disorder but can still cause distress and have negative health consequences.,Are always healthy and adaptive.,Only involve overeating.,b,B,130,13-09-2027 14:32
Which of the following is an example of disordered eating?,Eating a balanced meal when hungry.,"Chronic dieting, frequent skipping of meals, obsessive calorie counting, and rigid food rules.",Enjoying occasional treats in moderation.,Mindful eating.,b,B,130,14-09-2027 14:32
"The term ""orthorexia"" (though not an official diagnosis) describes an unhealthy obsession with:",Eating unhealthy foods.,"Eating foods one considers ""pure"" or ""healthy,"" to the point that it becomes a restrictive and disruptive fixation.",Avoiding all food.,Eating large quantities of food.,b,B,130,15-09-2027 14:32
Which of the following is a potential negative consequence of orthorexia?,Improved social life and flexibility.,"Nutritional deficiencies, social isolation, anxiety, and a decline in overall quality of life.",A balanced and enjoyable relationship with food.,Enhanced physical health always.,b,B,130,16-09-2027 14:32
"The term ""body dysmorphic disorder"" (BDD) involves a preoccupation with:",Actual major physical deformities.,"Perceived flaws in one's physical appearance that are not observable or appear slight to others, causing significant distress or impairment in functioning.",A healthy and realistic body image.,Only weight and shape concerns related to eating disorders.,b,B,130,17-09-2027 14:32
"While BDD is not an eating disorder, it can co-occur with eating disorders and share concerns about:",Only internal health.,Appearance and body image.,Only athletic performance.,Only food choices.,b,B,130,18-09-2027 14:32
"The term ""muscle dysmorphia"" (sometimes called ""bigorexia"") is a form of BDD characterized by a preoccupation with the idea that one's body is:",Too large or muscular.,"Too small or insufficiently muscular, even if the individual is actually average or very muscular.",Perfectly proportioned.,Overweight.,b,B,130,19-09-2027 14:32
Individuals with muscle dysmorphia often engage in:,Avoiding all exercise.,"Excessive exercise, strict dieting (often high protein), and sometimes use of anabolic steroids to increase muscle mass.",Eating only junk food.,A relaxed approach to fitness.,b,B,130,20-09-2027 14:32
"The term ""Health at Every Size"" (HAES) is an approach that emphasizes:",Weight loss as the primary goal for all individuals.,"Respect for body diversity, intuitive eating, and enjoyable physical activity for health and well-being, rather than focusing on weight as the sole determinant of health.",That all body sizes are equally healthy regardless of lifestyle.,Promoting dieting and weight cycling.,b,B,130,21-09-2027 14:32
Which of the following is a principle of the HAES approach?,Weight normalization through restrictive dieting.,"Health enhancement (focusing on health-promoting behaviors), size and self-acceptance, the pleasure of eating well, and the joy of movement.",Stigmatizing individuals in larger bodies.,Using BMI as the primary measure of health.,b,B,130,22-09-2027 14:32
"The term ""intuitive eating"" is a non-diet approach that involves:",Following strict external rules about what and when to eat.,"Honoring internal hunger and fullness cues, rejecting the diet mentality, making peace with food, and finding satisfaction in eating.",Counting calories and macronutrients meticulously.,"Labeling foods as ""good"" or ""bad"" and restricting ""bad"" foods.",b,B,130,23-09-2027 14:32
Which of the following is a principle of intuitive eating?,Ignore your hunger signals.,"Honor your hunger, respect your fullness, discover the satisfaction factor, and cope with your emotions without using food.",Challenge the food police by eating forbidden foods excessively.,Exercise rigidly to burn calories.,b,B,131,24-09-2027 14:32
"The term ""food environment"" refers to the physical, economic, policy, and socio-cultural factors that influence food choices. Which of the following is an example of a policy factor?",Individual taste preferences.,"Government regulations on food labeling, taxes on sugary drinks, or subsidies for healthy foods.",Availability of cooking facilities at home.,Cultural traditions related to food.,b,B,131,25-09-2027 14:32
"The term ""obesogenic environment"" describes an environment that:",Promotes healthy weight and physical activity.,"Promotes weight gain and is not conducive to weight loss, due to factors like easy access to unhealthy foods and limited opportunities for physical activity.",Is found only in rural areas.,Has no impact on obesity rates.,b,B,131,26-09-2027 14:32
Which of the following is a strategy to create a less obesogenic and more health-promoting food environment?,Increasing the number of fast-food outlets.,"Improving access to affordable healthy foods (e.g., supermarkets in underserved areas, farmers' markets), restricting marketing of unhealthy foods to children, and implementing clear front-of-pack nutrition labeling.",Removing all parks and recreational spaces.,Making healthy foods more expensive than unhealthy foods.,b,B,131,27-09-2027 14:32
"The term ""food marketing"" can significantly influence food choices, particularly in:",Adults only.,"Children and adolescents, who are often targeted with advertising for unhealthy, energy-dense, nutrient-poor foods and beverages.",Individuals who are already health-conscious.,Only those living in urban areas.,b,B,131,28-09-2027 14:32
Which of the following is a common technique used in food marketing to children?,Providing detailed nutritional information.,"Using cartoon characters, celebrity endorsements, and promotional toys to appeal to children.",Highlighting the health benefits of the product.,Focusing on the long-term consequences of diet.,b,B,131,29-09-2027 14:32
"The term ""nutritionism"" refers to an ideology that assumes:",The whole food is more important than its constituent nutrients.,"The nutritional value of a food is the sum of its individual nutrients, and that the key to understanding food is understanding these nutrients.",Food culture and enjoyment are more important than nutritional content.,All processed foods are inherently bad.,b,B,131,30-09-2027 14:32
A potential downside of nutritionism is that it can lead to:,"A focus on whole, unprocessed foods.","A focus on single nutrients or ingredients (e.g., ""low-fat,"" ""high-protein"") rather than overall dietary patterns, and can be exploited by food marketers.",Increased consumption of fruits and vegetables.,A better understanding of complex food interactions.,b,B,131,01-10-2027 14:32
"The term ""food literacy"" involves understanding not only nutrition but also:",Only how to cook.,"The broader food system, including where food comes from, how it is produced, and its social, economic, and environmental impacts.",Only how to read food labels.,Only the names of different foods.,b,B,131,02-10-2027 14:32
Which of the following is a component of food literacy?,Being able to critically evaluate food marketing messages.,"Understanding food labels, having basic cooking skills, knowing about food safety, and being aware of the connections between food choices and health/sustainability.",Only memorizing dietary guidelines.,Only knowing how to shop at one type of store.,b,B,131,03-10-2027 14:32
"The term ""culinary literacy"" is closely related to food literacy and emphasizes:",Only the ability to read cookbooks.,"The skills and knowledge needed to prepare and cook food, which can empower individuals to make healthier food choices.",Only advanced gourmet cooking techniques.,Only understanding nutrition science.,b,B,131,04-10-2027 14:32
Which of the following is a benefit of having good culinary literacy?,Increased reliance on processed and take-out foods.,"Greater control over ingredients and portion sizes, potential for healthier meals, cost savings, and increased enjoyment of food.",More difficulty following recipes.,Less interest in trying new foods.,b,B,131,05-10-2027 14:32
"The term ""food system"" encompasses all aspects of food from ""farm to fork"" (or ""gate to plate""). Which of the following is a key component of the food system?",Only food consumption.,"Production, processing, distribution, retail/marketing, and consumption.",Only agricultural production.,Only food waste.,b,B,131,06-10-2027 14:32
"A ""sustainable food system"" is one that:",Focuses only on maximizing food production at any cost.,"Ensures food security and nutrition for all in a way that is environmentally, socially, and economically sustainable for future generations.",Relies heavily on non-renewable resources.,Generates large amounts of food waste.,b,B,131,07-10-2027 14:32
Which of the following is a challenge to achieving sustainable food systems?,Decreasing global population.,"Climate change, resource depletion (water, land), food loss and waste, and inequitable access to food.",Abundance of sustainable farming practices globally.,Low demand for food.,b,B,131,08-10-2027 14:32
"The term ""food loss"" typically refers to food that is lost:",Only at the consumer level.,"During production, post-harvest, and processing stages (before it reaches the consumer).",Only in restaurants.,Only during transportation.,b,B,131,09-10-2027 14:32
"The term ""food waste"" typically refers to food that is wasted:",Only during agricultural production.,"At the retail and consumer levels (e.g., food discarded by supermarkets or households).",Only during processing.,Only by farm animals.,b,B,131,10-10-2027 14:32
Reducing food loss and waste is important for:,Increasing food prices.,"Improving food security, conserving resources, and reducing environmental impact (e.g., greenhouse gas emissions from landfills).",Worsening malnutrition.,Creating more jobs in waste management.,b,B,131,11-10-2027 14:32
Which of the following is a strategy to reduce food waste at the consumer level?,Buying more food than needed to ensure availability.,"Planning meals, making shopping lists, storing food properly, understanding date labels, and using leftovers.",Discarding imperfect-looking fruits and vegetables.,Always choosing the largest package sizes.,b,B,131,12-10-2027 14:32
"The concept of a ""circular economy"" in the food system aims to:",Maximize waste and resource depletion.,"Minimize waste and make the most of resources by keeping products, materials, and nutrients in use for as long as possible (e.g., composting, using by-products).","Promote a linear ""take-make-dispose"" model.",Focus only on food production without considering waste.,b,B,131,13-10-2027 14:32
Which of the following is an example of a circular economy practice in the food system?,Sending all food waste to landfills.,"Composting food scraps to create fertilizer, using food by-products to create new products, or anaerobic digestion to produce biogas.",Incinerating all food waste.,Importing all food from distant locations.,b,B,131,14-10-2027 14:32
"The term ""food sovereignty"" emphasizes the right of peoples to:","Access cheap, imported food.","Define their own food and agriculture systems, and to healthy and culturally appropriate food produced through ecologically sound and sustainable methods.",Rely on corporate-controlled food systems.,Export all locally produced food.,b,B,131,15-10-2027 14:32
Which of the following is a key principle of food sovereignty?,Prioritizing global markets over local needs.,"Valuing food providers, localizing food systems, putting control locally, building knowledge and skills, and working with nature.",Promoting monoculture and industrial agriculture.,Disregarding traditional farming practices.,b,B,131,16-10-2027 14:32
"The term ""agroecology"" is an approach to agriculture that integrates:",Only chemical inputs and mechanization.,Ecological principles and social considerations into the design and management of sustainable food systems.,Only large-scale farming.,Only genetically modified crops.,b,B,131,17-10-2027 14:32
Which of the following is a practice commonly used in agroecology?,Monocropping over large areas.,"Crop rotation, intercropping, cover cropping, integrated pest management, and promoting biodiversity.",Heavy reliance on synthetic pesticides and fertilizers.,Clearing forests for agricultural expansion.,b,B,131,18-10-2027 14:32
"The term ""One Health"" is an approach that recognizes that the health of people is closely connected to:",Only the health of animals.,The health of animals and our shared environment.,Only economic factors.,Only individual lifestyle choices.,b,B,131,19-10-2027 14:32
"In the context of food systems, the One Health approach is relevant to issues such as:",Only human nutritional deficiencies.,"Zoonotic diseases (diseases transmitted between animals and humans), antimicrobial resistance (often linked to antibiotic use in livestock), and food safety.",Only crop yields.,Only food prices.,b,B,131,20-10-2027 14:32
Antimicrobial resistance (AMR) is a growing global health threat. The use of antibiotics in livestock production can contribute to AMR by:,Making animals healthier and reducing the need for antibiotics in humans.,"Promoting the development of antibiotic-resistant bacteria, which can then spread to humans through the food chain or direct contact.",Having no impact on human health.,Only affecting the animals themselves.,b,B,131,21-10-2027 14:32
Which of the following is a strategy to reduce the use of antibiotics in livestock production?,Routine use of antibiotics for growth promotion.,"Improving animal husbandry practices, vaccination, biosecurity measures, and using antibiotics only when necessary for treating diagnosed illnesses.",Increasing stocking densities in animal farming.,Ignoring animal welfare.,b,B,131,22-10-2027 14:32
"The term ""food safety culture"" in a food business refers to:",Only having written food safety procedures.,"The shared values, beliefs, and norms that affect how food safety is perceived and managed within an organization.",Only the cleanliness of the premises.,Only the training of a few key staff members.,b,B,131,23-10-2027 14:32
A strong food safety culture is important for:,Increasing the risk of foodborne illness.,Preventing foodborne illness by ensuring that all employees are committed to and practice safe food handling.,Cutting costs on food safety measures.,Only meeting minimum legal requirements.,b,B,131,24-10-2027 14:32
"Hazard Analysis and Critical Control Points (HACCP) is a systematic preventive approach to food safety that identifies, evaluates, and controls:",Only microbiological hazards.,"Significant biological, chemical, and physical hazards at specific points in the food production process.",Only hazards at the consumer level.,Only the cost of food production.,b,B,131,25-10-2027 14:32
Which of the following is a principle of HACCP?,Only inspecting the final product.,"Conducting a hazard analysis, determining critical control points (CCPs), establishing critical limits, establishing monitoring procedures, establishing corrective actions, establishing verification procedures, and establishing record-keeping procedures.",Only training employees.,Only cleaning equipment.,b,B,131,26-10-2027 14:32
"The term ""food defense"" refers to protecting the food supply from:",Accidental contamination only.,"Intentional adulteration or contamination (e.g., bioterrorism) with the intent to cause harm.",Only spoilage.,Only pests.,b,B,131,27-10-2027 14:32
Which of the following is a measure to enhance food defense?,Leaving food production areas unsecured.,"Implementing security measures, restricting access to sensitive areas, screening employees, and having a plan to respond to threats or incidents.",Sharing detailed information about food production processes publicly.,Not monitoring suppliers.,b,B,131,28-10-2027 14:32
"The term ""food fraud"" (or economically motivated adulteration) involves intentionally deceiving consumers about food products for economic gain. An example is:",Accidental mislabeling of a product.,"Substituting a cheaper ingredient for a more expensive one (e.g., melamine in milk, horsemeat in beef products) or misrepresenting the origin or quality of a food.",Providing accurate nutritional information.,Selling food at a very low price.,b,B,131,29-10-2027 14:32
Food fraud can have consequences for:,Only economic losses for consumers.,"Public health (if unsafe substances are used), consumer trust, and fair competition in the food industry.",Only the reputation of the fraudulent company.,Only the taste of the food.,b,B,131,30-10-2027 14:32
Traceability in the food system refers to the ability to:,Only track food prices.,Follow the movement of a food product and its ingredients through all steps in the supply chain (from farm to consumer).,Only identify the final consumer.,Only determine the nutritional content of a food.,b,B,131,31-10-2027 14:32
Traceability is important for:,Making food more expensive.,"Facilitating food recalls, ensuring food safety, verifying product claims (e.g., organic, origin), and enhancing consumer confidence.",Hiding information about food production.,Only benefiting large corporations.,b,B,131,01-11-2027 14:32
Which of the following technologies can be used to improve traceability in the food system?,Only paper-based records.,"Barcodes, RFID (Radio-Frequency Identification) tags, blockchain technology, and DNA fingerprinting.",Only visual inspection.,Only taste testing.,b,B,131,02-11-2027 14:32
"The term ""novel foods"" refers to foods that:",Have a long history of consumption.,"Do not have a significant history of consumption within a particular region or have been produced using new processes, and may require safety assessment before being marketed.",Are always unhealthy.,Are only plant-based.,b,B,131,03-11-2027 14:32
Examples of novel foods could include:,Traditional fruits and vegetables.,"Foods derived from new sources (e.g., certain algae or insects), foods produced using new technologies (e.g., cultured meat), or foods with modified molecular structures.",Common staple grains.,Pasteurized milk.,b,B,131,04-11-2027 14:32
The regulation of novel foods typically focuses on ensuring their:,Low cost.,Safety for human consumption before they are allowed on the market.,High palatability.,Long shelf life only.,b,B,131,05-11-2027 14:32
Cultured meat (also known as lab-grown or cell-based meat) is produced by:,Traditional animal farming.,"Cultivating animal cells in a laboratory setting, rather than raising and slaughtering animals.",Genetically modifying plants to taste like meat.,Mixing different types of plant proteins.,b,B,131,06-11-2027 14:32
Potential benefits of cultured meat include:,Always being cheaper than conventional meat.,"Reduced environmental impact (e.g., lower land use, greenhouse gas emissions), improved animal welfare, and potential for customized nutritional profiles.",Having the exact same taste and texture as conventional meat immediately.,Requiring no energy input for production.,b,B,131,07-11-2027 14:32
Challenges in the development and commercialization of cultured meat include:,Lack of consumer interest.,"Scaling up production, reducing costs, achieving desired taste and texture, and regulatory approvals.",Already being widely available and affordable.,Having no ethical considerations.,b,B,131,08-11-2027 14:32
Insect farming (entomophagy) is being explored as a sustainable source of:,Only carbohydrates.,"Protein and other nutrients, with a lower environmental footprint compared to traditional livestock.",Only fats.,Only fiber.,b,B,131,09-11-2027 14:32
Which of the following is a common nutritional benefit of consuming edible insects?,They are very low in all nutrients.,"They are often rich in protein, healthy fats, vitamins (e.g., B vitamins), and minerals (e.g., iron, zinc).",They contain no protein.,They are primarily a source of sugar.,b,B,131,10-11-2027 14:32
Cultural acceptance is a significant factor in the adoption of:,Common fruits and vegetables.,Novel foods like cultured meat and edible insects in regions where they are not traditionally consumed.,Staple grains like rice and wheat.,Water.,b,B,131,11-11-2027 14:32
"The term ""food desert"" refers to a geographic area where access to affordable, healthy food options (e.g., fresh fruits and vegetables) is limited or non-existent. This is often due to a lack of:",Fast food restaurants,Supermarkets or grocery stores,Convenience stores,Vending machines,b,B,131,12-11-2027 14:32
Residents of food deserts often have higher rates of:,Consumption of fresh produce,Obesity and diet-related chronic diseases,Physical activity,Access to nutritional education,b,B,131,13-11-2027 14:32
Which of the following is a strategy to combat food deserts?,Increasing the number of fast-food outlets,"Incentivizing supermarkets to open in underserved areas, supporting farmers' markets, and mobile food vendors selling fresh produce",Reducing public transportation options,Limiting nutrition assistance programs,b,B,131,14-11-2027 14:32
"The term ""food swamp"" refers to an area with an overabundance of:",Healthy food options,"Unhealthy food options, such as fast-food restaurants and convenience stores selling processed snacks, relative to healthy options",Farmers' markets,Grocery stores with fresh produce,b,B,131,15-11-2027 14:32
Living in a food swamp can make it difficult for residents to:,Find unhealthy food,"Make healthy food choices, even if they are motivated to do so",Access any food at all,Find affordable food,b,B,131,16-11-2027 14:32
"The concept of ""food miles"" refers to the distance food travels from:",The farm to the processing plant,Where it is produced to where it is consumed,The supermarket to the consumer's home,The field to the storage facility,b,B,131,17-11-2027 14:32
Higher food miles are generally associated with:,Lower environmental impact,Greater environmental impact due to increased transportation emissions,Fresher food,Lower food prices,b,B,131,18-11-2027 14:32
Choosing locally sourced foods can help to:,Increase food miles,Reduce food miles and support the local economy,Decrease food freshness,Increase transportation costs,b,B,131,19-11-2027 14:32
"The term ""carbon footprint"" of food refers to the total amount of:",Nutrients in the food,"Greenhouse gases (e.g., carbon dioxide, methane) emitted throughout the food's lifecycle, from production to consumption and disposal",Water used to produce the food,Land area required to grow the food,b,B,131,20-11-2027 14:32
Which of the following food groups generally has the highest carbon footprint per serving?,Fruits and vegetables,Red meat (especially beef and lamb),Grains and legumes,Nuts and seeds,b,B,131,21-11-2027 14:32
Shifting towards more plant-based dietary patterns can help to:,Increase the carbon footprint of diets,Reduce the carbon footprint of diets and mitigate climate change,Have no impact on greenhouse gas emissions,Worsen land degradation,b,B,131,22-11-2027 14:32
"The term ""water footprint"" of food refers to the total volume of:",Rainwater used by crops,"Freshwater used to produce the food, including water for irrigation, livestock, and processing",Water contained in the food itself,Water used for cooking the food,b,B,131,23-11-2027 14:32
Which of the following food groups generally has a high water footprint?,Most fruits and vegetables,"Meat (especially beef), nuts, and rice",Root vegetables like potatoes,Beverages like tea and coffee (per cup),b,B,131,24-11-2027 14:32
Sustainable agricultural practices aim to:,Maximize the use of water and chemical inputs,"Produce food in a way that conserves natural resources, minimizes environmental impact, and is economically viable and socially just",Focus only on short-term yields,Promote monoculture and soil degradation,b,B,131,25-11-2027 14:32
Organic farming is a system of agriculture that avoids the use of:,Natural fertilizers and pest control methods,"Synthetic pesticides, herbicides, genetically modified organisms (GMOs), and synthetic fertilizers",Crop rotation and cover cropping,Composting and animal manure,b,B,131,26-11-2027 14:32
Potential benefits of organic farming include:,Always higher crop yields than conventional farming,"Reduced exposure to pesticide residues, improved soil health, and enhanced biodiversity",Lower food prices for consumers,Increased reliance on chemical inputs,b,B,131,27-11-2027 14:32
Agroecology is an approach that applies:,Only industrial farming techniques,"Ecological principles to the design and management of sustainable agricultural systems, often integrating traditional farming knowledge",Only genetic engineering,Only chemical pest control,b,B,131,28-11-2027 14:32
"The term ""food loss"" refers to the decrease in the quantity or quality of food occurring:",Only at the consumer level,"Along the food supply chain from production (farm) up to, but not including, the retail level",Only in supermarkets,Only during cooking,b,B,131,29-11-2027 14:32
"The term ""food waste"" refers to food that is discarded:",Only during agricultural production,"At the retail, food service, and household (consumer) levels",Only during food processing,Only by animals,b,B,131,30-11-2027 14:32
Reducing food loss and waste is crucial for:,Increasing food prices and scarcity,"Improving food security, conserving resources (land, water, energy), and mitigating climate change (by reducing greenhouse gas emissions from decomposing food)",Worsening environmental degradation,Creating more landfill space,b,B,131,01-12-2027 14:32
Which of the following is a common cause of food loss at the farm level in developing countries?,Over-purchasing by consumers,"Poor harvesting techniques, inadequate storage facilities, and lack of access to markets",Strict cosmetic standards by retailers,Excessive packaging,b,B,131,02-12-2027 14:32
Which of the following is a common cause of food waste at the consumer level in developed countries?,Lack of food availability,"Over-purchasing, confusion over date labels, improper storage, and discarding leftovers",Poor transportation infrastructure,Natural disasters,b,B,131,03-12-2027 14:32
The Food Recovery Hierarchy prioritizes actions to prevent and manage food waste. The most preferred action is:,Landfilling,Source reduction (preventing waste from being generated in the first place),Composting,Feeding animals,b,B,131,04-12-2027 14:32
"Composting is a process that converts organic waste, including food scraps, into:",Biogas for energy,A nutrient-rich soil amendment,Animal feed,Non-biodegradable material,b,B,131,05-12-2027 14:32
"Anaerobic digestion is a process that breaks down organic waste in the absence of oxygen, producing:",Only compost,Biogas (which can be used for energy) and digestate (a nutrient-rich solid/liquid residue),Only clean water,Only carbon dioxide,b,B,131,06-12-2027 14:32
"The term ""upcycling"" in the context of food refers to:",Discarding unwanted food items,"Transforming food by-products, waste streams, or ingredients that would otherwise be discarded into new, higher-value food products",Composting food scraps,Donating surplus food to charity,b,B,131,07-12-2027 14:32
Which of the following is an example of upcycled food?,Fresh fruit sold at a farmers' market,"Flour made from the pulp leftover from juice production, or snacks made from imperfect produce",Rotten vegetables discarded by a supermarket,Leftovers from a home-cooked meal,b,B,131,08-12-2027 14:32
"The concept of ""social enterprise"" in the food system refers to businesses that:",Aim only to maximize profit,"Have a primary social or environmental mission, using business strategies to achieve their goals (e.g., creating jobs for marginalized groups, improving access to healthy food)",Are government-owned and operated,Only sell luxury food items,b,B,131,09-12-2027 14:32
Community-supported agriculture (CSA) is a model where consumers:,Buy food from supermarkets only,Purchase a farm and operate it themselves,Purchase a share of a farm�s harvest in advance,Grow their own food in public community gardens ,c,C,131,10-12-2027 14:32
,,,,,,,,
,,,,,,,,
,,,,,,,,
,,,,,,,,
