question_text,option_a,option_b,option_c,option_d,,correct_answer,quiz_test_id,created_at
Which of the following dosage forms is designed to release the drug slowly over an extended period?,Immediate-release tablet,Sustained-release tablet,Chewable tablet,Effervescent tablet,b,B,51,16-07-2025 14:32
The process of reducing the particle size of a solid substance to a very fine powder is known as:,Granulation,Comminution,Compression,Coating,a,A,51,16-07-2025 14:32
Which of the following is a common excipient used as a binder in tablet formulations?,Talc,Magnesium stearate,Starch paste,Colloidal silicon dioxide,c,C,51,16-07-2025 14:32
The term 'bioavailability' refers to:,The rate and extent to which the active drug ingredient is absorbed from a drug product and becomes available at the site of action,The total amount of drug in the body,The elimination half-life of the drug,The volume of distribution of the drug,a,A,51,16-07-2025 14:32
Which of the following is a disadvantage of liquid dosage forms?,Easy to swallow,Faster absorption,Less stable than solid dosage forms,Suitable for pediatric patients,d,D,51,16-07-2025 14:32
The process of converting a liquid into a fine spray or mist is called:,Nebulization,Filtration,Distillation,Evaporation,b,B,51,16-07-2025 14:32
Which of the following is a type of emulsion where oil is dispersed in a continuous aqueous phase?,Water-in-oil (W/O),Oil-in-water (O/W),Multiple emulsion,Microemulsion,a,A,51,16-07-2025 14:32
The stability of an emulsion can be improved by adding a/an:,Solvent,Oil-in-water (O/W),Preservative,Flavoring agent,c,C,51,16-07-2025 14:32
Suppositories are designed for administration via which route?,Oral,Oil-in-water (O/W),Rectal,Parenteral,d,D,51,16-07-2025 14:32
Which of the following is a common base used in suppository formulations?,Gelatin,Oil-in-water (O/W),Polyethylene glycol,Both b and c,a,A,51,16-07-2025 14:32
Parenteral dosage forms are administered via which route?,Oral,Oil-in-water (O/W),Injection,Rectal,b,B,51,16-07-2025 14:32
Which of the following is a characteristic of an ideal parenteral preparation?,Non-sterile,Oil-in-water (O/W),Isotonic,Turbid,c,C,51,16-07-2025 14:32
The process of removing microorganisms from a product to render it sterile is called:,Disinfection,Oil-in-water (O/W),Sterilization,Sanitization,a,A,51,16-07-2025 14:32
Which of the following sterilization methods uses moist heat under pressure?,Dry heat sterilization,Oil-in-water (O/W),Autoclaving,Radiation sterilization,d,D,51,16-07-2025 14:32
Ophthalmic preparations are designed for administration to the:,Ear,Oil-in-water (O/W),Eye,Skin,b,B,51,16-07-2025 14:32
Which of the following is a critical requirement for ophthalmic preparations?,Non-sterile,Oil-in-water (O/W),Presence of particulate matter,High viscosity,c,C,51,16-07-2025 14:32
Aerosols are dosage forms that deliver drugs as a fine mist or spray using a/an:,Syringe,Oil-in-water (O/W),Propellant,Dropper,a,A,51,16-07-2025 14:32
Which of the following is a common propellant used in pharmaceutical aerosols?,Water,Oil-in-water (O/W),Chlorofluorocarbons (CFCs),Hydrofluoroalkanes (HFAs),d,D,51,16-07-2025 14:32
Capsules are solid dosage forms in which the drug is enclosed within a:,Sugar coating,Oil-in-water (O/W),Polymer matrix,Wax base,b,B,51,16-07-2025 14:32
Which of the following is a type of capsule that contains liquid or semi-solid formulations?,Hard gelatin capsule,Oil-in-water (O/W),Enteric-coated capsule,Sustained-release capsule,c,C,51,16-07-2025 14:32
Tablets are solid dosage forms prepared by:,Molding,Oil-in-water (O/W),Extrusion,Spray drying,a,A,51,16-07-2025 14:32
Which of the following is a common problem encountered during tablet compression?,Capping,Oil-in-water (O/W),Sticking,All of the above,d,D,51,16-07-2025 14:32
Enteric-coated tablets are designed to release the drug in the:,Stomach,Oil-in-water (O/W),Large intestine,Oral cavity,b,B,51,16-07-2025 14:32
Which of the following is a method used to evaluate the hardness of tablets?,Disintegration test,Oil-in-water (O/W),Friability test,Hardness tester,c,C,51,16-07-2025 14:32
The process of applying a thin layer of material to the surface of a tablet is called:,Granulation,Oil-in-water (O/W),Coating,Polishing,a,A,51,16-07-2025 14:32
Which of the following is a type of coating used to protect tablets from moisture and light?,Sugar coating,Oil-in-water (O/W),Enteric coating,Compression coating,d,D,51,16-07-2025 14:32
Suspensions are liquid dosage forms in which solid particles are dispersed in a:,Homogeneous solution,Oil-in-water (O/W),Gaseous medium,Solid matrix,b,B,51,16-07-2025 14:32
Which of the following is a common problem encountered with suspensions?,Sedimentation,Oil-in-water (O/W),Flocculation,All of the above,c,C,51,16-07-2025 14:32
The stability of a suspension can be improved by adding a/an:,Flocculating agent,Oil-in-water (O/W),Wetting agent,Suspending agent,a,A,51,16-07-2025 14:32
"Syrups are concentrated aqueous solutions of sugar, typically containing:",50% w/v sugar,Oil-in-water (O/W),85% w/v sugar,90% w/w sugar,d,D,51,16-07-2025 14:32
"Elixirs are clear, sweetened, hydroalcoholic liquids intended for:",Topical use,Oil-in-water (O/W),Parenteral use,Rectal use,b,B,51,16-07-2025 14:32
Lotions are liquid preparations intended for:,Oral administration,Oil-in-water (O/W),Injection,Ophthalmic use,c,C,51,16-07-2025 14:32
Creams are semi-solid preparations consisting of:,Oil-in-water emulsion,Oil-in-water (O/W),Both a and b,Neither a nor b,a,A,51,16-07-2025 14:32
Ointments are semi-solid preparations intended for:,Oral administration,Oil-in-water (O/W),Injection,Ophthalmic use,d,D,51,16-07-2025 14:32
Gels are semi-solid systems consisting of a liquid phase immobilized within a:,Solid matrix,Oil-in-water (O/W),Gaseous medium,Oily base,b,B,51,16-07-2025 14:32
Pastes are semi-solid preparations containing a high proportion of:,Liquid,Oil-in-water (O/W),Gas,Oil,c,C,51,16-07-2025 14:32
Transdermal patches are designed to deliver drugs through the:,Oral cavity,Oil-in-water (O/W),Lungs,Rectum,a,A,51,16-07-2025 14:32
Which of the following is a component of a transdermal patch?,Drug reservoir,Oil-in-water (O/W),Backing layer,All of the above,d,D,51,16-07-2025 14:32
Implants are sterile solid dosage forms designed for insertion into:,Body cavities,Oil-in-water (O/W),Blood vessels,Joints,b,B,51,16-07-2025 14:32
Which of the following is a characteristic of an ideal implant?,Non-biodegradable,Oil-in-water (O/W),Provides sustained drug release,Requires frequent removal,c,C,51,16-07-2025 14:32
Suppositories melt or soften at body temperature to release the drug in the:,Stomach,Oil-in-water (O/W),Rectum,Colon,a,A,51,16-07-2025 14:32
The disintegration test for tablets measures the time required for a tablet to:,Dissolve completely,Oil-in-water (O/W),Release 50% of the drug,Absorb water,d,D,51,16-07-2025 14:32
The dissolution test for tablets measures the rate and extent to which the drug:,Disintegrates,Oil-in-water (O/W),Absorbs into the bloodstream,Excretes from the body,b,B,51,16-07-2025 14:32
Friability test for tablets measures the tablet's resistance to:,Crushing,Oil-in-water (O/W),Breaking,Dissolution,c,C,51,16-07-2025 14:32
The term 'excipient' refers to:,The active pharmaceutical ingredient,Oil-in-water (O/W),A toxic substance,A controlled substance,a,A,51,16-07-2025 14:32
Which of the following is a common diluent used in tablet formulations?,Lactose,Oil-in-water (O/W),Magnesium stearate,Sodium starch glycolate,d,D,51,16-07-2025 14:32
Which of the following is a common disintegrant used in tablet formulations?,Microcrystalline cellulose,Oil-in-water (O/W),Polyvinylpyrrolidone,Hydroxypropyl methylcellulose,b,B,51,16-07-2025 14:32
Which of the following is a common lubricant used in tablet formulations?,Starch,Oil-in-water (O/W),Gelatin,Sucrose,c,C,51,16-07-2025 14:32
The process of mixing powders to achieve a uniform distribution of ingredients is called:,Blending,Oil-in-water (O/W),Sieving,Compaction,a,A,51,16-07-2025 14:32
Which of the following is a method used to prepare granules?,Wet granulation,Oil-in-water (O/W),Direct compression,Both a and b,d,D,51,16-07-2025 14:32
The term 'effervescent tablets' refers to tablets that:,Dissolve slowly in water,Oil-in-water (O/W),Are coated with a polymer,Are designed for sublingual administration,b,B,52,16-07-2025 14:32
Sublingual tablets are designed for absorption through the:,Stomach,Oil-in-water (O/W),Oral mucosa under the tongue,Rectum,c,C,52,16-07-2025 14:32
Buccal tablets are designed for absorption through the:,Stomach,Oil-in-water (O/W),Oral mucosa in the cheek pouch,Rectum,a,A,52,16-07-2025 14:32
Chewable tablets are designed to be:,Swallowed whole,Oil-in-water (O/W),Dissolved under the tongue,Dissolved in water,d,D,52,16-07-2025 14:32
Lozenges are solid dosage forms intended to dissolve slowly in the:,Stomach,Oil-in-water (O/W),Oral cavity,Rectum,b,B,52,16-07-2025 14:32
"Pastilles are soft, chewable lozenges that contain:",Sugar,Oil-in-water (O/W),Starch,Cellulose,c,C,52,16-07-2025 14:32
Medicated gums are dosage forms that release the drug upon:,Swallowing,Oil-in-water (O/W),Dissolving,Injecting,a,A,52,16-07-2025 14:32
Powders are solid dosage forms consisting of:,Single particles,Oil-in-water (O/W),Large aggregates,Liquid droplets,d,D,52,16-07-2025 14:32
"Granules are aggregates of powder particles, typically prepared to improve:",Flowability,Oil-in-water (O/W),Dissolution rate,All of the above,b,B,52,16-07-2025 14:32
Douches are aqueous solutions intended for:,Oral administration,Oil-in-water (O/W),Rectal administration,Nasal administration,c,C,52,16-07-2025 14:32
Enemas are liquid preparations intended for:,Oral administration,Oil-in-water (O/W),Vaginal administration,Nasal administration,a,A,52,16-07-2025 14:32
Liniments are liquid preparations intended for:,Oral administration,Oil-in-water (O/W),Injection,Ophthalmic use,d,D,52,16-07-2025 14:32
Collodions are liquid preparations that form a flexible film upon:,Drying,Oil-in-water (O/W),Cooling,Mixing with water,b,B,52,16-07-2025 14:32
Sprays are liquid preparations that deliver drugs as a fine mist or droplets using a:,Syringe,Oil-in-water (O/W),Dropper,Brush,c,C,52,16-07-2025 14:32
Inhalations are liquid preparations intended for administration to the:,Oral cavity,Oil-in-water (O/W),Lungs,Ear,a,A,52,16-07-2025 14:32
Nasal drops are liquid preparations intended for administration to the:,Eye,Oil-in-water (O/W),Nose,Throat,d,D,52,16-07-2025 14:32
Ear drops are liquid preparations intended for administration to the:,Eye,Oil-in-water (O/W),Nose,Throat,b,B,52,16-07-2025 14:32
Mouthwashes are aqueous solutions intended for:,Swallowing,Oil-in-water (O/W),Gargling,Both b and c,c,C,52,16-07-2025 14:32
Gargles are aqueous solutions intended for:,Swallowing,Oil-in-water (O/W),Throat irrigation,Both b and c,a,A,52,16-07-2025 14:32
Suppository molds are typically made of:,Glass,Oil-in-water (O/W),Metal,All of the above,d,D,52,16-07-2025 14:32
The displacement value of a drug in a suppository base refers to the amount of:,Drug that displaces the base,Oil-in-water (O/W),Drug that is absorbed,Base that is absorbed,b,B,52,16-07-2025 14:32
The term 'pyrogens' refers to:,Microorganisms,Oil-in-water (O/W),Endotoxins,Both b and c,c,C,52,16-07-2025 14:32
The LAL (Limulus Amebocyte Lysate) test is used to detect:,Microorganisms,Oil-in-water (O/W),Particulate matter,Sterility,a,A,52,16-07-2025 14:32
The process of lyophilization is also known as:,Freeze-drying,Oil-in-water (O/W),Fluidized bed drying,Tray drying,d,D,52,16-07-2025 14:32
Lyophilization is used to improve the stability of:,Heat-stable drugs,Oil-in-water (O/W),Water-soluble drugs,Oil-soluble drugs,b,B,52,16-07-2025 14:32
The term 'packaging' refers to the process of:,Manufacturing a drug product,Oil-in-water (O/W),Distributing a drug product,Marketing a drug product,c,C,52,16-07-2025 14:32
Which of the following is a primary packaging material?,Carton,Oil-in-water (O/W),Bottle,Leaflet,a,A,52,16-07-2025 14:32
Which of the following is a secondary packaging material?,Blister pack,Oil-in-water (O/W),Carton,Ampoule,d,D,52,16-07-2025 14:32
The purpose of packaging is to:,Protect the product from environmental factors,Oil-in-water (O/W),Facilitate handling and storage,All of the above,b,B,52,16-07-2025 14:32
The term 'labeling' refers to the process of:,Manufacturing a drug product,Oil-in-water (O/W),Distributing a drug product,Marketing a drug product,c,C,52,16-07-2025 14:32
Which of the following information must be included on a drug label?,Name of the drug,Oil-in-water (O/W),Dosage instructions,All of the above,a,A,52,16-07-2025 14:32
The term 'quality control' refers to:,The process of ensuring that a product meets specified quality standards,Oil-in-water (O/W),The process of manufacturing a drug product,The process of marketing a drug product,d,D,52,16-07-2025 14:32
Which of the following is a quality control test for tablets?,pH measurement,Oil-in-water (O/W),Uniformity of weight,Particle size analysis,b,B,52,16-07-2025 14:32
The term 'good manufacturing practices (GMP)' refers to:,Guidelines for marketing drugs,Oil-in-water (O/W),Guidelines for clinical trials,Guidelines for drug distribution,c,C,52,16-07-2025 14:32
Which of the following is a key principle of GMP?,Quality by testing,Oil-in-water (O/W),Quality by inspection,Quality by chance,a,A,52,16-07-2025 14:32
The term 'validation' refers to the process of:,Proving that a process or system consistently produces a product that meets predetermined specifications,Oil-in-water (O/W),Manufacturing a drug product,Marketing a drug product,d,D,52,16-07-2025 14:32
Which of the following is a type of validation?,Process validation,Oil-in-water (O/W),Analytical method validation,All of the above,b,B,52,16-07-2025 14:32
The term 'stability testing' refers to the process of:,"Evaluating the physical, chemical, microbiological, and biopharmaceutical properties of a drug product over time under various conditions",Oil-in-water (O/W),Measuring the dissolution rate of tablets,Determining the disintegration time of tablets,c,C,52,16-07-2025 14:32
Which of the following is a common stability testing condition?,Room temperature,Oil-in-water (O/W),Refrigerated conditions,All of the above,a,A,52,16-07-2025 14:32
The term 'pharmacopoeia' refers to:,A book containing a list of drugs,Oil-in-water (O/W),A book containing drug prices,A book containing drug advertisements,d,D,52,16-07-2025 14:32
The 'Indian Pharmacopoeia' is published by the:,Ministry of Health and Family Welfare,Oil-in-water (O/W),Pharmacy Council of India,Medical Council of India,b,B,52,16-07-2025 14:32
The term 'dispensing' refers to the process of:,Manufacturing a drug product,Oil-in-water (O/W),Marketing a drug product,Researching a drug product,c,C,52,16-07-2025 14:32
Which of the following is a key step in the dispensing process?,Receiving the prescription,Oil-in-water (O/W),Labeling the dispensed medication,All of the above,a,A,52,16-07-2025 14:32
The term 'pharmaceutical calculations' refers to:,Calculations related to drug prices,Oil-in-water (O/W),Calculations related to drug sales,Calculations related to drug advertising,d,D,52,16-07-2025 14:32
Which of the following is a common pharmaceutical calculation?,Dose calculation,Oil-in-water (O/W),Dilution calculation,All of the above,b,B,52,16-07-2025 14:32
The term 'incompatibility' refers to:,A desirable interaction between two or more ingredients in a drug product,Oil-in-water (O/W),A beneficial interaction between two or more ingredients in a drug product,A neutral interaction between two or more ingredients in a drug product,c,C,52,16-07-2025 14:32
Which of the following is a type of incompatibility?,Physical incompatibility,Oil-in-water (O/W),Therapeutic incompatibility,All of the above,a,A,52,16-07-2025 14:32
The term 'drug delivery system' refers to:,A system that transports drugs to the market,Oil-in-water (O/W),A system that stores drugs,A system that manufactures drugs,d,D,52,16-07-2025 14:32
Which of the following is a type of novel drug delivery system?,Tablets,Oil-in-water (O/W),Liposomes,Syrups,b,B,52,16-07-2025 14:32
The term 'nanotechnology' in pharmaceutics refers to the application of technology at the:,Macro scale,Oil-in-water (O/W),Nano scale,Pico scale,c,C,52,16-07-2025 14:32
Which of the following is a common method for preparing sterile solutions?,Filtration,Oil-in-water (O/W),Aseptic technique,All of the above,a,A,53,16-07-2025 14:32
The term 'aseptic technique' refers to a set of practices used to:,Introduce microorganisms into a sterile environment,Oil-in-water (O/W),Promote microbial growth,Sterilize non-sterile products,b,B,53,16-07-2025 14:32
Which of the following is a common method for preparing emulsions?,Dry gum method,Oil-in-water (O/W),Bottle method,All of the above,c,C,53,16-07-2025 14:32
The HLB (Hydrophilic-Lipophilic Balance) system is used to classify:,Solvents,Oil-in-water (O/W),Preservatives,Flavoring agents,d,D,53,16-07-2025 14:32
The term 'rheology' refers to the study of:,Drug absorption,Oil-in-water (O/W),Flow and deformation of matter,Drug metabolism,a,A,53,16-07-2025 14:32
Which of the following is a rheological property relevant to pharmaceutical formulations?,Viscosity,Oil-in-water (O/W),Density,Refractive index,b,B,53,16-07-2025 14:32
The term 'solubility' refers to the maximum amount of a solute that can dissolve in a given amount of:,Solvent at a given temperature,Oil-in-water (O/W),Suspension at a given temperature,Emulsion at a given temperature,c,C,53,16-07-2025 14:32
Which of the following factors can affect drug solubility?,Temperature,Oil-in-water (O/W),Particle size,All of the above,d,D,53,16-07-2025 14:32
The term 'dissolution' refers to the process by which a solid substance:,Melts,Oil-in-water (O/W),Enters into solution,Precipitates,a,A,53,16-07-2025 14:32
The Noyes-Whitney equation describes the rate of:,Drug absorption,Oil-in-water (O/W),Drug metabolism,Drug excretion,b,B,53,16-07-2025 14:32
The term 'polymorphism' refers to the ability of a solid material to exist in more than one:,Liquid form,Oil-in-water (O/W),Gaseous form,Amorphous form,c,C,53,16-07-2025 14:32
Polymorphism can affect the:,Stability of a drug,Oil-in-water (O/W),Bioavailability of a drug,All of the above,d,D,53,16-07-2025 14:32
The term 'hygroscopicity' refers to the ability of a substance to:,Absorb moisture from the atmosphere,Oil-in-water (O/W),Resist moisture absorption,Repel moisture,a,A,53,16-07-2025 14:32
Hygroscopic substances should be stored in:,Open containers,Oil-in-water (O/W),Humid environments,Light-exposed areas,b,B,53,16-07-2025 14:32
The term 'deliquescence' refers to the ability of a substance to:,Absorb moisture from the atmosphere and dissolve in it,Oil-in-water (O/W),Resist moisture absorption,Repel moisture,c,C,53,16-07-2025 14:32
The term 'efflorescence' refers to the ability of a crystalline substance to:,Absorb moisture from the atmosphere,Oil-in-water (O/W),Resist moisture absorption,Repel moisture,d,D,53,16-07-2025 14:32
The term 'eutectic mixture' refers to a mixture of two or more components that has a:,Higher melting point than any of the individual components,Oil-in-water (O/W),Same melting point as one of the individual components,No definite melting point,a,A,53,16-07-2025 14:32
Eutectic mixtures can pose challenges in pharmaceutical formulations due to:,Increased stability,Oil-in-water (O/W),Liquefaction at room temperature,Improved flowability,b,B,53,16-07-2025 14:32
The term 'adsorption' refers to the process by which molecules adhere to the:,Interior of a solid,Oil-in-water (O/W),Liquid phase,Gaseous phase,c,C,53,16-07-2025 14:32
Adsorption can be utilized in pharmaceutical formulations for:,Drug release control,Oil-in-water (O/W),Drug purification,All of the above,d,D,53,16-07-2025 14:32
The term 'filtration' refers to the process of separating solid particles from a fluid by passing the fluid through a:,Centrifuge,Oil-in-water (O/W),Porous medium,Distillation apparatus,a,A,53,16-07-2025 14:32
Which of the following is a type of filter used in pharmaceutical manufacturing?,Membrane filter,Oil-in-water (O/W),Cartridge filter,All of the above,b,B,53,16-07-2025 14:32
The term 'drying' refers to the process of removing:,Solvents from a solid,Oil-in-water (O/W),Gases from a liquid,Solids from a liquid,c,C,53,16-07-2025 14:32
Which of the following is a common drying method used in pharmaceutical manufacturing?,Tray drying,Oil-in-water (O/W),Spray drying,All of the above,d,D,53,16-07-2025 14:32
The term 'milling' refers to the process of reducing the particle size of a solid material by:,Crushing,Oil-in-water (O/W),Cutting,All of the above,a,A,53,16-07-2025 14:32
Which of the following is a type of mill used in pharmaceutical manufacturing?,Ball mill,Oil-in-water (O/W),Fluid energy mill,All of the above,b,B,53,16-07-2025 14:32
The term 'mixing' refers to the process of combining two or more components to achieve a:,Homogeneous mixture,Oil-in-water (O/W),Separated mixture,Layered mixture,c,C,53,16-07-2025 14:32
Which of the following is a type of mixer used in pharmaceutical manufacturing?,Ribbon blender,Oil-in-water (O/W),Planetary mixer,All of the above,d,D,53,16-07-2025 14:32
The term 'granulation' refers to the process of forming:,Powders,Oil-in-water (O/W),Tablets,Capsules,a,A,53,16-07-2025 14:32
Which of the following is a reason for granulation?,To improve flowability,Oil-in-water (O/W),To prevent segregation,All of the above,b,B,53,16-07-2025 14:32
The term 'compression' refers to the process of forming tablets by applying:,Heat,Oil-in-water (O/W),Solvent,Light,c,C,53,16-07-2025 14:32
Which of the following is a type of tablet press?,Single punch tablet press,Oil-in-water (O/W),Both a and b,Neither a nor b,d,D,53,16-07-2025 14:32
The term 'coating' refers to the process of applying a layer to the surface of a:,Powder,Oil-in-water (O/W),Tablet,All of the above,a,A,53,16-07-2025 14:32
Which of the following is a reason for coating tablets?,To mask taste or odor,Oil-in-water (O/W),To control drug release,All of the above,b,B,53,16-07-2025 14:32
The term 'packaging' refers to the process of enclosing a drug product in a:,Container,Oil-in-water (O/W),Carton,Leaflet,c,C,53,16-07-2025 14:32
Which of the following is a function of primary packaging?,Protection from environmental factors,Oil-in-water (O/W),Promotion of the product,Facilitation of distribution,d,D,53,16-07-2025 14:32
The term 'labeling' refers to the information provided on the:,Primary packaging,Oil-in-water (O/W),Both a and b,Neither a nor b,a,A,53,16-07-2025 14:32
Which of the following is a mandatory information on a drug label?,Manufacturing date,Oil-in-water (O/W),Batch number,All of the above,b,B,53,16-07-2025 14:32
The term 'quality assurance' refers to:,The process of testing a product for quality,Oil-in-water (O/W),The process of manufacturing a product,The process of marketing a product,c,C,53,16-07-2025 14:32
Which of the following is a component of a quality assurance system?,Good Manufacturing Practices (GMP),Oil-in-water (O/W),Standard operating procedures (SOPs),All of the above,d,D,53,16-07-2025 14:32
"The term 'validation' is a documented program that provides a high degree of assurance that a specific process, method, or system will consistently produce a result meeting predetermined:",Expectations,Oil-in-water (O/W),Requirements,Goals,a,A,53,16-07-2025 14:32
Which of the following is a type of validation?,Prospective validation,Oil-in-water (O/W),Concurrent validation,All of the above,b,B,53,16-07-2025 14:32
The term 'stability testing' is conducted to determine the shelf-life of a drug product under various:,Manufacturing conditions,Oil-in-water (O/W),Distribution conditions,Marketing conditions,c,C,53,16-07-2025 14:32
Which of the following is a parameter evaluated during stability testing?,Physical appearance,Oil-in-water (O/W),Dissolution rate,All of the above,d,D,53,16-07-2025 14:32
The term 'pharmacopoeia' is an official publication containing a list of medicinal drugs with their effects and directions for:,Marketing,Oil-in-water (O/W),Pricing,Advertising,a,A,53,16-07-2025 14:32
The 'United States Pharmacopeia (USP)' is published by the:,FDA,Oil-in-water (O/W),AMA,CDC,b,B,53,16-07-2025 14:32
The term 'dispensing' involves the professional judgment and responsibility of a:,Doctor,Oil-in-water (O/W),Pharmacist,Patient,c,C,53,16-07-2025 14:32
Which of the following is a critical step in dispensing?,Patient counseling,Oil-in-water (O/W),Drug research,Drug marketing,d,D,53,16-07-2025 14:32
The term 'pharmaceutical calculations' are essential for ensuring:,Drug profitability,Oil-in-water (O/W),Drug marketability,Drug advertising,a,A,53,16-07-2025 14:32
Which of the following is a unit of concentration?,Milligram,Oil-in-water (O/W),Percentage (w/v),Gram,b,B,53,16-07-2025 14:32
The term 'incompatibility' can lead to:,Formation of a precipitate,Oil-in-water (O/W),Loss of drug potency,All of the above,c,C,54,16-07-2025 14:32
Which of the following is a method to overcome incompatibility?,Changing the order of mixing,Oil-in-water (O/W),Using a different solvent,All of the above,d,D,54,16-07-2025 14:32
The term 'drug delivery system' aims to optimize the:,Drug manufacturing process,Oil-in-water (O/W),Drug marketing strategy,Drug pricing,a,A,54,16-07-2025 14:32
Which of the following is a type of controlled drug delivery system?,Immediate-release tablet,Oil-in-water (O/W),Enteric-coated tablet,Both b and c,b,B,54,16-07-2025 14:32
The term 'nanotechnology' in pharmaceutics can be used to develop:,Larger drug particles,Oil-in-water (O/W),Macro-emulsions,Coarse suspensions,c,C,54,16-07-2025 14:32
Which of the following is a characteristic of nanoparticles?,Large surface area,Oil-in-water (O/W),Ability to cross biological barriers,All of the above,d,D,54,16-07-2025 14:32
The term 'biopharmaceutics' refers to the study of the relationship between the:,Physical and chemical properties of a drug and its biological effects,Oil-in-water (O/W),Packaging material and drug degradation,Marketing strategy and drug sales,a,A,54,16-07-2025 14:32
Which of the following is a key process in biopharmaceutics?,Absorption,Oil-in-water (O/W),Metabolism,All of the above,b,B,54,16-07-2025 14:32
The term 'pharmacokinetics' refers to the study of how the body:,Affects the drug,Oil-in-water (O/W),Metabolizes the drug,Excretes the drug,c,C,54,16-07-2025 14:32
The term 'pharmacodynamics' refers to the study of how the drug:,Affects the body,Oil-in-water (O/W),Is absorbed by the body,Is excreted by the body,d,D,54,16-07-2025 14:32
The term 'preformulation' refers to the stage of drug development where the physical and chemical properties of a drug substance are characterized to provide a rational basis for:,Clinical trials,Oil-in-water (O/W),Marketing,Pricing,a,A,54,16-07-2025 14:32
Which of the following is a preformulation study?,Solubility studies,Oil-in-water (O/W),Particle size analysis,All of the above,b,B,54,16-07-2025 14:32
The term 'formulation' refers to the process of developing a drug into a suitable:,Active pharmaceutical ingredient,Oil-in-water (O/W),Chemical entity,Raw material,c,C,54,16-07-2025 14:32
Which of the following is a factor considered during formulation development?,Drug properties,Oil-in-water (O/W),Patient compliance,All of the above,d,D,54,16-07-2025 14:32
The term 'manufacturing' refers to the process of producing a drug product on a:,Laboratory scale,Oil-in-water (O/W),Commercial scale,All of the above,a,A,54,16-07-2025 14:32
Which of the following is a critical aspect of pharmaceutical manufacturing?,Quality control,Oil-in-water (O/W),Cost-effectiveness,All of the above,b,B,54,16-07-2025 14:32
"The term 'quality by design (QbD)' is a systematic approach to development that begins with predefined objectives and emphasizes product and process understanding and process control, based on sound science and quality risk:",Management,Oil-in-water (O/W),Control,Assurance,c,C,54,16-07-2025 14:32
Which of the following is a principle of QbD?,Understanding the critical quality attributes (CQAs),Oil-in-water (O/W),Establishing a design space,All of the above,d,D,54,16-07-2025 14:32
"The term 'process analytical technology (PAT)' is a system for designing, analyzing, and controlling manufacturing through timely measurements of critical quality and performance attributes of raw and in-process materials and processes, with the goal of ensuring final product:",Cost,Oil-in-water (O/W),Quantity,Speed,a,A,54,16-07-2025 14:32
Which of the following is a benefit of PAT?,Reduced manufacturing cycle time,Oil-in-water (O/W),Reduced waste,All of the above,b,B,54,16-07-2025 14:32
The term 'risk management' in pharmaceutics refers to the systematic process of:,"Identifying, assessing, and controlling risks to quality",Oil-in-water (O/W),Creating risks to quality,Transferring risks to quality,c,C,54,16-07-2025 14:32
Which of the following is a tool used in risk management?,Failure Mode and Effects Analysis (FMEA),Oil-in-water (O/W),Risk matrix,All of the above,d,D,54,16-07-2025 14:32
The term 'change control' refers to the formal system by which qualified representatives of appropriate disciplines review proposed or actual changes that might affect:,Product quality,Oil-in-water (O/W),Both a and b,Neither a nor b,a,A,54,16-07-2025 14:32
Which of the following is a reason for implementing change control?,To ensure that changes are implemented in a controlled manner,Oil-in-water (O/W),To maintain product quality,All of the above,b,B,54,16-07-2025 14:32
The term 'deviation' refers to a departure from an approved instruction or established standard.,TRUE,Oil-in-water (O/W),Sometimes true,Not applicable,c,C,54,16-07-2025 14:32
Which of the following is a type of deviation?,Planned deviation,Oil-in-water (O/W),Both a and b,Neither a nor b,d,D,54,16-07-2025 14:32
The term 'corrective action and preventive action (CAPA)' refers to a system for investigating and correcting:,Deviations,Oil-in-water (O/W),Potential problems,All of the above,a,A,54,16-07-2025 14:32
Which of the following is a key principle of CAPA?,Root cause analysis,Oil-in-water (O/W),Preventive action,All of the above,b,B,54,16-07-2025 14:32
"The term 'audit' refers to a systematic, independent, and documented process for obtaining audit evidence and evaluating it objectively to determine the extent to which audit criteria are:",Met,Oil-in-water (O/W),Violated,Created,c,C,54,16-07-2025 14:32
Which of the following is a type of audit?,Internal audit,Oil-in-water (O/W),Regulatory audit,All of the above,d,D,54,16-07-2025 14:32
The term 'recall' refers to the process of removing a drug product from the market due to:,Quality defects,Oil-in-water (O/W),Regulatory non-compliance,All of the above,a,A,54,16-07-2025 14:32
Which of the following is a class of recall?,Class I recall (most serious),Oil-in-water (O/W),Class III recall (least serious),All of the above,b,B,54,16-07-2025 14:32
"The term 'pharmacovigilance' refers to the science and activities relating to the detection, assessment, understanding, and prevention of adverse effects or any other drug-related problem.",TRUE,Oil-in-water (O/W),Sometimes true,Not applicable,c,C,54,16-07-2025 14:32
Which of the following is a key activity in pharmacovigilance?,Adverse drug reaction (ADR) reporting,Oil-in-water (O/W),Risk management,All of the above,d,D,54,16-07-2025 14:32
"The term 'drug master file (DMF)' is a submission to the FDA that may be used to provide confidential detailed information about facilities, processes, or articles used in the manufacturing, processing, packaging, and storing of one or more human drugs.",TRUE,Oil-in-water (O/W),Sometimes true,Not applicable,a,A,54,16-07-2025 14:32
Which of the following is a type of DMF?,Type II (Drug Substance),Oil-in-water (O/W),Type IV (Excipient),All of the above,b,B,54,16-07-2025 14:32
The term 'abbreviated new drug application (ANDA)' is an application for a U.S. generic drug approval for an existing approved drug.,TRUE,Oil-in-water (O/W),Sometimes true,Not applicable,c,C,54,16-07-2025 14:32
Which of the following is a requirement for an ANDA?,Bioequivalence,Oil-in-water (O/W),Both a and b,Neither a nor b,d,D,54,16-07-2025 14:32
The term 'new drug application (NDA)' is an application for a U.S. new drug approval.,TRUE,Oil-in-water (O/W),Sometimes true,Not applicable,a,A,54,16-07-2025 14:32
Which of the following is a section of an NDA?,"Chemistry, Manufacturing, and Controls (CMC)",Oil-in-water (O/W),Clinical Studies,All of the above,b,B,54,16-07-2025 14:32
The term 'investigational new drug (IND) application' is a submission to the FDA that allows a drug to be tested in humans.,TRUE,Oil-in-water (O/W),Sometimes true,Not applicable,c,C,54,16-07-2025 14:32
Which of the following is a phase of clinical trials?,Phase I (safety),Oil-in-water (O/W),Phase III (large-scale efficacy and safety),All of the above,d,D,54,16-07-2025 14:32
"The term 'good clinical practice (GCP)' is an international ethical and scientific quality standard for designing, conducting, recording, and reporting trials that involve the participation of human subjects.",TRUE,Oil-in-water (O/W),Sometimes true,Not applicable,a,A,54,16-07-2025 14:32
Which of the following is a principle of GCP?,Protection of human subjects' rights and well-being,Oil-in-water (O/W),Compliance with regulatory requirements,All of the above,b,B,54,16-07-2025 14:32
"The term 'good laboratory practice (GLP)' is a quality system concerned with the organizational process and the conditions under which non-clinical health and environmental safety studies are planned, performed, monitored, recorded, archived, and reported.",TRUE,Oil-in-water (O/W),Sometimes true,Not applicable,c,C,54,16-07-2025 14:32
Which of the following is a principle of GLP?,Qualified personnel,Oil-in-water (O/W),Standard operating procedures (SOPs),All of the above,d,D,54,16-07-2025 14:32
The term 'good distribution practice (GDP)' is a quality system for warehouses and distribution centers dedicated to medicines.,TRUE,Oil-in-water (O/W),Sometimes true,Not applicable,a,A,54,16-07-2025 14:32
Which of the following is a principle of GDP?,Qualified personnel,Oil-in-water (O/W),Proper documentation,All of the above,b,B,54,16-07-2025 14:32
The term 'good storage practice (GSP)' is a quality system for the storage of medicines.,TRUE,Oil-in-water (O/W),Sometimes true,Not applicable,c,C,54,16-07-2025 14:32
Which of the following is a principle of GSP?,Proper temperature control,Oil-in-water (O/W),Proper security measures,All of the above,d,D,54,16-07-2025 14:32
The term 'good dispensing practice (GDispP)' is a quality system for the dispensing of medicines.,TRUE,Oil-in-water (O/W),Sometimes true,Not applicable,a,A,55,16-07-2025 14:32
Which of the following is a principle of GDispP?,Accurate labeling,Oil-in-water (O/W),Proper record-keeping,All of the above,b,B,55,16-07-2025 14:32
The term 'good documentation practice (GDocP)' is a quality system for the creation and maintenance of documents.,TRUE,Oil-in-water (O/W),Sometimes true,Not applicable,c,C,55,16-07-2025 14:32
Which of the following is a principle of GDocP?,Legibility,Oil-in-water (O/W),Traceability,All of the above,d,D,55,16-07-2025 14:32
The term 'good regulatory practice (GRP)' is a quality system for the development and implementation of regulations.,TRUE,Oil-in-water (O/W),Sometimes true,Not applicable,a,A,55,16-07-2025 14:32
Which of the following is a principle of GRP?,Transparency,Oil-in-water (O/W),Efficiency,All of the above,b,B,55,16-07-2025 14:32
"The term 'quality risk management (QRM)' is a systematic process for the assessment, control, communication, and review of quality risks throughout the product lifecycle.",TRUE,Oil-in-water (O/W),Sometimes true,Not applicable,c,C,55,16-07-2025 14:32
Which of the following is a tool used in QRM?,Risk assessment,Oil-in-water (O/W),Risk review,All of the above,d,D,55,16-07-2025 14:32
"The term 'pharmaceutical engineering' refers to the application of engineering principles to the design, development, and manufacturing of pharmaceutical products.",TRUE,Oil-in-water (O/W),Sometimes true,Not applicable,a,A,55,16-07-2025 14:32
Which of the following is a field of pharmaceutical engineering?,Process design,Oil-in-water (O/W),Facility design,All of the above,b,B,55,16-07-2025 14:32
The term 'biotechnology' in pharmaceutics refers to the use of living organisms or their products to create or modify drugs.,TRUE,Oil-in-water (O/W),Sometimes true,Not applicable,c,C,55,16-07-2025 14:32
Which of the following is a product of biotechnology?,Insulin,Oil-in-water (O/W),Monoclonal antibodies,All of the above,d,D,55,16-07-2025 14:32
The term 'gene therapy' refers to the introduction of genes into a person's cells to treat or prevent disease.,TRUE,Oil-in-water (O/W),Sometimes true,Not applicable,a,A,55,16-07-2025 14:32
Which of the following is a challenge in gene therapy?,Delivery of genes to target cells,Oil-in-water (O/W),Long-term safety,All of the above,b,B,55,16-07-2025 14:32
The term 'cell therapy' refers to the transplantation of human cells to repair or replace damaged tissue or cells.,TRUE,Oil-in-water (O/W),Sometimes true,Not applicable,c,C,55,16-07-2025 14:32
Which of the following is a type of cell therapy?,Stem cell therapy,Oil-in-water (O/W),Both a and b,Neither a nor b,d,D,55,16-07-2025 14:32
"The term 'personalized medicine' refers to a medical model that customizes healthcare, with decisions and practices being tailored to the individual patient based on their predicted response or risk of disease.",TRUE,Oil-in-water (O/W),Sometimes true,Not applicable,a,A,55,16-07-2025 14:32
Which of the following is a factor considered in personalized medicine?,Genetics,Oil-in-water (O/W),Environment,All of the above,b,B,55,16-07-2025 14:32
The term 'pharmacogenomics' refers to the study of how genes affect a person's response to drugs.,TRUE,Oil-in-water (O/W),Sometimes true,Not applicable,c,C,55,16-07-2025 14:32
Pharmacogenomics can help in:,Predicting drug efficacy,Oil-in-water (O/W),Optimizing drug dosage,All of the above,d,D,55,16-07-2025 14:32
The term 'drug repurposing' refers to the process of finding new uses for existing drugs.,TRUE,Oil-in-water (O/W),Sometimes true,Not applicable,a,A,55,16-07-2025 14:32
Which of the following is a benefit of drug repurposing?,Reduced development time,Oil-in-water (O/W),Higher success rate,All of the above,b,B,55,16-07-2025 14:32
The term 'orphan drug' refers to a drug developed to treat a rare disease.,TRUE,Oil-in-water (O/W),Sometimes true,Not applicable,c,C,55,16-07-2025 14:32
Which of the following is an incentive for developing orphan drugs?,Tax credits,Oil-in-water (O/W),Research grants,All of the above,d,D,55,16-07-2025 14:32
The term 'biosimilar' refers to a biological product that is highly similar to an already approved biological product (reference product).,TRUE,Oil-in-water (O/W),Sometimes true,Not applicable,a,A,55,16-07-2025 14:32
Which of the following is a characteristic of a biosimilar?,Same active ingredient as the reference product,Oil-in-water (O/W),Same route of administration as the reference product,All of the above,b,B,55,16-07-2025 14:32
The term 'biologics' refers to a broad class of medicines that are produced by living organisms or contain components of living organisms.,TRUE,Oil-in-water (O/W),Sometimes true,Not applicable,c,C,55,16-07-2025 14:32
Which of the following is a type of biologic?,Vaccines,Oil-in-water (O/W),Gene therapies,All of the above,d,D,55,16-07-2025 14:32
The term 'vaccine' refers to a biological preparation that provides active acquired immunity to a particular infectious disease.,TRUE,Oil-in-water (O/W),Sometimes true,Not applicable,a,A,55,16-07-2025 14:32
Which of the following is a type of vaccine?,Live-attenuated vaccine,Oil-in-water (O/W),Subunit vaccine,All of the above,b,B,55,16-07-2025 14:32
The term 'monoclonal antibodies' refers to antibodies that are made by identical immune cells that are all clones of a unique parent cell.,TRUE,Oil-in-water (O/W),Sometimes true,Not applicable,c,C,55,16-07-2025 14:32
Monoclonal antibodies are used in the treatment of:,Cancer,Oil-in-water (O/W),Infectious diseases,All of the above,d,D,55,16-07-2025 14:32
The term 'recombinant DNA technology' refers to the joining of DNA molecules from two different species that are inserted into a host organism to produce new genetic combinations.,TRUE,Oil-in-water (O/W),Sometimes true,Not applicable,a,A,55,16-07-2025 14:32
Recombinant DNA technology is used in the production of:,Insulin,Oil-in-water (O/W),Erythropoietin,All of the above,b,B,55,16-07-2025 14:32
The term 'polymerase chain reaction (PCR)' is a laboratory technique used to amplify DNA sequences.,TRUE,Oil-in-water (O/W),Sometimes true,Not applicable,c,C,55,16-07-2025 14:32
PCR is used in:,Diagnosis of infectious diseases,Oil-in-water (O/W),Forensic science,All of the above,d,D,55,16-07-2025 14:32
The term 'chromatography' is a laboratory technique for the separation of a mixture.,TRUE,Oil-in-water (O/W),Sometimes true,Not applicable,a,A,55,16-07-2025 14:32
Which of the following is a type of chromatography?,Gas chromatography (GC),Oil-in-water (O/W),Thin-layer chromatography (TLC),All of the above,b,B,55,16-07-2025 14:32
The term 'spectroscopy' is the study of the interaction between matter and electromagnetic radiation.,TRUE,Oil-in-water (O/W),Sometimes true,Not applicable,c,C,55,16-07-2025 14:32
Which of the following is a type of spectroscopy?,UV-Vis spectroscopy,Oil-in-water (O/W),Nuclear Magnetic Resonance (NMR) spectroscopy,All of the above,d,D,55,16-07-2025 14:32
The term 'mass spectrometry (MS)' is an analytical technique that measures the mass-to-charge ratio of ions.,TRUE,Oil-in-water (O/W),Sometimes true,Not applicable,a,A,55,16-07-2025 14:32
MS is used for:,Identification of compounds,Oil-in-water (O/W),Quantification of compounds,All of the above,b,B,55,16-07-2025 14:32
The term 'titration' is a quantitative chemical analysis method used to determine the concentration of an identified analyte.,TRUE,Oil-in-water (O/W),Sometimes true,Not applicable,c,C,55,16-07-2025 14:32
Which of the following is a type of titration?,Acid-base titration,Oil-in-water (O/W),Complexometric titration,All of the above,d,D,55,16-07-2025 14:32
The term 'pH' is a measure of the acidity or alkalinity of a solution.,TRUE,Oil-in-water (O/W),Sometimes true,Not applicable,a,A,55,16-07-2025 14:32
The pH of a solution can affect the:,Solubility of a drug,Oil-in-water (O/W),Absorption of a drug,All of the above,b,B,55,16-07-2025 14:32
The term 'buffer' refers to a solution that resists changes in pH upon the addition of small amounts of acid or base.,TRUE,Oil-in-water (O/W),Sometimes true,Not applicable,c,C,55,16-07-2025 14:32
Buffers are used in pharmaceutical formulations to:,Maintain pH,Oil-in-water (O/W),Enhance stability,All of the above,d,D,55,16-07-2025 14:32
The term 'tonicity' refers to the effective osmotic pressure gradient across a semipermeable membrane.,TRUE,Oil-in-water (O/W),Sometimes true,Not applicable,a,A,55,16-07-2025 14:32
Isotonic solutions have the same osmotic pressure as:,Blood plasma,Oil-in-water (O/W),Saline solution,Sugar solution,b,B,55,16-07-2025 14:32
The term 'preservative' refers to a substance added to a pharmaceutical formulation to prevent:,Microbial growth,Oil-in-water (O/W),Hydrolysis,All of the above,c,C,56,16-07-2025 14:32
Which of the following is a common preservative?,Parabens,Oil-in-water (O/W),Phenol,All of the above,d,D,56,16-07-2025 14:32
The term 'antioxidant' refers to a substance added to a pharmaceutical formulation to prevent:,Microbial growth,Oil-in-water (O/W),Hydrolysis,All of the above,a,A,56,16-07-2025 14:32
Which of the following is a common antioxidant?,Ascorbic acid,Oil-in-water (O/W),Sodium metabisulfite,All of the above,b,B,56,16-07-2025 14:32
"The term 'chelating agent' refers to a substance that forms a complex with metal ions, thereby preventing their catalytic activity in degradation reactions.",TRUE,Oil-in-water (O/W),Sometimes true,Not applicable,c,C,56,16-07-2025 14:32
Which of the following is a common chelating agent?,EDTA (Ethylenediaminetetraacetic acid),Oil-in-water (O/W),Tartaric acid,All of the above,d,D,56,16-07-2025 14:32
The term 'flavoring agent' refers to a substance added to a pharmaceutical formulation to improve its:,Stability,Oil-in-water (O/W),Appearance,Solubility,a,A,56,16-07-2025 14:32
Which of the following is a common flavoring agent?,Sucrose,Oil-in-water (O/W),Fruit flavors,All of the above,b,B,56,16-07-2025 14:32
The term 'coloring agent' refers to a substance added to a pharmaceutical formulation to improve its:,Stability,Oil-in-water (O/W),Appearance,Solubility,c,C,56,16-07-2025 14:32
Which of the following is a common coloring agent?,Titanium dioxide,Oil-in-water (O/W),Synthetic dyes,All of the above,d,D,56,16-07-2025 14:32
The term 'sweetening agent' refers to a substance added to a pharmaceutical formulation to improve its:,Stability,Oil-in-water (O/W),Appearance,Solubility,a,A,56,16-07-2025 14:32
Which of the following is a common sweetening agent?,Sucrose,Oil-in-water (O/W),Sorbitol,All of the above,b,B,56,16-07-2025 14:32
"The term 'wetting agent' refers to a substance that reduces the surface tension of a liquid, allowing it to spread more easily over a solid surface.",TRUE,Oil-in-water (O/W),Sometimes true,Not applicable,c,C,56,16-07-2025 14:32
Wetting agents are used in pharmaceutical formulations to improve:,Dissolution of poorly soluble drugs,Oil-in-water (O/W),Both a and b,Neither a nor b,d,D,56,16-07-2025 14:32
"The term 'surfactant' refers to a substance that lowers the surface tension (or interfacial tension) between two liquids, between a gas and a liquid, or between a liquid and a solid.",TRUE,Oil-in-water (O/W),Sometimes true,Not applicable,a,A,56,16-07-2025 14:32
Surfactants are used in pharmaceutical formulations as:,Emulsifying agents,Oil-in-water (O/W),Solubilizing agents,All of the above,b,B,56,16-07-2025 14:32
"The term 'suspending agent' refers to a substance that increases the viscosity of a liquid, thereby reducing the sedimentation rate of suspended particles.",TRUE,Oil-in-water (O/W),Sometimes true,Not applicable,c,C,56,16-07-2025 14:32
Which of the following is a common suspending agent?,Acacia,Oil-in-water (O/W),Cellulose derivatives,All of the above,d,D,56,16-07-2025 14:32
The term 'thickening agent' refers to a substance that increases the viscosity of a liquid.,TRUE,Oil-in-water (O/W),Sometimes true,Not applicable,a,A,56,16-07-2025 14:32
Thickening agents are used in pharmaceutical formulations to improve:,Stability of suspensions and emulsions,Oil-in-water (O/W),Spreadability of topical preparations,All of the above,b,B,56,16-07-2025 14:32
The term 'gelling agent' refers to a substance that forms a gel when dispersed in a liquid.,TRUE,Oil-in-water (O/W),Sometimes true,Not applicable,c,C,56,16-07-2025 14:32
Which of the following is a common gelling agent?,Carbomers,Oil-in-water (O/W),Poloxamers,All of the above,d,D,56,16-07-2025 14:32
"The term 'film-forming polymer' refers to a polymer that forms a thin, continuous film upon drying.",TRUE,Oil-in-water (O/W),Sometimes true,Not applicable,a,A,56,16-07-2025 14:32
Film-forming polymers are used in pharmaceutical formulations for:,Tablet coating,Oil-in-water (O/W),Ophthalmic solutions,All of the above,b,B,56,16-07-2025 14:32
The term 'plasticizer' refers to a substance added to a polymer to increase its flexibility and workability.,TRUE,Oil-in-water (O/W),Sometimes true,Not applicable,c,C,56,16-07-2025 14:32
Plasticizers are used in pharmaceutical formulations for:,Tablet coating,Oil-in-water (O/W),Transdermal patches,All of the above,d,D,56,16-07-2025 14:32
The term 'opacifier' refers to a substance added to a pharmaceutical formulation to make it opaque.,TRUE,Oil-in-water (O/W),Sometimes true,Not applicable,a,A,56,16-07-2025 14:32
Which of the following is a common opacifier?,Titanium dioxide,Oil-in-water (O/W),Calcium carbonate,All of the above,b,B,56,16-07-2025 14:32
The term 'glidant' refers to a substance added to a powder to improve its flow properties.,TRUE,Oil-in-water (O/W),Sometimes true,Not applicable,c,C,56,16-07-2025 14:32
Which of the following is a common glidant?,Colloidal silicon dioxide,Oil-in-water (O/W),Magnesium stearate,Starch,d,D,56,16-07-2025 14:32
The term 'anti-adherent' refers to a substance added to a powder to prevent sticking to punch and die surfaces during tablet compression.,TRUE,Oil-in-water (O/W),Sometimes true,Not applicable,a,A,56,16-07-2025 14:32
Which of the following is a common anti-adherent?,Magnesium stearate,Oil-in-water (O/W),Stearic acid,All of the above,b,B,56,16-07-2025 14:32
The term 'disintegrant' refers to a substance added to a tablet to promote its breakdown into smaller particles when it comes into contact with liquid.,TRUE,Oil-in-water (O/W),Sometimes true,Not applicable,c,C,56,16-07-2025 14:32
Which of the following is a common disintegrant?,Croscarmellose sodium,Oil-in-water (O/W),Sodium starch glycolate,All of the above,d,D,56,16-07-2025 14:32
"The term 'binder' refers to a substance added to a powder to promote adhesion of particles, thereby forming granules or compacts.",TRUE,Oil-in-water (O/W),Sometimes true,Not applicable,a,A,56,16-07-2025 14:32
Which of the following is a common binder?,Starch paste,Oil-in-water (O/W),Polyvinylpyrrolidone (PVP),All of the above,b,B,56,16-07-2025 14:32
The term 'diluent' refers to an inert substance added to a pharmaceutical formulation to increase its bulk or to adjust the concentration of the active ingredient.,TRUE,Oil-in-water (O/W),Sometimes true,Not applicable,c,C,56,16-07-2025 14:32
Which of the following is a common diluent?,Lactose,Oil-in-water (O/W),Dicalcium phosphate,All of the above,d,D,56,16-07-2025 14:32
The term 'lubricant' refers to a substance added to a powder to reduce friction between the particles and between the particles and the die wall during tablet compression.,TRUE,Oil-in-water (O/W),Sometimes true,Not applicable,a,A,56,16-07-2025 14:32
Which of the following is a common lubricant?,Magnesium stearate,Oil-in-water (O/W),Stearic acid,All of the above,b,B,56,16-07-2025 14:32
The term 'effervescent base' refers to a mixture of an acid and a base that reacts in the presence of water to produce carbon dioxide gas.,TRUE,Oil-in-water (O/W),Sometimes true,Not applicable,c,C,56,16-07-2025 14:32
Which of the following is a common acid used in effervescent bases?,Citric acid,Oil-in-water (O/W),Both a and b,Neither a nor b,d,D,56,16-07-2025 14:32
Which of the following is a common base used in effervescent bases?,Sodium bicarbonate,Oil-in-water (O/W),Potassium bicarbonate,All of the above,a,A,56,16-07-2025 14:32
"The term 'hard gelatin capsule' consists of two pre-fabricated cylindrical halves, a body and a cap, which are filled with the drug formulation.",TRUE,Oil-in-water (O/W),Sometimes true,Not applicable,b,B,56,16-07-2025 14:32
Hard gelatin capsules are typically filled with:,Liquids,Oil-in-water (O/W),Powders or granules,Gels,c,C,56,16-07-2025 14:32
"The term 'soft gelatin capsule' is a one-piece, hermetically sealed capsule containing a liquid, semi-solid, or suspension.",TRUE,Oil-in-water (O/W),Sometimes true,Not applicable,d,D,56,16-07-2025 14:32
Soft gelatin capsules are typically prepared by:,Compression,Oil-in-water (O/W),Rotary die process,Extrusion,a,A,56,16-07-2025 14:32
The term 'enteric coating' is a polymer barrier applied to oral medication that prevents its dissolution or disintegration in the gastric environment.,TRUE,Oil-in-water (O/W),Sometimes true,Not applicable,b,B,56,16-07-2025 14:32
Enteric coatings are used to protect drugs that are:,Acid-stable,Oil-in-water (O/W),Water-soluble,Oil-soluble,c,C,56,16-07-2025 14:32
"The term 'sustained-release dosage form' is designed to release the drug over an extended period, typically 8-12 hours or longer.",TRUE,Oil-in-water (O/W),Sometimes true,Not applicable,d,D,56,16-07-2025 14:32
Which of the following is a mechanism of sustained drug release?,Diffusion,Oil-in-water (O/W),Osmosis,All of the above,a,A,57,16-07-2025 14:32
"The term 'controlled-release dosage form' is designed to release the drug at a predetermined rate, duration, and location.",TRUE,Oil-in-water (O/W),Sometimes true,Not applicable,b,B,57,16-07-2025 14:32
Which of the following is a type of controlled-release dosage form?,Matrix system,Oil-in-water (O/W),Osmotic pump,All of the above,c,C,57,16-07-2025 14:32
The term 'transdermal patch' is a medicated adhesive patch that is placed on the skin to deliver a specific dose of medication through the skin and into the bloodstream.,TRUE,Oil-in-water (O/W),Sometimes true,Not applicable,d,D,57,16-07-2025 14:32
Transdermal patches are suitable for drugs that have:,High molecular weight,Oil-in-water (O/W),High melting point,Low solubility,a,A,57,16-07-2025 14:32
"The term 'implant' is a sterile solid dosage form containing a drug, designed to be inserted into a body cavity or tissue for continuous drug release over an extended period.",TRUE,Oil-in-water (O/W),Sometimes true,Not applicable,b,B,57,16-07-2025 14:32
Implants are typically used for:,Short-term therapy,Oil-in-water (O/W),Acute conditions,Self-medication,c,C,57,16-07-2025 14:32
"The term 'suppository' is a solid dosage form intended for insertion into body orifices where it melts, softens, or dissolves and exerts local or systemic effects.",TRUE,Oil-in-water (O/W),Sometimes true,Not applicable,d,D,57,16-07-2025 14:32
Suppositories are commonly used for:,Systemic drug delivery,Oil-in-water (O/W),Both a and b,Neither a nor b,a,A,57,16-07-2025 14:32
The term 'pessary' is a solid dosage form intended for insertion into the vagina.,TRUE,Oil-in-water (O/W),Sometimes true,Not applicable,b,B,57,16-07-2025 14:32
Pessaries are commonly used for:,Systemic drug delivery,Oil-in-water (O/W),Rectal drug delivery,Oral drug delivery,c,C,57,16-07-2025 14:32
The term 'urethral bougie' is a solid dosage form intended for insertion into the urethra.,TRUE,Oil-in-water (O/W),Sometimes true,Not applicable,d,D,57,16-07-2025 14:32
Urethral bougies are commonly used for:,Systemic drug delivery,Oil-in-water (O/W),Rectal drug delivery,Oral drug delivery,a,A,57,16-07-2025 14:32
The term 'nasal spray' is a liquid preparation intended for administration into the nasal cavity as a fine spray.,TRUE,Oil-in-water (O/W),Sometimes true,Not applicable,b,B,57,16-07-2025 14:32
Nasal sprays are commonly used for:,Systemic drug delivery,Oil-in-water (O/W),Pulmonary drug delivery,Oral drug delivery,c,C,57,16-07-2025 14:32
The term 'inhaler' is a device used to deliver medication to the lungs in the form of a fine mist or powder.,TRUE,Oil-in-water (O/W),Sometimes true,Not applicable,d,D,57,16-07-2025 14:32
Which of the following is a type of inhaler?,Metered-dose inhaler (MDI),Oil-in-water (O/W),Nebulizer,All of the above,a,A,57,16-07-2025 14:32
The term 'ophthalmic solution' is a sterile aqueous or oily solution intended for instillation into the eye.,TRUE,Oil-in-water (O/W),Sometimes true,Not applicable,b,B,57,16-07-2025 14:32
Ophthalmic solutions must be:,Sterile,Oil-in-water (O/W),Free from particulate matter,All of the above,c,C,57,16-07-2025 14:32
"The term 'ophthalmic suspension' is a sterile liquid preparation containing solid particles dispersed in a liquid vehicle, intended for instillation into the eye.",TRUE,Oil-in-water (O/W),Sometimes true,Not applicable,d,D,57,16-07-2025 14:32
Ophthalmic suspensions must be:,Sterile,Oil-in-water (O/W),Free from particulate matter,All of the above,a,A,57,16-07-2025 14:32
The term 'ophthalmic ointment' is a sterile semi-solid preparation intended for application to the conjunctiva or eyelid margin.,TRUE,Oil-in-water (O/W),Sometimes true,Not applicable,b,B,57,16-07-2025 14:32
Ophthalmic ointments must be:,Sterile,Oil-in-water (O/W),Free from particulate matter,All of the above,c,C,57,16-07-2025 14:32
The term 'ear drops' are liquid preparations intended for instillation into the ear canal.,TRUE,Oil-in-water (O/W),Sometimes true,Not applicable,d,D,57,16-07-2025 14:32
Ear drops are commonly used for:,Systemic drug delivery,Oil-in-water (O/W),Oral drug delivery,Nasal drug delivery,a,A,57,16-07-2025 14:32
The term 'nasal drops' are liquid preparations intended for instillation into the nasal cavity.,TRUE,Oil-in-water (O/W),Sometimes true,Not applicable,b,B,57,16-07-2025 14:32
Nasal drops are commonly used for:,Systemic drug delivery,Oil-in-water (O/W),Pulmonary drug delivery,Oral drug delivery,c,C,57,16-07-2025 14:32
The term 'mouthwash' is an aqueous solution intended for rinsing the oral cavity.,TRUE,Oil-in-water (O/W),Sometimes true,Not applicable,d,D,57,16-07-2025 14:32
Mouthwashes are commonly used for:,Systemic drug delivery,Oil-in-water (O/W),Oral drug delivery,Nasal drug delivery,a,A,57,16-07-2025 14:32
The term 'gargle' is an aqueous solution intended for gargling to treat throat infections or inflammation.,TRUE,Oil-in-water (O/W),Sometimes true,Not applicable,b,B,57,16-07-2025 14:32
Gargles are commonly used for:,Systemic drug delivery,Oil-in-water (O/W),Oral drug delivery,Nasal drug delivery,c,C,57,16-07-2025 14:32
The term 'liniment' is a liquid or semi-liquid preparation intended for external application to the skin with rubbing.,TRUE,Oil-in-water (O/W),Sometimes true,Not applicable,d,D,57,16-07-2025 14:32
Liniments are commonly used for:,Systemic drug delivery,Oil-in-water (O/W),Oral drug delivery,Nasal drug delivery,a,A,57,16-07-2025 14:32
The term 'lotion' is a liquid preparation intended for external application to the skin without rubbing.,TRUE,Oil-in-water (O/W),Sometimes true,Not applicable,b,B,57,16-07-2025 14:32
Lotions are commonly used for:,Systemic drug delivery,Oil-in-water (O/W),Oral drug delivery,Nasal drug delivery,c,C,57,16-07-2025 14:32
"The term 'cream' is a semi-solid emulsion containing one or more active ingredients dissolved or dispersed in a suitable base, intended for external application to the skin.",TRUE,Oil-in-water (O/W),Sometimes true,Not applicable,d,D,57,16-07-2025 14:32
Creams are commonly used for:,Systemic drug delivery,Oil-in-water (O/W),Oral drug delivery,Nasal drug delivery,a,A,57,16-07-2025 14:32
The term 'ointment' is a semi-solid preparation intended for external application to the skin or mucous membranes.,TRUE,Oil-in-water (O/W),Sometimes true,Not applicable,b,B,57,16-07-2025 14:32
Ointments are commonly used for:,Systemic drug delivery,Oil-in-water (O/W),Oral drug delivery,Nasal drug delivery,c,C,57,16-07-2025 14:32
"The term 'gel' is a semi-solid system consisting of a liquid phase immobilized within a three-dimensional polymeric network, intended for external application to the skin or mucous membranes.",TRUE,Oil-in-water (O/W),Sometimes true,Not applicable,d,D,57,16-07-2025 14:32
Gels are commonly used for:,Systemic drug delivery,Oil-in-water (O/W),Oral drug delivery,Nasal drug delivery,a,A,57,16-07-2025 14:32
"The term 'paste' is a semi-solid preparation containing a high proportion of finely powdered solid material dispersed in a fatty base, intended for external application to the skin.",TRUE,Oil-in-water (O/W),Sometimes true,Not applicable,b,B,57,16-07-2025 14:32
Pastes are commonly used for:,Systemic drug delivery,Oil-in-water (O/W),Oral drug delivery,Nasal drug delivery,c,C,57,16-07-2025 14:32
The term 'suppository base' is the vehicle used to carry the active drug in a suppository formulation.,TRUE,Oil-in-water (O/W),Sometimes true,Not applicable,d,D,57,16-07-2025 14:32
Which of the following is an ideal property of a suppository base?,Melts or softens at body temperature,Oil-in-water (O/W),Compatible with the drug,All of the above,a,A,57,16-07-2025 14:32
The term 'emulsifying agent' is a substance that stabilizes an emulsion by reducing the interfacial tension between the two immiscible phases.,TRUE,Oil-in-water (O/W),Sometimes true,Not applicable,b,B,57,16-07-2025 14:32
Which of the following is a type of emulsifying agent?,Natural emulsifying agents,Oil-in-water (O/W),Finely divided solids,All of the above,c,C,57,16-07-2025 14:32
"The term 'suspending agent' is a substance that increases the viscosity of the continuous phase of a suspension, thereby reducing the sedimentation rate of the dispersed particles.",TRUE,Oil-in-water (O/W),Sometimes true,Not applicable,d,D,57,16-07-2025 14:32
Which of the following is a common suspending agent?,Tragacanth,Oil-in-water (O/W),Methylcellulose,All of the above,a,A,57,16-07-2025 14:32
"The term 'flocculating agent' is a substance that promotes the formation of loose aggregates (floccules) of suspended particles, thereby preventing caking.",TRUE,Oil-in-water (O/W),Sometimes true,Not applicable,b,B,57,16-07-2025 14:32
Flocculating agents are used in suspensions to improve:,Sedimentation rate,Oil-in-water (O/W),Viscosity,Particle size,c,C,58,16-07-2025 14:32
The term 'de-flocculating agent' is a substance that prevents the formation of floccules and promotes the dispersion of particles.,TRUE,Oil-in-water (O/W),Sometimes true,Not applicable,d,D,58,16-07-2025 14:32
De-flocculating agents are used in suspensions to improve:,Sedimentation rate,Oil-in-water (O/W),Viscosity,Particle size,a,A,58,16-07-2025 14:32
"The term 'wetting agent' is a substance that reduces the contact angle between a liquid and a solid surface, allowing the liquid to spread more easily.",TRUE,Oil-in-water (O/W),Sometimes true,Not applicable,b,B,58,16-07-2025 14:32
Wetting agents are used in suspensions to improve:,Dispersion of hydrophobic particles,Oil-in-water (O/W),Viscosity,Particle size,c,C,58,16-07-2025 14:32
The term 'solubilizing agent' is a substance that increases the solubility of a poorly soluble drug in a solvent.,TRUE,Oil-in-water (O/W),Sometimes true,Not applicable,d,D,58,16-07-2025 14:32
Which of the following is a common solubilizing agent?,Surfactants,Oil-in-water (O/W),Complexing agents,All of the above,a,A,58,16-07-2025 14:32
The term 'tonicity adjusting agent' is a substance added to a parenteral or ophthalmic preparation to make it isotonic with body fluids.,TRUE,Oil-in-water (O/W),Sometimes true,Not applicable,b,B,58,16-07-2025 14:32
Which of the following is a common tonicity adjusting agent?,Sodium chloride,Oil-in-water (O/W),Mannitol,All of the above,c,C,58,16-07-2025 14:32
The term 'buffering agent' is a substance that helps to maintain the pH of a solution within a desired range.,TRUE,Oil-in-water (O/W),Sometimes true,Not applicable,d,D,58,16-07-2025 14:32
Buffering agents are used in pharmaceutical formulations to ensure:,Drug stability,Oil-in-water (O/W),Optimal drug activity,All of the above,a,A,58,16-07-2025 14:32
The term 'antimicrobial preservative' is a substance added to a multi-dose pharmaceutical preparation to prevent the growth of microorganisms.,TRUE,Oil-in-water (O/W),Sometimes true,Not applicable,b,B,58,16-07-2025 14:32
Which of the following is a common antimicrobial preservative?,Benzalkonium chloride,Oil-in-water (O/W),Methylparaben,All of the above,c,C,58,16-07-2025 14:32
The term 'antioxidant' is a substance that prevents or delays the oxidation of a drug or excipient.,TRUE,Oil-in-water (O/W),Sometimes true,Not applicable,d,D,58,16-07-2025 14:32
Which of the following is a common antioxidant?,Ascorbic acid,Oil-in-water (O/W),Butylated hydroxyanisole (BHA),All of the above,a,A,58,16-07-2025 14:32
"The term 'chelating agent' is a substance that binds to metal ions, preventing them from catalyzing degradation reactions.",TRUE,Oil-in-water (O/W),Sometimes true,Not applicable,b,B,58,16-07-2025 14:32
Which of the following is a common chelating agent?,EDTA,Oil-in-water (O/W),Tartaric acid,All of the above,c,C,58,16-07-2025 14:32
The term 'flavoring agent' is a substance that imparts a pleasant taste to a pharmaceutical formulation.,TRUE,Oil-in-water (O/W),Sometimes true,Not applicable,d,D,58,16-07-2025 14:32
Which of the following is a common flavoring agent?,Vanilla,Oil-in-water (O/W),Fruit flavors,All of the above,a,A,58,16-07-2025 14:32
The term 'sweetening agent' is a substance that imparts a sweet taste to a pharmaceutical formulation.,TRUE,Oil-in-water (O/W),Sometimes true,Not applicable,b,B,58,16-07-2025 14:32
Which of the following is a common sweetening agent?,Sucrose,Oil-in-water (O/W),Aspartame,All of the above,c,C,58,16-07-2025 14:32
The term 'coloring agent' is a substance that imparts a color to a pharmaceutical formulation.,TRUE,Oil-in-water (O/W),Sometimes true,Not applicable,d,D,58,16-07-2025 14:32
Which of the following is a common coloring agent?,Tartrazine,Oil-in-water (O/W),Brilliant Blue,All of the above,a,A,58,16-07-2025 14:32
The term 'opacifying agent' is a substance that makes a pharmaceutical formulation opaque.,TRUE,Oil-in-water (O/W),Sometimes true,Not applicable,b,B,58,16-07-2025 14:32
Which of the following is a common opacifying agent?,Titanium dioxide,Oil-in-water (O/W),Calcium carbonate,All of the above,c,C,58,16-07-2025 14:32
The term 'glidant' is a substance that improves the flow properties of a powder mixture.,TRUE,Oil-in-water (O/W),Sometimes true,Not applicable,d,D,58,16-07-2025 14:32
Which of the following is a common glidant?,Colloidal silicon dioxide,Oil-in-water (O/W),Magnesium stearate,Starch,a,A,58,16-07-2025 14:32
The term 'anti-adherent' is a substance that prevents sticking of powder to the punch and die surfaces during tablet compression.,TRUE,Oil-in-water (O/W),Sometimes true,Not applicable,b,B,58,16-07-2025 14:32
Which of the following is a common anti-adherent?,Magnesium stearate,Oil-in-water (O/W),Stearic acid,All of the above,c,C,58,16-07-2025 14:32
The term 'disintegrant' is a substance that promotes the rapid breakdown of a tablet into smaller particles when it comes into contact with liquid.,TRUE,Oil-in-water (O/W),Sometimes true,Not applicable,d,D,58,16-07-2025 14:32
Which of the following is a common disintegrant?,Starch,Oil-in-water (O/W),Crospovidone,All of the above,a,A,58,16-07-2025 14:32
"The term 'binder' is a substance that holds the particles of a powder together, forming granules or compacts.",TRUE,Oil-in-water (O/W),Sometimes true,Not applicable,b,B,58,16-07-2025 14:32
Which of the following is a common binder?,Acacia,Oil-in-water (O/W),Polyvinylpyrrolidone,All of the above,c,C,58,16-07-2025 14:32
The term 'diluent' is an inert substance added to a pharmaceutical formulation to increase its bulk or to adjust the concentration of the active ingredient.,TRUE,Oil-in-water (O/W),Sometimes true,Not applicable,d,D,58,16-07-2025 14:32
Which of the following is a common diluent?,Lactose,Oil-in-water (O/W),Dicalcium phosphate,All of the above,a,A,58,16-07-2025 14:32
The term 'lubricant' is a substance that reduces friction between the particles and between the particles and the die wall during tablet compression.,TRUE,Oil-in-water (O/W),Sometimes true,Not applicable,b,B,58,16-07-2025 14:32
Which of the following is a common lubricant?,Magnesium stearate,Oil-in-water (O/W),Stearic acid,All of the above,c,C,58,16-07-2025 14:32
The term 'effervescent tablet' is a tablet that produces gas when dissolved in water.,TRUE,Oil-in-water (O/W),Sometimes true,Not applicable,d,D,58,16-07-2025 14:32
Effervescent tablets are commonly used for:,Rapid drug absorption,Oil-in-water (O/W),Both a and b,Neither a nor b,a,A,58,16-07-2025 14:32
The term 'sublingual tablet' is a tablet designed to dissolve under the tongue for rapid absorption into the bloodstream.,TRUE,Oil-in-water (O/W),Sometimes true,Not applicable,b,B,58,16-07-2025 14:32
Sublingual tablets are commonly used for drugs that undergo significant:,First-pass metabolism,Oil-in-water (O/W),Biliary excretion,Pulmonary excretion,c,C,58,16-07-2025 14:32
The term 'buccal tablet' is a tablet designed to dissolve in the cheek pouch for absorption into the bloodstream.,TRUE,Oil-in-water (O/W),Sometimes true,Not applicable,d,D,58,16-07-2025 14:32
Buccal tablets are commonly used for drugs that undergo significant:,First-pass metabolism,Oil-in-water (O/W),Biliary excretion,Pulmonary excretion,a,A,58,16-07-2025 14:32
The term 'chewable tablet' is a tablet designed to be chewed before swallowing.,TRUE,Oil-in-water (O/W),Sometimes true,Not applicable,b,B,58,16-07-2025 14:32
Chewable tablets are commonly used for:,Pediatric patients,Oil-in-water (O/W),Both a and b,Neither a nor b,c,C,58,16-07-2025 14:32
"The term 'lozenge' is a solid dosage form intended to dissolve slowly in the mouth, releasing the drug locally or systemically.",TRUE,Oil-in-water (O/W),Sometimes true,Not applicable,d,D,58,16-07-2025 14:32
Lozenges are commonly used for:,Throat infections,Oil-in-water (O/W),Oral hygiene,All of the above,a,A,58,16-07-2025 14:32
"The term 'pastille' is a soft, chewable lozenge that contains gelatin or gum arabic.",TRUE,Oil-in-water (O/W),Sometimes true,Not applicable,b,B,58,16-07-2025 14:32
Pastilles are commonly used for:,Throat infections,Oil-in-water (O/W),Oral hygiene,All of the above,c,C,58,16-07-2025 14:32
"The term 'medicated gum' is a chewing gum that contains a drug, which is released upon chewing.",TRUE,Oil-in-water (O/W),Sometimes true,Not applicable,d,D,58,16-07-2025 14:32
Medicated gums are commonly used for:,Nicotine replacement therapy,Oil-in-water (O/W),Dry mouth relief,All of the above,a,A,59,16-07-2025 14:32
The term 'powder' is a solid dosage form consisting of finely divided particles of drug and/or excipients.,TRUE,Oil-in-water (O/W),Sometimes true,Not applicable,b,B,59,16-07-2025 14:32
Powders are commonly used for:,Topical application,Oil-in-water (O/W),Both a and b,Neither a nor b,c,C,59,16-07-2025 14:32
"The term 'granule' is an aggregate of powder particles, typically prepared to improve flowability and compressibility.",TRUE,Oil-in-water (O/W),Sometimes true,Not applicable,d,D,59,16-07-2025 14:32
Granules are commonly used for:,Filling capsules,Oil-in-water (O/W),Both a and b,Neither a nor b,a,A,59,16-07-2025 14:32
The term 'douche' is an aqueous solution intended for vaginal administration.,TRUE,Oil-in-water (O/W),Sometimes true,Not applicable,b,B,59,16-07-2025 14:32
Douches are commonly used for:,Vaginal hygiene,Oil-in-water (O/W),Both a and b,Neither a nor b,c,C,59,16-07-2025 14:32
The term 'enema' is a liquid preparation intended for rectal administration.,TRUE,Oil-in-water (O/W),Sometimes true,Not applicable,d,D,59,16-07-2025 14:32
Enemas are commonly used for:,Constipation relief,Oil-in-water (O/W),Systemic drug delivery,All of the above,a,A,59,16-07-2025 14:32
The term 'liniment' is a liquid or semi-liquid preparation intended for external application to the skin with rubbing.,TRUE,Oil-in-water (O/W),Sometimes true,Not applicable,b,B,59,16-07-2025 14:32
Liniments are commonly used for:,Muscle pain relief,Oil-in-water (O/W),Both a and b,Neither a nor b,c,C,59,16-07-2025 14:32
The term 'lotion' is a liquid preparation intended for external application to the skin without rubbing.,TRUE,Oil-in-water (O/W),Sometimes true,Not applicable,d,D,59,16-07-2025 14:32
Lotions are commonly used for:,Moisturizing the skin,Oil-in-water (O/W),Both a and b,Neither a nor b,a,A,59,16-07-2025 14:32
The term 'cream' is a semi-solid emulsion intended for external application to the skin.,TRUE,Oil-in-water (O/W),Sometimes true,Not applicable,b,B,59,16-07-2025 14:32
Creams are commonly used for:,Moisturizing the skin,Oil-in-water (O/W),Both a and b,Neither a nor b,c,C,59,16-07-2025 14:32
The term 'ointment' is a semi-solid preparation intended for external application to the skin or mucous membranes.,TRUE,Oil-in-water (O/W),Sometimes true,Not applicable,d,D,59,16-07-2025 14:32
Ointments are commonly used for:,Protecting the skin,Oil-in-water (O/W),Both a and b,Neither a nor b,a,A,59,16-07-2025 14:32
The term 'gel' is a semi-solid system intended for external application to the skin or mucous membranes.,TRUE,Oil-in-water (O/W),Sometimes true,Not applicable,b,B,59,16-07-2025 14:32
Gels are commonly used for:,Delivering drugs to the skin,Oil-in-water (O/W),Both a and b,Neither a nor b,c,C,59,16-07-2025 14:32
"The term 'paste' is a semi-solid preparation containing a high proportion of finely powdered solid material, intended for external application to the skin.",TRUE,Oil-in-water (O/W),Sometimes true,Not applicable,d,D,59,16-07-2025 14:32
Pastes are commonly used for:,Providing a protective barrier,Oil-in-water (O/W),Both a and b,Neither a nor b,a,A,59,16-07-2025 14:32
The term 'suppository mold' is a device used to prepare suppositories.,TRUE,Oil-in-water (O/W),Sometimes true,Not applicable,b,B,59,16-07-2025 14:32
Suppository molds are typically made of:,Metal,Oil-in-water (O/W),Both a and b,Neither a nor b,c,C,59,16-07-2025 14:32
The term 'displacement value' is the amount of drug that displaces one part of the suppository base.,TRUE,Oil-in-water (O/W),Sometimes true,Not applicable,d,D,59,16-07-2025 14:32
Displacement value is important for calculating the correct amount of:,Drug,Oil-in-water (O/W),Both a and b,Neither a nor b,a,A,59,16-07-2025 14:32
"The term 'pyrogen' is a fever-producing substance, typically a lipopolysaccharide from bacterial cell walls.",TRUE,Oil-in-water (O/W),Sometimes true,Not applicable,b,B,59,16-07-2025 14:32
Pyrogens must be absent in:,Oral solutions,Oil-in-water (O/W),Parenteral injections,Rectal suppositories,c,C,59,16-07-2025 14:32
The term 'LAL test' is a test used to detect bacterial endotoxins (pyrogens).,TRUE,Oil-in-water (O/W),Sometimes true,Not applicable,d,D,59,16-07-2025 14:32
The LAL test uses lysate from the:,Horseshoe crab,Oil-in-water (O/W),Rabbit blood,Bacterial culture,a,A,59,16-07-2025 14:32
"The term 'lyophilization' is a process of freeze-drying, used to remove water from a product by sublimation.",TRUE,Oil-in-water (O/W),Sometimes true,Not applicable,b,B,59,16-07-2025 14:32
Lyophilization is commonly used for:,Heat-stable drugs,Oil-in-water (O/W),Water-soluble drugs,Oil-soluble drugs,c,C,59,16-07-2025 14:32
"The term 'packaging' is the science, art, and technology of enclosing or protecting products for distribution, storage, sale, and use.",TRUE,Oil-in-water (O/W),Sometimes true,Not applicable,d,D,59,16-07-2025 14:32
Which of the following is a function of packaging?,Containment,Oil-in-water (O/W),Information,All of the above,a,A,59,16-07-2025 14:32
The term 'primary packaging' is the packaging that is in direct contact with the product.,TRUE,Oil-in-water (O/W),Sometimes true,Not applicable,b,B,59,16-07-2025 14:32
Which of the following is a primary packaging material?,Blister pack,Oil-in-water (O/W),Vial,All of the above,c,C,59,16-07-2025 14:32
The term 'secondary packaging' is the packaging that encloses the primary packaging.,TRUE,Oil-in-water (O/W),Sometimes true,Not applicable,d,D,59,16-07-2025 14:32
Which of the following is a secondary packaging material?,Carton,Oil-in-water (O/W),Both a and b,Neither a nor b,a,A,59,16-07-2025 14:32
"The term 'tertiary packaging' is the packaging used for bulk handling, warehouse storage, and transport shipping.",TRUE,Oil-in-water (O/W),Sometimes true,Not applicable,b,B,59,16-07-2025 14:32
Which of the following is a tertiary packaging material?,Pallet,Oil-in-water (O/W),Container,All of the above,c,C,59,16-07-2025 14:32
"The term 'labeling' is any written, printed, or graphic matter upon the immediate container of any drug product.",TRUE,Oil-in-water (O/W),Sometimes true,Not applicable,d,D,59,16-07-2025 14:32
Which of the following is a mandatory information on a drug label?,Name of the drug,Oil-in-water (O/W),Dosage form,All of the above,a,A,59,16-07-2025 14:32
"The term 'quality control' is a part of GMP concerned with sampling, specifications, testing, documentation, and release procedures.",TRUE,Oil-in-water (O/W),Sometimes true,Not applicable,b,B,59,16-07-2025 14:32
Which of the following is a quality control test for liquid dosage forms?,pH,Oil-in-water (O/W),Density,All of the above,c,C,59,16-07-2025 14:32
The term 'good manufacturing practices (GMP)' are a set of guidelines that ensure products are consistently produced and controlled according to quality standards.,TRUE,Oil-in-water (O/W),Sometimes true,Not applicable,d,D,59,16-07-2025 14:32
"GMP covers all aspects of manufacturing, from the starting materials, premises, and equipment to the training and personal hygiene of staff.",TRUE,Oil-in-water (O/W),Sometimes true,Not applicable,a,A,59,16-07-2025 14:32
"The term 'validation' is the process of establishing documented evidence that provides a high degree of assurance that a specific process, system, or activity will consistently produce a result meeting predetermined specifications.",TRUE,Oil-in-water (O/W),Sometimes true,Not applicable,b,B,59,16-07-2025 14:32
Which of the following is a type of validation?,Equipment validation,Oil-in-water (O/W),Utility validation,All of the above,c,C,59,16-07-2025 14:32
The term 'stability testing' is carried out to determine the shelf-life of a drug product and its recommended storage conditions.,TRUE,Oil-in-water (O/W),Sometimes true,Not applicable,d,D,59,16-07-2025 14:32
Stability testing is performed under:,Long-term conditions,Oil-in-water (O/W),Intermediate conditions,All of the above,a,A,59,16-07-2025 14:32
The term 'pharmacopoeia' is a book containing a collection of standards and quality specifications for drugs and pharmaceutical preparations.,TRUE,Oil-in-water (O/W),Sometimes true,Not applicable,b,B,59,16-07-2025 14:32
The 'British Pharmacopoeia (BP)' is published by the:,British Medical Association,Oil-in-water (O/W),Royal Pharmaceutical Society,National Health Service,c,C,60,16-07-2025 14:32
The 'European Pharmacopoeia (Ph. Eur.)' is published by the:,European Medicines Agency (EMA),Oil-in-water (O/W),European Commission,European Parliament,d,D,60,16-07-2025 14:32
The term 'dispensing' is the act of preparing and supplying a medicine or medical device to a patient on the basis of a prescription or other lawful order.,TRUE,Oil-in-water (O/W),Sometimes true,Not applicable,a,A,60,16-07-2025 14:32
Which of the following is a responsibility of a dispensing pharmacist?,Checking the legality of the prescription,Oil-in-water (O/W),Providing patient counseling,All of the above,b,B,60,16-07-2025 14:32
"The term 'pharmaceutical calculations' involve the application of mathematical principles to solve problems related to drug dosages, concentrations, and preparations.",TRUE,Oil-in-water (O/W),Sometimes true,Not applicable,c,C,60,16-07-2025 14:32
Which of the following is a common pharmaceutical calculation?,Percentage calculations,Oil-in-water (O/W),Alligation calculations,All of the above,d,D,60,16-07-2025 14:32
"The term 'incompatibility' is an undesirable reaction between two or more ingredients in a pharmaceutical formulation, leading to a change in physical, chemical, or therapeutic properties.",TRUE,Oil-in-water (O/W),Sometimes true,Not applicable,a,A,60,16-07-2025 14:32
Which of the following is a type of physical incompatibility?,Precipitation,Oil-in-water (O/W),Liquefaction,All of the above,b,B,60,16-07-2025 14:32
Which of the following is a type of chemical incompatibility?,Oxidation,Oil-in-water (O/W),Photolysis,All of the above,c,C,60,16-07-2025 14:32
Which of the following is a type of therapeutic incompatibility?,Synergism,Oil-in-water (O/W),Potentiation,All of the above,d,D,60,16-07-2025 14:32
"The term 'drug delivery system' is a formulation or device that enables the introduction of a therapeutic substance into the body and improves its efficacy and safety by controlling its rate, time, and place of release.",TRUE,Oil-in-water (O/W),Sometimes true,Not applicable,a,A,60,16-07-2025 14:32
Which of the following is a type of conventional drug delivery system?,Tablets,Oil-in-water (O/W),Syrups,All of the above,b,B,60,16-07-2025 14:32
Which of the following is a type of novel drug delivery system?,Liposomes,Oil-in-water (O/W),Micelles,All of the above,c,C,60,16-07-2025 14:32
"The term 'nanotechnology' in pharmaceutics involves the design, characterization, production, and application of materials and devices at the nanoscale (1-100 nm).",TRUE,Oil-in-water (O/W),Sometimes true,Not applicable,d,D,60,16-07-2025 14:32
Nanotechnology can be used to improve the:,Solubility of poorly soluble drugs,Oil-in-water (O/W),Targeting of drugs to specific sites,All of the above,a,A,60,16-07-2025 14:32
The term 'biopharmaceutics' is the study of the factors influencing the bioavailability of a drug in man and animals and the use of this information to optimize pharmacological or therapeutic activity in clinical practice.,TRUE,Oil-in-water (O/W),Sometimes true,Not applicable,b,B,60,16-07-2025 14:32
Which of the following is a factor influencing bioavailability?,Drug solubility,Oil-in-water (O/W),First-pass metabolism,All of the above,c,C,60,16-07-2025 14:32
"The term 'pharmacokinetics' is the study of the absorption, distribution, metabolism, and excretion (ADME) of drugs in the body.",TRUE,Oil-in-water (O/W),Sometimes true,Not applicable,d,D,60,16-07-2025 14:32
Which of the following is a pharmacokinetic parameter?,Half-life,Oil-in-water (O/W),Clearance,All of the above,a,A,60,16-07-2025 14:32
The term 'pharmacodynamics' is the study of the biochemical and physiological effects of drugs and their mechanisms of action.,TRUE,Oil-in-water (O/W),Sometimes true,Not applicable,b,B,60,16-07-2025 14:32
Which of the following is a pharmacodynamic parameter?,Maximum effect (Emax),Oil-in-water (O/W),Both a and b,Neither a nor b,c,C,60,16-07-2025 14:32
The term 'preformulation' is the stage of drug development where the physical and chemical properties of a drug substance are characterized to provide a rational basis for formulation development.,TRUE,Oil-in-water (O/W),Sometimes true,Not applicable,d,D,60,16-07-2025 14:32
Which of the following is a preformulation study?,Organoleptic properties,Oil-in-water (O/W),Tapped density,All of the above,a,A,60,16-07-2025 14:32
The term 'formulation' is the process of developing a drug into a suitable dosage form for administration to patients.,TRUE,Oil-in-water (O/W),Sometimes true,Not applicable,b,B,60,16-07-2025 14:32
Which of the following is a factor influencing formulation development?,Route of administration,Oil-in-water (O/W),Patient population,All of the above,c,C,60,16-07-2025 14:32
The term 'manufacturing' is the process of producing a drug product in accordance with Good Manufacturing Practices (GMP).,TRUE,Oil-in-water (O/W),Sometimes true,Not applicable,d,D,60,16-07-2025 14:32
Which of the following is a stage of manufacturing?,Dispensing of raw materials,Oil-in-water (O/W),Compression,All of the above,a,A,60,16-07-2025 14:32
The term 'quality by design (QbD)' is a systematic approach to pharmaceutical development that aims to ensure product quality by understanding and controlling the manufacturing process.,TRUE,Oil-in-water (O/W),Sometimes true,Not applicable,b,B,60,16-07-2025 14:32
QbD emphasizes:,Product testing,Oil-in-water (O/W),Regulatory compliance,Cost reduction,c,C,60,16-07-2025 14:32
"The term 'process analytical technology (PAT)' is a system for designing, analyzing, and controlling manufacturing processes through timely measurements of critical quality and performance attributes.",TRUE,Oil-in-water (O/W),Sometimes true,Not applicable,d,D,60,16-07-2025 14:32
PAT aims to improve:,Process efficiency,Oil-in-water (O/W),Both a and b,Neither a nor b,a,A,60,16-07-2025 14:32
"The term 'risk management' in pharmaceutics is the systematic process of identifying, assessing, and controlling risks to product quality and patient safety.",TRUE,Oil-in-water (O/W),Sometimes true,Not applicable,b,B,60,16-07-2025 14:32
Which of the following is a step in risk management?,Risk identification,Oil-in-water (O/W),Risk evaluation,All of the above,c,C,60,16-07-2025 14:32
"The term 'change control' is a formal system used to manage changes to validated systems, processes, and products.",TRUE,Oil-in-water (O/W),Sometimes true,Not applicable,d,D,60,16-07-2025 14:32
Change control ensures that changes are:,Documented,Oil-in-water (O/W),Approved,All of the above,a,A,60,16-07-2025 14:32
"The term 'deviation' is an unplanned departure from an approved procedure, specification, or standard.",TRUE,Oil-in-water (O/W),Sometimes true,Not applicable,b,B,60,16-07-2025 14:32
Deviations must be:,Investigated,Oil-in-water (O/W),Corrected,All of the above,c,C,60,16-07-2025 14:32
The term 'corrective action and preventive action (CAPA)' is a system for investigating and correcting deviations and preventing their recurrence.,TRUE,Oil-in-water (O/W),Sometimes true,Not applicable,d,D,60,16-07-2025 14:32
CAPA aims to improve:,Product quality,Oil-in-water (O/W),Both a and b,Neither a nor b,a,A,60,16-07-2025 14:32
The term 'audit' is a systematic and independent examination to determine whether quality activities and related results comply with planned arrangements.,TRUE,Oil-in-water (O/W),Sometimes true,Not applicable,b,B,60,16-07-2025 14:32
Audits can be conducted by:,Internal personnel,Oil-in-water (O/W),Regulatory authorities,All of the above,c,C,60,16-07-2025 14:32
The term 'recall' is the removal of a distributed drug product from the market due to a quality defect or safety concern.,TRUE,Oil-in-water (O/W),Sometimes true,Not applicable,d,D,60,16-07-2025 14:32
Recalls are classified based on the:,Severity of the risk,Oil-in-water (O/W),Cost of the product,Manufacturing location,a,A,60,16-07-2025 14:32
"The term 'pharmacovigilance' is the science and activities relating to the detection, assessment, understanding, and prevention of adverse effects or any other drug-related problem.",TRUE,Oil-in-water (O/W),Sometimes true,Not applicable,b,B,60,16-07-2025 14:32
Pharmacovigilance aims to ensure:,Drug efficacy,Oil-in-water (O/W),Drug quality,Drug affordability,c,C,60,16-07-2025 14:32
"The term 'drug master file (DMF)' is a submission to the FDA that provides confidential detailed information about facilities, processes, or articles used in the manufacturing, processing, packaging, and storing of one or more human drugs.",TRUE,Oil-in-water (O/W),Sometimes true,Not applicable,d,D,60,16-07-2025 14:32
DMFs are used to protect:,Intellectual property,Oil-in-water (O/W),Regulatory information,Marketing strategies,a,A,60,16-07-2025 14:32
The term 'abbreviated new drug application (ANDA)' is an application for a U.S. generic drug approval for an existing approved drug.,TRUE,Oil-in-water (O/W),Sometimes true,Not applicable,b,B,60,16-07-2025 14:32
ANDAs demonstrate:,Bioequivalence,Oil-in-water (O/W),Both a and b,Neither a nor b,c,C,60,16-07-2025 14:32
The term 'new drug application (NDA)' is an application for a U.S. new drug approval.,TRUE,Oil-in-water (O/W),Sometimes true,Not applicable,d,D,60,16-07-2025 14:32
NDAs provide evidence of:,Safety,Oil-in-water (O/W),Quality,All of the above,a,A,61,16-07-2025 14:32
The term 'investigational new drug (IND) application' is a submission to the FDA that allows a drug to be tested in humans.,TRUE,Oil-in-water (O/W),Sometimes true,Not applicable,b,B,61,16-07-2025 14:32
INDs are required before:,Preclinical studies,Oil-in-water (O/W),Marketing approval,Post-marketing surveillance,c,C,61,16-07-2025 14:32
"The term 'good clinical practice (GCP)' is an international ethical and scientific quality standard for designing, conducting, recording, and reporting trials that involve the participation of human subjects.",TRUE,Oil-in-water (O/W),Sometimes true,Not applicable,d,D,61,16-07-2025 14:32
GCP ensures:,Protection of human subjects' rights,Oil-in-water (O/W),Scientific validity,All of the above,a,A,61,16-07-2025 14:32
"The term 'good laboratory practice (GLP)' is a quality system concerned with the organizational process and the conditions under which non-clinical health and environmental safety studies are planned, performed, monitored, recorded, archived, and reported.",TRUE,Oil-in-water (O/W),Sometimes true,Not applicable,b,B,61,16-07-2025 14:32
GLP ensures:,Reliability of non-clinical data,Oil-in-water (O/W),Consistency of manufacturing data,Validity of marketing data,c,C,61,16-07-2025 14:32
The term 'good distribution practice (GDP)' is a quality system for warehouses and distribution centers dedicated to medicines.,TRUE,Oil-in-water (O/W),Sometimes true,Not applicable,d,D,61,16-07-2025 14:32
GDP ensures:,Safe storage of medicines,Oil-in-water (O/W),Traceability of medicines,All of the above,a,A,61,16-07-2025 14:32
The term 'good storage practice (GSP)' is a quality system for the storage of medicines.,TRUE,Oil-in-water (O/W),Sometimes true,Not applicable,b,B,61,16-07-2025 14:32
GSP ensures:,Optimal storage conditions,Oil-in-water (O/W),Security of medicines,All of the above,c,C,61,16-07-2025 14:32
The term 'good dispensing practice (GDispP)' is a quality system for the dispensing of medicines.,TRUE,Oil-in-water (O/W),Sometimes true,Not applicable,d,D,61,16-07-2025 14:32
GDispP ensures:,Accurate dispensing,Oil-in-water (O/W),Proper record-keeping,All of the above,a,A,61,16-07-2025 14:32
The term 'good documentation practice (GDocP)' is a quality system for the creation and maintenance of documents.,TRUE,Oil-in-water (O/W),Sometimes true,Not applicable,b,B,61,16-07-2025 14:32
GDocP ensures:,Data integrity,Oil-in-water (O/W),Data traceability,All of the above,c,C,61,16-07-2025 14:32
The term 'good regulatory practice (GRP)' is a quality system for the development and implementation of regulations.,TRUE,Oil-in-water (O/W),Sometimes true,Not applicable,d,D,61,16-07-2025 14:32
GRP aims to promote:,Regulatory transparency,Oil-in-water (O/W),Regulatory efficiency,All of the above,a,A,61,16-07-2025 14:32
"The term 'quality risk management (QRM)' is a systematic process for the assessment, control, communication, and review of quality risks throughout the product lifecycle.",TRUE,Oil-in-water (O/W),Sometimes true,Not applicable,b,B,61,16-07-2025 14:32
QRM aims to ensure:,Product quality,Oil-in-water (O/W),Both a and b,Neither a nor b,c,C,61,16-07-2025 14:32
"The term 'pharmaceutical engineering' refers to the application of engineering principles to the design, development, and manufacturing of pharmaceutical products.",TRUE,Oil-in-water (O/W),Sometimes true,Not applicable,d,D,61,16-07-2025 14:32
Pharmaceutical engineering plays a crucial role in:,Process optimization,Oil-in-water (O/W),Facility layout,All of the above,a,A,61,16-07-2025 14:32
The term 'biotechnology' in pharmaceutics refers to the use of living organisms or their products to create or modify drugs.,TRUE,Oil-in-water (O/W),Sometimes true,Not applicable,b,B,61,16-07-2025 14:32
Biotechnology is used in the production of:,Recombinant proteins,Oil-in-water (O/W),Vaccines,All of the above,c,C,61,16-07-2025 14:32
The term 'gene therapy' refers to the introduction of genes into a person's cells to treat or prevent disease.,TRUE,Oil-in-water (O/W),Sometimes true,Not applicable,d,D,61,16-07-2025 14:32
Gene therapy holds promise for treating:,Genetic disorders,Oil-in-water (O/W),Infectious diseases,All of the above,a,A,61,16-07-2025 14:32
The term 'cell therapy' refers to the transplantation of human cells to repair or replace damaged tissue or cells.,TRUE,Oil-in-water (O/W),Sometimes true,Not applicable,b,B,61,16-07-2025 14:32
Cell therapy is used in the treatment of:,Diabetes,Oil-in-water (O/W),Spinal cord injury,All of the above,c,C,61,16-07-2025 14:32
"The term 'personalized medicine' refers to a medical model that customizes healthcare, with decisions and practices being tailored to the individual patient based on their predicted response or risk of disease.",TRUE,Oil-in-water (O/W),Sometimes true,Not applicable,d,D,61,16-07-2025 14:32
Personalized medicine aims to improve:,Drug efficacy,Oil-in-water (O/W),Patient outcomes,All of the above,a,A,61,16-07-2025 14:32
The term 'pharmacogenomics' refers to the study of how genes affect a person's response to drugs.,TRUE,Oil-in-water (O/W),Sometimes true,Not applicable,b,B,61,16-07-2025 14:32
Pharmacogenomics can help in:,Identifying patients who will respond to a drug,Oil-in-water (O/W),Optimizing drug dosage,All of the above,c,C,61,16-07-2025 14:32
The term 'drug repurposing' refers to the process of finding new uses for existing drugs.,TRUE,Oil-in-water (O/W),Sometimes true,Not applicable,d,D,61,16-07-2025 14:32
Drug repurposing can accelerate:,Drug discovery,Oil-in-water (O/W),Both a and b,Neither a nor b,a,A,61,16-07-2025 14:32
The term 'orphan drug' refers to a drug developed to treat a rare disease.,TRUE,Oil-in-water (O/W),Sometimes true,Not applicable,b,B,61,16-07-2025 14:32
Orphan drugs receive special incentives due to:,High prevalence of the disease,Oil-in-water (O/W),High profitability,Low development cost,c,C,61,16-07-2025 14:32
The term 'biosimilar' refers to a biological product that is highly similar to an already approved biological product (reference product).,TRUE,Oil-in-water (O/W),Sometimes true,Not applicable,d,D,61,16-07-2025 14:32
Biosimilars are expected to have:,Same efficacy as the reference product,Oil-in-water (O/W),Both a and b,Neither a nor b,a,A,61,16-07-2025 14:32
The term 'biologics' refers to a broad class of medicines that are produced by living organisms or contain components of living organisms.,TRUE,Oil-in-water (O/W),Sometimes true,Not applicable,b,B,61,16-07-2025 14:32
Biologics are typically administered by:,Oral route,Oil-in-water (O/W),Injection,Rectal route,c,C,61,16-07-2025 14:32
The term 'vaccine' refers to a biological preparation that provides active acquired immunity to a particular infectious disease.,TRUE,Oil-in-water (O/W),Sometimes true,Not applicable,d,D,61,16-07-2025 14:32
Vaccines work by stimulating the body's:,Digestive system,Oil-in-water (O/W),Nervous system,Circulatory system,a,A,61,16-07-2025 14:32
The term 'monoclonal antibodies' refers to antibodies that are made by identical immune cells that are all clones of a unique parent cell.,TRUE,Oil-in-water (O/W),Sometimes true,Not applicable,b,B,61,16-07-2025 14:32
Monoclonal antibodies are highly specific for their:,Target antigen,Oil-in-water (O/W),Target organ,All of the above,c,C,61,16-07-2025 14:32
The term 'recombinant DNA technology' refers to the joining of DNA molecules from two different species that are inserted into a host organism to produce new genetic combinations.,TRUE,Oil-in-water (O/W),Sometimes true,Not applicable,d,D,61,16-07-2025 14:32
Recombinant DNA technology is a cornerstone of:,Traditional medicine,Oil-in-water (O/W),Herbal medicine,Homeopathy,a,A,61,16-07-2025 14:32
The term 'polymerase chain reaction (PCR)' is a laboratory technique used to amplify DNA sequences.,TRUE,Oil-in-water (O/W),Sometimes true,Not applicable,b,B,61,16-07-2025 14:32
PCR is widely used in:,Molecular biology,Oil-in-water (O/W),Medical diagnostics,All of the above,c,C,61,16-07-2025 14:32
The term 'chromatography' is a laboratory technique for the separation of a mixture.,TRUE,Oil-in-water (O/W),Sometimes true,Not applicable,d,D,61,16-07-2025 14:32
Chromatography separates components based on their differential partitioning between a:,Stationary phase and a mobile phase,Oil-in-water (O/W),Gas phase and a liquid phase,All of the above,a,A,61,16-07-2025 14:32
The term 'spectroscopy' is the study of the interaction between matter and electromagnetic radiation.,TRUE,Oil-in-water (O/W),Sometimes true,Not applicable,b,B,61,16-07-2025 14:32
Spectroscopy is used for:,Identification of compounds,Oil-in-water (O/W),Structural elucidation of compounds,All of the above,c,C,62,16-07-2025 14:32
The term 'mass spectrometry (MS)' is an analytical technique that measures the mass-to-charge ratio of ions.,TRUE,Oil-in-water (O/W),Sometimes true,Not applicable,d,D,62,16-07-2025 14:32
MS is a powerful tool for:,Drug discovery,Oil-in-water (O/W),Quality control,All of the above,a,A,62,16-07-2025 14:32
The term 'titration' is a quantitative chemical analysis method used to determine the concentration of an identified analyte.,TRUE,Oil-in-water (O/W),Sometimes true,Not applicable,b,B,62,16-07-2025 14:32
Titration involves the reaction of a solution of known concentration (titrant) with a solution of unknown concentration (analyte).,TRUE,Oil-in-water (O/W),Sometimes true,Not applicable,c,C,62,16-07-2025 14:32
The term 'pH' is a measure of the acidity or alkalinity of a solution.,TRUE,Oil-in-water (O/W),Sometimes true,Not applicable,d,D,62,16-07-2025 14:32
The pH scale ranges from:,0 to 7,Oil-in-water (O/W),0 to 14,-1 to 1,a,A,62,16-07-2025 14:32
The term 'buffer' refers to a solution that resists changes in pH upon the addition of small amounts of acid or base.,TRUE,Oil-in-water (O/W),Sometimes true,Not applicable,b,B,62,16-07-2025 14:32
Buffers are composed of a:,Strong acid and a strong base,Oil-in-water (O/W),Strong acid and a weak base,Weak acid and a strong base,c,C,62,16-07-2025 14:32
The term 'tonicity' refers to the effective osmotic pressure gradient across a semipermeable membrane.,TRUE,Oil-in-water (O/W),Sometimes true,Not applicable,d,D,62,16-07-2025 14:32
"Hypotonic solutions have a lower osmotic pressure than body fluids, causing cells to:",Swell,Oil-in-water (O/W),Remain unchanged,Burst,a,A,62,16-07-2025 14:32
"Hypertonic solutions have a higher osmotic pressure than body fluids, causing cells to:",Swell,Oil-in-water (O/W),Remain unchanged,Burst,b,B,62,16-07-2025 14:32
The term 'preservative' refers to a substance added to a pharmaceutical formulation to prevent microbial growth.,TRUE,Oil-in-water (O/W),Sometimes true,Not applicable,c,C,62,16-07-2025 14:32
Preservatives are essential for multi-dose sterile preparations to maintain their:,Efficacy,Oil-in-water (O/W),Stability,All of the above,d,D,62,16-07-2025 14:32
The term 'antioxidant' refers to a substance added to a pharmaceutical formulation to prevent oxidation.,TRUE,Oil-in-water (O/W),Sometimes true,Not applicable,a,A,62,16-07-2025 14:32
Antioxidants protect drugs from degradation caused by:,Light,Oil-in-water (O/W),Oxygen,All of the above,b,B,62,16-07-2025 14:32
"The term 'chelating agent' refers to a substance that forms a complex with metal ions, thereby preventing their catalytic activity in degradation reactions.",TRUE,Oil-in-water (O/W),Sometimes true,Not applicable,c,C,62,16-07-2025 14:32
Chelating agents are used to prevent degradation caused by:,Microbial contamination,Oil-in-water (O/W),Hydrolysis,Oxidation,d,D,62,16-07-2025 14:32
The term 'flavoring agent' refers to a substance added to a pharmaceutical formulation to improve its taste.,TRUE,Oil-in-water (O/W),Sometimes true,Not applicable,a,A,62,16-07-2025 14:32
Flavoring agents are particularly important for:,Parenteral preparations,Oil-in-water (O/W),Oral liquid preparations,Suppositories,b,B,62,16-07-2025 14:32
The term 'sweetening agent' refers to a substance that imparts a sweet taste to a pharmaceutical formulation.,TRUE,Oil-in-water (O/W),Sometimes true,Not applicable,c,C,62,16-07-2025 14:32
Sweetening agents are used to mask:,Bitter taste,Oil-in-water (O/W),Salty taste,All of the above,d,D,62,16-07-2025 14:32
The term 'coloring agent' refers to a substance that imparts a color to a pharmaceutical formulation.,TRUE,Oil-in-water (O/W),Sometimes true,Not applicable,a,A,62,16-07-2025 14:32
Coloring agents are used to improve:,Product stability,Oil-in-water (O/W),Drug efficacy,Drug safety,b,B,62,16-07-2025 14:32
The term 'opacifying agent' refers to a substance that makes a pharmaceutical formulation opaque.,TRUE,Oil-in-water (O/W),Sometimes true,Not applicable,c,C,62,16-07-2025 14:32
Opacifying agents are used to protect drugs from:,Light degradation,Oil-in-water (O/W),Microbial degradation,Oxidation,d,D,62,16-07-2025 14:32
The term 'glidant' refers to a substance that improves the flow properties of a powder mixture.,TRUE,Oil-in-water (O/W),Sometimes true,Not applicable,a,A,62,16-07-2025 14:32
Glidants reduce:,Friction between particles,Oil-in-water (O/W),Both a and b,Neither a nor b,b,B,62,16-07-2025 14:32
The term 'anti-adherent' refers to a substance that prevents sticking of powder to the punch and die surfaces during tablet compression.,TRUE,Oil-in-water (O/W),Sometimes true,Not applicable,c,C,62,16-07-2025 14:32
Anti-adherents prevent:,Capping,Oil-in-water (O/W),Sticking,All of the above,d,D,62,16-07-2025 14:32
The term 'disintegrant' refers to a substance that promotes the rapid breakdown of a tablet into smaller particles when it comes into contact with liquid.,TRUE,Oil-in-water (O/W),Sometimes true,Not applicable,a,A,62,16-07-2025 14:32
Disintegrants work by:,Swelling,Oil-in-water (O/W),Deformation,All of the above,b,B,62,16-07-2025 14:32
"The term 'binder' refers to a substance that holds the particles of a powder together, forming granules or compacts.",TRUE,Oil-in-water (O/W),Sometimes true,Not applicable,c,C,62,16-07-2025 14:32
Binders improve:,Tablet hardness,Oil-in-water (O/W),Both a and b,Neither a nor b,d,D,62,16-07-2025 14:32
The term 'diluent' refers to an inert substance added to a pharmaceutical formulation to increase its bulk or to adjust the concentration of the active ingredient.,TRUE,Oil-in-water (O/W),Sometimes true,Not applicable,a,A,62,16-07-2025 14:32
Diluents are used to achieve:,Desired tablet weight,Oil-in-water (O/W),Both a and b,Neither a nor b,b,B,62,16-07-2025 14:32
The term 'lubricant' refers to a substance that reduces friction between the particles and between the particles and the die wall during tablet compression.,TRUE,Oil-in-water (O/W),Sometimes true,Not applicable,c,C,62,16-07-2025 14:32
Lubricants prevent:,Sticking,Oil-in-water (O/W),Both a and b,Neither a nor b,d,D,62,16-07-2025 14:32
The term 'effervescent tablet' is a tablet that produces gas when dissolved in water.,TRUE,Oil-in-water (O/W),Sometimes true,Not applicable,a,A,62,16-07-2025 14:32
The gas produced by effervescent tablets is:,Oxygen,Oil-in-water (O/W),Carbon dioxide,Hydrogen,b,B,62,16-07-2025 14:32
The term 'sublingual tablet' is a tablet designed to dissolve under the tongue for rapid absorption into the bloodstream.,TRUE,Oil-in-water (O/W),Sometimes true,Not applicable,c,C,62,16-07-2025 14:32
Sublingual absorption bypasses:,Renal metabolism,Oil-in-water (O/W),Pulmonary metabolism,Intestinal metabolism,d,D,62,16-07-2025 14:32
The term 'buccal tablet' is a tablet designed to dissolve in the cheek pouch for absorption into the bloodstream.,TRUE,Oil-in-water (O/W),Sometimes true,Not applicable,a,A,62,16-07-2025 14:32
Buccal absorption bypasses:,Renal metabolism,Oil-in-water (O/W),Pulmonary metabolism,Intestinal metabolism,b,B,62,16-07-2025 14:32
The term 'chewable tablet' is a tablet designed to be chewed before swallowing.,TRUE,Oil-in-water (O/W),Sometimes true,Not applicable,c,C,62,16-07-2025 14:32
Chewable tablets are suitable for drugs that have:,Unpleasant taste,Oil-in-water (O/W),No taste,Bitter taste,d,D,62,16-07-2025 14:32
"The term 'lozenge' is a solid dosage form intended to dissolve slowly in the mouth, releasing the drug locally or systemically.",TRUE,Oil-in-water (O/W),Sometimes true,Not applicable,a,A,62,16-07-2025 14:32
Lozenges are typically used for:,Systemic effects,Oil-in-water (O/W),Both a and b,Neither a nor b,b,B,62,16-07-2025 14:32
"The term 'pastille' is a soft, chewable lozenge that contains gelatin or gum arabic.",TRUE,Oil-in-water (O/W),Sometimes true,Not applicable,c,C,62,16-07-2025 14:32
Pastilles are typically used for:,Systemic effects,Oil-in-water (O/W),Both a and b,Neither a nor b,d,D,62,16-07-2025 14:32
"The term 'medicated gum' is a chewing gum that contains a drug, which is released upon chewing.",TRUE,Oil-in-water (O/W),Sometimes true,Not applicable,a,A,63,16-07-2025 14:32
Medicated gums are typically used for:,Systemic effects,Oil-in-water (O/W),Both a and b,Neither a nor b,c,C,63,16-07-2025 14:32
The term 'powder' is a solid dosage form consisting of finely divided particles of drug and/or excipients.,TRUE,Oil-in-water (O/W),Sometimes true,Not applicable,a,A,63,16-07-2025 14:32
Powders are typically used for:,Oral administration,Oil-in-water (O/W),Both a and b,Neither a nor b,c,C,63,16-07-2025 14:32
"The term 'granule' is an aggregate of powder particles, typically prepared to improve flowability and compressibility.",TRUE,Oil-in-water (O/W),Sometimes true,Not applicable,a,A,63,16-07-2025 14:32
Granules are typically used for:,Direct compression into tablets,Oil-in-water (O/W),Both a and b,Neither a nor b,c,C,63,16-07-2025 14:32
The term 'douche' is an aqueous solution intended for vaginal administration.,TRUE,Oil-in-water (O/W),Sometimes true,Not applicable,a,A,63,16-07-2025 14:32
Douches are typically used for:,Vaginal hygiene,Oil-in-water (O/W),Both a and b,Neither a nor b,c,C,63,16-07-2025 14:32
The term 'enema' is a liquid preparation intended for rectal administration.,TRUE,Oil-in-water (O/W),Sometimes true,Not applicable,a,A,63,16-07-2025 14:32
Enemas are typically used for:,Constipation relief,Oil-in-water (O/W),Systemic drug delivery,All of the above,d,D,63,16-07-2025 14:32
The term 'liniment' is a liquid or semi-liquid preparation intended for external application to the skin with rubbing.,TRUE,Oil-in-water (O/W),Sometimes true,Not applicable,a,A,63,16-07-2025 14:32
Liniments are typically used for:,Muscle pain relief,Oil-in-water (O/W),Both a and b,Neither a nor b,c,C,63,16-07-2025 14:32
The term 'lotion' is a liquid preparation intended for external application to the skin without rubbing.,TRUE,Oil-in-water (O/W),Sometimes true,Not applicable,a,A,63,16-07-2025 14:32
Lotions are typically used for:,Moisturizing the skin,Oil-in-water (O/W),Both a and b,Neither a nor b,c,C,63,16-07-2025 14:32
The term 'cream' is a semi-solid emulsion intended for external application to the skin.,TRUE,Oil-in-water (O/W),Sometimes true,Not applicable,a,A,63,16-07-2025 14:32
Creams are typically used for:,Moisturizing the skin,Oil-in-water (O/W),Both a and b,Neither a nor b,c,C,63,16-07-2025 14:32
The term 'ointment' is a semi-solid preparation intended for external application to the skin or mucous membranes.,TRUE,Oil-in-water (O/W),Sometimes true,Not applicable,a,A,63,16-07-2025 14:32
Ointments are typically used for:,Protecting the skin,Oil-in-water (O/W),Both a and b,Neither a nor b,c,C,63,16-07-2025 14:32
The term 'gel' is a semi-solid system intended for external application to the skin or mucous membranes.,TRUE,Oil-in-water (O/W),Sometimes true,Not applicable,a,A,63,16-07-2025 14:32
Gels are typically used for:,Delivering drugs to the skin,Oil-in-water (O/W),Both a and b,Neither a nor b,c,C,63,16-07-2025 14:32
"The term 'paste' is a semi-solid preparation containing a high proportion of finely powdered solid material, intended for external application to the skin.",TRUE,Oil-in-water (O/W),Sometimes true,Not applicable,a,A,63,16-07-2025 14:32
Pastes are typically used for:,Providing a protective barrier,Oil-in-water (O/W),Both a and b,Neither a nor b,c,C,63,16-07-2025 14:32
The term 'suppository mold' is a device used to prepare suppositories.,TRUE,Oil-in-water (O/W),Sometimes true,Not applicable,a,A,63,16-07-2025 14:32
Suppository molds are typically made of:,Metal,Oil-in-water (O/W),Both a and b,Neither a nor b,c,C,63,16-07-2025 14:32
The term 'displacement value' is the amount of drug that displaces one part of the suppository base.,TRUE,Oil-in-water (O/W),Sometimes true,Not applicable,a,A,63,16-07-2025 14:32
Displacement value is important for calculating the correct amount of:,Drug,Oil-in-water (O/W),Both a and b,Neither a nor b,c,C,63,16-07-2025 14:32
"The term 'pyrogen' is a fever-producing substance, typically a lipopolysaccharide from bacterial cell walls.",TRUE,Oil-in-water (O/W),Sometimes true,Not applicable,a,A,63,16-07-2025 14:32
Pyrogens must be absent in:,Oral solutions,Oil-in-water (O/W),Parenteral injections,Rectal suppositories,c,C,63,16-07-2025 14:32
The term 'LAL test' is a test used to detect bacterial endotoxins (pyrogens).,TRUE,Oil-in-water (O/W),Sometimes true,Not applicable,a,A,63,16-07-2025 14:32
The LAL test uses lysate from the:,Horseshoe crab,Oil-in-water (O/W),Rabbit blood,Bacterial culture,a,A,63,16-07-2025 14:32
"The term 'lyophilization' is a process of freeze-drying, used to remove water from a product by sublimation.",TRUE,Oil-in-water (O/W),Sometimes true,Not applicable,a,A,63,16-07-2025 14:32
Lyophilization is commonly used for:,Heat-stable drugs,Oil-in-water (O/W),Water-soluble drugs,Oil-soluble drugs,b,B,63,16-07-2025 14:32
"The term 'packaging' is the science, art, and technology of enclosing or protecting products for distribution, storage, sale, and use.",TRUE,Oil-in-water (O/W),Sometimes true,Not applicable,a,A,63,16-07-2025 14:32
Which of the following is a function of packaging?,Containment,Oil-in-water (O/W),Information,All of the above,d,D,63,16-07-2025 14:32
The term 'primary packaging' is the packaging that is in direct contact with the product.,TRUE,Oil-in-water (O/W),Sometimes true,Not applicable,a,A,63,16-07-2025 14:32
Which of the following is a primary packaging material?,Blister pack,Oil-in-water (O/W),Vial,All of the above,d,D,63,16-07-2025 14:32
The term 'secondary packaging' is the packaging that encloses the primary packaging.,TRUE,Oil-in-water (O/W),Sometimes true,Not applicable,a,A,63,16-07-2025 14:32
Which of the following is a secondary packaging material?,Carton,Oil-in-water (O/W),Both a and b,Neither a nor b,c,C,63,16-07-2025 14:32
"The term 'tertiary packaging' is the packaging used for bulk handling, warehouse storage, and transport shipping.",TRUE,Oil-in-water (O/W),Sometimes true,Not applicable,a,A,63,16-07-2025 14:32
Which of the following is a tertiary packaging material?,Pallet,Oil-in-water (O/W),Container,All of the above,d,D,63,16-07-2025 14:32
"The term 'labeling' is any written, printed, or graphic matter upon the immediate container of any drug product.",TRUE,Oil-in-water (O/W),Sometimes true,Not applicable,a,A,63,16-07-2025 14:32
Which of the following is a mandatory information on a drug label?,Name of the drug,Oil-in-water (O/W),Dosage form,All of the above,d,D,63,16-07-2025 14:32
"The term 'quality control' is a part of GMP concerned with sampling, specifications, testing, documentation, and release procedures.",TRUE,Oil-in-water (O/W),Sometimes true,Not applicable,a,A,63,16-07-2025 14:32
Which of the following is a quality control test for liquid dosage forms?,pH,Oil-in-water (O/W),Density,All of the above,d,D,63,16-07-2025 14:32
The term 'good manufacturing practices (GMP)' are a set of guidelines that ensure products are consistently produced and controlled according to quality standards.,TRUE,Oil-in-water (O/W),Sometimes true,Not applicable,a,A,63,16-07-2025 14:32
"GMP covers all aspects of manufacturing, from the starting materials, premises, and equipment to the training and personal hygiene of staff.",TRUE,Oil-in-water (O/W),Sometimes true,Not applicable,a,A,63,16-07-2025 14:32
"The term 'validation' is the process of establishing documented evidence that provides a high degree of assurance that a specific process, system, or activity will consistently produce a result meeting predetermined specifications.",TRUE,Oil-in-water (O/W),Sometimes true,Not applicable,a,A,63,16-07-2025 14:32
Which of the following is a type of validation?,Equipment validation,Oil-in-water (O/W),Utility validation,All of the above,d,D,63,16-07-2025 14:32
The term 'stability testing' is carried out to determine the shelf-life of a drug product and its recommended storage conditions.,TRUE,Oil-in-water (O/W),Sometimes true,Not applicable,a,A,63,16-07-2025 14:32
Stability testing is performed under:,Long-term conditions,Oil-in-water (O/W),Intermediate conditions,All of the above,d,D,63,16-07-2025 14:32
The term 'pharmacopoeia' is a book containing a collection of standards and quality specifications for drugs and pharmaceutical preparations.,TRUE,Oil-in-water (O/W),Sometimes true,Not applicable,a,A,64,16-07-2025 14:32
The 'British Pharmacopoeia (BP)' is published by the:,British Medical Association,Oil-in-water (O/W),Royal Pharmaceutical Society,National Health Service,b,B,64,16-07-2025 14:32
The 'European Pharmacopoeia (Ph. Eur.)' is published by the:,European Medicines Agency (EMA),Oil-in-water (O/W),European Commission,European Parliament,b,B,64,16-07-2025 14:32
The term 'dispensing' is the act of preparing and supplying a medicine or medical device to a patient on the basis of a prescription or other lawful order.,TRUE,Oil-in-water (O/W),Sometimes true,Not applicable,a,A,64,16-07-2025 14:32
Which of the following is a responsibility of a dispensing pharmacist?,Checking the legality of the prescription,Oil-in-water (O/W),Providing patient counseling,All of the above,d,D,64,16-07-2025 14:32
"The term 'pharmaceutical calculations' involve the application of mathematical principles to solve problems related to drug dosages, concentrations, and preparations.",TRUE,Oil-in-water (O/W),Sometimes true,Not applicable,a,A,64,16-07-2025 14:32
Which of the following is a common pharmaceutical calculation?,Percentage calculations,Oil-in-water (O/W),Alligation calculations,All of the above,d,D,64,16-07-2025 14:32
"The term 'incompatibility' is an undesirable reaction between two or more ingredients in a pharmaceutical formulation, leading to a change in physical, chemical, or therapeutic properties.",TRUE,Oil-in-water (O/W),Sometimes true,Not applicable,a,A,64,16-07-2025 14:32
Which of the following is a type of physical incompatibility?,Precipitation,Oil-in-water (O/W),Liquefaction,All of the above,d,D,64,16-07-2025 14:32
Which of the following is a type of chemical incompatibility?,Oxidation,Oil-in-water (O/W),Photolysis,All of the above,d,D,64,16-07-2025 14:32
Which of the following is a type of therapeutic incompatibility?,Synergism,Oil-in-water (O/W),Potentiation,All of the above,b,B,64,16-07-2025 14:32
"The term 'drug delivery system' is a formulation or device that enables the introduction of a therapeutic substance into the body and improves its efficacy and safety by controlling its rate, time, and place of release.",TRUE,Oil-in-water (O/W),Sometimes true,Not applicable,a,A,64,16-07-2025 14:32
Which of the following is a type of conventional drug delivery system?,Tablets,Oil-in-water (O/W),Syrups,All of the above,d,D,64,16-07-2025 14:32
Which of the following is a type of novel drug delivery system?,Liposomes,Oil-in-water (O/W),Micelles,All of the above,d,D,64,16-07-2025 14:32
"The term 'nanotechnology' in pharmaceutics involves the design, characterization, production, and application of materials and devices at the nanoscale (1-100 nm).",TRUE,Oil-in-water (O/W),Sometimes true,Not applicable,a,A,64,16-07-2025 14:32
Nanotechnology can be used to improve the:,Solubility of poorly soluble drugs,Oil-in-water (O/W),Targeting of drugs to specific sites,All of the above,d,D,64,16-07-2025 14:32
The term 'biopharmaceutics' is the study of the factors influencing the bioavailability of a drug in man and animals and the use of this information to optimize pharmacological or therapeutic activity in clinical practice.,TRUE,Oil-in-water (O/W),Sometimes true,Not applicable,a,A,64,16-07-2025 14:32
Which of the following is a factor influencing bioavailability?,Drug solubility,Oil-in-water (O/W),First-pass metabolism,All of the above,d,D,64,16-07-2025 14:32
"The term 'pharmacokinetics' is the study of the absorption, distribution, metabolism, and excretion (ADME) of drugs in the body.",TRUE,Oil-in-water (O/W),Sometimes true,Not applicable,a,A,64,16-07-2025 14:32
Which of the following is a pharmacokinetic parameter?,Half-life,Oil-in-water (O/W),Clearance,All of the above,d,D,64,16-07-2025 14:32
The term 'pharmacodynamics' is the study of the biochemical and physiological effects of drugs and their mechanisms of action.,TRUE,Oil-in-water (O/W),Sometimes true,Not applicable,a,A,64,16-07-2025 14:32
Which of the following is a pharmacodynamic parameter?,Maximum effect (Emax),Oil-in-water (O/W),Both a and b,Neither a nor b,c,C,64,16-07-2025 14:32
The term 'preformulation' is the stage of drug development where the physical and chemical properties of a drug substance are characterized to provide a rational basis for formulation development.,TRUE,Oil-in-water (O/W),Sometimes true,Not applicable,a,A,64,16-07-2025 14:32
Which of the following is a preformulation study?,Organoleptic properties,Oil-in-water (O/W),Tapped density,All of the above,d,D,64,16-07-2025 14:32
The term 'formulation' is the process of developing a drug into a suitable dosage form for administration to patients.,TRUE,Oil-in-water (O/W),Sometimes true,Not applicable,a,A,64,16-07-2025 14:32
Which of the following is a factor influencing formulation development?,Route of administration,Oil-in-water (O/W),Patient population,All of the above,d,D,64,16-07-2025 14:32
The term 'manufacturing' is the process of producing a drug product in accordance with Good Manufacturing Practices (GMP).,TRUE,Oil-in-water (O/W),Sometimes true,Not applicable,a,A,64,16-07-2025 14:32
Which of the following is a stage of manufacturing?,Dispensing of raw materials,Oil-in-water (O/W),Compression,All of the above,d,D,64,16-07-2025 14:32
The term 'quality by design (QbD)' is a systematic approach to pharmaceutical development that aims to ensure product quality by understanding and controlling the manufacturing process.,TRUE,Oil-in-water (O/W),Sometimes true,Not applicable,a,A,64,16-07-2025 14:32
QbD emphasizes:,Product testing,Oil-in-water (O/W),Regulatory compliance,Cost reduction,b,B,64,16-07-2025 14:32
"The term 'process analytical technology (PAT)' is a system for designing, analyzing, and controlling manufacturing processes through timely measurements of critical quality and performance attributes.",TRUE,Oil-in-water (O/W),Sometimes true,Not applicable,a,A,64,16-07-2025 14:32
PAT aims to improve:,Process efficiency,Oil-in-water (O/W),Both a and b,Neither a nor b,c,C,64,16-07-2025 14:32
"The term 'risk management' in pharmaceutics is the systematic process of identifying, assessing, and controlling risks to product quality and patient safety.",TRUE,Oil-in-water (O/W),Sometimes true,Not applicable,a,A,64,16-07-2025 14:32
Which of the following is a step in risk management?,Risk identification,Oil-in-water (O/W),Risk evaluation,All of the above,d,D,64,16-07-2025 14:32
"The term 'change control' is a formal system used to manage changes to validated systems, processes, and products.",TRUE,Oil-in-water (O/W),Sometimes true,Not applicable,a,A,64,16-07-2025 14:32
Change control ensures that changes are:,Documented,Oil-in-water (O/W),Approved,All of the above,d,D,64,16-07-2025 14:32
"The term 'deviation' is an unplanned departure from an approved procedure, specification, or standard.",TRUE,Oil-in-water (O/W),Sometimes true,Not applicable,a,A,64,16-07-2025 14:32
Deviations must be:,Investigated,Oil-in-water (O/W),Corrected,All of the above,d,D,64,16-07-2025 14:32
The term 'corrective action and preventive action (CAPA)' is a system for investigating and correcting deviations and preventing their recurrence.,TRUE,Oil-in-water (O/W),Sometimes true,Not applicable,a,A,64,16-07-2025 14:32
CAPA aims to improve:,Product quality,Oil-in-water (O/W),Both a and b,Neither a nor b,c,C,64,16-07-2025 14:32
The term 'audit' is a systematic and independent examination to determine whether quality activities and related results comply with planned arrangements.,TRUE,Oil-in-water (O/W),Sometimes true,Not applicable,a,A,64,16-07-2025 14:32
Audits can be conducted by:,Internal personnel,Oil-in-water (O/W),Regulatory authorities,All of the above,d,D,64,16-07-2025 14:32
The term 'recall' is the removal of a distributed drug product from the market due to a quality defect or safety concern.,TRUE,Oil-in-water (O/W),Sometimes true,Not applicable,a,A,64,16-07-2025 14:32
Recalls are classified based on the:,Severity of the risk,Oil-in-water (O/W),Cost of the product,Manufacturing location,a,A,64,16-07-2025 14:32
"The term 'pharmacovigilance' is the science and activities relating to the detection, assessment, understanding, and prevention of adverse effects or any other drug-related problem.",TRUE,Oil-in-water (O/W),Sometimes true,Not applicable,a,A,64,16-07-2025 14:32
Pharmacovigilance aims to ensure:,Drug efficacy,Oil-in-water (O/W),Drug quality,Drug affordability,b,B,64,16-07-2025 14:32
"The term 'drug master file (DMF)' is a submission to the FDA that provides confidential detailed information about facilities, processes, or articles used in the manufacturing, processing, packaging, and storing of one or more human drugs.",TRUE,Oil-in-water (O/W),Sometimes true,Not applicable,a,A,64,16-07-2025 14:32
DMFs are used to protect:,Intellectual property,Oil-in-water (O/W),Regulatory information,Marketing strategies,a,A,64,16-07-2025 14:32
The term 'abbreviated new drug application (ANDA)' is an application for a U.S. generic drug approval for an existing approved drug.,TRUE,Oil-in-water (O/W),Sometimes true,Not applicable,a,A,64,16-07-2025 14:32
ANDAs demonstrate:,Bioequivalence,Oil-in-water (O/W),Both a and b,Neither a nor b,c,C,64,16-07-2025 14:32
