question_text,option_a,option_b,option_c,option_d,,correct_answer,quiz_test_id,created_at
Which of the following is a primary goal of psychiatric nursing?,To administer medication only,To provide custodial care,"To promote mental health and well-being, prevent mental illness, and care for individuals with mental health disorders",To enforce strict behavioral rules,c,C,132,16-07-2025 14:32
The therapeutic nurse-patient relationship is characterized by:,Social interaction and friendship,"A professional, goal-directed, and time-limited relationship focused on the patient's needs",A relationship where the nurse makes all decisions for the patient,A relationship based solely on physical care,b,B,132,16-07-2025 14:32
Which phase of the nurse-patient relationship involves establishing trust and rapport?,Termination phase,Working phase,Orientation phase,Pre-orientation phase,c,C,132,16-07-2025 14:32
Active listening in psychiatric nursing involves:,Interrupting the patient frequently,"Paying full attention to the patient's verbal and non-verbal communication, demonstrating empathy, and providing feedback",Planning your next response while the patient is speaking,Only focusing on the factual content of the message,b,B,132,16-07-2025 14:32
Empathy in psychiatric nursing is best described as:,Feeling sorry for the patient,Sharing the patient's feelings,Understanding and sharing the feelings of another person from their perspective,Remaining emotionally detached from the patient,c,C,132,16-07-2025 14:32
Which of the following is a common defense mechanism where an individual attributes their own unacceptable thoughts or feelings to another person?,Repression,Projection,Sublimation,Rationalization,b,B,132,16-07-2025 14:32
The defense mechanism of ______ involves unconsciously blocking unpleasant thoughts or feelings from consciousness.,Denial,Displacement,Repression,Regression,c,C,132,16-07-2025 14:32
A patient who is experiencing severe anxiety and begins to suck their thumb is demonstrating which defense mechanism?,Intellectualization,Reaction formation,Regression,Undoing,c,C,132,16-07-2025 14:32
The nurse observes a patient who is constantly washing their hands due to a fear of contamination. This behavior is characteristic of:,Generalized Anxiety Disorder,Panic Disorder,Obsessive-Compulsive Disorder (OCD),Social Anxiety Disorder,c,C,132,16-07-2025 14:32
"A patient presents with symptoms of persistent sadness, loss of interest in activities, changes in appetite and sleep, and feelings of worthlessness. These symptoms are indicative of:",Bipolar Disorder,Schizophrenia,Major Depressive Disorder,Post-Traumatic Stress Disorder (PTSD),c,C,132,16-07-2025 14:32
Which of the following is a common side effect of Selective Serotonin Reuptake Inhibitors (SSRIs) used to treat depression?,Weight gain,Sexual dysfunction,Dry mouth,Sedation,b,B,132,16-07-2025 14:32
A patient on Lithium for Bipolar Disorder should be educated about the importance of maintaining adequate intake of:,Sodium and fluid,Potassium and protein,Calcium and vitamin D,Iron and vitamin C,a,A,132,16-07-2025 14:32
The nurse is caring for a patient experiencing a manic episode. Which of the following interventions is most appropriate?,Encourage participation in stimulating group activities,"Provide a quiet, low-stimulus environment","Engage in lengthy, in-depth conversations",Allow unrestricted access to phone and internet,b,B,132,16-07-2025 14:32
Delusions are best described as:,Sensory perceptions in the absence of external stimuli,"False, fixed beliefs that are not amenable to change in light of conflicting evidence",Disorganized speech patterns,"Repetitive, ritualistic behaviors",b,B,132,16-07-2025 14:32
Hallucinations are best described as:,"False, fixed beliefs",Sensory perceptions in the absence of external stimuli,Disorganized thought processes,Impaired judgment,b,B,132,16-07-2025 14:32
"A patient with schizophrenia who exhibits a lack of emotional expression, poverty of speech, and lack of motivation is demonstrating:",Positive symptoms,Negative symptoms,Cognitive symptoms,Affective symptoms,b,B,132,16-07-2025 14:32
The nurse is administering an antipsychotic medication to a patient. The nurse should monitor for which common extrapyramidal side effect?,Nausea and vomiting,"Tremors, rigidity, and akathisia",Diarrhea and abdominal pain,Rash and itching,b,B,132,16-07-2025 14:32
"Tardive Dyskinesia is a serious side effect of long-term antipsychotic use, characterized by:",Severe muscle spasms,"Involuntary movements of the face, tongue, and limbs","Sudden, uncontrollable urges to move",Persistent restlessness,b,B,132,16-07-2025 14:32
Electroconvulsive Therapy (ECT) is a treatment option for severe depression that involves:,High-frequency magnetic pulses to the brain,Surgically implanting electrodes in the brain,Inducing a brief seizure by passing electrical currents through the brain,Deep brain stimulation,c,C,132,16-07-2025 14:32
"Before ECT, the nurse should ensure the patient has:",Eaten a large meal,Signed informed consent and is NPO (nothing by mouth),Engaged in strenuous exercise,Consumed alcoholic beverages,b,B,132,16-07-2025 14:32
The nurse is caring for a patient who has attempted suicide. The priority nursing intervention is:,To encourage the patient to talk about their feelings,To ensure patient safety and implement suicide precautions,To provide extensive psychotherapy,To discharge the patient as soon as possible,b,B,132,16-07-2025 14:32
Risk factors for suicide include:,Strong social support and positive coping skills,"History of previous suicide attempts, mental health disorders, substance abuse, and access to lethal means",High self-esteem and optimism,Stable employment and financial security,b,B,132,16-07-2025 14:32
"When assessing a patient for suicide risk, the nurse should directly ask:",If they have any thoughts of harming others,If they have a plan to harm themselves,If they are feeling sad,If they have a history of mental illness,b,B,132,16-07-2025 14:32
The nurse is educating a patient about the importance of medication adherence. Which of the following strategies is most effective?,Threatening the patient with consequences if they don't take their medication,"Providing clear, concise information about the medication, its purpose, side effects, and benefits, and addressing patient concerns",Telling the patient they have no choice but to take the medication,Relying solely on family members to ensure adherence,b,B,132,16-07-2025 14:32
Transference in the therapeutic relationship occurs when:,The nurse projects their feelings onto the patient,The patient unconsciously redirects feelings and desires (often from childhood) from another person to the nurse,The nurse and patient develop a social relationship,The patient intentionally manipulates the nurse,b,B,132,16-07-2025 14:32
Countertransference in the therapeutic relationship occurs when:,The patient projects their feelings onto the nurse,The nurse unconsciously redirects feelings and desires (often from their own past) from another person to the patient,The nurse and patient maintain professional boundaries,The nurse intentionally manipulates the patient,b,B,132,16-07-2025 14:32
Which of the following is a key principle of therapeutic communication?,Giving advice freely,Using closed-ended questions primarily,Maintaining professional boundaries and focusing on the patient's needs,Sharing personal experiences to build rapport,c,C,132,16-07-2025 14:32
The nurse is caring for a patient who is experiencing auditory hallucinations. Which of the following responses is most appropriate?,Tell the patient the voices are not real,"Acknowledge the patient's experience (e.g., ""I understand you are hearing voices"") and focus on reality",Ignore the patient's report of hallucinations,Encourage the patient to listen to the voices,b,B,132,16-07-2025 14:32
A patient with Borderline Personality Disorder (BPD) often exhibits:,Stable relationships and a strong sense of self,"Intense fear of abandonment, unstable relationships, impulsivity, and emotional dysregulation",Lack of empathy and disregard for others,Grandiosity and a need for admiration,b,B,132,16-07-2025 14:32
Which of the following interventions is helpful when caring for a patient with BPD?,Frequently changing staff assignments,"Setting clear, consistent boundaries and limits",Avoiding any discussion of emotions,Encouraging impulsive behaviors,b,B,132,16-07-2025 14:32
A patient with Antisocial Personality Disorder (ASPD) typically demonstrates:,Excessive empathy and concern for others,"A pattern of disregard for and violation of the rights of others, lack of remorse, and deceitfulness",Intense anxiety in social situations,A need for constant reassurance,b,B,132,16-07-2025 14:32
The nurse is caring for a patient with ASPD. It is important for the nurse to:,Be overly trusting and lenient,"Maintain firm, consistent boundaries and be aware of potential manipulation",Share personal information to build trust,Avoid confronting any problematic behaviors,b,B,132,16-07-2025 14:32
A patient with Narcissistic Personality Disorder (NPD) is characterized by:,Low self-esteem and feelings of inadequacy,"Grandiosity, a need for admiration, and a lack of empathy",Social withdrawal and isolation,Excessive dependence on others,b,B,132,16-07-2025 14:32
Which of the following is a common symptom of Post-Traumatic Stress Disorder (PTSD)?,Amnesia for the traumatic event,"Flashbacks, nightmares, avoidance of trauma-related stimuli, and hyperarousal",Lack of emotional response to the trauma,A desire to constantly talk about the traumatic event,b,B,132,16-07-2025 14:32
The nurse is caring for a patient with PTSD. A priority nursing intervention is to:,Encourage the patient to forget about the trauma,"Provide a safe, supportive environment and help the patient develop coping skills",Force the patient to confront their trauma immediately,Minimize the significance of the traumatic event,b,B,132,16-07-2025 14:32
Substance Use Disorder is characterized by:,"Occasional, controlled use of substances","A cluster of cognitive, behavioral, and physiological symptoms indicating that the individual continues using the substance despite significant substance-related problems",Use of substances only for medicinal purposes,Ability to stop using substances at any time without difficulty,b,B,132,16-07-2025 14:32
The CAGE questionnaire is a screening tool for:,Depression,Alcohol Use Disorder,Anxiety disorders,Schizophrenia,b,B,132,16-07-2025 14:32
A patient is experiencing alcohol withdrawal. The nurse should monitor for symptoms such as:,Bradycardia and hypotension,"Tremors, anxiety, nausea, vomiting, and seizures",Constricted pupils and respiratory depression,Euphoria and increased energy,b,B,132,16-07-2025 14:32
Benzodiazepines are often used to manage alcohol withdrawal because they:,Increase the pleasurable effects of alcohol,Prevent seizures and reduce anxiety,Cause respiratory depression,Induce vomiting to remove alcohol from the system,b,B,132,16-07-2025 14:32
Opioid withdrawal symptoms include:,Euphoria and relaxation,"Nausea, vomiting, diarrhea, muscle aches, and lacrimation",Respiratory depression and constricted pupils,Increased appetite and weight gain,b,B,132,16-07-2025 14:32
Naloxone (Narcan) is used to:,Prevent opioid withdrawal symptoms,Reverse the effects of opioid overdose,Treat alcohol use disorder,Reduce cravings for nicotine,b,B,132,16-07-2025 14:32
Which of the following is a key component of motivational interviewing?,Confronting the patient about their substance use,"Expressing empathy, developing discrepancy, rolling with resistance, and supporting self-efficacy",Telling the patient what they need to do,Focusing only on the negative consequences of substance use,b,B,132,16-07-2025 14:32
A patient with Anorexia Nervosa is at risk for which physiological complication?,Hypertension and tachycardia,"Electrolyte imbalances, cardiac arrhythmias, and osteoporosis",Hyperglycemia and weight gain,Increased metabolic rate,b,B,132,16-07-2025 14:32
The priority nursing goal for a patient with Anorexia Nervosa is:,To encourage rapid weight gain,To restore nutritional status and achieve a healthy weight,To focus solely on psychotherapy,To allow the patient to control their own diet completely,b,B,132,16-07-2025 14:32
A patient with Bulimia Nervosa often experiences feelings of:,Control and empowerment,"Guilt, shame, and loss of control related to binge eating and purging",Pride in their eating habits,Indifference to their body weight,b,B,132,16-07-2025 14:32
The nurse is caring for a patient with Bulimia Nervosa. It is important to monitor for:,Bradycardia and hypothermia,"Dental erosion, electrolyte imbalances, and signs of self-induced vomiting",Severe weight loss,Lanugo and amenorrhea,b,B,132,16-07-2025 14:32
Cognitive Behavioral Therapy (CBT) is a type of psychotherapy that focuses on:,Exploring unconscious conflicts from childhood,Identifying and changing negative thought patterns and behaviors,Using medication to manage symptoms,Group therapy and social support,b,B,132,16-07-2025 14:32
Dialectical Behavior Therapy (DBT) is often used to treat:,Schizophrenia,Borderline Personality Disorder,Obsessive-Compulsive Disorder,Major Depressive Disorder,b,B,132,16-07-2025 14:32
"The Mental Status Examination (MSE) assesses various aspects of a patient's mental functioning, including:",Physical health and vital signs,"Appearance, behavior, speech, mood, affect, thought process, thought content, perception, cognition, insight, and judgment",Social history and family relationships,Laboratory results and diagnostic tests,b,B,132,16-07-2025 14:32
Which of the following is a key component of the MSE that assesses a patient's awareness of their illness and need for treatment?,Appearance,Insight,Memory,Abstract thinking,b,B,132,16-07-2025 14:32
"The nurse is assessing a patient who is exhibiting rapid, pressured speech and flight of ideas. This is characteristic of:",Depression,Mania,Anxiety,Psychosis,b,B,133,16-07-2025 14:32
"A patient states, ""The television is sending me secret messages."" This is an example of a:",Delusion of grandeur,Delusion of persecution,Delusion of reference,Somatic delusion,c,C,133,16-07-2025 14:32
The nurse is caring for a patient who is experiencing command hallucinations. The priority nursing intervention is to:,Tell the patient to ignore the voices,Assess the content of the commands and the patient's intent to act on them,Engage the patient in a distracting activity,Document the hallucinations and do nothing,b,B,133,16-07-2025 14:32
A patient with Obsessive-Compulsive Disorder (OCD) performs rituals to:,Gain attention,Reduce anxiety associated with obsessive thoughts,Manipulate others,Express anger,b,B,133,16-07-2025 14:32
Exposure and Response Prevention (ERP) is a behavioral therapy commonly used to treat:,Depression,Bipolar Disorder,Obsessive-Compulsive Disorder (OCD),Schizophrenia,c,C,133,16-07-2025 14:32
The nurse is educating a patient about the importance of sleep hygiene. Which of the following recommendations is appropriate?,Consume caffeine before bedtime,Engage in vigorous exercise right before sleep,Establish a regular sleep schedule and create a relaxing bedtime routine,Use the bed for activities other than sleep,c,C,133,16-07-2025 14:32
Which of the following is a common symptom of Generalized Anxiety Disorder (GAD)?,"Sudden, intense episodes of fear","Persistent, excessive worry about various life events",Fear of social situations,Recurrent intrusive thoughts and compulsive behaviors,b,B,133,16-07-2025 14:32
Benzodiazepines are often prescribed for short-term management of anxiety because they:,Are non-addictive,Have a rapid onset of action and reduce anxiety,Do not cause sedation,Are effective for long-term use,b,B,133,16-07-2025 14:32
The nurse is educating a patient about the potential for dependence with benzodiazepines. Which of the following statements is accurate?,Benzodiazepines can be stopped abruptly without consequences,Long-term use can lead to physical and psychological dependence,Benzodiazepines are safe for daily use indefinitely,Dependence only occurs with very high doses,b,B,133,16-07-2025 14:32
Buspirone (Buspar) is an anxiolytic medication that:,Has a rapid onset of action,Is non-addictive and has a slower onset of action compared to benzodiazepines,Causes significant sedation,Is used for acute anxiety attacks,b,B,133,16-07-2025 14:32
Which of the following is a common symptom of Panic Disorder?,"Persistent, low-level anxiety","Sudden, unexpected panic attacks with physical symptoms like palpitations, shortness of breath, and dizziness",Fear of specific objects or situations,Excessive worry about health,b,B,133,16-07-2025 14:32
Agoraphobia is often associated with Panic Disorder and involves a fear of:,Social situations,Open or public places where escape might be difficult or help unavailable during a panic attack,Specific animals,Heights,b,B,133,16-07-2025 14:32
The nurse is providing psychoeducation to a patient with Panic Disorder. Which of the following is an important concept to teach?,Panic attacks are life-threatening,Panic attacks are a normal response to stress,"Panic attacks are treatable, and coping strategies can be learned",Avoiding all situations that might trigger panic is the best approach,c,C,133,16-07-2025 14:32
Social Anxiety Disorder (Social Phobia) is characterized by:,Fear of being alone,Intense fear of social situations where one might be judged or scrutinized by others,Fear of specific objects,Fear of public speaking only,b,B,133,16-07-2025 14:32
Which of the following is a common intervention for Social Anxiety Disorder?,Encouraging social isolation,Exposure therapy and social skills training,Avoiding eye contact,Relying solely on medication,b,B,133,16-07-2025 14:32
Specific Phobias involve:,Generalized anxiety,"Intense, irrational fear of a specific object or situation (e.g., spiders, heights, flying)",Fear of social interaction,Fear of abandonment,b,B,133,16-07-2025 14:32
Systematic Desensitization is a behavioral therapy used to treat phobias by:,Forcing exposure to the feared object immediately,Gradually exposing the individual to the feared object or situation while teaching relaxation techniques,Avoiding the feared object entirely,Using medication to suppress fear,b,B,133,16-07-2025 14:32
Which of the following is a common symptom of Bipolar I Disorder?,Only depressive episodes,"At least one manic episode, often alternating with depressive episodes",Only hypomanic episodes,Persistent depressive mood,b,B,133,16-07-2025 14:32
"A manic episode is characterized by a distinct period of abnormally and persistently elevated, expansive, or irritable mood and abnormally and persistently increased goal-directed activity or energy, lasting at least:",24 hours,3 days,1 week,2 weeks,c,C,133,16-07-2025 14:32
Hypomania is a less severe form of mania that:,Requires hospitalization,Does not cause significant impairment in social or occupational functioning,Is always followed by a major depressive episode,Is treated with antipsychotics only,b,B,133,16-07-2025 14:32
Which of the following is a common mood stabilizer used to treat Bipolar Disorder?,Fluoxetine (Prozac),Lithium,Lorazepam (Ativan),Haloperidol (Haldol),b,B,133,16-07-2025 14:32
The nurse is educating a patient on Lithium about the importance of regular blood tests to monitor:,Liver function,Thyroid function and Lithium levels,Kidney function,Blood sugar levels,b,B,133,16-07-2025 14:32
Valproate (Depakote) is an anticonvulsant medication also used as a mood stabilizer. The nurse should monitor for which side effect?,Weight loss,"Hair loss, tremor, and weight gain",Insomnia,Dry mouth,b,B,133,16-07-2025 14:32
Lamotrigine (Lamictal) is a mood stabilizer that requires careful monitoring for:,Liver toxicity,Stevens-Johnson Syndrome (a severe skin rash),Kidney stones,Blood clots,b,B,133,16-07-2025 14:32
Which of the following is a common symptom of Major Depressive Disorder?,Elevated mood and increased energy,"Persistent sadness, anhedonia (loss of pleasure), changes in sleep and appetite, fatigue, and feelings of worthlessness",Hallucinations and delusions,Impulsivity and risk-taking behavior,b,B,133,16-07-2025 14:32
The nurse is caring for a patient with severe depression. Which of the following interventions is most appropriate?,Encourage the patient to,"Provide a safe and supportive environment, encourage small achievable goals, and monitor for suicidal ideation",Tell them to cheer up,Isolate them from others,b,B,133,16-07-2025 14:32
Selective Serotonin Reuptake Inhibitors (SSRIs) work by:,Increasing the reuptake of serotonin,"Blocking the reuptake of serotonin, leading to increased serotonin levels in the brain",Decreasing the production of serotonin,Directly stimulating serotonin receptors,b,B,133,16-07-2025 14:32
"Serotonin Syndrome is a potentially life-threatening condition that can occur with increased serotonin levels, characterized by:",Bradycardia and hypotension,"Mental status changes, autonomic hyperactivity (e.g., tachycardia, sweating), and neuromuscular abnormalities (e.g., tremors, hyperreflexia)",Sedation and weight gain,Dry mouth and constipation,b,B,133,16-07-2025 14:32
Which of the following is a common side effect of Tricyclic Antidepressants (TCAs)?,Insomnia and weight loss,"Anticholinergic effects (e.g., dry mouth, constipation, blurred vision), orthostatic hypotension, and cardiac arrhythmias",Sexual dysfunction,Nausea and diarrhea,b,B,133,16-07-2025 14:32
Monoamine Oxidase Inhibitors (MAOIs) require dietary restrictions to avoid a hypertensive crisis. Which of the following foods should be avoided?,Fresh fruits and vegetables,"Tyramine-rich foods (e.g., aged cheeses, cured meats, red wine)",Lean proteins,Whole grains,b,B,133,16-07-2025 14:32
Which of the following is a common symptom of Schizophrenia?,Stable mood and clear thinking,"Delusions, hallucinations, disorganized speech, disorganized behavior, and negative symptoms",Excessive social interaction,Normal emotional expression,b,B,133,16-07-2025 14:32
The prodromal phase of schizophrenia is characterized by:,Full-blown psychotic symptoms,"Subtle changes in behavior, thinking, and functioning that precede the onset of acute psychosis",Complete remission of symptoms,Only negative symptoms,b,B,133,16-07-2025 14:32
First-generation (typical) antipsychotics primarily block which neurotransmitter receptor?,Serotonin,Dopamine D2,Norepinephrine,GABA,b,B,133,16-07-2025 14:32
Second-generation (atypical) antipsychotics are often preferred because they:,Cause more extrapyramidal side effects,"Have a broader mechanism of action, targeting both dopamine and serotonin receptors, and generally cause fewer extrapyramidal side effects",Are less effective for negative symptoms,Are more sedating,b,B,133,16-07-2025 14:32
Clozapine (Clozaril) is an atypical antipsychotic that is highly effective but requires close monitoring for:,Weight gain,Agranulocytosis (a severe drop in white blood cell count),Diabetes,Tardive dyskinesia,b,B,133,16-07-2025 14:32
"Metabolic Syndrome is a common side effect of atypical antipsychotics, characterized by:","Weight loss, low blood sugar, and low cholesterol","Abdominal obesity, high blood pressure, high blood sugar, and abnormal cholesterol levels",Muscle wasting and dehydration,Increased physical activity,b,B,133,16-07-2025 14:32
Which of the following is a common symptom of Generalized Anxiety Disorder (GAD)?,"Sudden, intense episodes of fear","Persistent, excessive worry about various life events, difficulty controlling the worry, and physical symptoms like restlessness and fatigue",Fear of social situations,Recurrent intrusive thoughts and compulsive behaviors,b,B,133,16-07-2025 14:32
Cognitive Behavioral Therapy (CBT) for GAD focuses on:,Exploring past traumas,"Identifying and challenging anxious thoughts, and developing coping strategies for worry",Medication management only,Relaxation techniques only,b,B,133,16-07-2025 14:32
Which of the following is a common symptom of Obsessive-Compulsive Disorder (OCD)?,Persistent sadness and loss of interest,"Recurrent, intrusive, unwanted thoughts (obsessions) and repetitive behaviors or mental acts (compulsions) performed to reduce anxiety",Grandiosity and impulsivity,Flashbacks and nightmares,b,B,133,16-07-2025 14:32
Exposure and Response Prevention (ERP) for OCD involves:,Avoiding triggers completely,Gradually exposing the individual to feared situations or thoughts while preventing them from engaging in their usual compulsive rituals,Only medication,Talking about the obsessions without confronting them,b,B,133,16-07-2025 14:32
Which of the following is a common symptom of Post-Traumatic Stress Disorder (PTSD)?,Euphoria and increased energy,"Re-experiencing the traumatic event (e.g., flashbacks, nightmares), avoidance of trauma-related stimuli, negative alterations in cognitions and mood, and hyperarousal",Lack of emotional response,Increased social engagement,b,B,133,16-07-2025 14:32
Eye Movement Desensitization and Reprocessing (EMDR) is a psychotherapy technique used to treat:,Depression,PTSD,Bipolar Disorder,Schizophrenia,b,B,133,16-07-2025 14:32
Which of the following is a common symptom of Borderline Personality Disorder (BPD)?,Stable sense of self and relationships,"Instability in interpersonal relationships, self-image, and affects, and marked impulsivity",Lack of empathy and disregard for others,Excessive need for admiration,b,B,133,16-07-2025 14:32
Dialectical Behavior Therapy (DBT) for BPD focuses on:,Suppressing emotions,"Teaching skills in mindfulness, distress tolerance, emotion regulation, and interpersonal effectiveness",Confronting past traumas directly,Medication management only,b,B,133,16-07-2025 14:32
Which of the following is a common symptom of Antisocial Personality Disorder (ASPD)?,Empathy and remorse,"A pervasive pattern of disregard for and violation of the rights of others, occurring since age 15",Social anxiety and withdrawal,Excessive dependence on others,b,B,133,16-07-2025 14:32
The nurse is caring for a patient with ASPD. It is important to:,Be easily manipulated,"Set clear, consistent boundaries and enforce rules firmly",Engage in power struggles,Ignore their manipulative behaviors,b,B,133,16-07-2025 14:32
Which of the following is a common symptom of Narcissistic Personality Disorder (NPD)?,Low self-esteem and self-doubt,"A pervasive pattern of grandiosity, a need for admiration, and a lack of empathy",Social withdrawal,Excessive modesty,b,B,133,16-07-2025 14:32
The nurse is caring for a patient with NPD. It is important to:,Constantly praise and admire them,"Maintain a neutral, professional demeanor and avoid engaging in power struggles or debates about their grandiosity",Challenge their delusions directly,Allow them to dominate conversations,b,B,133,16-07-2025 14:32
Which of the following is a common symptom of Histrionic Personality Disorder (HPD)?,Emotional detachment,Excessive emotionality and attention-seeking behavior,Social anxiety,Rigidity and perfectionism,b,B,133,16-07-2025 14:32
The nurse is caring for a patient with HPD. It is important to:,Reinforce their attention-seeking behaviors,"Set clear boundaries, use concrete and descriptive language, and avoid reinforcing dramatic behaviors",Engage in their dramatic narratives,Ignore them completely,b,B,133,16-07-2025 14:32
Which of the following is a common symptom of Avoidant Personality Disorder (APD)?,Grandiosity and self-importance,"Social inhibition, feelings of inadequacy, and hypersensitivity to negative evaluation",Lack of empathy,Impulsivity,b,B,134,16-07-2025 14:32
The nurse is caring for a patient with APD. It is important to:,Force them into social situations,"Create a safe, supportive, and non-judgmental environment, and gradually encourage social interaction",Criticize their social fears,Avoid all social interaction with them,b,B,134,16-07-2025 14:32
Which of the following is a common symptom of Dependent Personality Disorder (DPD)?,Independence and self-reliance,A pervasive and excessive need to be taken care of that leads to submissive and clinging behavior and fears of separation,Disregard for others,Grandiosity,b,B,134,16-07-2025 14:32
The nurse is caring for a patient with DPD. It is important to:,Make all decisions for them,"Encourage independent decision-making and self-care, while providing support and reassurance",Criticize their need for help,Foster their dependence,b,B,134,16-07-2025 14:32
Which of the following is a common symptom of Obsessive-Compulsive Personality Disorder (OCPD)?,Flexibility and spontaneity,"Preoccupation with orderliness, perfectionism, and mental and interpersonal control, at the expense of flexibility, openness, and efficiency",Impulsivity,Emotional expressiveness,b,B,134,16-07-2025 14:32
The nurse is caring for a patient with OCPD. It is important to:,Encourage their perfectionism,"Help them recognize the impact of their perfectionism on their relationships and functioning, and encourage flexibility",Criticize their need for control,Reinforce their rigid routines,b,B,134,16-07-2025 14:32
Which of the following is a common symptom of Schizoid Personality Disorder?,Strong desire for close relationships,Pervasive pattern of detachment from social relationships and a restricted range of expression of emotions in interpersonal settings,Excessive emotionality,Grandiosity,b,B,134,16-07-2025 14:32
The nurse is caring for a patient with Schizoid Personality Disorder. It is important to:,Force social interaction,"Respect their need for solitude, avoid pushing for intimacy, and focus on practical needs",Criticize their lack of emotion,Encourage them to express intense emotions,b,B,134,16-07-2025 14:32
Which of the following is a common symptom of Schizotypal Personality Disorder?,Normal thought patterns and perceptions,"A pervasive pattern of social and interpersonal deficits marked by acute discomfort with, and reduced capacity for, close relationships as well as by cognitive or perceptual distortions and eccentricities of behavior",Emotional stability,Conventional beliefs,b,B,134,16-07-2025 14:32
The nurse is caring for a patient with Schizotypal Personality Disorder. It is important to:,Reinforce their eccentric beliefs,"Respect their unusual beliefs while gently redirecting to reality, and focus on building rapport and trust",Dismiss their experiences as,Encourage social isolation,b,B,134,16-07-2025 14:32
Which of the following is a common symptom of Paranoid Personality Disorder?,Trust and openness,A pervasive distrust and suspiciousness of others such that their motives are interpreted as malevolent,Excessive emotionality,Grandiosity,b,B,134,16-07-2025 14:32
The nurse is caring for a patient with Paranoid Personality Disorder. It is important to:,Be overly friendly and reassuring,"Be straightforward, honest, and consistent, and avoid being overly warm or intrusive",Challenge their paranoid thoughts directly,Engage in their delusional system,b,B,134,16-07-2025 14:32
Which of the following is a common symptom of Delusional Disorder?,Prominent hallucinations,"The presence of one or more delusions with the absence of other psychotic symptoms (e.g., prominent hallucinations, disorganized speech)",Disorganized thought processes,Negative symptoms,b,B,134,16-07-2025 14:32
The nurse is caring for a patient with Delusional Disorder. It is important to:,Argue with the patient about their delusions,"Acknowledge the patient's feelings while gently redirecting from the delusional content, and focus on reality-based topics",Reinforce the delusions,Ignore the patient's delusions,b,B,134,16-07-2025 14:32
Which of the following is a common symptom of Brief Psychotic Disorder?,Psychotic symptoms lasting for years,"The sudden onset of psychotic symptoms (e.g., delusions, hallucinations, disorganized speech) lasting for at least one day but less than one month",Only negative symptoms,Gradual onset of symptoms,b,B,134,16-07-2025 14:32
The nurse is caring for a patient with Brief Psychotic Disorder. It is important to:,Assume the symptoms will be chronic,"Provide a safe and supportive environment, monitor for safety, and facilitate access to appropriate treatment",Dismiss their symptoms as not serious,Encourage them to act on their delusions,b,B,134,16-07-2025 14:32
Which of the following is a common symptom of Schizoaffective Disorder?,Only psychotic symptoms,An uninterrupted period of illness during which there is a major mood episode (depressive or manic) concurrent with Criterion A of schizophrenia,Only mood symptoms,Symptoms that are always brief and self-limiting,b,B,134,16-07-2025 14:32
The nurse is caring for a patient with Schizoaffective Disorder. Treatment often involves:,Only antipsychotics,"A combination of antipsychotics and mood stabilizers or antidepressants, along with psychotherapy",Only psychotherapy,No medication,b,B,134,16-07-2025 14:32
Which of the following is a common symptom of Substance-Induced Psychotic Disorder?,Psychotic symptoms that precede substance use,Prominent hallucinations or delusions that develop during or soon after substance intoxication or withdrawal,Psychotic symptoms that are unrelated to substance use,Psychotic symptoms that resolve spontaneously without intervention,b,B,134,16-07-2025 14:32
The nurse is caring for a patient with Substance-Induced Psychotic Disorder. The priority intervention is to:,Encourage continued substance use,"Ensure patient safety, manage acute intoxication or withdrawal, and facilitate substance abuse treatment",Ignore the substance use,Focus only on the psychotic symptoms,b,B,134,16-07-2025 14:32
Which of the following is a common symptom of Oppositional Defiant Disorder (ODD)?,Compliance and cooperation,"A pattern of angry/irritable mood, argumentative/defiant behavior, or vindictiveness lasting at least 6 months",Extreme social withdrawal,Delusions and hallucinations,b,B,134,16-07-2025 14:32
The nurse is caring for a child with ODD. Interventions often involve:,Punitive measures and harsh discipline,"Parent management training, positive reinforcement, and consistent limit-setting",Ignoring defiant behavior,Allowing the child to control all decisions,b,B,134,16-07-2025 14:32
Which of the following is a common symptom of Conduct Disorder (CD)?,Empathy and remorse,A repetitive and persistent pattern of behavior in which the basic rights of others or major age-appropriate societal norms or rules are violated,Social anxiety and withdrawal,Excessive obedience,b,B,134,16-07-2025 14:32
The nurse is caring for an adolescent with CD. Interventions often involve:,Ignoring their aggressive behaviors,"Multisystemic therapy, cognitive behavioral therapy, and addressing co-occurring mental health issues",Encouraging criminal behavior,Allowing them to manipulate others,b,B,134,16-07-2025 14:32
Which of the following is a common symptom of Attention-Deficit/Hyperactivity Disorder (ADHD)?,Excellent attention span and low activity levels,A persistent pattern of inattention and/or hyperactivity-impulsivity that interferes with functioning or development,Delusions and hallucinations,Social withdrawal,b,B,134,16-07-2025 14:32
The nurse is caring for a child with ADHD. Interventions often involve:,Punishing the child for hyperactivity,"Behavioral therapy, medication (e.g., stimulants), and educational accommodations",Allowing unstructured environments,Ignoring their inattention,b,B,134,16-07-2025 14:32
Which of the following is a common symptom of Autism Spectrum Disorder (ASD)?,Strong social skills and flexible routines,"Persistent deficits in social communication and social interaction across multiple contexts, and restricted, repetitive patterns of behavior, interests, or activities",Normal language development,Absence of sensory sensitivities,b,B,134,16-07-2025 14:32
The nurse is caring for a child with ASD. Interventions often involve:,Forcing social interaction,"Applied Behavior Analysis (ABA), social skills training, communication interventions, and sensory integration strategies",Ignoring repetitive behaviors,Expecting typical development,b,B,134,16-07-2025 14:32
Which of the following is a common symptom of Intellectual Disability?,Above-average intellectual functioning,"Deficits in intellectual functions (e.g., reasoning, problem-solving, planning) and adaptive functioning (e.g., communication, social participation) that begin during the developmental period",Normal adaptive skills,Absence of developmental delays,b,B,134,16-07-2025 14:32
The nurse is caring for an individual with Intellectual Disability. Interventions often involve:,Expecting them to function independently without support,"Individualized education plans, vocational training, life skills training, and support for independent living",Limiting their opportunities for learning,Ignoring their adaptive deficits,b,B,134,16-07-2025 14:32
Which of the following is a common symptom of Specific Learning Disorder?,Above-average academic achievement,"Difficulties in the acquisition and use of academic skills (e.g., reading, writing, arithmetic) that are substantially and consistently below those expected for the individual's chronological age",Normal academic performance,Absence of learning difficulties,b,B,134,16-07-2025 14:32
The nurse is caring for a child with Specific Learning Disorder. Interventions often involve:,Ignoring their academic struggles,"Specialized educational interventions, accommodations, and addressing co-occurring mental health issues",Expecting them to catch up without support,Punishing them for poor academic performance,b,B,134,16-07-2025 14:32
Which of the following is a common symptom of Tourette's Disorder?,Absence of tics,Multiple motor tics and one or more vocal tics that have been present for more than one year,Only vocal tics,Only motor tics,b,B,134,16-07-2025 14:32
The nurse is caring for a child with Tourette's Disorder. Interventions often involve:,Punishing the child for tics,"Psychoeducation, behavioral interventions (e.g., habit reversal training), and medication (e.g., antipsychotics) if tics are severe",Drawing attention to the tics,Expecting the tics to disappear spontaneously,b,B,134,16-07-2025 14:32
Which of the following is a common symptom of Enuresis?,Voluntary urination at night,"Repeated urination into the bed or on clothes, whether involuntary or intentional, at an age when bladder control is expected (typically after age 5)",Daytime urination only,Absence of urination problems,b,B,134,16-07-2025 14:32
The nurse is caring for a child with Enuresis. Interventions often involve:,Punishing the child for bedwetting,"Behavioral interventions (e.g., enuresis alarms, motivational therapy), fluid management, and addressing underlying medical conditions",Ignoring the problem,Restricting fluids completely,b,B,134,16-07-2025 14:32
Which of the following is a common symptom of Encopresis?,Voluntary defecation in appropriate places,"Repeated passage of feces into inappropriate places (e.g., clothing, floor), whether involuntary or intentional, at an age when bowel control is expected (typically after age 4)",Absence of bowel problems,Only daytime soiling,b,B,134,16-07-2025 14:32
The nurse is caring for a child with Encopresis. Interventions often involve:,Punishing the child for soiling,"Medical management of constipation, behavioral interventions (e.g., toilet training, regular toileting schedule), and family support",Ignoring the problem,Restricting fiber in the diet,b,B,134,16-07-2025 14:32
Which of the following is a common symptom of Separation Anxiety Disorder?,Absence of anxiety when separated from attachment figures,Developmentally inappropriate and excessive fear or anxiety concerning separation from those to whom the individual is attached,Anxiety only in social situations,Generalized anxiety about many things,b,B,134,16-07-2025 14:32
The nurse is caring for a child with Separation Anxiety Disorder. Interventions often involve:,Forcing separation,"Cognitive behavioral therapy, gradual exposure to separation, and family psychoeducation",Dismissing their fears,Encouraging constant proximity to attachment figures,b,B,134,16-07-2025 14:32
Which of the following is a common symptom of Selective Mutism?,Speaking freely in all social situations,"Consistent failure to speak in specific social situations in which there is an expectation for speaking (e.g., school) despite speaking in other situations",Complete absence of speech,Speaking only to strangers,b,B,134,16-07-2025 14:32
The nurse is caring for a child with Selective Mutism. Interventions often involve:,Forcing the child to speak,"Behavioral interventions (e.g., stimulus fading, shaping), play therapy, and addressing underlying anxiety",Ignoring their mutism,Punishing them for not speaking,b,B,134,16-07-2025 14:32
Which of the following is a common symptom of Reactive Attachment Disorder (RAD)?,Secure attachment to caregivers,"A pattern of inhibited, emotionally withdrawn behavior toward adult caregivers, stemming from a history of insufficient care",Indiscriminate friendliness,Normal social interaction,b,B,134,16-07-2025 14:32
The nurse is caring for a child with RAD. Interventions often involve:,Ignoring their emotional withdrawal,"Providing consistent, nurturing care, building trust, and facilitating attachment with a primary caregiver",Frequent changes in caregivers,Punishing them for lack of attachment,b,B,134,16-07-2025 14:32
Which of the following is a common symptom of Disinhibited Social Engagement Disorder (DSED)?,Appropriate caution with strangers,"A pattern of behavior in which a child actively approaches and interacts with unfamiliar adults and exhibits overly familiar verbal or physical behavior, stemming from a history of insufficient care",Extreme shyness,Emotional withdrawal,b,B,134,16-07-2025 14:32
The nurse is caring for a child with DSED. Interventions often involve:,Encouraging indiscriminate friendliness,"Teaching appropriate social boundaries, providing consistent and predictable care, and addressing underlying trauma",Allowing them to approach strangers freely,Ignoring their disinhibited behavior,b,B,134,16-07-2025 14:32
Which of the following is a common symptom of Adjustment Disorder?,"Severe, long-lasting mental illness","The development of emotional or behavioral symptoms in response to an identifiable stressor, occurring within 3 months of the onset of the stressor",Symptoms that are unrelated to any stressor,Symptoms that last for years,b,B,134,16-07-2025 14:32
The nurse is caring for a patient with Adjustment Disorder. Interventions often involve:,Minimizing the impact of the stressor,"Providing support, teaching coping skills, and facilitating problem-solving related to the stressor",Encouraging avoidance of the stressor,Ignoring their emotional distress,b,B,134,16-07-2025 14:32
Which of the following is a common symptom of Somatic Symptom Disorder?,Absence of physical symptoms,"One or more somatic symptoms that are distressing or result in significant disruption of daily life, accompanied by excessive thoughts, feelings, or behaviors related to the somatic symptoms",Only psychological symptoms,Symptoms that are intentionally produced,b,B,134,16-07-2025 14:32
The nurse is caring for a patient with Somatic Symptom Disorder. Interventions often involve:,Dismissing their physical symptoms as,"Acknowledging their symptoms, focusing on functional improvement, and avoiding excessive medical workups",Encouraging them to seek multiple medical opinions,Telling them it's all in their head,b,B,134,16-07-2025 14:32
Which of the following is a common symptom of Illness Anxiety Disorder (Hypochondriasis)?,Absence of health concerns,"Preoccupation with having or acquiring a serious illness, despite the absence of significant somatic symptoms",Actual physical symptoms that are distressing,Intentional production of symptoms,b,B,135,16-07-2025 14:32
The nurse is caring for a patient with Illness Anxiety Disorder. Interventions often involve:,Constantly reassuring them that they are not ill,"Providing consistent, brief, and regularly scheduled appointments, focusing on stress management, and avoiding unnecessary medical tests",Encouraging extensive medical investigations,Dismissing their health fears,b,B,135,16-07-2025 14:32
Which of the following is a common symptom of Conversion Disorder (Functional Neurological Symptom Disorder)?,Intentional production of neurological symptoms,One or more symptoms of altered voluntary motor or sensory function that are incompatible with recognized neurological or medical conditions,Actual neurological damage,Absence of any physical symptoms,b,B,135,16-07-2025 14:32
The nurse is caring for a patient with Conversion Disorder. Interventions often involve:,Focusing solely on the physical symptoms,"Acknowledging the symptoms, focusing on functional improvement, and addressing underlying psychological stressors",Telling the patient they are faking their symptoms,Encouraging them to believe their symptoms are purely physical,b,B,135,16-07-2025 14:32
Which of the following is a common symptom of Factitious Disorder (Munchausen Syndrome)?,Unintentional production of symptoms,"Falsification of physical or psychological signs or symptoms, or induction of injury or disease, associated with identified deception",Symptoms that are clearly attributable to a medical condition,"Symptoms produced for external gain (e.g., financial compensation)",b,B,135,16-07-2025 14:32
The nurse is caring for a patient with Factitious Disorder. Interventions often involve:,Confronting the patient directly about their deception,"Maintaining a non-judgmental stance, focusing on safety, and addressing underlying psychological needs without reinforcing the deceptive behavior",Ignoring the deceptive behavior,Providing extensive medical treatment for the fabricated symptoms,b,B,135,16-07-2025 14:32
Which of the following is a common symptom of Malingering?,Unintentional production of symptoms,"Intentional production of false or grossly exaggerated physical or psychological symptoms, motivated by external incentives (e.g., avoiding work, obtaining drugs)",Symptoms that are clearly attributable to a medical condition,Symptoms produced for no apparent reason,b,B,135,16-07-2025 14:32
The nurse is caring for a patient suspected of Malingering. Interventions often involve:,Directly accusing the patient of faking,"Maintaining a neutral, objective stance, documenting discrepancies, and focusing on objective findings rather than subjective complaints",Providing all requested medications,Ignoring any inconsistencies in their story,b,B,135,16-07-2025 14:32
Which of the following is a common symptom of Dissociative Identity Disorder (Multiple Personality Disorder)?,Stable sense of self,"The presence of two or more distinct personality states, each with its own relatively enduring pattern of perceiving, relating to, and thinking about the environment and self",Delusions and hallucinations,Memory loss for only recent events,b,B,135,16-07-2025 14:32
The nurse is caring for a patient with Dissociative Identity Disorder. Interventions often involve:,Ignoring the different personality states,"Establishing safety, building trust, facilitating communication between alters, and integrating personality states through long-term therapy",Encouraging the development of more alters,Telling the patient they are making it up,b,B,135,16-07-2025 14:32
Which of the following is a common symptom of Dissociative Amnesia?,Normal memory function,"An inability to recall important autobiographical information, usually of a traumatic or stressful nature, that is inconsistent with ordinary forgetting",Memory loss due to a medical condition,Intentional forgetting,b,B,135,16-07-2025 14:32
The nurse is caring for a patient with Dissociative Amnesia. Interventions often involve:,Forcing the patient to remember,"Providing a safe and supportive environment, facilitating recall through gentle questioning and relaxation techniques, and addressing underlying trauma",Telling the patient to try harder to remember,Dismissing their memory loss as unimportant,b,B,135,16-07-2025 14:32
Which of the following is a common symptom of Depersonalization/Derealization Disorder?,Feeling fully connected to oneself and reality,Persistent or recurrent experiences of feeling detached from one's own body or mental processes (depersonalization) or from one's surroundings (derealization),Delusions and hallucinations,Memory loss,b,B,135,16-07-2025 14:32
The nurse is caring for a patient with Depersonalization/Derealization Disorder. Interventions often involve:,Telling the patient their feelings are not real,"Grounding techniques, reality testing, and addressing underlying anxiety or trauma",Encouraging detachment,Ignoring their subjective experiences,b,B,135,16-07-2025 14:32
Which of the following is a common symptom of Neurocognitive Disorder (Dementia)?,Intact cognitive function,"Significant cognitive decline from a previous level of performance in one or more cognitive domains (e.g., memory, attention, language), interfering with independence in everyday activities",Only memory loss,Symptoms that are reversible,b,B,135,16-07-2025 14:32
The nurse is caring for a patient with Neurocognitive Disorder. Interventions often involve:,Arguing with the patient about their delusions,"Providing a safe and structured environment, maintaining routines, using reality orientation and validation techniques, and supporting caregivers",Encouraging social isolation,Expecting them to remember everything,b,B,135,16-07-2025 14:32
Which of the following is a common symptom of Delirium?,Gradual onset of cognitive decline,A disturbance in attention and awareness that develops over a short period of time and tends to fluctuate during the course of a day,Stable cognitive function,Permanent cognitive impairment,b,B,135,16-07-2025 14:32
The nurse is caring for a patient with Delirium. Interventions often involve:,Ignoring the fluctuating symptoms,"Identifying and treating the underlying cause, maintaining a consistent environment, and providing reorientation and reassurance",Restraining the patient immediately,Administering sedatives to suppress symptoms,b,B,135,16-07-2025 14:32
Which of the following is a common symptom of Neurodevelopmental Disorders?,Normal development in all areas,"A group of conditions with onset in the developmental period, characterized by developmental deficits that produce impairments of personal, social, academic, or occupational functioning",Symptoms that appear only in adulthood,Symptoms that are easily reversible,b,B,135,16-07-2025 14:32
The nurse is caring for a child with a Neurodevelopmental Disorder. Interventions often involve:,Expecting them to catch up to peers without support,"Early intervention, individualized education plans, behavioral therapies, and family support",Ignoring their developmental delays,Punishing them for developmental challenges,b,B,135,16-07-2025 14:32
Which of the following is a common symptom of Disruptive Mood Dysregulation Disorder (DMDD)?,Stable and calm mood,"Severe recurrent temper outbursts that are grossly out of proportion in intensity or duration to the situation, and persistent irritable or angry mood between outbursts",Only sadness,Only manic episodes,b,B,135,16-07-2025 14:32
The nurse is caring for a child with DMDD. Interventions often involve:,Ignoring the temper outbursts,"Parent training, cognitive behavioral therapy, and sometimes medication to manage severe irritability",Reinforcing aggressive behavior,Allowing the child to control the household,b,B,135,16-07-2025 14:32
Which of the following is a common symptom of Premenstrual Dysphoric Disorder (PMDD)?,Absence of mood symptoms before menstruation,"Significant mood swings, irritability, depression, or anxiety that occur in the week before menstruation and resolve shortly after the onset of menses",Symptoms that are present throughout the menstrual cycle,Only physical symptoms,b,B,135,16-07-2025 14:32
The nurse is caring for a patient with PMDD. Interventions often involve:,Dismissing their symptoms as,"Lifestyle modifications, stress management, cognitive behavioral therapy, and sometimes medication (e.g., SSRIs)",Encouraging them to ignore their symptoms,Only recommending pain relievers,b,B,135,16-07-2025 14:32
Which of the following is a common symptom of Hoarding Disorder?,Minimal possessions and an organized living space,"Persistent difficulty discarding or parting with possessions, regardless of their actual value, resulting in clutter that congests and clutters active living areas",Enjoyment of discarding items,Only collecting valuable items,b,B,135,16-07-2025 14:32
The nurse is caring for a patient with Hoarding Disorder. Interventions often involve:,Forcing them to discard all their possessions immediately,"Cognitive behavioral therapy, motivational interviewing, and gradual decluttering with support",Ignoring the hoarding behavior,Criticizing their attachment to possessions,b,B,135,16-07-2025 14:32
Which of the following is a common symptom of Trichotillomania (Hair-Pulling Disorder)?,Absence of hair pulling,"Recurrent pulling out of one’s own hair, resulting in hair loss, and repeated attempts to decrease or stop hair pulling",Hair loss due to a medical condition,Pulling out other people’s hair,b,B,135,16-07-2025 14:32
The nurse is caring for a patient with Trichotillomania. Interventions often involve:,Punishing them for hair pulling,"Habit reversal training, cognitive behavioral therapy, and addressing underlying anxiety or stress",Ignoring the hair pulling,Telling them to just stop pulling their hair,b,B,135,16-07-2025 14:32
Which of the following is a common symptom of Excoriation (Skin-Picking) Disorder?,Absence of skin picking,"Recurrent skin picking resulting in skin lesions, and repeated attempts to decrease or stop skin picking",Skin lesions due to a medical condition,Picking at other people’s skin,b,B,135,16-07-2025 14:32
The nurse is caring for a patient with Excoriation Disorder. Interventions often involve:,Punishing them for skin picking,"Habit reversal training, cognitive behavioral therapy, and addressing underlying anxiety or stress",Ignoring the skin picking,Telling them to just stop picking their skin,b,B,135,16-07-2025 14:32
Which of the following is a common symptom of Body Dysmorphic Disorder (BDD)?,Satisfaction with one’s appearance,"Preoccupation with one or more perceived defects or flaws in physical appearance that are not observable or appear slight to others, and repetitive behaviors (e.g., mirror checking, excessive grooming) in response to the appearance concerns",Actual physical deformities,Absence of concern about appearance,b,B,135,16-07-2025 14:32
The nurse is caring for a patient with BDD. Interventions often involve:,Reassuring them that they look fine,"Cognitive behavioral therapy, exposure and response prevention, and sometimes medication (e.g., SSRIs)",Encouraging cosmetic surgery,Dismissing their appearance concerns,b,B,135,16-07-2025 14:32
Which of the following is a common symptom of Olfactory Reference Syndrome?,Absence of concern about body odor,"Preoccupation with the belief that one emits a foul or offensive body odor, which is not perceived by others",Actual foul body odor,Concern about other people’s body odor,b,B,135,16-07-2025 14:32
The nurse is caring for a patient with Olfactory Reference Syndrome. Interventions often involve:,Reassuring them that they don’t smell bad,"Cognitive behavioral therapy, exposure and response prevention, and addressing underlying anxiety or obsessive thoughts",Encouraging excessive hygiene practices,Dismissing their concerns about odor,b,B,135,16-07-2025 14:32
Which of the following is a common symptom of Other Specified Obsessive-Compulsive and Related Disorder?,Symptoms that meet full criteria for a specific OCD or related disorder,Symptoms characteristic of an obsessive-compulsive and related disorder that cause clinically significant distress or impairment but do not meet the full criteria for any of the disorders in this diagnostic class,Absence of any obsessive-compulsive symptoms,Symptoms that are always mild and transient,b,B,135,16-07-2025 14:32
The nurse is caring for a patient with Other Specified Obsessive-Compulsive and Related Disorder. Interventions often involve:,Ignoring their symptoms,"Individualized treatment based on the specific symptoms, often including cognitive behavioral therapy and addressing underlying anxiety",Telling them their symptoms are not serious,Expecting them to recover without treatment,b,B,135,16-07-2025 14:32
Which of the following is a common symptom of Unspecified Obsessive-Compulsive and Related Disorder?,Symptoms that meet full criteria for a specific OCD or related disorder,Symptoms characteristic of an obsessive-compulsive and related disorder that cause clinically significant distress or impairment but the clinician chooses not to specify the reason the criteria are not met for a specific disorder,Absence of any obsessive-compulsive symptoms,Symptoms that are always mild and transient,b,B,135,16-07-2025 14:32
The nurse is caring for a patient with Unspecified Obsessive-Compulsive and Related Disorder. Interventions often involve:,Ignoring their symptoms,"Individualized treatment based on the specific symptoms, often including cognitive behavioral therapy and addressing underlying anxiety",Telling them their symptoms are not serious,Expecting them to recover without treatment,b,B,135,16-07-2025 14:32
Which of the following is a common symptom of Other Specified Trauma- and Stressor-Related Disorder?,Symptoms that meet full criteria for a specific trauma or stressor-related disorder,Symptoms characteristic of a trauma- and stressor-related disorder that cause clinically significant distress or impairment but do not meet the full criteria for any of the disorders in this diagnostic class,Absence of any trauma or stressor-related symptoms,Symptoms that are always mild and transient,b,B,135,16-07-2025 14:32
The nurse is caring for a patient with Other Specified Trauma- and Stressor-Related Disorder. Interventions often involve:,Ignoring their symptoms,"Individualized treatment based on the specific symptoms, often including trauma-focused therapy and addressing underlying anxiety or depression",Telling them their symptoms are not serious,Expecting them to recover without treatment,b,B,135,16-07-2025 14:32
Which of the following is a common symptom of Unspecified Trauma- and Stressor-Related Disorder?,Symptoms that meet full criteria for a specific trauma or stressor-related disorder,Symptoms characteristic of a trauma- and stressor-related disorder that cause clinically significant distress or impairment but the clinician chooses not to specify the reason the criteria are not met for a specific disorder,Absence of any trauma or stressor-related symptoms,Symptoms that are always mild and transient,b,B,135,16-07-2025 14:32
The nurse is caring for a patient with Unspecified Trauma- and Stressor-Related Disorder. Interventions often involve:,Ignoring their symptoms,"Individualized treatment based on the specific symptoms, often including trauma-focused therapy and addressing underlying anxiety or depression",Telling them their symptoms are not serious,Expecting them to recover without treatment,b,B,135,16-07-2025 14:32
Which of the following is a common symptom of Other Specified Dissociative Disorder?,Symptoms that meet full criteria for a specific dissociative disorder,Symptoms characteristic of a dissociative disorder that cause clinically significant distress or impairment but do not meet the full criteria for any of the disorders in this diagnostic class,Absence of any dissociative symptoms,Symptoms that are always mild and transient,b,B,135,16-07-2025 14:32
The nurse is caring for a patient with Other Specified Dissociative Disorder. Interventions often involve:,Ignoring their symptoms,"Individualized treatment based on the specific symptoms, often including psychotherapy focused on integration and trauma resolution",Telling them their symptoms are not real,Expecting them to recover without treatment,b,B,135,16-07-2025 14:32
Which of the following is a common symptom of Unspecified Dissociative Disorder?,Symptoms that meet full criteria for a specific dissociative disorder,Symptoms characteristic of a dissociative disorder that cause clinically significant distress or impairment but the clinician chooses not to specify the reason the criteria are not met for a specific disorder,Absence of any dissociative symptoms,Symptoms that are always mild and transient,b,B,135,16-07-2025 14:32
The nurse is caring for a patient with Unspecified Dissociative Disorder. Interventions often involve:,Ignoring their symptoms,"Individualized treatment based on the specific symptoms, often including psychotherapy focused on integration and trauma resolution",Telling them their symptoms are not real,Expecting them to recover without treatment,b,B,135,16-07-2025 14:32
Which of the following is a common symptom of Other Specified Somatic Symptom and Related Disorder?,Symptoms that meet full criteria for a specific somatic symptom disorder,Symptoms characteristic of a somatic symptom and related disorder that cause clinically significant distress or impairment but do not meet the full criteria for any of the disorders in this diagnostic class,Absence of any somatic symptoms,Symptoms that are always mild and transient,b,B,135,16-07-2025 14:32
The nurse is caring for a patient with Other Specified Somatic Symptom and Related Disorder. Interventions often involve:,Ignoring their symptoms,"Individualized treatment based on the specific symptoms, often including cognitive behavioral therapy and focusing on functional improvement",Telling them their symptoms are not real,Expecting them to recover without treatment,b,B,135,16-07-2025 14:32
Which of the following is a common symptom of Unspecified Somatic Symptom and Related Disorder?,Symptoms that meet full criteria for a specific somatic symptom disorder,Symptoms characteristic of a somatic symptom and related disorder that cause clinically significant distress or impairment but the clinician chooses not to specify the reason the criteria are not met for a specific disorder,Absence of any somatic symptoms,Symptoms that are always mild and transient,b,B,135,16-07-2025 14:32
The nurse is caring for a patient with Unspecified Somatic Symptom and Related Disorder. Interventions often involve:,Ignoring their symptoms,"Individualized treatment based on the specific symptoms, often including cognitive behavioral therapy and focusing on functional improvement",Telling them their symptoms are not real,Expecting them to recover without treatment,b,B,135,16-07-2025 14:32
Which of the following is a common symptom of Other Specified Feeding or Eating Disorder?,Symptoms that meet full criteria for a specific feeding or eating disorder,Symptoms characteristic of a feeding or eating disorder that cause clinically significant distress or impairment but do not meet the full criteria for any of the disorders in this diagnostic class,Absence of any feeding or eating disorder symptoms,Symptoms that are always mild and transient,b,B,136,16-07-2025 14:32
The nurse is caring for a patient with Other Specified Feeding or Eating Disorder. Interventions often involve:,Ignoring their symptoms,"Individualized treatment based on the specific symptoms, often including nutritional rehabilitation, psychotherapy, and medical monitoring",Telling them their symptoms are not serious,Expecting them to recover without treatment,b,B,136,16-07-2025 14:32
Which of the following is a common symptom of Unspecified Feeding or Eating Disorder?,Symptoms that meet full criteria for a specific feeding or eating disorder,Symptoms characteristic of a feeding or eating disorder that cause clinically significant distress or impairment but the clinician chooses not to specify the reason the criteria are not met for a specific disorder,Absence of any feeding or eating disorder symptoms,Symptoms that are always mild and transient,b,B,136,16-07-2025 14:32
The nurse is caring for a patient with Unspecified Feeding or Eating Disorder. Interventions often involve:,Ignoring their symptoms,"Individualized treatment based on the specific symptoms, often including nutritional rehabilitation, psychotherapy, and medical monitoring",Telling them their symptoms are not serious,Expecting them to recover without treatment,b,B,136,16-07-2025 14:32
Which of the following is a common symptom of Other Specified Elimination Disorder?,Symptoms that meet full criteria for a specific elimination disorder,Symptoms characteristic of an elimination disorder that cause clinically significant distress or impairment but do not meet the full criteria for any of the disorders in this diagnostic class,Absence of any elimination disorder symptoms,Symptoms that are always mild and transient,b,B,136,16-07-2025 14:32
The nurse is caring for a patient with Other Specified Elimination Disorder. Interventions often involve:,Ignoring their symptoms,"Individualized treatment based on the specific symptoms, often including behavioral interventions and addressing underlying medical or psychological issues",Telling them their symptoms are not serious,Expecting them to recover without treatment,b,B,136,16-07-2025 14:32
Which of the following is a common symptom of Unspecified Elimination Disorder?,Symptoms that meet full criteria for a specific elimination disorder,Symptoms characteristic of an elimination disorder that cause clinically significant distress or impairment but the clinician chooses not to specify the reason the criteria are not met for a specific disorder,Absence of any elimination disorder symptoms,Symptoms that are always mild and transient,b,B,136,16-07-2025 14:32
The nurse is caring for a patient with Unspecified Elimination Disorder. Interventions often involve:,Ignoring their symptoms,"Individualized treatment based on the specific symptoms, often including behavioral interventions and addressing underlying medical or psychological issues",Telling them their symptoms are not serious,Expecting them to recover without treatment,b,B,136,16-07-2025 14:32
Which of the following is a common symptom of Other Specified Sleep-Wake Disorder?,Symptoms that meet full criteria for a specific sleep-wake disorder,Symptoms characteristic of a sleep-wake disorder that cause clinically significant distress or impairment but do not meet the full criteria for any of the disorders in this diagnostic class,Absence of any sleep-wake disorder symptoms,Symptoms that are always mild and transient,b,B,136,16-07-2025 14:32
The nurse is caring for a patient with Other Specified Sleep-Wake Disorder. Interventions often involve:,Ignoring their symptoms,"Individualized treatment based on the specific symptoms, often including sleep hygiene education, cognitive behavioral therapy for insomnia (CBT-I), and addressing underlying medical or psychological issues",Telling them their symptoms are not serious,Expecting them to recover without treatment,b,B,136,16-07-2025 14:32
Which of the following is a common symptom of Unspecified Sleep-Wake Disorder?,Symptoms that meet full criteria for a specific sleep-wake disorder,Symptoms characteristic of a sleep-wake disorder that cause clinically significant distress or impairment but the clinician chooses not to specify the reason the criteria are not met for a specific disorder,Absence of any sleep-wake disorder symptoms,Symptoms that are always mild and transient,b,B,136,16-07-2025 14:32
The nurse is caring for a patient with Unspecified Sleep-Wake Disorder. Interventions often involve:,Ignoring their symptoms,"Individualized treatment based on the specific symptoms, often including sleep hygiene education, cognitive behavioral therapy for insomnia (CBT-I), and addressing underlying medical or psychological issues",Telling them their symptoms are not serious,Expecting them to recover without treatment,b,B,136,16-07-2025 14:32
Which of the following is a common symptom of Other Specified Sexual Dysfunction?,Symptoms that meet full criteria for a specific sexual dysfunction,Symptoms characteristic of a sexual dysfunction that cause clinically significant distress or impairment but do not meet the full criteria for any of the disorders in this diagnostic class,Absence of any sexual dysfunction symptoms,Symptoms that are always mild and transient,b,B,136,16-07-2025 14:32
The nurse is caring for a patient with Other Specified Sexual Dysfunction. Interventions often involve:,Ignoring their symptoms,"Individualized treatment based on the specific symptoms, often including sex therapy, couples counseling, and addressing underlying medical or psychological issues",Telling them their symptoms are not serious,Expecting them to recover without treatment,b,B,136,16-07-2025 14:32
Which of the following is a common symptom of Unspecified Sexual Dysfunction?,Symptoms that meet full criteria for a specific sexual dysfunction,Symptoms characteristic of a sexual dysfunction that cause clinically significant distress or impairment but the clinician chooses not to specify the reason the criteria are not met for a specific disorder,Absence of any sexual dysfunction symptoms,Symptoms that are always mild and transient,b,B,136,16-07-2025 14:32
The nurse is caring for a patient with Unspecified Sexual Dysfunction. Interventions often involve:,Ignoring their symptoms,"Individualized treatment based on the specific symptoms, often including sex therapy, couples counseling, and addressing underlying medical or psychological issues",Telling them their symptoms are not serious,Expecting them to recover without treatment,b,B,136,16-07-2025 14:32
Which of the following is a common symptom of Gender Dysphoria?,Satisfaction with one’s assigned gender,"A marked incongruence between one’s experienced/expressed gender and assigned gender, causing clinically significant distress or impairment",Absence of any gender-related concerns,Symptoms that are always transient,b,B,136,16-07-2025 14:32
The nurse is caring for a patient with Gender Dysphoria. Interventions often involve:,Telling them to accept their assigned gender,"Providing support, facilitating access to gender-affirming care (e.g., hormone therapy, surgery), and addressing co-occurring mental health issues",Dismissing their gender identity,Expecting them to change their gender identity,b,B,136,16-07-2025 14:32
"Which of the following is a common symptom of Other Specified Disruptive, Impulse-Control, and Conduct Disorder?","Symptoms that meet full criteria for a specific disruptive, impulse-control, or conduct disorder","Symptoms characteristic of a disruptive, impulse-control, and conduct disorder that cause clinically significant distress or impairment but do not meet the full criteria for any of the disorders in this diagnostic class","Absence of any disruptive, impulse-control, or conduct disorder symptoms",Symptoms that are always mild and transient,b,B,136,16-07-2025 14:32
"The nurse is caring for a patient with Other Specified Disruptive, Impulse-Control, and Conduct Disorder. Interventions often involve:",Ignoring their symptoms,"Individualized treatment based on the specific symptoms, often including behavioral therapy, parent management training, and addressing underlying psychological issues",Telling them their symptoms are not serious,Expecting them to recover without treatment,b,B,136,16-07-2025 14:32
"Which of the following is a common symptom of Unspecified Disruptive, Impulse-Control, and Conduct Disorder?","Symptoms that meet full criteria for a specific disruptive, impulse-control, or conduct disorder","Symptoms characteristic of a disruptive, impulse-control, and conduct disorder that cause clinically significant distress or impairment but the clinician chooses not to specify the reason the criteria are not met for a specific disorder","Absence of any disruptive, impulse-control, or conduct disorder symptoms",Symptoms that are always mild and transient,b,B,136,16-07-2025 14:32
"The nurse is caring for a patient with Unspecified Disruptive, Impulse-Control, and Conduct Disorder. Interventions often involve:",Ignoring their symptoms,"Individualized treatment based on the specific symptoms, often including behavioral therapy, parent management training, and addressing underlying psychological issues",Telling them their symptoms are not serious,Expecting them to recover without treatment,b,B,136,16-07-2025 14:32
Which of the following is a common symptom of Other Specified Substance-Related and Addictive Disorder?,Symptoms that meet full criteria for a specific substance-related or addictive disorder,Symptoms characteristic of a substance-related and addictive disorder that cause clinically significant distress or impairment but do not meet the full criteria for any of the disorders in this diagnostic class,Absence of any substance-related or addictive disorder symptoms,Symptoms that are always mild and transient,b,B,136,16-07-2025 14:32
The nurse is caring for a patient with Other Specified Substance-Related and Addictive Disorder. Interventions often involve:,Ignoring their symptoms,"Individualized treatment based on the specific symptoms, often including detoxification, counseling, and relapse prevention strategies",Telling them their symptoms are not serious,Expecting them to recover without treatment,b,B,136,16-07-2025 14:32
Which of the following is a common symptom of Unspecified Substance-Related and Addictive Disorder?,Symptoms that meet full criteria for a specific substance-related or addictive disorder,Symptoms characteristic of a substance-related and addictive disorder that cause clinically significant distress or impairment but the clinician chooses not to specify the reason the criteria are not met for a specific disorder,Absence of any substance-related or addictive disorder symptoms,Symptoms that are always mild and transient,b,B,136,16-07-2025 14:32
The nurse is caring for a patient with Unspecified Substance-Related and Addictive Disorder. Interventions often involve:,Ignoring their symptoms,"Individualized treatment based on the specific symptoms, often including detoxification, counseling, and relapse prevention strategies",Telling them their symptoms are not serious,Expecting them to recover without treatment,b,B,136,16-07-2025 14:32
Which of the following is a common symptom of Other Specified Neurocognitive Disorder?,Symptoms that meet full criteria for a specific neurocognitive disorder,Symptoms characteristic of a neurocognitive disorder that cause clinically significant distress or impairment but do not meet the full criteria for any of the disorders in this diagnostic class,Absence of any neurocognitive disorder symptoms,Symptoms that are always mild and transient,b,B,136,16-07-2025 14:32
The nurse is caring for a patient with Other Specified Neurocognitive Disorder. Interventions often involve:,Ignoring their symptoms,"Individualized treatment based on the specific symptoms, often including supportive care, environmental modifications, and addressing underlying medical conditions",Telling them their symptoms are not serious,Expecting them to recover without treatment,b,B,136,16-07-2025 14:32
Which of the following is a common symptom of Unspecified Neurocognitive Disorder?,Symptoms that meet full criteria for a specific neurocognitive disorder,Symptoms characteristic of a neurocognitive disorder that cause clinically significant distress or impairment but the clinician chooses not to specify the reason the criteria are not met for a specific disorder,Absence of any neurocognitive disorder symptoms,Symptoms that are always mild and transient,b,B,136,16-07-2025 14:32
The nurse is caring for a patient with Unspecified Neurocognitive Disorder. Interventions often involve:,Ignoring their symptoms,"Individualized treatment based on the specific symptoms, often including supportive care, environmental modifications, and addressing underlying medical conditions",Telling them their symptoms are not serious,Expecting them to recover without treatment,b,B,136,16-07-2025 14:32
Which of the following is a common symptom of Other Specified Personality Disorder?,Symptoms that meet full criteria for a specific personality disorder,Symptoms characteristic of a personality disorder that cause clinically significant distress or impairment but do not meet the full criteria for any of the disorders in this diagnostic class,Absence of any personality disorder symptoms,Symptoms that are always mild and transient,b,B,136,16-07-2025 14:32
The nurse is caring for a patient with Other Specified Personality Disorder. Interventions often involve:,Ignoring their symptoms,"Individualized treatment based on the specific symptoms, often including psychotherapy and addressing co-occurring mental health issues",Telling them their symptoms are not serious,Expecting them to recover without treatment,b,B,136,16-07-2025 14:32
Which of the following is a common symptom of Unspecified Personality Disorder?,Symptoms that meet full criteria for a specific personality disorder,Symptoms characteristic of a personality disorder that cause clinically significant distress or impairment but the clinician chooses not to specify the reason the criteria are not met for a specific disorder,Absence of any personality disorder symptoms,Symptoms that are always mild and transient,b,B,136,16-07-2025 14:32
The nurse is caring for a patient with Unspecified Personality Disorder. Interventions often involve:,Ignoring their symptoms,"Individualized treatment based on the specific symptoms, often including psychotherapy and addressing co-occurring mental health issues",Telling them their symptoms are not serious,Expecting them to recover without treatment,b,B,136,16-07-2025 14:32
Which of the following is a common symptom of Other Specified Paraphilic Disorder?,Symptoms that meet full criteria for a specific paraphilic disorder,Symptoms characteristic of a paraphilic disorder that cause clinically significant distress or impairment but do not meet the full criteria for any of the disorders in this diagnostic class,Absence of any paraphilic disorder symptoms,Symptoms that are always mild and transient,b,B,136,16-07-2025 14:32
The nurse is caring for a patient with Other Specified Paraphilic Disorder. Interventions often involve:,Ignoring their symptoms,"Individualized treatment based on the specific symptoms, often including psychotherapy and addressing co-occurring mental health issues",Telling them their symptoms are not serious,Expecting them to recover without treatment,b,B,136,16-07-2025 14:32
Which of the following is a common symptom of Unspecified Paraphilic Disorder?,Symptoms that meet full criteria for a specific paraphilic disorder,Symptoms characteristic of a paraphilic disorder that cause clinically significant distress or impairment but the clinician chooses not to specify the reason the criteria are not met for a specific disorder,Absence of any paraphilic disorder symptoms,Symptoms that are always mild and transient,b,B,136,16-07-2025 14:32
The nurse is caring for a patient with Unspecified Paraphilic Disorder. Interventions often involve:,Ignoring their symptoms,"Individualized treatment based on the specific symptoms, often including psychotherapy and addressing co-occurring mental health issues",Telling them their symptoms are not serious,Expecting them to recover without treatment,b,B,136,16-07-2025 14:32
Which of the following is a common symptom of Other Specified Mental Disorder?,Symptoms that meet full criteria for a specific mental disorder,Symptoms characteristic of a mental disorder that cause clinically significant distress or impairment but do not meet the full criteria for any of the disorders in this diagnostic class,Absence of any mental disorder symptoms,Symptoms that are always mild and transient,b,B,136,16-07-2025 14:32
The nurse is caring for a patient with Other Specified Mental Disorder. Interventions often involve:,Ignoring their symptoms,"Individualized treatment based on the specific symptoms, often including psychotherapy, medication, and addressing co-occurring mental health issues",Telling them their symptoms are not serious,Expecting them to recover without treatment,b,B,136,16-07-2025 14:32
Which of the following is a common symptom of Unspecified Mental Disorder?,Symptoms that meet full criteria for a specific mental disorder,Symptoms characteristic of a mental disorder that cause clinically significant distress or impairment but the clinician chooses not to specify the reason the criteria are not met for a specific disorder,Absence of any mental disorder symptoms,Symptoms that are always mild and transient,b,B,136,16-07-2025 14:32
The nurse is caring for a patient with Unspecified Mental Disorder. Interventions often involve:,Ignoring their symptoms,"Individualized treatment based on the specific symptoms, often including psychotherapy, medication, and addressing co-occurring mental health issues",Telling them their symptoms are not serious,Expecting them to recover without treatment,b,B,136,16-07-2025 14:32
Which of the following is a common symptom of Medication-Induced Movement Disorders and Other Adverse Effects of Medication?,Symptoms that are unrelated to medication use,"Movement disorders (e.g., parkinsonism, akathisia, dystonia, tardive dyskinesia) or other adverse effects that develop in association with medication use",Symptoms that are always mild and transient,Symptoms that resolve spontaneously without intervention,b,B,136,16-07-2025 14:32
The nurse is caring for a patient with Medication-Induced Movement Disorders. Interventions often involve:,Increasing the dose of the offending medication,"Discontinuing or reducing the dose of the offending medication (if possible), administering counteracting medications (e.g., anticholinergics), and monitoring for improvement",Ignoring the movement disorder,Telling the patient the symptoms are not real,b,B,136,16-07-2025 14:32
Which of the following is a common symptom of Other Conditions That May Be a Focus of Clinical Attention?,Symptoms that meet full criteria for a specific mental disorder,"Conditions or problems that are not mental disorders but may be a focus of clinical attention (e.g., relationship problems, abuse, academic problems)",Absence of any clinical concerns,Symptoms that are always severe and chronic,b,B,136,16-07-2025 14:32
The nurse is caring for a patient with Other Conditions That May Be a Focus of Clinical Attention. Interventions often involve:,Ignoring the condition or problem,"Providing support, counseling, and referrals to appropriate resources based on the specific condition or problem",Telling the patient their problems are not serious,Expecting them to resolve the problem without help,b,B,136,16-07-2025 14:32
The primary purpose of the Diagnostic and Statistical Manual of Mental Disorders (DSM) is to:,Provide treatment guidelines for mental disorders,"Provide a standardized classification system for mental disorders, with diagnostic criteria",Explain the causes of mental disorders,Describe the prognosis of mental disorders,b,B,136,16-07-2025 14:32
Which of the following is a key ethical principle in psychiatric nursing?,Paternalism (making decisions for the patient),Autonomy (respecting the patient�s right to make their own decisions),Beneficence (doing good),"All of the above (b, c)",d,D,136,16-07-2025 14:32
Informed consent in psychiatric care means that the patient:,"Has been given all relevant information about treatment options, risks, and benefits, and voluntarily agrees to treatment",Has been forced to accept treatment,Does not need to understand the treatment,Can be treated without their knowledge,a,A,136,16-07-2025 14:32
Confidentiality in psychiatric nursing means that:,The nurse can share patient information with anyone,"Patient information is kept private and not disclosed without the patient’s consent, except in specific situations (e.g., duty to warn)",The nurse can discuss patient cases with friends and family,Patient records are open to the public,b,B,136,16-07-2025 14:32
The nurse�s duty to warn (Tarasoff ruling) means that:,The nurse must warn all patients about potential side effects of medication,The nurse has a duty to warn an identifiable victim if a patient expresses a serious threat of harm to that person,The nurse must warn the patient about the risks of not taking medication,The nurse must warn the patient about the limits of confidentiality,b,B,137,16-07-2025 14:32
Involuntary commitment to a psychiatric facility is justified when a patient:,Refuses to take medication,"Poses a danger to themselves or others, or is gravely disabled",Expresses unusual beliefs,Has a mental illness,b,B,137,16-07-2025 14:32
The least restrictive environment principle in psychiatric care means that:,Patients should be confined to their rooms,Patients should be treated in the setting that provides the most freedom while ensuring safety and effective treatment,Patients should have no restrictions on their behavior,"Patients should be discharged as soon as possible, regardless of safety",b,B,137,16-07-2025 14:32
Milieu therapy in psychiatric nursing refers to:,Individual psychotherapy sessions,"Creating a therapeutic environment that is safe, supportive, and conducive to healing and growth",Administering medication,Restraining agitated patients,b,B,137,16-07-2025 14:32
The nurse is facilitating a therapeutic group. Which of the following is a key role of the nurse?,To dominate the conversation,"To set boundaries, facilitate communication, and encourage participation",To solve all the group members’ problems,To remain silent throughout the session,b,B,137,16-07-2025 14:32
Psychoeducation in psychiatric nursing involves:,Giving unsolicited advice,"Providing patients and families with information about mental illness, treatment options, coping strategies, and relapse prevention",Only discussing medication side effects,Keeping patients uninformed about their condition,b,B,137,16-07-2025 14:32
Which of the following is a key component of relapse prevention planning?,Ignoring early warning signs,"Identifying triggers, developing coping strategies, and establishing a support system",Discontinuing medication once symptoms improve,Avoiding all social interaction,b,B,137,16-07-2025 14:32
Crisis intervention in psychiatric nursing focuses on:,Long-term psychotherapy,"Providing immediate, short-term assistance to individuals experiencing an acute emotional crisis to restore their equilibrium",Diagnosing chronic mental illness,Administering sedatives to all agitated patients,b,B,137,16-07-2025 14:32
The nurse is responding to a patient in crisis. The first step is to:,Immediately administer medication,"Assess the situation, ensure safety, and establish rapport",Tell the patient to calm down,Leave the patient alone until they calm down,b,B,137,16-07-2025 14:32
De-escalation techniques in psychiatric nursing are used to:,Provoke agitation,Reduce agitation and prevent aggression in patients,Punish non-compliant patients,Force medication on patients,b,B,137,16-07-2025 14:32
Which of the following is an effective de-escalation technique?,Yelling at the patient,"Maintaining a calm demeanor, using a soft tone of voice, and offering choices",Invading the patient’s personal space,Challenging the patient’s delusions,b,B,137,16-07-2025 14:32
Seclusion and restraint are interventions used in psychiatric settings when:,A patient is non-compliant,"A patient poses an immediate danger to themselves or others, and less restrictive interventions have failed",A patient expresses anger,A patient requests it,b,B,137,16-07-2025 14:32
"When a patient is in seclusion or restraints, the nurse must:",Leave them unattended,"Continuously monitor their safety, physical well-being, and psychological status, and document observations frequently",Ignore their requests,"Remove restraints as soon as possible, regardless of safety",b,B,137,16-07-2025 14:32
The nurse is providing care for a patient who is experiencing a psychotic episode. Which of the following communication strategies is most appropriate?,Arguing with the patient about their delusions,"Using clear, concise, and concrete language, avoiding abstract concepts, and focusing on reality","Engaging in lengthy, philosophical discussions",Speaking in metaphors and analogies,b,B,137,16-07-2025 14:32
Therapeutic communication techniques include:,"Giving advice, approving/disapproving, and asking why"" questions","Using silence, offering self, active listening, reflecting, clarifying, and summarizing",Interrupting the patient frequently,Changing the subject when the patient expresses distress,b,B,137,16-07-2025 14:32
Non-therapeutic communication techniques include:,"Empathy, respect, and genuineness","Giving false reassurance, making stereotyped comments, and belittling feelings",Using open-ended questions,Focusing on the patient’s concerns,b,B,137,16-07-2025 14:32
The nurse is assessing a patient’s coping mechanisms. Which of the following is an example of a maladaptive coping mechanism?,Exercise,Substance abuse,Seeking social support,Problem-solving,b,B,137,16-07-2025 14:32
The nurse is teaching a patient about stress management techniques. Which of the following is an effective technique?,Ignoring stress,"Deep breathing exercises, mindfulness, and progressive muscle relaxation",Consuming excessive caffeine,Procrastination,b,B,137,16-07-2025 14:32
Which of the following is a key component of cultural competence in psychiatric nursing?,Assuming all patients from the same culture are alike,"Understanding and respecting the cultural beliefs, values, and practices of patients, and adapting care accordingly",Imposing one’s own cultural beliefs on patients,Ignoring cultural differences,b,B,137,16-07-2025 14:32
The nurse is caring for a patient from a different cultural background. It is important to:,Assume the patient understands everything,"Use a qualified interpreter if there is a language barrier, and assess for cultural factors that may influence care",Speak loudly and slowly,Avoid discussing cultural beliefs,b,B,137,16-07-2025 14:32
Stigma associated with mental illness can lead to:,Increased help-seeking behavior,"Discrimination, social isolation, and reluctance to seek treatment",Better understanding of mental illness,Improved access to care,b,B,137,16-07-2025 14:32
The nurse can help reduce stigma by:,Reinforcing negative stereotypes,"Educating the public about mental illness, promoting understanding and empathy, and advocating for patients’ rights",Avoiding discussion of mental illness,Treating patients with mental illness differently from other patients,b,B,137,16-07-2025 14:32
Which of the following is a common comorbidity with mental illness?,Excellent physical health,"Substance use disorders, chronic physical illnesses, and other mental health disorders",Absence of any other health problems,High socioeconomic status,b,B,137,16-07-2025 14:32
The nurse is caring for a patient with a dual diagnosis (co-occurring mental illness and substance use disorder). Treatment should address:,Only the mental illness,Only the substance use disorder,Both disorders concurrently in an integrated approach,Neither disorder,c,C,137,16-07-2025 14:32
Which of the following is a key principle of recovery-oriented care in psychiatric nursing?,Focusing only on symptom reduction,"Empowering individuals to live meaningful lives, achieve their full potential, and participate in their communities, despite the challenges of mental illness",Making all decisions for the patient,Expecting patients to recover without support,b,B,137,16-07-2025 14:32
The nurse is promoting recovery by:,Discouraging patient autonomy,"Instilling hope, fostering self-determination, and supporting patient strengths and goals",Focusing on patient deficits,Limiting patient involvement in treatment planning,b,B,137,16-07-2025 14:32
Which of the following is a common ethical dilemma in psychiatric nursing?,Deciding which medication to prescribe,Balancing patient autonomy with the need for safety and treatment,Choosing which patient to admit,Determining the length of stay,b,B,137,16-07-2025 14:32
The nurse is faced with an ethical dilemma. The first step in resolving the dilemma is to:,Make a quick decision,Gather all relevant information and identify the ethical principles involved,Ignore the dilemma,Ask a colleague to make the decision,b,B,137,16-07-2025 14:32
Which of the following is a key component of evidence-based practice in psychiatric nursing?,Relying solely on personal experience,Integrating the best available research evidence with clinical expertise and patient values to guide clinical decision-making,Following outdated practices,Ignoring patient preferences,b,B,137,16-07-2025 14:32
The nurse is implementing evidence-based practice by:,Using interventions that have been proven effective through research,Trying new interventions without any evidence,Sticking to traditional methods without question,Ignoring research findings,a,A,137,16-07-2025 14:32
Which of the following is a common challenge in psychiatric nursing?,Lack of patient diversity,"Stigma, burnout, and managing complex patient behaviors",Easy access to resources,Minimal ethical concerns,b,B,137,16-07-2025 14:32
The nurse can prevent burnout by:,Working excessive hours,"Practicing self-care, seeking support from colleagues, and maintaining work-life balance",Ignoring personal needs,Avoiding breaks,b,B,137,16-07-2025 14:32
Which of the following is a key role of the psychiatric nurse in advocating for patients?,Making decisions for the patient,"Protecting patients’ rights, ensuring access to quality care, and empowering patients to advocate for themselves",Ignoring patient concerns,Discouraging patient involvement in treatment,b,B,137,16-07-2025 14:32
The nurse is advocating for a patient by:,Speaking for the patient without their consent,"Helping the patient understand their rights, express their preferences, and navigate the healthcare system",Telling the patient what to do,Ignoring systemic barriers to care,b,B,137,16-07-2025 14:32
Which of the following is a common legal issue in psychiatric nursing?,Over-prescribing medication,"False imprisonment, assault, battery, and negligence",Lack of documentation,Excessive use of restraints,b,B,137,16-07-2025 14:32
The nurse can minimize legal risks by:,Ignoring patient complaints,"Practicing within the scope of nursing, adhering to standards of care, documenting accurately and thoroughly, and maintaining professional boundaries",Altering patient records,Discussing patient information with unauthorized individuals,b,B,137,16-07-2025 14:32
Which of the following is a key component of a psychiatric assessment?,Only physical examination,"Comprehensive assessment of the patient’s mental status, psychosocial history, substance use, risk factors, and strengths",Only medication history,Only family history,b,B,137,16-07-2025 14:32
The nurse is conducting a psychiatric assessment. It is important to:,Interrupt the patient frequently,"Establish rapport, use open-ended questions, and gather information from multiple sources (e.g., patient, family, records)",Make assumptions about the patient,Focus only on negative aspects,b,B,137,16-07-2025 14:32
Which of the following is a common nursing diagnosis in psychiatric care?,Hypertension,"Risk for suicide, disturbed thought processes, ineffective coping, and social isolation",Diabetes mellitus,Pneumonia,b,B,137,16-07-2025 14:32
The nurse is developing a care plan for a psychiatric patient. The care plan should be:,Generic and not individualized,"Individualized, patient-centered, and based on a comprehensive assessment and nursing diagnoses",Developed without patient input,Focused only on medication management,b,B,137,16-07-2025 14:32
Which of the following is a key intervention in promoting medication adherence?,Forcing the patient to take medication,"Educating the patient about the medication, addressing concerns and side effects, and involving the patient in treatment decisions",Withholding information about side effects,Changing medications frequently without explanation,b,B,137,16-07-2025 14:32
The nurse is administering psychotropic medications. It is important to monitor for:,Only therapeutic effects,"Therapeutic effects, side effects, adverse reactions, and drug interactions",Only side effects,Only drug interactions,b,B,137,16-07-2025 14:32
Which of the following is a common side effect of antipsychotic medications?,Weight loss and insomnia,"Extrapyramidal symptoms (e.g., tremors, rigidity), sedation, weight gain, and metabolic syndrome",Hypertension and tachycardia,Diarrhea and nausea,b,B,137,16-07-2025 14:32
The nurse is educating a patient about antipsychotic medications. It is important to discuss:,Only the benefits of the medication,"The benefits, potential side effects, and the importance of regular follow-up appointments",Only the risks of the medication,The medication in overly technical terms,b,B,137,16-07-2025 14:32
Which of the following is a common side effect of antidepressant medications?,Euphoria and increased energy,"Nausea, headache, sexual dysfunction, and insomnia or sedation (depending on the specific medication)",Bradycardia and hypotension,Weight loss and dry mouth,b,B,137,16-07-2025 14:32
The nurse is educating a patient about antidepressant medications. It is important to explain that:,The medication will work immediately,It may take several weeks for the medication to reach its full therapeutic effect,The medication can be stopped abruptly once symptoms improve,The medication is addictive,b,B,137,16-07-2025 14:32
"Which of the following is a common side effect of mood-stabilizing medications (e.g., Lithium)?",Hypertension and tachycardia,"Tremors, nausea, polyuria, polydipsia, and potential for toxicity",Weight loss and insomnia,Dry mouth and constipation,b,B,137,16-07-2025 14:32
The nurse is educating a patient about Lithium. It is important to emphasize the need for:,Restricting fluid intake,Regular blood tests to monitor Lithium levels and maintaining adequate sodium and fluid intake,Avoiding all salt in the diet,Discontinuing the medication if side effects occur,b,B,137,16-07-2025 14:32
"Which of the following is a common side effect of anxiolytic medications (e.g., benzodiazepines)?",Insomnia and agitation,"Sedation, dizziness, impaired coordination, and potential for dependence",Hypertension and tachycardia,Nausea and diarrhea,b,B,137,16-07-2025 14:32
The nurse is educating a patient about benzodiazepines. It is important to caution against:,Taking the medication as prescribed,"Abrupt discontinuation, concurrent use of alcohol or other CNS depressants, and operating heavy machinery",Short-term use only,Discussing side effects with the prescriber,b,B,137,16-07-2025 14:32
"Which of the following is a common side effect of stimulant medications (e.g., for ADHD)?",Sedation and weight gain,"Insomnia, decreased appetite, headache, and potential for cardiovascular effects",Bradycardia and hypotension,Nausea and diarrhea,b,B,138,16-07-2025 14:32
The nurse is educating a patient about stimulant medications. It is important to monitor for:,Only therapeutic effects,"Therapeutic effects, side effects (e.g., changes in appetite, sleep, mood), and potential for misuse or diversion",Only side effects,Only potential for misuse,b,B,138,16-07-2025 14:32
Which of the following is a key principle of trauma-informed care?,Ignoring past trauma,"Recognizing the prevalence of trauma, understanding its impact on individuals, and creating a safe and supportive environment that avoids re-traumatization",Forcing patients to disclose trauma details,Assuming all patients have experienced trauma,b,B,138,16-07-2025 14:32
The nurse is providing trauma-informed care by:,Asking intrusive questions about trauma,"Ensuring patient safety, promoting choice and collaboration, and empowering patients",Dismissing patient’s feelings related to trauma,Using confrontational approaches,b,B,138,16-07-2025 14:32
Which of the following is a common symptom of grief and bereavement?,Only sadness,"A range of emotional, cognitive, physical, and behavioral responses to loss, including sadness, anger, guilt, changes in sleep and appetite, and social withdrawal",Only anger,Absence of any emotional response,b,B,138,16-07-2025 14:32
The nurse is supporting a grieving patient. It is important to:,Tell the patient to,"Provide a compassionate and supportive presence, validate their feelings, and encourage healthy coping mechanisms",Minimize their loss,Avoid discussing the deceased,b,B,138,16-07-2025 14:32
Which of the following is a common symptom of complicated grief?,Normal grief response,"Persistent and intense grief reactions that significantly impair functioning and last for an extended period (e.g., more than 6-12 months)",Absence of any grief symptoms,Grief that resolves quickly,b,B,138,16-07-2025 14:32
The nurse is caring for a patient with complicated grief. Interventions often involve:,Telling them to get over it,"Specialized psychotherapy (e.g., complicated grief therapy), support groups, and sometimes medication for co-occurring depression or anxiety",Ignoring their prolonged grief,Encouraging social isolation,b,B,138,16-07-2025 14:32
Which of the following is a common symptom of burnout in healthcare professionals?,Increased energy and job satisfaction,"Emotional exhaustion, depersonalization (cynicism), and a reduced sense of personal accomplishment",High levels of empathy,Strong work-life balance,b,B,138,16-07-2025 14:32
The nurse is experiencing burnout. Which of the following strategies is helpful?,Working more hours,"Practicing self-care, seeking supervision or therapy, setting boundaries, and engaging in stress-reducing activities",Ignoring the symptoms,Blaming colleagues,b,B,138,16-07-2025 14:32
Which of the following is a common symptom of compassion fatigue?,Increased empathy and resilience,"A deep emotional and physical exhaustion and a decline in the ability to empathize or feel compassion for others, often experienced by those who work with trauma victims",Indifference to suffering,Enhanced ability to cope with stress,b,B,138,16-07-2025 14:32
The nurse is experiencing compassion fatigue. Which of the following strategies is helpful?,Continuing to take on more trauma cases,"Engaging in self-reflection, seeking peer support, setting limits on exposure to traumatic content, and practicing self-compassion",Ignoring the emotional toll,Becoming emotionally detached,b,B,138,16-07-2025 14:32
Which of the following is a common symptom of vicarious trauma?,Absence of any impact from working with trauma,A transformation in the helper’s inner experience as a result of empathic engagement with traumatized clients and their trauma material,Increased resilience to trauma,Feeling unaffected by others’ trauma,b,B,138,16-07-2025 14:32
The nurse is experiencing vicarious trauma. Which of the following strategies is helpful?,Suppressing emotions,"Seeking supervision, engaging in debriefing, maintaining a strong support system, and practicing self-care",Avoiding discussion of traumatic experiences,Minimizing the impact of the trauma,b,B,138,16-07-2025 14:32
Which of the following is a common symptom of moral distress?,Feeling ethically clear and confident,The psychological disequilibrium or pain experienced when a person knows the ethically correct action to take but is constrained from taking it,Absence of any ethical concerns,Feeling indifferent to ethical issues,b,B,138,16-07-2025 14:32
The nurse is experiencing moral distress. Which of the following strategies is helpful?,Ignoring the ethical conflict,"Engaging in ethical discussions, seeking support from ethics committees, advocating for change, and practicing self-care",Blaming others for the situation,Remaining silent,b,B,138,16-07-2025 14:32
Which of the following is a common symptom of horizontal violence (bullying) in nursing?,Supportive and collaborative work environment,"Any uninvited and unwelcome verbal or physical behavior directed at one employee by another, that is based on power imbalances and causes harm",Mutual respect and trust,Open communication,b,B,138,16-07-2025 14:32
The nurse is experiencing horizontal violence. Which of the following strategies is helpful?,Ignoring the behavior,"Documenting incidents, seeking support from supervisors or HR, confronting the behavior (if safe), and practicing self-care",Retaliating with similar behavior,Remaining silent and suffering alone,b,B,138,16-07-2025 14:32
Which of the following is a common symptom of workplace violence in nursing?,Safe and secure work environment,"Any act or threat of physical violence, harassment, intimidation, or other threatening disruptive behavior that occurs at the work site",Mutual respect and collaboration,Absence of any threats,b,B,138,16-07-2025 14:32
The nurse is experiencing workplace violence. Which of the following strategies is helpful?,Ignoring the violence,"Reporting incidents, seeking immediate safety, participating in workplace violence prevention programs, and seeking support",Confronting the perpetrator alone,Remaining silent,b,B,138,16-07-2025 14:32
Which of the following is a common symptom of compassion satisfaction?,Burnout and exhaustion,The pleasure derived from being able to do one’s work well and feeling that one is making a positive difference in the lives of others,Indifference to patient outcomes,Feeling unfulfilled in one’s work,b,B,138,16-07-2025 14:32
The nurse is promoting compassion satisfaction by:,Focusing only on negative aspects of work,"Recognizing the positive impact of their work, celebrating successes, engaging in self-care, and seeking peer support",Ignoring positive feedback,Dwelling on challenges,b,B,138,16-07-2025 14:32
Which of the following is a common symptom of resilience in nursing?,Inability to cope with stress,"The ability to bounce back from adversity, adapt to change, and maintain well-being in the face of challenges",Fragility and vulnerability,Avoiding all stressful situations,b,B,138,16-07-2025 14:32
The nurse is building resilience by:,Avoiding self-reflection,"Developing coping skills, seeking support, engaging in mindfulness, and maintaining a positive outlook",Ignoring personal needs,Dwelling on past failures,b,B,138,16-07-2025 14:32
Which of the following is a common symptom of self-efficacy in nursing?,Low confidence in one’s abilities,The belief in one’s own capacity to execute behaviors necessary to produce specific performance attainments,Dependence on others for decision-making,Doubting one’s skills,b,B,138,16-07-2025 14:32
The nurse is enhancing self-efficacy by:,Avoiding new challenges,"Setting achievable goals, seeking mastery experiences, learning from role models, and receiving positive feedback",Focusing on past failures,Relying solely on external validation,b,B,138,16-07-2025 14:32
Which of the following is a common symptom of emotional intelligence in nursing?,Inability to understand emotions,"The ability to perceive, understand, manage, and use emotions to facilitate thinking and guide behavior",Emotional detachment,Reacting impulsively to emotions,b,B,138,16-07-2025 14:32
The nurse is developing emotional intelligence by:,Suppressing emotions,"Practicing self-awareness, self-regulation, empathy, and social skills",Ignoring others’ feelings,Avoiding emotional conversations,b,B,138,16-07-2025 14:32
Which of the following is a common symptom of critical thinking in nursing?,Accepting information without question,The objective analysis and evaluation of information in order to form a judgment,Relying solely on intuition,Making decisions based on assumptions,b,B,138,16-07-2025 14:32
The nurse is demonstrating critical thinking by:,Following orders blindly,"Questioning assumptions, analyzing data, evaluating evidence, and considering multiple perspectives",Avoiding problem-solving,Making hasty decisions,b,B,138,16-07-2025 14:32
Which of the following is a common symptom of clinical judgment in nursing?,Inability to make decisions,"An interpretation or conclusion about a patient’s needs, concerns, or health problems, and/or the decision to take action (or not), use or modify standard approaches, or improvise new ones as deemed appropriate by the patient’s response",Relying solely on protocols,Ignoring patient cues,b,B,138,16-07-2025 14:32
The nurse is demonstrating clinical judgment by:,Ignoring patient assessment data,"Integrating evidence, clinical expertise, and patient preferences to make informed decisions about patient care",Making decisions based on personal bias,Avoiding responsibility for decisions,b,B,138,16-07-2025 14:32
Which of the following is a common symptom of interprofessional collaboration in nursing?,Working in isolation,The process of developing and maintaining effective working relationships with other healthcare professionals to provide optimal patient care,Competition among team members,Lack of communication,b,B,138,16-07-2025 14:32
The nurse is engaging in interprofessional collaboration by:,Hoarding information,"Communicating effectively, respecting diverse perspectives, sharing responsibilities, and working towards common goals",Undermining other team members,Avoiding team meetings,b,B,138,16-07-2025 14:32
Which of the following is a common symptom of patient advocacy in nursing?,Ignoring patient rights,The act of speaking for or acting on behalf of the patient to ensure their rights are protected and their needs are met,Making decisions for the patient,Remaining silent when patient rights are violated,b,B,138,16-07-2025 14:32
The nurse is demonstrating patient advocacy by:,Allowing patient abuse,"Protecting patient privacy, ensuring informed consent, addressing ethical concerns, and empowering patients to voice their needs",Ignoring patient preferences,Prioritizing institutional needs over patient needs,b,B,138,16-07-2025 14:32
Which of the following is a common symptom of leadership in nursing?,Lack of direction,"The ability to influence others to achieve a common goal, inspire trust, and foster a positive work environment",Micromanagement,Avoiding responsibility,b,B,138,16-07-2025 14:32
The nurse is demonstrating leadership by:,Dictating tasks,"Mentoring colleagues, delegating effectively, resolving conflicts, and promoting a culture of safety and excellence",Avoiding difficult conversations,Blaming others for failures,b,B,138,16-07-2025 14:32
Which of the following is a common symptom of mentorship in nursing?,Lack of support for new nurses,"A relationship in which an experienced nurse provides guidance, support, and encouragement to a less experienced nurse to facilitate their professional development",Competition among nurses,Ignoring new nurses,b,B,138,16-07-2025 14:32
The nurse is acting as a mentor by:,Criticizing mistakes,"Providing constructive feedback, sharing knowledge and experience, offering emotional support, and fostering growth",Withholding information,Discouraging questions,b,B,138,16-07-2025 14:32
Which of the following is a common symptom of professional development in nursing?,Stagnation and resistance to change,"The ongoing process of learning, growing, and improving one’s knowledge, skills, and abilities to enhance professional competence",Avoiding new challenges,Relying solely on past experience,b,B,138,16-07-2025 14:32
The nurse is engaging in professional development by:,Avoiding continuing education,"Attending conferences, pursuing certifications, reading professional journals, and seeking new learning opportunities",Ignoring feedback,Resisting new technologies,b,B,138,16-07-2025 14:32
Which of the following is a common symptom of self-reflection in nursing?,Lack of awareness of one’s own actions,"The process of critically examining one’s own thoughts, feelings, and behaviors to gain insight and promote personal and professional growth",Blaming others for mistakes,Avoiding introspection,b,B,138,16-07-2025 14:32
The nurse is practicing self-reflection by:,Ignoring mistakes,"Journaling, seeking feedback, analyzing clinical experiences, and identifying areas for improvement",Repeating the same errors,Avoiding critical self-assessment,b,B,138,16-07-2025 14:32
Which of the following is a common symptom of advocacy for the nursing profession?,Remaining silent about nursing issues,Speaking out and taking action to promote the interests and well-being of nurses and the nursing profession,Undermining nursing colleagues,Focusing only on individual patient care,b,B,138,16-07-2025 14:32
The nurse is advocating for the nursing profession by:,Accepting poor working conditions,"Participating in professional organizations, lobbying for policy changes, educating the public about the value of nursing, and mentoring future nurses",Complaining without taking action,Avoiding political engagement,b,B,138,16-07-2025 14:32
Which of the following is a common symptom of health policy advocacy in nursing?,Ignoring policy decisions,Engaging in efforts to influence public policy to improve health outcomes and promote social justice,Focusing only on individual patient care,Remaining silent on health issues,b,B,138,16-07-2025 14:32
The nurse is engaging in health policy advocacy by:,Accepting all existing policies,"Contacting legislators, participating in grassroots movements, educating communities about health issues, and serving on policy committees",Avoiding political discussions,Focusing only on clinical practice,b,B,138,16-07-2025 14:32
Which of the following is a common symptom of research utilization in nursing?,Ignoring research findings,The process of applying research findings to clinical practice to improve patient outcomes,Relying solely on tradition,Conducting research without applying findings,b,B,138,16-07-2025 14:32
The nurse is utilizing research by:,Dismissing evidence that contradicts personal beliefs,"Critically appraising research studies, integrating findings into practice, and evaluating the impact of evidence-based interventions",Implementing interventions without evidence,Avoiding professional literature,b,B,138,16-07-2025 14:32
Which of the following is a common symptom of quality improvement in nursing?,Maintaining the status quo,A systematic approach to improving healthcare processes and outcomes,Blaming individuals for system failures,Avoiding data collection,b,B,139,16-07-2025 14:32
The nurse is participating in quality improvement by:,Resisting change,"Identifying areas for improvement, collecting data, implementing changes, and evaluating their effectiveness",Ignoring patient feedback,Focusing only on negative outcomes,b,B,139,16-07-2025 14:32
Which of the following is a common symptom of patient safety in nursing?,Ignoring errors,The prevention of harm to patients during the process of healthcare delivery,Blaming individuals for errors,Lack of reporting systems,b,B,139,16-07-2025 14:32
The nurse is promoting patient safety by:,Taking shortcuts,"Adhering to safety protocols, reporting errors and near misses, using technology safely, and fostering a culture of safety",Hiding mistakes,Working in isolation,b,B,139,16-07-2025 14:32
Which of the following is a common symptom of risk management in nursing?,Ignoring potential hazards,"The process of identifying, assessing, and controlling risks to minimize harm to patients and healthcare organizations",Blaming individuals for adverse events,Lack of proactive measures,b,B,139,16-07-2025 14:32
The nurse is engaging in risk management by:,Avoiding reporting incidents,"Identifying potential risks, implementing preventative measures, documenting thoroughly, and participating in incident analysis",Minimizing the severity of incidents,Ignoring patient complaints,b,B,139,16-07-2025 14:32
Which of the following is a common symptom of ethical decision-making in nursing?,Making decisions based on personal gain,"A systematic process of identifying, analyzing, and resolving ethical dilemmas in patient care",Avoiding ethical discussions,Relying solely on intuition,b,B,139,16-07-2025 14:32
The nurse is demonstrating ethical decision-making by:,Ignoring ethical principles,"Applying ethical frameworks, consulting with ethics committees, considering all stakeholders, and acting in the patient’s best interest",Making impulsive decisions,Blaming others for ethical conflicts,b,B,139,16-07-2025 14:32
Which of the following is a common symptom of professional accountability in nursing?,Avoiding responsibility,"The obligation of nurses to answer for their actions and decisions, and to maintain competence and ethical conduct",Blaming others for mistakes,Lack of transparency,b,B,139,16-07-2025 14:32
The nurse is demonstrating professional accountability by:,Hiding errors,"Taking responsibility for actions, maintaining competence, adhering to professional standards, and seeking feedback for improvement",Avoiding self-correction,Blaming the system for all problems,b,B,139,16-07-2025 14:32
Which of the following is a common symptom of cultural humility in nursing?,Assuming one knows best for all cultures,"A lifelong commitment to self-evaluation and self-critique, to redressing the power imbalances in the patient-clinician dynamic, and to developing mutually beneficial and non-paternalistic clinical and advocacy partnerships with communities on behalf of individuals and defined populations",Ignoring cultural differences,Believing one is culturally competent after a single training,b,B,139,16-07-2025 14:32
The nurse is practicing cultural humility by:,Making assumptions about cultural beliefs,"Engaging in self-reflection, actively listening to patients’ cultural perspectives, acknowledging limitations, and being open to learning",Imposing one’s own cultural values,Avoiding discussions about culture,b,B,139,16-07-2025 14:32
Which of the following is a common symptom of health disparities?,Equal health outcomes for all populations,"Preventable differences in the burden of disease, injury, violence, or opportunities to achieve optimal health that are experienced by socially disadvantaged populations",Access to healthcare for everyone,Absence of social determinants of health,b,B,139,16-07-2025 14:32
The nurse is addressing health disparities by:,Ignoring social determinants of health,"Advocating for equitable access to care, providing culturally sensitive care, addressing social determinants of health, and participating in community health initiatives",Blaming individuals for poor health outcomes,Focusing only on individual patient care,b,B,139,16-07-2025 14:32
Which of the following is a common symptom of social justice in nursing?,Accepting inequalities,"The fair and equitable distribution of resources and opportunities, and the elimination of systemic injustices that create health inequities",Ignoring marginalized populations,Focusing only on individual rights,b,B,139,16-07-2025 14:32
The nurse is promoting social justice by:,Remaining silent about injustices,"Advocating for vulnerable populations, challenging discriminatory practices, promoting health equity, and participating in social change efforts",Blaming victims of injustice,Focusing only on charity,b,B,139,16-07-2025 14:32
Which of the following is a common symptom of global health in nursing?,Focusing only on local health issues,"An area for study, research, and practice that places a priority on improving health and achieving equity in health for all people worldwide",Ignoring international health concerns,Believing health is solely a national issue,b,B,139,16-07-2025 14:32
The nurse is engaging in global health by:,Ignoring global health challenges,"Participating in international health initiatives, advocating for global health policies, providing care in diverse settings, and promoting health equity worldwide",Focusing only on domestic health,Believing global health is not a nursing concern,b,B,139,16-07-2025 14:32
Which of the following is a common symptom of disaster preparedness in nursing?,Lack of planning for emergencies,"The actions taken to plan, organize, equip, train, and exercise to improve the ability to respond to and recover from disasters",Reacting only after a disaster strikes,Ignoring potential threats,b,B,139,16-07-2025 14:32
The nurse is participating in disaster preparedness by:,Avoiding disaster drills,"Developing emergency plans, participating in training exercises, maintaining essential supplies, and collaborating with emergency response teams",Relying solely on others to prepare,Minimizing the risk of disasters,b,B,139,16-07-2025 14:32
Which of the following is a common symptom of public health nursing?,Focusing only on individual patient care,"The practice of promoting and protecting the health of populations using knowledge from nursing, social, and public health sciences",Ignoring community health needs,Focusing only on hospital-based care,b,B,139,16-07-2025 14:32
The nurse is engaging in public health nursing by:,Ignoring community assessments,"Conducting community health assessments, developing health promotion programs, providing immunizations, and advocating for public health policies",Focusing only on disease treatment,Avoiding community engagement,b,B,139,16-07-2025 14:32
Which of the following is a common symptom of school nursing?,Focusing only on sick children,"A specialized practice of professional nursing that advances the well-being, academic success, and lifelong achievement of students",Ignoring student mental health,Focusing only on physical health,b,B,139,16-07-2025 14:32
The nurse is engaging in school nursing by:,Ignoring student health needs,"Providing health screenings, managing chronic conditions, promoting health education, and addressing mental health concerns in the school setting",Focusing only on emergency care,Avoiding collaboration with teachers,b,B,139,16-07-2025 14:32
Which of the following is a common symptom of forensic nursing?,Ignoring legal aspects of care,"The application of nursing science to public or legal proceedings, and the investigation of trauma and/or death of victims and perpetrators of violence, criminal activity, and traumatic accidents",Focusing only on medical treatment,Avoiding legal documentation,b,B,139,16-07-2025 14:32
The nurse is engaging in forensic nursing by:,Ignoring evidence collection,"Collecting and preserving evidence, documenting injuries, providing expert testimony, and caring for victims of violence",Blaming victims,Avoiding collaboration with law enforcement,b,B,139,16-07-2025 14:32
Which of the following is a common symptom of correctional nursing?,Ignoring the unique needs of incarcerated individuals,"The provision of healthcare to individuals who are incarcerated in jails, prisons, and other correctional facilities",Focusing only on punishment,Ignoring mental health needs in correctional settings,b,B,139,16-07-2025 14:32
The nurse is engaging in correctional nursing by:,Denying healthcare to inmates,"Providing comprehensive healthcare, managing chronic conditions, addressing mental health and substance use issues, and promoting health education within correctional facilities",Focusing only on security,Avoiding patient advocacy,b,B,139,16-07-2025 14:32
Which of the following is a common symptom of home health nursing?,Providing care only in hospitals,The provision of skilled nursing care and other health-related services in the patient’s home,Ignoring the home environment,Focusing only on acute care,b,B,139,16-07-2025 14:32
The nurse is engaging in home health nursing by:,Ignoring the patient’s living conditions,"Conducting comprehensive assessments, providing skilled nursing interventions, educating patients and families, and coordinating care with other healthcare providers in the home setting",Focusing only on medical procedures,Avoiding patient and family involvement,b,B,139,16-07-2025 14:32
Which of the following is a common symptom of hospice and palliative care nursing?,Focusing only on cure,"The provision of holistic care to individuals with life-limiting illnesses and their families, focusing on comfort, quality of life, and symptom management",Ignoring emotional and spiritual needs,Focusing only on prolonging life,b,B,139,16-07-2025 14:32
The nurse is engaging in hospice and palliative care nursing by:,Denying the patient’s prognosis,"Providing pain and symptom management, offering emotional and spiritual support, facilitating difficult conversations, and supporting families through bereavement",Focusing only on medical interventions,Avoiding discussions about death and dying,b,B,139,16-07-2025 14:32
Which of the following is a common symptom of telehealth nursing?,Providing care only in person,The use of telecommunications technology to provide nursing care at a distance,Ignoring technology,Focusing only on acute care,b,B,139,16-07-2025 14:32
The nurse is engaging in telehealth nursing by:,Avoiding virtual consultations,"Conducting virtual assessments, providing remote monitoring, offering health education, and coordinating care through telecommunication platforms",Focusing only on in-person interactions,Ignoring privacy concerns,b,B,139,16-07-2025 14:32
Which of the following is a common symptom of nursing informatics?,Ignoring technology in nursing,"A specialty that integrates nursing science with multiple information and analytical sciences to identify, define, manage, and communicate data, information, knowledge, and wisdom in nursing practice",Focusing only on paper documentation,Avoiding data analysis,b,B,139,16-07-2025 14:32
The nurse is engaging in nursing informatics by:,Resisting electronic health records,"Utilizing electronic health records, analyzing healthcare data, designing and implementing health information systems, and promoting technology adoption in nursing practice",Ignoring data security,Focusing only on clinical tasks,b,B,139,16-07-2025 14:32
Which of the following is a common symptom of nursing education?,Lack of interest in teaching,The process of preparing individuals to become nurses and providing ongoing professional development for practicing nurses,Focusing only on clinical practice,Ignoring theoretical knowledge,b,B,139,16-07-2025 14:32
The nurse is engaging in nursing education by:,Avoiding teaching opportunities,"Developing curricula, delivering lectures, facilitating clinical experiences, mentoring students, and evaluating learning outcomes",Focusing only on research,Ignoring student feedback,b,B,139,16-07-2025 14:32
Which of the following is a common symptom of nursing research?,Ignoring evidence,"A systematic inquiry designed to develop knowledge about issues of importance to the nursing profession, including nursing practice, education, administration, and informatics",Relying solely on tradition,Avoiding scientific methods,b,B,139,16-07-2025 14:32
The nurse is engaging in nursing research by:,Avoiding participation in studies,"Formulating research questions, designing studies, collecting and analyzing data, disseminating findings, and applying research to practice",Ignoring ethical considerations,Focusing only on personal opinions,b,B,139,16-07-2025 14:32
Which of the following is a common symptom of nursing administration?,Lack of organizational skills,The management and leadership of nursing services within healthcare organizations,Focusing only on direct patient care,Ignoring financial aspects,b,B,139,16-07-2025 14:32
The nurse is engaging in nursing administration by:,Avoiding decision-making,"Managing human resources, developing budgets, ensuring quality of care, implementing policies, and fostering a positive work environment",Ignoring staff concerns,Focusing only on individual tasks,b,B,139,16-07-2025 14:32
Which of the following is a common symptom of advanced practice nursing?,Limited scope of practice,"Nursing practice that requires advanced education, clinical knowledge, and skills, and often involves expanded roles such as nurse practitioner, clinical nurse specialist, nurse anesthetist, or nurse midwife",Avoiding complex patient cases,Focusing only on basic nursing care,b,B,139,16-07-2025 14:32
The nurse is engaging in advanced practice nursing by:,Avoiding further education,"Diagnosing and treating illnesses, prescribing medications, performing advanced procedures, and providing comprehensive patient care",Relying solely on physician orders,Ignoring patient autonomy,b,B,139,16-07-2025 14:32
Which of the following is a common symptom of professional boundaries in nursing?,Over-involvement with patients,The limits that protect the space between the nurse’s professional power and the patient’s vulnerability,Sharing personal information with patients,Engaging in dual relationships,b,B,139,16-07-2025 14:32
The nurse is maintaining professional boundaries by:,Accepting gifts from patients,"Avoiding dual relationships, maintaining confidentiality, refraining from self-disclosure, and focusing on the patient’s needs",Engaging in social relationships with patients,Ignoring ethical guidelines,b,B,139,16-07-2025 14:32
Which of the following is a common symptom of therapeutic use of self in nursing?,Emotional detachment,"The nurse’s conscious and deliberate use of their personality, knowledge, and skills to establish rapport and provide therapeutic care",Impersonal interactions,Avoiding emotional connection,b,B,139,16-07-2025 14:32
The nurse is demonstrating therapeutic use of self by:,Being judgmental,"Being authentic, empathetic, and respectful, and using active listening and effective communication skills",Being aloof,Sharing personal problems with patients,b,B,139,16-07-2025 14:32
Which of the following is a common symptom of patient education in nursing?,Withholding information from patients,The process of influencing patient behavior and attitudes to achieve optimal health outcomes,Assuming patients already know everything,Providing information only when asked,b,B,139,16-07-2025 14:32
The nurse is providing patient education by:,Using complex medical jargon,"Assessing learning needs, providing clear and concise information, using teach-back methods, and evaluating understanding",Overwhelming patients with information,Ignoring patient questions,b,B,139,16-07-2025 14:32
Which of the following is a common symptom of health promotion in nursing?,Focusing only on disease treatment,"The process of enabling people to increase control over, and to improve, their health",Ignoring preventative measures,Focusing only on individual health,b,B,140,16-07-2025 14:32
The nurse is engaging in health promotion by:,Discouraging healthy behaviors,"Providing health education, advocating for healthy policies, creating supportive environments, and empowering individuals and communities to make healthy choices",Focusing only on illness,Ignoring social determinants of health,b,B,140,16-07-2025 14:32
Which of the following is a common symptom of disease prevention in nursing?,Ignoring risk factors,"Measures taken to prevent the onset of disease, to arrest its progress, and to reduce its consequences",Focusing only on treatment,Ignoring early detection,b,B,140,16-07-2025 14:32
The nurse is engaging in disease prevention by:,Discouraging screenings,"Providing immunizations, conducting health screenings, educating about risk factors, and promoting healthy lifestyles",Focusing only on advanced disease,Ignoring public health initiatives,b,B,140,16-07-2025 14:32
Which of the following is a common symptom of rehabilitation nursing?,Focusing only on acute care,"A specialty that focuses on restoring, maintaining, and promoting optimal health and functioning for individuals with disabilities and chronic illnesses",Ignoring long-term needs,Focusing only on physical therapy,b,B,140,16-07-2025 14:32
The nurse is engaging in rehabilitation nursing by:,Discouraging independence,"Assessing functional abilities, developing individualized care plans, providing restorative care, educating patients and families, and coordinating with rehabilitation teams",Focusing only on deficits,Ignoring patient goals,b,B,140,16-07-2025 14:32
Which of the following is a common symptom of psychiatric rehabilitation?,Focusing only on symptom reduction,"A process that helps individuals with mental illness develop the skills and supports needed to live, learn, work, and participate in their communities",Ignoring social integration,Focusing only on medication management,b,B,140,16-07-2025 14:32
The nurse is engaging in psychiatric rehabilitation by:,Discouraging community involvement,"Providing skills training (e.g., social skills, vocational skills), facilitating community integration, promoting recovery, and supporting independent living",Focusing only on hospital-based care,Ignoring patient strengths,b,B,140,16-07-2025 14:32
Which of the following is a common symptom of crisis intervention?,Long-term therapy,"Short-term, immediate psychological first aid to individuals experiencing an acute emotional crisis",Ignoring acute distress,Focusing only on chronic issues,b,B,140,16-07-2025 14:32
The nurse is providing crisis intervention by:,Delaying intervention,"Assessing the crisis, ensuring safety, providing emotional support, facilitating coping, and linking to resources",Minimizing the crisis,Blaming the individual for the crisis,b,B,140,16-07-2025 14:32
Which of the following is a common symptom of suicide prevention?,Ignoring warning signs,Strategies and interventions aimed at reducing the risk of suicide,Focusing only on treatment after an attempt,Believing suicide is inevitable,b,B,140,16-07-2025 14:32
The nurse is engaging in suicide prevention by:,Avoiding discussion of suicide,"Assessing suicide risk, providing a safe environment, developing safety plans, educating about warning signs, and referring to mental health professionals",Dismissing suicidal ideation,Blaming individuals for suicidal thoughts,b,B,140,16-07-2025 14:32
Which of the following is a common symptom of violence prevention?,Ignoring aggressive behavior,Strategies and interventions aimed at reducing the incidence of violence,Focusing only on punishment,Believing violence is unavoidable,b,B,140,16-07-2025 14:32
The nurse is engaging in violence prevention by:,Promoting aggression,"Identifying risk factors, teaching conflict resolution skills, promoting healthy relationships, and advocating for safe environments",Ignoring warning signs of violence,Blaming victims of violence,b,B,140,16-07-2025 14:32
Which of the following is a common symptom of child abuse and neglect?,Healthy family dynamics,"Any act or failure to act on the part of a parent or caretaker which results in death, serious physical or emotional harm, sexual abuse, or exploitation, or an act or omission which presents an imminent risk of serious harm",Nurturing environment,Strong parent-child bonds,b,B,140,16-07-2025 14:32
The nurse is assessing for child abuse and neglect by:,Ignoring suspicious injuries,"Observing for physical and behavioral indicators, conducting thorough assessments, documenting findings, and reporting suspected abuse to appropriate authorities",Blaming the child,Avoiding questioning parents,b,B,140,16-07-2025 14:32
Which of the following is a common symptom of elder abuse and neglect?,Respectful care for elders,"Any knowing, intentional, or negligent act by a caregiver or any other person that causes harm or a serious risk of harm to a vulnerable elder",Optimal living conditions for elders,Strong family support,b,B,140,16-07-2025 14:32
The nurse is assessing for elder abuse and neglect by:,Ignoring signs of neglect,"Observing for physical and behavioral indicators, conducting thorough assessments, documenting findings, and reporting suspected abuse to appropriate authorities",Blaming the elder,Avoiding questioning caregivers,b,B,140,16-07-2025 14:32
Which of the following is a common symptom of intimate partner violence?,Healthy and equal relationships,"Physical violence, sexual violence, stalking, or psychological harm by a current or former partner or spouse",Mutual respect and trust,Open communication,b,B,140,16-07-2025 14:32
The nurse is assessing for intimate partner violence by:,Ignoring signs of abuse,"Screening all patients for violence, providing a safe environment for disclosure, offering support and resources, and documenting findings",Blaming the victim,Avoiding direct questions,b,B,140,16-07-2025 14:32
Which of the following is a common symptom of human trafficking?,Voluntary migration,"The use of force, fraud, or coercion to obtain some type of labor or commercial sex act",Freedom of movement,Fair labor practices,b,B,140,16-07-2025 14:32
The nurse is assessing for human trafficking by:,Ignoring suspicious circumstances,"Observing for red flags (e.g., signs of abuse, fear, lack of control over documents), conducting sensitive interviews, and referring to appropriate resources",Blaming the victim,Avoiding questioning the patient,b,B,140,16-07-2025 14:32
Which of the following is a common symptom of homelessness?,Stable housing,"Lacking a fixed, regular, and adequate nighttime residence",Access to all basic needs,Secure employment,b,B,140,16-07-2025 14:32
The nurse is caring for a patient experiencing homelessness by:,Ignoring their housing status,"Providing comprehensive healthcare, addressing mental health and substance use issues, connecting to housing resources, and advocating for supportive services",Blaming them for their situation,Focusing only on acute medical needs,b,B,140,16-07-2025 14:32
Which of the following is a common symptom of poverty?,Financial security,The state of being extremely poor or lacking enough money to meet basic needs,Access to all resources,High socioeconomic status,b,B,140,16-07-2025 14:32
The nurse is addressing poverty by:,Ignoring economic factors,"Advocating for policies that reduce poverty, connecting patients to social services, providing health education, and addressing health disparities related to socioeconomic status",Blaming individuals for their financial situation,Focusing only on individual health behaviors,b,B,140,16-07-2025 14:32
Which of the following is a common symptom of food insecurity?,Consistent access to nutritious food,"The state of being without reliable access to a sufficient quantity of affordable, nutritious food",Abundant food supply,Healthy dietary patterns,b,B,140,16-07-2025 14:32
The nurse is addressing food insecurity by:,Ignoring nutritional needs,"Screening for food insecurity, providing nutritional counseling, connecting to food assistance programs, and advocating for policies that improve food access",Blaming individuals for their diet,Focusing only on weight management,b,B,140,16-07-2025 14:32
Which of the following is a common symptom of health literacy?,Inability to understand health information,"The degree to which individuals have the capacity to obtain, process, and understand basic health information and services needed to make appropriate health decisions",Relying solely on healthcare professionals,Avoiding health information,b,B,140,16-07-2025 14:32
The nurse is promoting health literacy by:,Using complex medical jargon,"Using plain language, providing visual aids, using teach-back methods, and assessing patient understanding",Overwhelming patients with information,Ignoring patient questions,b,B,140,16-07-2025 14:32
Which of the following is a common symptom of health promotion in the community?,Focusing only on individual health,"The process of enabling communities to increase control over, and to improve, their health",Ignoring community engagement,Focusing only on disease treatment,b,B,140,16-07-2025 14:32
The nurse is engaging in community health promotion by:,Discouraging community participation,"Conducting community needs assessments, developing community-based health programs, facilitating community partnerships, and advocating for healthy public policies",Focusing only on hospital-based interventions,Ignoring community strengths,b,B,140,16-07-2025 14:32
Which of the following is a common symptom of primary prevention?,Treating existing diseases,Actions taken to prevent the onset of disease or injury,Early detection of disease,Reducing the impact of disease,b,B,140,16-07-2025 14:32
The nurse is engaging in primary prevention by:,Providing rehabilitation services,"Administering vaccines, providing health education on healthy lifestyles, and promoting safety measures",Screening for diseases,Managing chronic conditions,b,B,140,16-07-2025 14:32
Which of the following is a common symptom of secondary prevention?,Preventing disease onset,Actions taken to detect and treat existing disease in early stages to prevent progression,Reducing the impact of disease,Providing long-term care,b,B,140,16-07-2025 14:32
The nurse is engaging in secondary prevention by:,Providing immunizations,"Conducting health screenings (e.g., blood pressure, cholesterol, cancer screenings), and early diagnosis and treatment of conditions",Managing chronic diseases,Providing palliative care,b,B,140,16-07-2025 14:32
Which of the following is a common symptom of tertiary prevention?,Preventing disease onset,"Actions taken to reduce the impact of an already established disease or injury, and to improve quality of life",Early detection of disease,Promoting healthy lifestyles,b,B,140,16-07-2025 14:32
The nurse is engaging in tertiary prevention by:,Providing health education on healthy eating,"Providing rehabilitation services, managing chronic diseases, and supporting individuals to maximize their functional abilities",Conducting health screenings,Administering vaccines,b,B,140,16-07-2025 14:32
Which of the following is a common symptom of a therapeutic relationship?,Social interaction,"A professional, goal-directed, and time-limited relationship between a nurse and a patient, focused on the patient’s needs and well-being",A relationship where the nurse makes all decisions,A relationship based on personal friendship,b,B,140,16-07-2025 14:32
The nurse is establishing a therapeutic relationship by:,Being judgmental,"Demonstrating empathy, respect, genuineness, and setting clear boundaries",Sharing personal problems,Avoiding emotional connection,b,B,140,16-07-2025 14:32
Which of the following is a common symptom of empathy in nursing?,Feeling sorry for the patient,The ability to understand and share the feelings of another person from their perspective,Remaining emotionally detached,Sharing the patient’s pain,b,B,140,16-07-2025 14:32
The nurse is demonstrating empathy by:,Telling the patient how they should feel,"Actively listening, reflecting feelings, validating experiences, and communicating understanding",Minimizing patient feelings,Offering unsolicited advice,b,B,140,16-07-2025 14:32
Which of the following is a common symptom of active listening in nursing?,Interrupting the patient frequently,"Paying full attention to the patient’s verbal and non-verbal communication, demonstrating interest, and providing feedback",Planning your next response,Only focusing on factual content,b,B,140,16-07-2025 14:32
The nurse is practicing active listening by:,Looking away from the patient,"Maintaining eye contact, nodding, using verbal affirmations, and summarizing what the patient has said",Distracting themselves,Finishing the patient’s sentences,b,B,140,16-07-2025 14:32
Which of the following is a common symptom of therapeutic communication?,Giving advice freely,A goal-directed form of communication used to promote the physical and mental well-being of patients,Using closed-ended questions only,Sharing personal opinions,b,B,140,16-07-2025 14:32
The nurse is using therapeutic communication by:,Being judgmental,"Using open-ended questions, reflecting, clarifying, focusing, and exploring",Asking,Changing the subject,b,B,140,16-07-2025 14:32
Which of the following is a common symptom of non-therapeutic communication?,Empathy and respect,Communication techniques that hinder or block the development of a therapeutic relationship and patient understanding,Using open-ended questions,Focusing on patient concerns,b,B,140,16-07-2025 14:32
The nurse is using non-therapeutic communication by:,Active listening,"Giving false reassurance, making stereotyped comments, and belittling feelings",Reflecting feelings,Clarifying information,b,B,140,16-07-2025 14:32
Which of the following is a common symptom of motivational interviewing?,Confrontational approach,"A collaborative, person-centered form of guiding to elicit and strengthen motivation for change",Telling the patient what to do,Focusing only on problems,b,B,140,16-07-2025 14:32
The nurse is using motivational interviewing by:,Arguing with the patient,"Expressing empathy, developing discrepancy, rolling with resistance, and supporting self-efficacy",Imposing their own goals,Ignoring patient ambivalence,b,B,140,16-07-2025 14:32
Which of the following is a common symptom of cognitive behavioral therapy (CBT)?,Focusing only on past experiences,A type of psychotherapy that helps individuals identify and change negative or unhelpful thought patterns and behaviors,Ignoring thoughts and feelings,Focusing only on medication,b,B,141,16-07-2025 14:32
The nurse is supporting a patient undergoing CBT by:,Discouraging homework assignments,"Reinforcing learned skills, encouraging practice of coping strategies, and providing a supportive environment",Challenging the therapist’s approach,Focusing only on problems,b,B,141,16-07-2025 14:32
Which of the following is a common symptom of dialectical behavior therapy (DBT)?,Focusing only on changing behavior,"A type of psychotherapy that combines cognitive-behavioral techniques with concepts of mindfulness, distress tolerance, emotion regulation, and interpersonal effectiveness",Ignoring emotions,Focusing only on individual therapy,b,B,141,16-07-2025 14:32
The nurse is supporting a patient undergoing DBT by:,Discouraging skills practice,"Reinforcing DBT skills, validating emotions, and providing a non-judgmental and supportive environment",Challenging the therapist’s approach,Focusing only on crises,b,B,141,16-07-2025 14:32
Which of the following is a common symptom of group therapy?,Individualized treatment only,A form of psychotherapy in which one or more therapists treat a small group of clients together as a group,Ignoring interpersonal dynamics,Focusing only on medication,b,B,141,16-07-2025 14:32
The nurse is co-facilitating a group therapy session by:,Dominating the discussion,"Setting group norms, facilitating interaction, encouraging participation, and managing group dynamics",Ignoring conflicts,Focusing only on individual members,b,B,141,16-07-2025 14:32
Which of the following is a common symptom of family therapy?,Focusing only on the individual patient,A type of psychotherapy that helps family members improve communication and resolve conflicts,Ignoring family dynamics,Focusing only on medication,b,B,141,16-07-2025 14:32
The nurse is supporting a family undergoing family therapy by:,Taking sides in family conflicts,"Encouraging open communication, validating family members’ perspectives, and reinforcing positive interaction patterns",Blaming family members,Ignoring family strengths,b,B,141,16-07-2025 14:32
Which of the following is a common symptom of electroconvulsive therapy (ECT)?,Long-term memory improvement,"A medical treatment most commonly used in patients with severe major depression or bipolar disorder that has not responded to other treatments, involving a brief electrical stimulation of the brain while the patient is under anesthesia",Absence of any side effects,Used as a first-line treatment for mild depression,b,B,141,16-07-2025 14:32
The nurse is caring for a patient undergoing ECT by:,Ignoring pre-procedure preparation,"Providing pre-procedure education, ensuring informed consent, monitoring vital signs, providing post-procedure care, and offering emotional support",Minimizing potential side effects,Discouraging patient questions,b,B,141,16-07-2025 14:32
Which of the following is a common symptom of psychopharmacology?,Ignoring medication effects,The study of the use of medications in treating mental disorders,Focusing only on psychotherapy,Believing medication is a cure-all,b,B,141,16-07-2025 14:32
The nurse is involved in psychopharmacology by:,Prescribing medications independently (unless an APRN),"Administering medications, monitoring for therapeutic effects and side effects, educating patients about medications, and collaborating with prescribers",Ignoring patient concerns about medication,Changing medication dosages without orders,b,B,141,16-07-2025 14:32
Which of the following is a common symptom of milieu therapy?,Unstructured environment,A therapeutic environment that is structured to promote positive behavioral change and emotional growth,Ignoring patient interactions,Focusing only on individual therapy,b,B,141,16-07-2025 14:32
The nurse is implementing milieu therapy by:,Allowing chaotic behavior,"Maintaining a safe and therapeutic environment, setting clear expectations, facilitating group activities, and promoting positive social interactions",Ignoring patient needs,Focusing only on rules,b,B,141,16-07-2025 14:32
Which of the following is a common symptom of assertive community treatment (ACT)?,Office-based care only,"A multidisciplinary team approach that provides comprehensive, community-based psychiatric treatment, rehabilitation, and support to individuals with severe and persistent mental illness",Infrequent contact with patients,Focusing only on medication management,b,B,141,16-07-2025 14:32
The nurse is participating in an ACT team by:,Working in isolation,"Providing intensive, individualized care in the community, collaborating with team members, and supporting patients in various life domains",Ignoring patient preferences,Focusing only on crisis intervention,b,B,141,16-07-2025 14:32
Which of the following is a common symptom of partial hospitalization programs (PHP)?,24-hour inpatient care,Structured outpatient psychiatric services that provide a less intensive level of care than inpatient hospitalization but more intensive than traditional outpatient therapy,Infrequent therapy sessions,Focusing only on medication,b,B,141,16-07-2025 14:32
The nurse is working in a PHP by:,Providing only individual therapy,"Facilitating group therapy, providing psychoeducation, monitoring medication, and coordinating care with other providers",Ignoring patient progress,Focusing only on discharge planning,b,B,141,16-07-2025 14:32
Which of the following is a common symptom of intensive outpatient programs (IOP)?,Inpatient care,"Structured outpatient psychiatric services that provide a step-down from PHP or a more intensive level of care than traditional outpatient therapy, typically involving several hours of therapy per week",Daily therapy sessions,Focusing only on crisis management,b,B,141,16-07-2025 14:32
The nurse is working in an IOP by:,Providing only medication management,"Facilitating group therapy, providing psychoeducation, supporting skill development, and coordinating care",Ignoring patient goals,Focusing only on individual therapy,b,B,141,16-07-2025 14:32
Which of the following is a common symptom of peer support services?,Professional therapy only,"Services provided by individuals with lived experience of mental illness or substance use disorders who offer support, encouragement, and hope to others in recovery",Ignoring lived experience,Focusing only on clinical interventions,b,B,141,16-07-2025 14:32
The nurse is collaborating with peer support specialists by:,Dismissing their role,"Recognizing the value of peer support, referring patients to peer services, and integrating peer perspectives into treatment planning",Ignoring patient preferences for peer support,Believing peer support is not effective,b,B,141,16-07-2025 14:32
Which of the following is a common symptom of supported employment services?,Focusing only on unemployment,Services that help individuals with mental illness find and maintain competitive employment in integrated community settings,Ignoring vocational goals,Believing individuals with mental illness cannot work,b,B,141,16-07-2025 14:32
The nurse is supporting a patient in supported employment by:,Discouraging work,"Assessing vocational strengths and interests, collaborating with employment specialists, addressing mental health symptoms that impact work, and providing encouragement",Ignoring workplace challenges,Focusing only on medication,b,B,141,16-07-2025 14:32
Which of the following is a common symptom of supported housing services?,Focusing only on homelessness,"Services that help individuals with mental illness find and maintain safe, affordable, and independent housing in the community",Ignoring housing needs,Believing individuals with mental illness cannot live independently,b,B,141,16-07-2025 14:32
The nurse is supporting a patient in supported housing by:,Discouraging independent living,"Assessing housing needs and preferences, collaborating with housing specialists, addressing mental health symptoms that impact housing stability, and providing support for daily living skills",Ignoring housing challenges,Focusing only on medication,b,B,141,16-07-2025 14:32
Which of the following is a common symptom of integrated care?,Fragmented healthcare services,"The coordination of mental health, substance abuse, and primary care services to treat the whole person",Ignoring physical health needs,Focusing only on mental health,b,B,141,16-07-2025 14:32
The nurse is promoting integrated care by:,Working in silos,"Collaborating with primary care providers, screening for co-occurring conditions, providing holistic care, and advocating for integrated service models",Ignoring mental health needs in primary care,Focusing only on specialized care,b,B,141,16-07-2025 14:32
Which of the following is a common symptom of recovery capital?,Lack of resources for recovery,The internal and external resources that an individual can draw upon to initiate and sustain recovery from substance use disorders or mental illness,Focusing only on deficits,Believing recovery is impossible,b,B,141,16-07-2025 14:32
The nurse is helping a patient build recovery capital by:,Ignoring strengths,"Identifying and leveraging personal strengths, social supports, community resources, and cultural assets to support recovery",Focusing only on problems,Discouraging hope,b,B,141,16-07-2025 14:32
Which of the following is a common symptom of self-determination in recovery?,Dependence on others for decisions,"The right of individuals to make their own choices and direct their own lives, including their recovery journey",Ignoring patient preferences,Believing professionals know best,b,B,141,16-07-2025 14:32
The nurse is promoting self-determination by:,Making decisions for the patient,"Respecting patient autonomy, involving patients in treatment planning, supporting their goals, and empowering them to make informed choices",Imposing their own values,Discouraging patient involvement,b,B,141,16-07-2025 14:32
Which of the following is a common symptom of hope in recovery?,Despair and pessimism,The belief that recovery is possible and that one can achieve a meaningful and fulfilling life despite the challenges of mental illness or substance use,Focusing only on negative outcomes,Believing change is impossible,b,B,141,16-07-2025 14:32
The nurse is instilling hope by:,Making unrealistic promises,"Sharing stories of recovery, highlighting patient strengths, celebrating small successes, and maintaining a positive and supportive attitude",Focusing only on symptoms,Discouraging optimism,b,B,141,16-07-2025 14:32
Which of the following is a common symptom of empowerment in recovery?,Feeling powerless and helpless,"The process of gaining control over one’s life and circumstances, and developing the confidence and skills to make positive changes",Focusing only on external factors,Believing one has no control,b,B,141,16-07-2025 14:32
The nurse is empowering patients by:,Taking control of their care,"Providing education and resources, supporting skill development, encouraging self-advocacy, and fostering a sense of agency",Making decisions for them,Discouraging independence,b,B,141,16-07-2025 14:32
Which of the following is a common symptom of social inclusion in recovery?,Isolation and loneliness,The process of ensuring that individuals with mental illness or substance use disorders have the opportunity to participate fully in community life,Focusing only on individual treatment,Believing individuals should be segregated,b,B,141,16-07-2025 14:32
The nurse is promoting social inclusion by:,Discouraging community involvement,"Connecting patients to community resources, supporting social skill development, challenging stigma, and advocating for inclusive policies",Focusing only on clinical settings,Ignoring social determinants of health,b,B,141,16-07-2025 14:32
Which of the following is a common symptom of person-centered care?,Focusing only on the diagnosis,"An approach to healthcare that respects and responds to the individual preferences, needs, and values of patients, and ensures that patient values guide all clinical decisions",Ignoring patient preferences,Believing all patients are the same,b,B,141,16-07-2025 14:32
The nurse is providing person-centered care by:,Imposing their own treatment plan,"Actively listening to patients, involving them in decision-making, tailoring care to their individual needs, and respecting their cultural and personal values",Making assumptions about patients,Focusing only on medical interventions,b,B,141,16-07-2025 14:32
Which of the following is a common symptom of shared decision-making?,Clinician makes all decisions,A collaborative process in which clinicians and patients work together to make healthcare decisions based on clinical evidence and the patient’s values and preferences,Patient makes all decisions without input,Ignoring patient preferences,b,B,141,16-07-2025 14:32
The nurse is engaging in shared decision-making by:,Telling the patient what to do,"Providing clear information about treatment options, discussing risks and benefits, eliciting patient preferences, and supporting patients in making informed choices",Withholding information,Making decisions without patient involvement,b,B,141,16-07-2025 14:32
Which of the following is a common symptom of cultural safety in healthcare?,Ignoring cultural differences,"An environment that is spiritually, socially, emotionally, and physically safe for people; where there is no assault, challenge, or denial of their identity, of who they are and what they need",Imposing dominant cultural norms,Believing all cultures are the same,b,B,141,16-07-2025 14:32
The nurse is promoting cultural safety by:,Making assumptions about cultural practices,"Engaging in self-reflection, recognizing power imbalances, respecting cultural diversity, and creating an inclusive and non-judgmental environment",Stereotyping patients,Avoiding discussions about culture,b,B,141,16-07-2025 14:32
Which of the following is a common symptom of health equity?,Unequal access to healthcare,"The attainment of the highest level of health for all people, where everyone has a fair and just opportunity to be as healthy as possible",Focusing only on individual health behaviors,Ignoring social determinants of health,b,B,141,16-07-2025 14:32
The nurse is advocating for health equity by:,Accepting health disparities,"Addressing social determinants of health, challenging systemic barriers to care, promoting culturally sensitive services, and advocating for policies that advance health equity",Blaming individuals for poor health,Focusing only on clinical interventions,b,B,141,16-07-2025 14:32
Which of the following is a common symptom of advocacy fatigue?,Increased motivation for advocacy,"A state of emotional, mental, and physical exhaustion caused by the prolonged stress of advocating for others, particularly in challenging or under-resourced systems",Feeling energized by advocacy efforts,Indifference to social justice issues,b,B,141,16-07-2025 14:32
The nurse is experiencing advocacy fatigue. Which of the following strategies is helpful?,Taking on more advocacy work,"Practicing self-care, seeking peer support, setting boundaries, celebrating small wins, and collaborating with others",Ignoring personal needs,Blaming the system without seeking solutions,b,B,141,16-07-2025 14:32
Which of the following is a common symptom of ethical leadership in nursing?,Ignoring ethical principles,The ability to inspire and guide others to act in accordance with ethical values and principles,Making decisions based on personal gain,Avoiding difficult ethical conversations,b,B,141,16-07-2025 14:32
The nurse is demonstrating ethical leadership by:,Tolerating unethical behavior,"Role modeling ethical conduct, fostering an ethical work environment, promoting open discussion of ethical issues, and supporting staff in ethical decision-making",Prioritizing organizational goals over ethical principles,Ignoring staff concerns about ethics,b,B,141,16-07-2025 14:32
A patient with schizophrenia is experiencing auditory hallucinations. Which nursing intervention is most appropriate?,Tell the patient the voices are not real.,Explore the content of the hallucinations.,Isolate the patient to minimize stimuli.,Engage the patient in a distracting activity.,b,B,141,16-07-2025 14:32
A patient is admitted with acute mania. Which of the following is a priority nursing diagnosis?,Risk for injury,Ineffective coping,Disturbed thought processes,Social isolation,a,A,141,16-07-2025 14:32
A patient is prescribed lithium carbonate for bipolar disorder. The nurse should instruct the patient to:,Restrict fluid intake.,Maintain a consistent sodium intake.,Discontinue the medication if tremors occur.,Take the medication on an empty stomach.,b,B,141,16-07-2025 14:32
A patient is experiencing a panic attack. Which nursing action is most appropriate?,Encourage the patient to talk about their fears.,Leave the patient alone in a quiet room.,"Stay with the patient and speak in a calm, reassuring voice.",Administer a sedative medication immediately.,c,C,141,16-07-2025 14:32
"A patient with major depressive disorder tells the nurse, ""I'm worthless and a burden to my family."" Which therapeutic response by the nurse is most appropriate?","""That's not true. Your family loves you.""","""Tell me more about what makes you feel that way.""","""You shouldn't feel that way. You have a lot to live for.""","""Let's talk about something more positive.""",b,B,141,16-07-2025 14:32
A patient is prescribed a selective serotonin reuptake inhibitor (SSRI) for depression. The nurse should monitor the patient for which common side effect?,Weight gain,Sexual dysfunction,Dry mouth,Sedation,b,B,141,16-07-2025 14:32
A patient with borderline personality disorder is exhibiting splitting behavior. This means the patient is:,Experiencing memory loss.,Unable to see both positive and negative aspects of others.,Having difficulty making decisions.,Isolating themselves from others.,b,B,141,16-07-2025 14:32
A patient is experiencing alcohol withdrawal. The nurse should assess for which of the following symptoms?,Bradycardia and hypotension,"Tremors, anxiety, and diaphoresis",Constricted pupils and respiratory depression,Euphoria and increased energy,b,B,141,16-07-2025 14:32
A patient with anorexia nervosa is admitted to the unit. Which nursing intervention is a priority?,Encourage the patient to eat a large meal.,Monitor the patient for electrolyte imbalances.,Focus on psychotherapy and ignore weight.,Allow the patient to control their own diet.,b,B,141,16-07-2025 14:32
A patient is experiencing delusions of persecution. Which nursing intervention is most appropriate?,Argue with the patient about their delusions.,Acknowledge the patient's feelings without validating the delusion.,Encourage the patient to focus on their delusions.,Isolate the patient to prevent harm to others.,b,B,141,16-07-2025 14:32
A patient is prescribed an antipsychotic medication. The nurse should monitor for which extrapyramidal side effect?,Nausea and vomiting,Akathisia and dystonia,Diarrhea and abdominal pain,Rash and itching,b,B,141,16-07-2025 14:32
A patient with obsessive-compulsive disorder (OCD) is performing a ritual. The nurse should:,Interrupt the ritual immediately.,Allow the patient to complete the ritual and then discuss their anxiety.,Tell the patient the ritual is not necessary.,Ignore the ritual and focus on other tasks.,b,B,141,16-07-2025 14:32
A patient is experiencing post-traumatic stress disorder (PTSD). Which symptom is characteristic of this disorder?,Amnesia for the traumatic event,Flashbacks and nightmares,Lack of emotional response to the trauma,A desire to constantly talk about the trauma,b,B,141,16-07-2025 14:32
A patient is admitted for detoxification from opioids. The nurse should anticipate which withdrawal symptom?,Euphoria and relaxation,"Nausea, vomiting, and muscle aches",Respiratory depression and constricted pupils,Increased appetite and weight gain,b,B,141,16-07-2025 14:32
A patient with schizophrenia is exhibiting negative symptoms. Which of the following is a negative symptom?,Hallucinations,Delusions,Disorganized speech,Avolition (lack of motivation),d,D,141,16-07-2025 14:32
A patient is experiencing a crisis. The primary goal of crisis intervention is to:,Resolve long-standing personality issues.,Help the patient return to their pre-crisis level of functioning.,Diagnose a new mental illness.,Administer medication to sedate the patient.,b,B,141,16-07-2025 14:32
A patient expresses suicidal ideation. The nurse's priority action is to:,Encourage the patient to focus on positive thoughts.,Ensure patient safety and implement suicide precautions.,Leave the patient alone to think.,Tell the patient that suicide is not the answer.,b,B,141,16-07-2025 14:32
A patient is prescribed a benzodiazepine for anxiety. The nurse should educate the patient about the risk of:,Hypertension,Dependence and withdrawal,Weight gain,Tardive dyskinesia,b,B,141,16-07-2025 14:32
A patient with dementia is experiencing agitation. Which nursing intervention is most appropriate?,Restrain the patient to prevent harm.,Administer a sedative medication.,"Use a calm, reassuring approach and redirect the patient's attention.",Argue with the patient to correct their behavior.,c,C,141,16-07-2025 14:32
A patient is experiencing transference. This means the patient is:,Projecting their feelings onto the nurse.,Unconsciously redirecting feelings from a past relationship onto the nurse.,Developing a social relationship with the nurse.,Intentionally manipulating the nurse.,b,B,141,16-07-2025 14:32
The nurse is using a therapeutic communication technique by:,Giving advice to the patient.,Asking closed-ended questions.,Reflecting the patient's feelings.,Changing the subject when the patient is distressed.,c,C,141,16-07-2025 14:32
A patient with bipolar disorder is in the manic phase. Which activity is most appropriate for this patient?,A competitive group game,"A quiet, solitary activity like drawing",A stimulating discussion group,"A loud, energetic exercise class",b,B,141,16-07-2025 14:32
A patient is experiencing tardive dyskinesia. This is a side effect of which type of medication?,Antidepressants,Antipsychotics,Anxiolytics,Mood stabilizers,b,B,141,16-07-2025 14:32
A patient with depression is prescribed a monoamine oxidase inhibitor (MAOI). The nurse should instruct the patient to avoid which foods?,Fresh fruits and vegetables,Aged cheese and cured meats,Lean proteins and whole grains,Dairy products and nuts,b,B,141,16-07-2025 14:32
A patient is experiencing countertransference. This means the nurse is:,Projecting their feelings onto the patient.,Unconsciously redirecting feelings from their own past onto the patient.,Maintaining professional boundaries.,Intentionally manipulating the patient.,b,B,141,16-07-2025 14:32
