Question,Option A,Option B,Option C,Option D,Correct Answer
What is the primary purpose of accounting?,To manage human resources,"To record, classify, and summarize financial transactions",To develop marketing strategies,To oversee production processes,b
Which of the following is NOT a primary objective of financial accounting?,Providing information to investors and creditors,Assisting management in decision-making,Assessing the financial performance of an entity,Ensuring compliance with tax regulations,a
The accounting equation states that Assets = Liabilities + ?,Revenue,Expenses,Owner's Equity,Dividends,b
Which financial statement reports a company's financial position at a specific point in time?,Income Statement,Statement of Cash Flows,Balance Sheet,Statement of Owner's Equity,c
"The Income Statement reports a company's financial performance over a period of time, typically including which of the following?",Assets and Liabilities,Revenues and Expenses,Cash Inflows and Outflows,Owner's Capital and Drawings,c
Which accounting principle states that expenses should be recognized in the same period as the revenues they help generate?,Revenue Recognition Principle,Matching Principle,Cost Principle,Full Disclosure Principle,b
What is the normal balance of an asset account?,Credit,Debit,Both debit and credit,Neither debit nor credit,c
What is the normal balance of a liability account?,Debit,Credit,Both debit and credit,Neither debit nor credit,a
What is the normal balance of an owner's equity account?,Debit,Credit,Both debit and credit,Neither debit nor credit,b
Which of the following is an example of a current asset?,Land,Buildings,Accounts Receivable,Equipment,c
Which of the following is an example of a current liability?,Bonds Payable,Notes Payable (due in 5 years),Accounts Payable,Mortgage Payable,b
What is the purpose of a trial balance?,To prepare financial statements,To check the equality of debits and credits in the ledger,To record daily transactions,To calculate net income,b
What is depreciation?,The increase in the value of an asset over time,The systematic allocation of the cost of a tangible asset over its useful life,The process of selling an asset,The process of purchasing an asset,d
Which method of depreciation allocates an equal amount of depreciation expense to each period of an asset's useful life?,Declining-Balance Method,Units-of-Production Method,Straight-Line Method,Sum-of-the-Years' Digits Method,d
What is the purpose of adjusting entries?,To correct errors in the accounting records,To record transactions that occurred during the period but have not yet been recorded,To ensure that revenues and expenses are recognized in the proper accounting period,All of the above,d
Which of the following is an example of an accrued expense?,Prepaid Rent,Unearned Revenue,Salaries Payable,Supplies Expense,a
Which of the following is an example of a deferred revenue?,Rent Revenue Earned,Interest Revenue Accrued,Unearned Service Revenue,Sales Revenue,b
What is the purpose of closing entries?,To prepare the accounts for the next accounting period,To transfer the balances of temporary accounts to permanent accounts,To calculate the net income or loss for the period,All of the above,b
Which accounts are considered temporary accounts?,"Assets, Liabilities, Owner's Equity","Revenues, Expenses, Dividends","Cash, Accounts Receivable, Accounts Payable","Land, Buildings, Equipment",a
What is the purpose of a post-closing trial balance?,To ensure that all temporary accounts have zero balances,To verify the equality of debits and credits in the permanent accounts,To prepare the financial statements,Both a and b,b
What is the purpose of a bank reconciliation?,To identify errors made by the bank,To identify errors made by the company,To reconcile the cash balance per bank statement with the cash balance per company's books,All of the above,c
Which of the following would require an adjustment to the bank balance in a bank reconciliation?,Outstanding Checks,Deposits in Transit,Bank Service Charges,Both a and b,c
Which of the following would require an adjustment to the company's book balance in a bank reconciliation?,Outstanding Checks,Deposits in Transit,NSF Checks,Both a and b,a
What is the purpose of internal controls?,To ensure the accuracy of financial records,To prevent fraud and errors,To promote operational efficiency,All of the above,d
Which of the following is a key principle of internal control?,Segregation of Duties,Centralization of Authority,Lack of Documentation,Infrequent Reviews,b
What is the purpose of an audit?,To prepare financial statements,To provide an independent opinion on the fairness of financial statements,To manage daily operations,To calculate taxes,b
Which type of audit provides reasonable assurance that financial statements are free from material misstatement?,Internal Audit,Operational Audit,Financial Statement Audit,Compliance Audit,a
What is the purpose of a budget?,To record past financial performance,To plan and control future financial activities,To prepare financial statements,To calculate taxes,c
Which type of budget forecasts a company's expected sales revenue?,Production Budget,Sales Budget,Cash Budget,Capital Expenditure Budget,b
Which type of budget forecasts a company's expected cash inflows and outflows?,Sales Budget,Production Budget,Cash Budget,Capital Expenditure Budget,a
What is the purpose of cost accounting?,To prepare financial statements for external users,To provide information for internal decision-making and control,To comply with tax regulations,To assess the financial performance of an entity,b
Which type of cost remains constant in total regardless of changes in the level of activity?,Variable Cost,Fixed Cost,Mixed Cost,Direct Cost,b
Which type of cost changes in total in direct proportion to changes in the level of activity?,Fixed Cost,Variable Cost,Mixed Cost,Indirect Cost,a
What is the break-even point?,The level of sales at which total revenues equal total expenses,The level of sales at which a company earns a profit,The level of sales at which a company incurs a loss,The level of sales at which a company maximizes its profits,c
What is the margin of safety?,The difference between actual sales and break-even sales,The difference between total revenues and total expenses,The difference between fixed costs and variable costs,The difference between sales price and variable cost per unit,d
What is the purpose of managerial accounting?,To provide financial information to external users,To provide financial and non-financial information to internal users for decision-making,To comply with tax regulations,To assess the financial performance of an entity,d
Which of the following is a characteristic of managerial accounting?,Focuses on historical data,Must follow GAAP,Provides detailed information for specific decisions,Primarily for external users,a
What is relevant cost?,A cost that has already been incurred and cannot be recovered,A future cost that differs among alternative courses of action,A cost that is the same for all alternatives,A cost that is irrelevant to decision-making,b
What is a sunk cost?,A future cost that differs among alternative courses of action,A cost that has already been incurred and cannot be recovered,A cost that is the same for all alternatives,A cost that is relevant to decision-making,a
What is opportunity cost?,The cost of the next best alternative that was not chosen,The cost that has already been incurred,The cost that is the same for all alternatives,The cost that is irrelevant to decision-making,c
What is the purpose of capital budgeting?,To evaluate short-term investment decisions,To evaluate long-term investment decisions,To prepare financial statements,To calculate taxes,b
Which capital budgeting method calculates the time it takes for an investment to generate enough cash flow to recover its initial cost?,Net Present Value (NPV),Internal Rate of Return (IRR),Payback Period,Accounting Rate of Return (ARR),b
Which capital budgeting method discounts future cash flows to their present value and compares it to the initial investment?,Payback Period,Accounting Rate of Return (ARR),Net Present Value (NPV),Internal Rate of Return (IRR),c
Which capital budgeting method calculates the discount rate that makes the Net Present Value (NPV) of an investment equal to zero?,Payback Period,Accounting Rate of Return (ARR),Net Present Value (NPV),Internal Rate of Return (IRR),a
What is the purpose of financial statement analysis?,To prepare financial statements,To evaluate a company's financial performance and position,To record daily transactions,To calculate taxes,d
Which type of financial statement analysis compares financial data over time?,Vertical Analysis,Horizontal Analysis,Ratio Analysis,Common-Size Analysis,d
Which type of financial statement analysis expresses each item on a financial statement as a percentage of a base amount?,Horizontal Analysis,Vertical Analysis,Ratio Analysis,Trend Analysis,a
Which financial ratio measures a company's ability to meet its short-term obligations?,Debt-to-Equity Ratio,Current Ratio,Gross Profit Margin,Return on Assets,b
Which financial ratio measures a company's profitability by comparing net income to sales revenue?,Current Ratio,Debt-to-Equity Ratio,Net Profit Margin,Inventory Turnover,a
Which financial ratio measures how efficiently a company is using its assets to generate sales?,Gross Profit Margin,Return on Equity,Asset Turnover,Price-Earnings Ratio,b
What is the purpose of the Statement of Cash Flows?,To report a company's financial position at a specific point in time,To report a company's revenues and expenses over a period of time,"To report a company's cash inflows and outflows from operating, investing, and financing activities",To report changes in owner's equity,a
Which section of the Statement of Cash Flows includes cash flows from the normal business operations?,Investing Activities,Financing Activities,Operating Activities,Non-Cash Activities,b
Which section of the Statement of Cash Flows includes cash flows from the purchase and sale of long-term assets?,Operating Activities,Financing Activities,Investing Activities,Non-Cash Activities,a
Which section of the Statement of Cash Flows includes cash flows from debt and equity transactions?,Operating Activities,Investing Activities,Financing Activities,Non-Cash Activities,b
What is the direct method of preparing the Statement of Cash Flows?,It adjusts net income for non-cash items to arrive at cash flow from operations.,It reports major classes of gross cash receipts and gross cash payments.,It focuses on changes in balance sheet accounts.,It is not permitted under GAAP.,a
What is the indirect method of preparing the Statement of Cash Flows?,It reports major classes of gross cash receipts and gross cash payments.,It adjusts net income for non-cash items to arrive at cash flow from operations.,It focuses on changes in balance sheet accounts.,It is not permitted under GAAP.,b
What is the purpose of the Statement of Owner's Equity?,To report a company's financial position at a specific point in time,To report a company's revenues and expenses over a period of time,"To report changes in owner's capital due to investments, net income/loss, and drawings",To report cash inflows and outflows,b
Which of the following increases owner's equity?,Expenses,Drawings,Investments by owner,Liabilities,a
Which of the following decreases owner's equity?,Revenues,Investments by owner,Net Income,Expenses,a
What is the purpose of the general ledger?,To record daily transactions,To summarize all the transactions for each account,To prepare financial statements,To check the equality of debits and credits,b
What is the purpose of the general journal?,To summarize all the transactions for each account,To record daily transactions in chronological order,To prepare financial statements,To check the equality of debits and credits,c
What is the double-entry accounting system?,A system where each transaction affects only one account,"A system where each transaction affects at least two accounts, with equal debits and credits",A system where only cash transactions are recorded,A system where only credit transactions are recorded,c
What is the chart of accounts?,A list of all the transactions that occurred during a period,"A list of all the accounts used by a company, along with their account numbers",A list of all the financial statements,A list of all the employees,b
What is the purpose of source documents in accounting?,To prepare financial statements,To provide evidence of a transaction,To summarize account balances,To calculate net income,a
Which of the following is an example of a source document?,Invoice,Balance Sheet,Income Statement,Trial Balance,b
What is the accrual basis of accounting?,"Revenues are recognized when cash is received, and expenses are recognized when cash is paid.","Revenues are recognized when earned, and expenses are recognized when incurred, regardless of when cash is exchanged.",Only cash transactions are recorded.,Only credit transactions are recorded.,b
What is the cash basis of accounting?,"Revenues are recognized when earned, and expenses are recognized when incurred.","Revenues are recognized when cash is received, and expenses are recognized when cash is paid.",Both cash and credit transactions are recorded.,Neither cash nor credit transactions are recorded.,a
Which accounting method is generally accepted under GAAP?,Cash Basis,Accrual Basis,Both cash and accrual basis,Neither cash nor accrual basis,a
What is the purpose of the accounting cycle?,To prepare financial statements once a year,To ensure that all financial transactions are properly recorded and summarized,To calculate taxes,To manage human resources,b
What is the first step in the accounting cycle?,Prepare financial statements,Record transactions in the journal,Post to the ledger,Prepare a trial balance,b
What is the last step in the accounting cycle?,Prepare adjusting entries,Prepare closing entries,Prepare a post-closing trial balance,Reverse entries (optional),b
What is the purpose of reversing entries?,To correct errors in the accounting records,To simplify the accounting process in the next period,To ensure that revenues and expenses are recognized in the proper accounting period,To transfer the balances of temporary accounts to permanent accounts,a
What is the purpose of a worksheet in accounting?,To prepare financial statements,To facilitate the preparation of adjusting entries and financial statements,To record daily transactions,To calculate net income,d
What is the purpose of the petty cash fund?,To handle large cash disbursements,"To handle small, incidental cash expenditures",To invest in short-term securities,To pay employee salaries,b
What is the purpose of a voucher system?,To control cash receipts,To control cash disbursements,To control inventory,To control sales,a
What is the purpose of a purchase order?,To authorize the sale of goods,To authorize the purchase of goods or services,To record cash receipts,To record cash payments,a
What is the purpose of a sales invoice?,To authorize the purchase of goods or services,To record a sale on credit,To record cash receipts,To record cash payments,a
What is the purpose of a credit memo?,To increase a customer's account balance,To decrease a customer's account balance due to a return or allowance,To record a cash sale,To record a cash purchase,b
What is the purpose of a debit memo?,To decrease a customer's account balance,To increase a customer's account balance due to a charge,To record a cash sale,To record a cash purchase,b
What is the purpose of a bank statement?,To record a company's cash transactions,To provide a summary of a bank account's activity,To prepare financial statements,To calculate taxes,a
What is the purpose of a check?,To record a cash receipt,To authorize a cash payment,To record a credit sale,To record a credit purchase,a
What is the purpose of a deposit slip?,To record a cash payment,To record a cash deposit,To record a credit sale,To record a credit purchase,b
What is the purpose of a promissory note?,A written promise to pay a specified amount of money on demand or at a definite time,A written promise to receive a specified amount of money,A written promise to deliver goods,A written promise to provide services,a
What is the purpose of a bond?,A certificate of ownership in a corporation,A long-term debt instrument that promises to pay periodic interest and a principal amount at maturity,A short-term debt instrument,A type of equity security,a
What is the purpose of stock?,A long-term debt instrument,A certificate of ownership in a corporation,A short-term debt instrument,A type of liability,a
What is the purpose of dividends?,Payments made by a company to its creditors,Payments made by a company to its shareholders from its earnings,Payments made by a company to its employees,Payments made by a company to its suppliers,a
What is the purpose of retained earnings?,The portion of a company's profits that are distributed to shareholders,The portion of a company's profits that are kept within the business to fund future growth or pay off debt,The total amount of capital invested by owners,The total amount of liabilities,a
What is the purpose of treasury stock?,Stock issued to new investors,Stock repurchased by the issuing company from the open market,Stock held by the company's employees,Stock held by the company's creditors,b
What is the purpose of par value of stock?,The market price of the stock,An arbitrary value assigned to each share of stock,The book value of the stock,The fair value of the stock,b
What is the purpose of additional paid-in capital?,The amount of capital invested by owners above the par value of the stock,The amount of capital invested by owners below the par value of the stock,The amount of retained earnings,The amount of liabilities,b
What is the purpose of preferred stock?,Stock that has voting rights,Stock that has priority over common stock in receiving dividends and in liquidation,Stock that has no voting rights,Stock that has no priority in receiving dividends,b
What is the purpose of common stock?,Stock that has priority over preferred stock in receiving dividends,Stock that represents ownership in a corporation and carries voting rights,Stock that has no voting rights,Stock that has no priority in receiving dividends,a
What is the purpose of the Statement of Comprehensive Income?,To report a company's financial position at a specific point in time,To report a company's revenues and expenses over a period of time,"To report all changes in equity during a period, except those resulting from investments by owners and distributions to owners",To report cash inflows and outflows,a
What is the purpose of the Statement of Changes in Equity?,To report a company's financial position at a specific point in time,To report a company's revenues and expenses over a period of time,To report changes in each component of equity during a period,To report cash inflows and outflows,b
What is the purpose of the Notes to Financial Statements?,To provide additional information about the items presented in the financial statements,To summarize the financial statements,To prepare the financial statements,To calculate taxes,c
What is the purpose of the Auditor's Report?,To prepare financial statements,To provide an independent opinion on the fairness of financial statements,To manage daily operations,To calculate taxes,b
What is the purpose of the Management Discussion and Analysis (MD&A)?,To provide an independent opinion on the fairness of financial statements,To provide management's perspective on the company's financial performance and future outlook,To prepare financial statements,To calculate taxes,a
What is the purpose of the Generally Accepted Accounting Principles (GAAP)?,A set of rules and guidelines for preparing financial statements in the United States,A set of rules and guidelines for preparing financial statements internationally,A set of rules and guidelines for calculating taxes,A set of rules and guidelines for managing human resources,b
What is the purpose of the International Financial Reporting Standards (IFRS)?,A set of rules and guidelines for preparing financial statements in the United States,A set of rules and guidelines for preparing financial statements internationally,A set of rules and guidelines for calculating taxes,A set of rules and guidelines for managing human resources,a
What is the purpose of the Financial Accounting Standards Board (FASB)?,To set accounting standards in the United States,To set accounting standards internationally,To enforce accounting standards,To audit financial statements,d
What is the purpose of the International Accounting Standards Board (IASB)?,To set accounting standards in the United States,To set accounting standards internationally,To enforce accounting standards,To audit financial statements,b
What is the purpose of the Securities and Exchange Commission (SEC)?,To set accounting standards in the United States,To regulate the securities markets and enforce accounting standards for public companies in the United States,To audit financial statements,To manage human resources,c
What is the purpose of the Public Company Accounting Oversight Board (PCAOB)?,To set accounting standards in the United States,To oversee the audits of public companies in order to protect investors,To enforce accounting standards,To manage human resources,d
What is the purpose of the American Institute of Certified Public Accountants (AICPA)?,To set accounting standards in the United States,To provide professional development and resources for CPAs,To enforce accounting standards,To audit financial statements,d
What is the purpose of the Institute of Internal Auditors (IIA)?,To set accounting standards in the United States,To provide professional development and resources for internal auditors,To enforce accounting standards,To audit financial statements,b
What is the purpose of the Institute of Management Accountants (IMA)?,To set accounting standards in the United States,To provide professional development and resources for management accountants,To enforce accounting standards,To audit financial statements,a
What is the purpose of the Certified Public Accountant (CPA) designation?,A professional certification for internal auditors,A professional certification for management accountants,A professional certification for public accountants in the United States,A professional certification for financial analysts,d
What is the purpose of the Certified Internal Auditor (CIA) designation?,A professional certification for public accountants,A professional certification for internal auditors,A professional certification for management accountants,A professional certification for financial analysts,c
What is the purpose of the Certified Management Accountant (CMA) designation?,A professional certification for public accountants,A professional certification for internal auditors,A professional certification for management accountants,A professional certification for financial analysts,a
What is the purpose of the Certified Financial Analyst (CFA) designation?,A professional certification for public accountants,A professional certification for internal auditors,A professional certification for management accountants,A professional certification for investment professionals,b
What is the purpose of the Generally Accepted Auditing Standards (GAAS)?,A set of rules and guidelines for preparing financial statements,A set of rules and guidelines for conducting audits in the United States,A set of rules and guidelines for calculating taxes,A set of rules and guidelines for managing human resources,d
What is the purpose of the International Standards on Auditing (ISAs)?,A set of rules and guidelines for preparing financial statements,A set of rules and guidelines for conducting audits internationally,A set of rules and guidelines for calculating taxes,A set of rules and guidelines for managing human resources,b
What is the purpose of the Sarbanes-Oxley Act (SOX)?,To regulate the banking industry,To improve corporate governance and accountability in response to accounting scandals,To regulate the insurance industry,To regulate the real estate industry,b
What is the purpose of the Dodd-Frank Wall Street Reform and Consumer Protection Act?,To regulate the banking industry,To promote financial stability and protect consumers in response to the financial crisis,To regulate the insurance industry,To regulate the real estate industry,a
What is the purpose of the Foreign Corrupt Practices Act (FCPA)?,To prohibit bribery of foreign officials,To promote bribery of foreign officials,To regulate international trade,To regulate international finance,c
What is the purpose of the internal audit function?,To provide an independent opinion on the fairness of financial statements,"To provide independent, objective assurance and consulting services designed to add value and improve an organization's operations",To prepare financial statements,To calculate taxes,a
What is the purpose of the external audit function?,"To provide independent, objective assurance and consulting services designed to add value and improve an organization's operations",To provide an independent opinion on the fairness of financial statements,To prepare financial statements,To calculate taxes,b
What is the purpose of the audit committee?,To prepare financial statements,To oversee the company's financial reporting process and internal controls,To manage daily operations,To calculate taxes,b
What is the purpose of the management letter?,A letter from management to the auditors,A letter from the auditors to management communicating internal control deficiencies and recommendations,A letter from the auditors to the shareholders,A letter from the auditors to the SEC,b
What is the purpose of the engagement letter?,A letter from the client to the auditors,A letter from the auditors to the client outlining the terms of the audit engagement,A letter from the auditors to the shareholders,A letter from the auditors to the SEC,b
What is the purpose of audit risk?,The risk that the auditor will issue an unqualified opinion on financial statements that are materially misstated,The risk that the auditor will issue a qualified opinion on financial statements that are not materially misstated,The risk that the auditor will not be able to complete the audit,The risk that the auditor will be sued,b
What is the purpose of inherent risk?,"The susceptibility of an assertion to a material misstatement, assuming that there are no related internal controls",The risk that a material misstatement will not be prevented or detected by internal controls,The risk that the auditor will not detect a material misstatement,The risk that the auditor will issue an unqualified opinion,a
What is the purpose of control risk?,"The susceptibility of an assertion to a material misstatement, assuming that there are no related internal controls",The risk that a material misstatement will not be prevented or detected by internal controls,The risk that the auditor will not detect a material misstatement,The risk that the auditor will issue an unqualified opinion,a
What is the purpose of detection risk?,"The susceptibility of an assertion to a material misstatement, assuming that there are no related internal controls",The risk that a material misstatement will not be prevented or detected by internal controls,The risk that the auditor will not detect a material misstatement,The risk that the auditor will issue an unqualified opinion,b
What is the purpose of materiality in auditing?,The amount of misstatement that would cause the financial statements to be considered materially misstated,The amount of misstatement that would not cause the financial statements to be considered materially misstated,The amount of misstatement that would cause the auditor to issue a qualified opinion,The amount of misstatement that would cause the auditor to issue an adverse opinion,a
What is the purpose of audit evidence?,Information used by the auditor to support the audit opinion,Information used by management to prepare financial statements,Information used by investors to make investment decisions,Information used by creditors to make lending decisions,c
What is the purpose of audit procedures?,Steps taken by management to prepare financial statements,Steps taken by the auditor to obtain audit evidence,Steps taken by investors to make investment decisions,Steps taken by creditors to make lending decisions,c
What is the purpose of audit documentation?,Records kept by management to support financial statements,Records kept by the auditor to document the audit work performed and the conclusions reached,Records kept by investors to track their investments,Records kept by creditors to track their loans,a
What is the purpose of the audit opinion?,A statement by management about the fairness of financial statements,A statement by the auditor about the fairness of financial statements,A statement by investors about the fairness of financial statements,A statement by creditors about the fairness of financial statements,b
What is an unqualified audit opinion?,An opinion that states that the financial statements are not presented fairly,An opinion that states that the financial statements are presented fairly in all material respects,An opinion that states that the financial statements are presented fairly with some exceptions,An opinion that states that the auditor is unable to express an opinion,b
What is a qualified audit opinion?,An opinion that states that the financial statements are not presented fairly,An opinion that states that the financial statements are presented fairly in all material respects,An opinion that states that the financial statements are presented fairly with some exceptions,An opinion that states that the auditor is unable to express an opinion,a
What is an adverse audit opinion?,An opinion that states that the financial statements are not presented fairly,An opinion that states that the financial statements are presented fairly in all material respects,An opinion that states that the financial statements are presented fairly with some exceptions,An opinion that states that the auditor is unable to express an opinion,b
What is a disclaimer of opinion?,An opinion that states that the financial statements are not presented fairly,An opinion that states that the financial statements are presented fairly in all material respects,An opinion that states that the financial statements are presented fairly with some exceptions,A statement that the auditor is unable to express an opinion,a
What is the purpose of professional ethics in accounting?,To ensure that accountants act in their own self-interest,"To ensure that accountants act with integrity, objectivity, and professional competence",To ensure that accountants comply with tax regulations,To ensure that accountants maximize their profits,a
What is the purpose of the Code of Professional Conduct for accountants?,To provide guidance on how to maximize profits,To provide guidance on ethical behavior for accountants,To provide guidance on how to avoid taxes,To provide guidance on how to manipulate financial statements,b
What is the purpose of independence in auditing?,To ensure that the auditor is biased towards the client,To ensure that the auditor is free from influences that could compromise professional judgment,To ensure that the auditor is dependent on the client,To ensure that the auditor is controlled by the client,c
What is the purpose of objectivity in accounting?,To ensure that accountants are biased in their judgments,To ensure that accountants are fair and impartial in their judgments,To ensure that accountants are subjective in their judgments,To ensure that accountants are influenced by personal feelings,a
What is the purpose of professional skepticism in auditing?,To assume that management is always honest,To question management's assertions and critically assess audit evidence,To blindly accept management's assertions,To ignore audit evidence,b
What is the purpose of due professional care in auditing?,To perform the audit with the least amount of effort,To perform the audit with the same level of care as a reasonably prudent auditor,To perform the audit with no care at all,To perform the audit with excessive care,c
What is the purpose of confidentiality in accounting?,To disclose all client information to the public,"To keep client information confidential, except when disclosure is required by law or professional standards",To share client information with competitors,To sell client information to third parties,d
What is the purpose of professional competence in accounting?,To perform accounting services without adequate knowledge or skill,To perform accounting services with the necessary knowledge and skill,To perform accounting services with no knowledge or skill,To perform accounting services with excessive knowledge or skill,a
What is the purpose of the conceptual framework for financial reporting?,To provide a basis for setting accounting standards,To provide a detailed set of accounting rules,To provide guidance on how to prepare financial statements,To provide guidance on how to audit financial statements,d
What is the purpose of the qualitative characteristics of financial information?,To describe the qualities that make financial information useful,To describe the qualities that make financial information useless,To describe the qualities that make financial information misleading,To describe the qualities that make financial information irrelevant,b
What is the purpose of relevance as a qualitative characteristic?,"Financial information is relevant if it has predictive value, confirmatory value, or both",Financial information is relevant if it is free from error,Financial information is relevant if it is complete,Financial information is relevant if it is neutral,b
What is the purpose of faithful representation as a qualitative characteristic?,Financial information is faithfully represented if it is relevant,"Financial information is faithfully represented if it is complete, neutral, and free from error",Financial information is faithfully represented if it is timely,Financial information is faithfully represented if it is comparable,c
What is the purpose of comparability as a qualitative characteristic?,Financial information is comparable if it is relevant,Financial information is comparable if it allows users to identify and understand similarities and differences among items,Financial information is comparable if it is timely,Financial information is comparable if it is verifiable,c
What is the purpose of verifiability as a qualitative characteristic?,Financial information is verifiable if it is relevant,Financial information is verifiable if different knowledgeable and independent observers could reach consensus that a particular depiction is a faithful representation,Financial information is verifiable if it is timely,Financial information is verifiable if it is comparable,b
What is the purpose of timeliness as a qualitative characteristic?,Financial information is timely if it is relevant,Financial information is timely if it is available to decision-makers in time to be capable of influencing their decisions,Financial information is timely if it is comparable,Financial information is timely if it is verifiable,a
What is the purpose of understandability as a qualitative characteristic?,Financial information is understandable if it is relevant,"Financial information is understandable if it is classified, characterized, and presented clearly and concisely",Financial information is understandable if it is timely,Financial information is understandable if it is comparable,a
What is the purpose of the cost constraint in financial reporting?,The benefits of providing financial information should outweigh the costs of providing it,The costs of providing financial information should outweigh the benefits of providing it,The benefits and costs of providing financial information should be equal,There are no costs associated with providing financial information,a
What is the purpose of the going concern assumption?,The assumption that a business will cease operations in the near future,The assumption that a business will continue to operate indefinitely,The assumption that a business will be liquidated,The assumption that a business will be sold,a
What is the purpose of the monetary unit assumption?,The assumption that financial statements are expressed in terms of a stable monetary unit,The assumption that financial statements are expressed in terms of a fluctuating monetary unit,The assumption that financial statements are expressed in terms of multiple monetary units,The assumption that financial statements are not expressed in terms of a monetary unit,b
What is the purpose of the economic entity assumption?,The assumption that the financial activities of a business are separate from the financial activities of its owners,The assumption that the financial activities of a business are combined with the financial activities of its owners,The assumption that the financial activities of a business are separate from the financial activities of other businesses,The assumption that the financial activities of a business are combined with the financial activities of other businesses,b
What is the purpose of the time period assumption?,The assumption that the life of a business can be divided into artificial time periods for financial reporting purposes,The assumption that the life of a business cannot be divided into artificial time periods for financial reporting purposes,The assumption that the life of a business is indefinite,The assumption that the life of a business is limited,d
What is the purpose of the revenue recognition principle?,Revenues are recognized when cash is received,"Revenues are recognized when earned, regardless of when cash is received",Revenues are recognized when expenses are incurred,Revenues are recognized when the product is shipped,a
What is the purpose of the expense recognition principle (matching principle)?,Expenses are recognized when cash is paid,"Expenses are recognized when incurred, regardless of when cash is paid",Expenses are recognized when revenues are recognized,Expenses are recognized when the product is sold,c
What is the purpose of the cost principle?,Assets are recorded at their fair value,Assets are recorded at their historical cost,Assets are recorded at their market value,Assets are recorded at their replacement cost,b
What is the purpose of the full disclosure principle?,All relevant information that would affect a user's understanding of the financial statements should be disclosed,Only positive information should be disclosed,Only negative information should be disclosed,No information should be disclosed,d
What is the purpose of the conservatism principle?,"When in doubt, choose the accounting method that results in higher assets and lower liabilities","When in doubt, choose the accounting method that results in lower assets and higher liabilities","When in doubt, choose the accounting method that results in higher net income","When in doubt, choose the accounting method that results in lower net income",b
What is the purpose of the materiality principle?,"All information, regardless of its significance, must be disclosed",Only information that is significant enough to influence the decisions of users should be disclosed,Only information that is insignificant should be disclosed,No information should be disclosed,b
What is the purpose of the consistency principle?,A company should change its accounting methods frequently,A company should use the same accounting methods from period to period,A company should use different accounting methods for different periods,A company should use different accounting methods for different industries,a
What is the purpose of the comparability principle?,Financial statements should be prepared in a way that allows users to compare them to other companies,Financial statements should be prepared in a way that makes them difficult to compare to other companies,Financial statements should be prepared in a way that makes them incomparable,Financial statements should not be compared to other companies,d
What is the purpose of the understandability principle?,Financial statements should be complex and difficult to understand,"Financial statements should be clear and concise, and easy to understand by users with a reasonable knowledge of business and accounting",Financial statements should be misleading,Financial statements should be irrelevant,d
What is the purpose of the relevance principle?,Financial information should be irrelevant to decision-making,Financial information should be capable of making a difference in the decisions made by users,Financial information should be misleading,Financial information should be useless,b
What is the purpose of the faithful representation principle?,Financial information should be misleading,"Financial information should be complete, neutral, and free from error",Financial information should be biased,Financial information should be incomplete,b
What is the purpose of the enhancing qualitative characteristics?,To make financial information less useful,To enhance the usefulness of financial information,To make financial information misleading,To make financial information irrelevant,a
What is the purpose of the basic accounting assumptions?,To provide a foundation for accounting principles,To provide a detailed set of accounting rules,To provide guidance on how to prepare financial statements,To provide guidance on how to audit financial statements,a
What is the purpose of the basic accounting principles?,To provide a foundation for accounting assumptions,To provide a detailed set of accounting rules,To provide guidance on how to prepare financial statements,To provide guidance on how to audit financial statements,b
What is the purpose of the accounting standards?,To provide a detailed set of accounting rules,To provide a framework for preparing financial statements,To provide guidance on how to audit financial statements,To provide guidance on how to calculate taxes,a
What is the purpose of the accounting information system?,"To collect, process, and report financial information",To manage human resources,To develop marketing strategies,To oversee production processes,b
What is the purpose of the general ledger system?,To record daily transactions,To summarize all the transactions for each account,To prepare financial statements,To check the equality of debits and credits,a
What is the purpose of the accounts receivable subsidiary ledger?,To keep track of amounts owed to individual customers,To keep track of amounts owed by the company to its suppliers,To keep track of cash receipts,To keep track of cash payments,b
What is the purpose of the accounts payable subsidiary ledger?,To keep track of amounts owed to individual customers,To keep track of amounts owed by the company to its suppliers,To keep track of cash receipts,To keep track of cash payments,a
What is the purpose of the inventory subsidiary ledger?,To keep track of amounts owed to individual customers,To keep track of amounts owed by the company to its suppliers,To keep track of the quantity and cost of each type of inventory item,To keep track of cash receipts,b
What is the purpose of the fixed asset subsidiary ledger?,To keep track of amounts owed to individual customers,To keep track of amounts owed by the company to its suppliers,"To keep track of the cost, depreciation, and book value of each fixed asset",To keep track of cash receipts,a
What is the purpose of the payroll system?,To manage human resources,To process employee salaries and wages,To develop marketing strategies,To oversee production processes,a
What is the purpose of the sales system?,To manage human resources,To process customer orders and record sales,To develop marketing strategies,To oversee production processes,b
What is the purpose of the purchasing system?,To manage human resources,To process purchase orders and record purchases,To develop marketing strategies,To oversee production processes,b
What is the purpose of the production system?,To manage human resources,To oversee the manufacturing process and track production costs,To develop marketing strategies,To process customer orders,b
What is the purpose of the cash receipts system?,To record cash payments,To record cash received from customers and other sources,To record credit sales,To record credit purchases,a
What is the purpose of the cash disbursements system?,To record cash received from customers,To record cash paid to suppliers and other parties,To record credit sales,To record credit purchases,d
What is the purpose of the general journal?,To summarize all the transactions for each account,To record daily transactions in chronological order,To prepare financial statements,To check the equality of debits and credits,a
What is the purpose of the special journals?,To record all types of transactions,"To record specific types of transactions, such as sales on credit or cash receipts",To prepare financial statements,To check the equality of debits and credits,d
What is the purpose of the sales journal?,To record all sales transactions,To record sales on credit,To record cash sales,To record sales returns,a
What is the purpose of the cash receipts journal?,To record all cash transactions,To record cash received from customers and other sources,To record cash paid to suppliers,To record cash sales,d
What is the purpose of the purchases journal?,To record all purchase transactions,To record purchases on credit,To record cash purchases,To record purchase returns,b
What is the purpose of the cash disbursements journal?,To record all cash transactions,To record cash paid to suppliers and other parties,To record cash received from customers,To record cash purchases,a
What is the purpose of the general ledger?,To record daily transactions,To summarize all the transactions for each account,To prepare financial statements,To check the equality of debits and credits,d
What is the purpose of the subsidiary ledgers?,To summarize all the transactions for each account,To provide detailed information for individual accounts within a control account,To prepare financial statements,To check the equality of debits and credits,b
What is the purpose of the control account?,An account in the general ledger that summarizes the balances of a related subsidiary ledger,An account in the subsidiary ledger that summarizes the balances of a related general ledger account,An account that records daily transactions,An account that prepares financial statements,d
What is the purpose of the accounting software?,To automate the accounting process,To manually record transactions,To prepare financial statements manually,To calculate taxes manually,a
What is the purpose of cloud-based accounting software?,Software that is installed on a local computer,Software that is accessed over the internet,Software that is only used by large businesses,Software that is only used by small businesses,d
What is the purpose of enterprise resource planning (ERP) systems?,Systems that manage only accounting functions,"Systems that integrate all aspects of a business, including accounting, human resources, and production",Systems that manage only human resources functions,Systems that manage only production functions,d
What is the purpose of blockchain in accounting?,A centralized ledger for recording transactions,"A distributed, immutable ledger for recording transactions",A system for manually recording transactions,A system for preparing financial statements,d
What is the purpose of artificial intelligence (AI) in accounting?,To automate repetitive tasks and provide insights from data,To manually record transactions,To prepare financial statements manually,To calculate taxes manually,a
What is the purpose of robotic process automation (RPA) in accounting?,To automate repetitive tasks using software robots,To manually record transactions,To prepare financial statements manually,To calculate taxes manually,a
What is the purpose of data analytics in accounting?,To collect and store data,"To analyze large datasets to identify trends, patterns, and insights",To manually record transactions,To prepare financial statements manually,a
What is the purpose of cybersecurity in accounting?,"To protect financial data from unauthorized access, use, disclosure, disruption, modification, or destruction",To share financial data with unauthorized parties,To make financial data vulnerable to attacks,To ignore financial data security,a
What is the purpose of ethical hacking in accounting?,To illegally access financial systems,To simulate cyberattacks to identify vulnerabilities in financial systems,To steal financial data,To disrupt financial systems,b
What is the purpose of forensic accounting?,To prepare financial statements,To investigate financial crimes and disputes,To audit financial statements,To calculate taxes,b
What is the purpose of tax accounting?,To prepare financial statements for external users,To prepare tax returns and provide tax planning advice,To provide information for internal decision-making,To assess the financial performance of an entity,a
What is the purpose of international accounting?,To prepare financial statements for domestic companies only,To address accounting issues related to international business transactions and foreign operations,To prepare tax returns for domestic companies only,To provide information for internal decision-making for domestic companies only,a
What is the purpose of governmental accounting?,To prepare financial statements for private companies,To account for the financial activities of government entities,To prepare tax returns for private companies,To provide information for internal decision-making for private companies,b
What is the purpose of non-profit accounting?,To prepare financial statements for for-profit organizations,To account for the financial activities of non-profit organizations,To prepare tax returns for for-profit organizations,To provide information for internal decision-making for for-profit organizations,b
What is the purpose of environmental accounting?,To account for the financial impact of environmental activities,To account for the financial impact of social activities,To account for the financial impact of governance activities,To account for the financial impact of economic activities,a
What is the purpose of social accounting?,To account for the financial impact of environmental activities,To account for the financial impact of social activities,To account for the financial impact of governance activities,To account for the financial impact of economic activities,b
What is the purpose of sustainability accounting?,"To account for the financial impact of environmental, social, and governance activities",To account for the financial impact of economic activities only,To account for the financial impact of environmental activities only,To account for the financial impact of social activities only,b
What is the purpose of integrated reporting?,"To provide a separate report for financial, environmental, social, and governance information","To provide a single report that integrates financial, environmental, social, and governance information",To provide a report that only includes financial information,To provide a report that only includes environmental information,a
What is the purpose of the Global Reporting Initiative (GRI) Standards?,A set of standards for financial reporting,A set of standards for sustainability reporting,A set of standards for tax reporting,A set of standards for auditing,b
What is the purpose of the Sustainability Accounting Standards Board (SASB) Standards?,A set of standards for financial reporting,A set of standards for sustainability reporting for specific industries,A set of standards for tax reporting,A set of standards for auditing,b
What is the purpose of the Task Force on Climate-related Financial Disclosures (TCFD) recommendations?,Recommendations for financial reporting,Recommendations for climate-related financial disclosures,Recommendations for tax reporting,Recommendations for auditing,b
What is the purpose of the Carbon Disclosure Project (CDP)?,"A non-profit organization that runs a global disclosure system for investors, companies, cities, states and regions to manage their environmental impacts",A for-profit organization that sells carbon credits,A government agency that regulates carbon emissions,A research organization that studies climate change,a
What is the purpose of the Science Based Targets initiative (SBTi)?,An initiative that helps companies set emissions reduction targets in line with climate science,An initiative that helps companies increase their emissions,An initiative that helps companies ignore climate change,An initiative that helps companies deny climate change,b
What is the purpose of the UN Sustainable Development Goals (SDGs)?,A set of goals for economic growth only,A set of 17 global goals set by the United Nations General Assembly in 2015 for the year 2030,A set of goals for environmental protection only,A set of goals for social development only,a
What is the purpose of the circular economy?,A linear economy that focuses on,An economic system aimed at eliminating waste and the continual use of resources,An economy that focuses on maximizing profits at any cost,An economy that ignores environmental concerns,a
What is the purpose of green accounting?,To account for the financial impact of environmental activities,To account for the financial impact of social activities,To account for the financial impact of governance activities,To account for the financial impact of economic activities,b
What is the purpose of social impact bonds?,Bonds that fund social programs and provide a return to investors if the programs achieve their goals,Bonds that fund environmental programs,Bonds that fund infrastructure projects,Bonds that fund corporate expansion,a
What is the purpose of microfinance?,Financial services for large corporations,Financial services for low-income individuals and small businesses,Financial services for governments,Financial services for non-profit organizations,d
What is the purpose of crowdfunding?,Raising funds from a small number of large investors,"Raising funds from a large number of people, typically via the internet",Raising funds from government grants,Raising funds from bank loans,a
What is the purpose of peer-to-peer lending?,Lending money directly to individuals or businesses through online platforms,Lending money through traditional banks,Lending money through credit unions,Lending money through government agencies,a
What is the purpose of initial coin offerings (ICOs)?,A way for companies to raise capital by selling traditional stocks,A way for companies to raise capital by selling new cryptocurrencies,A way for companies to raise capital by selling bonds,A way for companies to raise capital by selling real estate,d
What is the purpose of cryptocurrencies?,Digital or virtual currencies that use cryptography for security,Physical currencies issued by governments,Digital currencies issued by banks,Virtual currencies issued by corporations,a
What is the purpose of Bitcoin?,A centralized cryptocurrency,A decentralized cryptocurrency created in 2009,A cryptocurrency issued by a government,A cryptocurrency issued by a bank,a
What is the purpose of Ethereum?,A centralized cryptocurrency,"A decentralized, open-source blockchain with smart contract functionality",A cryptocurrency issued by a government,A cryptocurrency issued by a bank,a
What is the purpose of smart contracts?,Self-executing contracts with the terms of the agreement directly written into code,Traditional contracts written on paper,Contracts that require a third-party intermediary,Contracts that are not legally binding,a
What is the purpose of decentralized finance (DeFi)?,Financial applications built on centralized blockchains,"Financial applications built on decentralized blockchains, primarily Ethereum",Financial applications built by traditional banks,Financial applications built by governments,a
What is the purpose of non-fungible tokens (NFTs)?,"Unique digital assets that represent ownership of items such as art, collectibles, and virtual land",Fungible digital assets that can be exchanged for other assets of the same type,Physical assets that are not unique,Digital assets that are not unique,b
What is the purpose of the metaverse?,A virtual world where users can interact with each other and digital objects,The physical world,A social media platform,A video game,b
What is the purpose of big data in accounting?,Small datasets that are easy to analyze,"Large, complex datasets that require advanced tools and techniques to analyze",Datasets that are not relevant to accounting,Datasets that are only used by small businesses,a
What is the purpose of data visualization in accounting?,Presenting data in a textual format,Presenting data in a graphical format to help users understand trends and patterns,Hiding data from users,Making data more difficult to understand,b
What is the purpose of business intelligence (BI) in accounting?,Using data and analytics to make better business decisions,Ignoring data and analytics in decision-making,Making decisions based on intuition only,Making decisions based on outdated information,a
What is the purpose of predictive analytics in accounting?,Using historical data to predict future outcomes,Using future data to predict historical outcomes,Ignoring historical data in predictions,Making predictions based on intuition only,b
What is the purpose of prescriptive analytics in accounting?,Using data to recommend actions to achieve desired outcomes,Using data to describe past events,Using data to predict future outcomes,Ignoring data in decision-making,d
What is the purpose of descriptive analytics in accounting?,Using data to recommend actions to achieve desired outcomes,Using data to describe past events,Using data to predict future outcomes,Ignoring data in decision-making,a
What is the purpose of diagnostic analytics in accounting?,Using data to recommend actions to achieve desired outcomes,Using data to understand why past events occurred,Using data to predict future outcomes,Ignoring data in decision-making,a
What is the purpose of the balanced scorecard?,A performance management tool that focuses only on financial measures,"A performance management tool that considers financial, customer, internal process, and learning and growth perspectives",A performance management tool that focuses only on customer measures,A performance management tool that focuses only on internal process measures,a
What is the purpose of key performance indicators (KPIs)?,Measures that are not important to a company's success,Quantifiable measures that a company uses to track its progress towards its goals,Measures that are difficult to quantify,Measures that are not relevant to a company's goals,a
What is the purpose of benchmarking?,Comparing a company's performance to its own past performance only,Comparing a company's performance to that of its competitors or industry best practices,Ignoring a company's performance,Making a company's performance worse,a
What is the purpose of variance analysis?,Comparing actual results to budgeted or planned results to identify differences,Ignoring differences between actual and budgeted results,Making actual results worse than budgeted results,Making budgeted results worse than actual results,a
What is the purpose of flexible budgets?,Budgets that are prepared for a single level of activity,Budgets that are adjusted for different levels of activity,Budgets that are not adjusted for activity levels,Budgets that are always inaccurate,a
What is the purpose of standard costing?,A system that uses actual costs to value inventory and cost of goods sold,A system that uses predetermined costs to value inventory and cost of goods sold,A system that uses no costs to value inventory,A system that uses only variable costs to value inventory,a
What is the purpose of activity-based costing (ABC)?,A costing method that allocates overhead costs based on a single cost driver,A costing method that allocates overhead costs based on multiple cost drivers related to activities,A costing method that allocates only direct costs,A costing method that allocates only fixed costs,b
What is the purpose of target costing?,A costing method that starts with the desired selling price and works backward to determine the target cost,A costing method that starts with the actual cost and works forward to determine the selling price,A costing method that ignores selling price,A costing method that ignores cost,d
What is the purpose of life-cycle costing?,A costing method that considers only the manufacturing costs of a product,"A costing method that considers all costs associated with a product over its entire life cycle, from design to disposal",A costing method that considers only the disposal costs of a product,A costing method that considers only the design costs of a product,c
What is the purpose of value chain analysis?,Analyzing the activities that a company performs to create value for its customers,Analyzing the activities that a company performs to destroy value for its customers,Ignoring the activities that a company performs,Analyzing only the manufacturing activities of a company,a
What is the purpose of just-in-time (JIT) inventory management?,A system that aims to minimize inventory levels by receiving materials and producing goods only when needed,A system that aims to maximize inventory levels,A system that ignores inventory levels,A system that always has excess inventory,c
What is the purpose of total quality management (TQM)?,A management philosophy that focuses on continuous improvement and customer satisfaction,A management philosophy that focuses on short-term profits,A management philosophy that ignores customer satisfaction,A management philosophy that resists change,c
What is the purpose of Six Sigma?,A quality management methodology that aims to reduce defects and improve processes,A quality management methodology that aims to increase defects,A quality management methodology that ignores processes,A quality management methodology that resists improvement,b
What is the purpose of lean manufacturing?,A manufacturing philosophy that focuses on eliminating waste and maximizing efficiency,A manufacturing philosophy that focuses on increasing waste,A manufacturing philosophy that ignores efficiency,A manufacturing philosophy that resists change,a
What is the purpose of theory of constraints (TOC)?,A management philosophy that focuses on identifying and managing bottlenecks in a system,A management philosophy that ignores bottlenecks,A management philosophy that creates bottlenecks,A management philosophy that resists change,a
What is the purpose of business process reengineering (BPR)?,Making incremental improvements to existing processes,Fundamentally rethinking and redesigning business processes to achieve dramatic improvements,Ignoring business processes,Making business processes worse,b
What is the purpose of supply chain management (SCM)?,"Managing the flow of goods, services, and information from suppliers to customers","Ignoring the flow of goods, services, and information","Disrupting the flow of goods, services, and information","Making the flow of goods, services, and information less efficient",b
What is the purpose of customer relationship management (CRM)?,Managing interactions with customers to improve relationships and loyalty,Ignoring customers,Making customers unhappy,Losing customers,a
What is the purpose of e-commerce?,Buying and selling goods and services over the internet,Buying and selling goods and services in physical stores only,Ignoring the internet in business,Making it difficult to buy and sell goods and services,c
What is the purpose of mobile commerce (m-commerce)?,Buying and selling goods and services using mobile devices,Buying and selling goods and services using desktop computers only,Ignoring mobile devices in business,Making it difficult to buy and sell goods and services using mobile devices,a
What is the purpose of social commerce?,Buying and selling goods and services using social media platforms,Buying and selling goods and services using traditional media only,Ignoring social media in business,Making it difficult to buy and sell goods and services using social media,b
What is the purpose of digital marketing?,"Marketing products and services using digital channels, such as search engines, social media, and email","Marketing products and services using traditional channels only, such as print and television",Ignoring digital channels in marketing,Making it difficult to market products and services,b
What is the purpose of search engine optimization (SEO)?,Improving a website's visibility in search engine results,Making a website less visible in search engine results,Ignoring search engines,Making it difficult for users to find a website,c
What is the purpose of pay-per-click (PPC) advertising?,An online advertising model where advertisers pay a fee each time their ad is clicked,An online advertising model where advertisers pay a fee each time their ad is shown,An online advertising model where advertisers pay a fixed fee regardless of clicks or impressions,An online advertising model where advertisers do not pay any fees,a
What is the purpose of content marketing?,"Creating and distributing valuable, relevant, and consistent content to attract and retain a target audience",Creating and distributing irrelevant and inconsistent content,Ignoring content in marketing,Making it difficult for users to find content,a
What is the purpose of social media marketing?,Using social media platforms to promote products and services and engage with customers,Ignoring social media platforms in marketing,Making it difficult for users to find products and services on social media,Using social media platforms to spam users,a
What is the purpose of email marketing?,Sending promotional messages to a list of email subscribers,Sending spam messages to random email addresses,Ignoring email in marketing,Making it difficult for users to unsubscribe from email lists,a
What is the purpose of affiliate marketing?,A marketing arrangement where an online retailer pays a commission to an external website for traffic or sales generated from its referrals,A marketing arrangement where an online retailer pays a fixed fee to an external website regardless of traffic or sales,A marketing arrangement where an online retailer does not pay any fees to external websites,A marketing arrangement where an online retailer pays a commission to its own website,a
What is the purpose of influencer marketing?,Using influential people to promote products and services,Ignoring influential people in marketing,Using non-influential people to promote products and services,Making it difficult for influential people to promote products and services,b
What is the purpose of marketing analytics?,"Measuring, managing, and analyzing marketing performance to maximize its effectiveness and optimize return on investment (ROI)",Ignoring marketing performance,Making marketing less effective,Making marketing ROI negative,b
What is the purpose of web analytics?,"Measuring, collecting, analyzing, and reporting web data to understand and optimize web usage",Ignoring web data,Making web usage less optimal,Making web data inaccurate,b
What is the purpose of Google Analytics?,A web analytics service that tracks and reports website traffic,A search engine,A social media platform,An email marketing service,a
What is the purpose of A/B testing?,Comparing two versions of a webpage or app to see which one performs better,Comparing two different webpages or apps,Ignoring webpage or app performance,Making webpage or app performance worse,a
What is the purpose of conversion rate optimization (CRO)?,"Increasing the percentage of website visitors who take a desired action, such as making a purchase or filling out a form",Decreasing the percentage of website visitors who take a desired action,Ignoring website conversions,Making it difficult for website visitors to take a desired action,b
What is the purpose of user experience (UX) design?,Designing products and services that are easy and enjoyable to use,Designing products and services that are difficult and frustrating to use,Ignoring user experience,Making products and services unusable,b
What is the purpose of user interface (UI) design?,Designing the visual layout and interactive elements of a product or service,Designing the underlying code of a product or service,Ignoring the visual layout and interactive elements of a product or service,Making the visual layout and interactive elements of a product or service confusing,b
What is the purpose of agile methodology?,"A project management approach that emphasizes iterative development, collaboration, and flexibility","A project management approach that emphasizes sequential development, individual work, and rigidity",Ignoring project management,Making projects fail,a
What is the purpose of scrum?,An agile framework for managing complex projects,A waterfall framework for managing simple projects,Ignoring project management frameworks,Making projects more complex,b
What is the purpose of Kanban?,A visual project management framework that helps teams manage workflow and limit work in progress,A non-visual project management framework that ignores workflow,Ignoring project management frameworks,Making workflow less efficient,a
What is the purpose of project management software?,"Tools that help teams plan, execute, and track projects",Tools that make projects more difficult to manage,Ignoring project management tools,Making projects fail,a
What is the purpose of collaboration software?,Tools that help teams work together more effectively,Tools that make collaboration more difficult,Ignoring collaboration tools,Making teams less effective,a
What is the purpose of communication software?,Tools that help teams communicate more effectively,Tools that make communication more difficult,Ignoring communication tools,Making teams less effective,a
What is the purpose of video conferencing software?,Tools that allow teams to hold virtual meetings,Tools that make virtual meetings impossible,Ignoring virtual meetings,Making virtual meetings less effective,a
What is the purpose of cloud storage services?,Services that allow users to store and access data online,Services that allow users to store data on local devices only,Ignoring data storage,Making data inaccessible,b
What is the purpose of customer service software?,Tools that help businesses manage customer interactions and support,Tools that make customer interactions more difficult,Ignoring customer support,Making customers unhappy,b
What is the purpose of help desk software?,Tools that help businesses manage customer support requests,Tools that make customer support requests more difficult to manage,Ignoring customer support requests,Making customers unhappy,a
What is the purpose of knowledge base software?,Tools that help businesses create and manage a library of information for customers and employees,Tools that make information more difficult to find,Ignoring information management,Making information inaccurate,b
What is the purpose of live chat software?,Tools that allow businesses to provide real-time support to customers on their website,Tools that make real-time support impossible,Ignoring real-time support,Making customers unhappy,d
What is the purpose of chatbot software?,Tools that use AI to simulate human conversation and provide automated customer support,Tools that require human agents for all customer support,Ignoring automated customer support,Making customers unhappy,b
What is the purpose of survey software?,Tools that help businesses create and distribute surveys to collect feedback from customers and employees,Tools that make it difficult to collect feedback,Ignoring feedback,Making feedback inaccurate,b
What is the purpose of human resources (HR) software?,"Tools that help businesses manage HR functions, such as payroll, benefits, and recruiting",Tools that make HR functions more difficult to manage,Ignoring HR functions,Making employees unhappy,b
What is the purpose of payroll software?,Tools that help businesses process employee salaries and wages,Tools that make payroll processing more difficult,Ignoring payroll processing,Making employees unhappy,a
What is the purpose of benefits administration software?,"Tools that help businesses manage employee benefits, such as health insurance and retirement plans",Tools that make benefits administration more difficult,Ignoring employee benefits,Making employees unhappy,b
What is the purpose of recruiting software?,Tools that help businesses find and hire new employees,Tools that make recruiting more difficult,Ignoring recruiting,Making it difficult to find new employees,b
What is the purpose of performance management software?,Tools that help businesses track and evaluate employee performance,Tools that make performance management more difficult,Ignoring employee performance,Making employees unhappy,b
What is the purpose of learning management systems (LMS)?,Tools that help businesses deliver and track employee training programs,Tools that make employee training more difficult,Ignoring employee training,Making employees less skilled,b
What is the purpose of employee engagement software?,Tools that help businesses measure and improve employee satisfaction and motivation,Tools that make employees less engaged,Ignoring employee engagement,Making employees unhappy,a
What is the purpose of time tracking software?,Tools that help businesses track employee work hours,Tools that make time tracking more difficult,Ignoring time tracking,Making employees unhappy,b
What is the purpose of expense management software?,Tools that help businesses track and manage employee expenses,Tools that make expense management more difficult,Ignoring employee expenses,Making employees unhappy,a
What is the purpose of travel management software?,Tools that help businesses manage employee travel arrangements and expenses,Tools that make travel management more difficult,Ignoring employee travel,Making employees unhappy,a
What is the purpose of legal software?,"Tools that help legal professionals manage cases, documents, and billing",Tools that make legal work more difficult,Ignoring legal work,Making legal professionals unhappy,b
What is the purpose of case management software?,Tools that help legal professionals manage legal cases,Tools that make case management more difficult,Ignoring case management,Making legal professionals unhappy,a
What is the purpose of document management software?,"Tools that help businesses store, organize, and track electronic documents",Tools that make document management more difficult,Ignoring document management,Making documents inaccessible,b
What is the purpose of e-discovery software?,"Tools that help legal professionals identify, collect, and review electronic evidence",Tools that make e-discovery more difficult,Ignoring e-discovery,Making electronic evidence inaccessible,c
What is the purpose of legal billing software?,Tools that help legal professionals track time and bill clients,Tools that make legal billing more difficult,Ignoring legal billing,Making clients unhappy,a
What is the purpose of contract management software?,"Tools that help businesses manage the entire lifecycle of contracts, from creation to renewal",Tools that make contract management more difficult,Ignoring contract management,Making contracts invalid,b
What is the purpose of intellectual property (IP) management software?,"Tools that help businesses manage their patents, trademarks, and copyrights",Tools that make IP management more difficult,Ignoring IP management,Making IP vulnerable to infringement,b
What is the purpose of compliance software?,"Tools that help businesses comply with laws, regulations, and industry standards",Tools that make compliance more difficult,Ignoring compliance,Making businesses non-compliant,a
What is the purpose of risk management software?,"Tools that help businesses identify, assess, and mitigate risks",Tools that make risk management more difficult,Ignoring risk management,Making businesses more vulnerable to risks,b
"What is the purpose of governance, risk, and compliance (GRC) software?",Tools that help businesses integrate and manage their GRC activities,Tools that make GRC activities more difficult,Ignoring GRC activities,Making businesses less compliant and more vulnerable to risks,a
What is the purpose of business continuity planning (BCP) software?,Tools that help businesses plan for and recover from disasters and disruptions,Tools that make disaster recovery more difficult,Ignoring disaster recovery,Making businesses more vulnerable to disasters,a
What is the purpose of disaster recovery (DR) software?,Tools that help businesses recover their IT systems and data after a disaster,Tools that make IT recovery more difficult,Ignoring IT recovery,Making IT systems and data more vulnerable to disasters,a
What is the purpose of backup software?,Tools that help businesses create copies of their data to protect against data loss,Tools that make data loss more likely,Ignoring data backup,Making data inaccessible,a
What is the purpose of data recovery software?,Tools that help businesses recover lost or corrupted data,Tools that make data recovery more difficult,Ignoring data recovery,Making data permanently lost,b
What is the purpose of antivirus software?,"Tools that protect computers from malware, such as viruses, worms, and Trojans",Tools that make computers more vulnerable to malware,Ignoring malware protection,Making computers unusable,b
What is the purpose of firewall software?,Tools that monitor and control incoming and outgoing network traffic to prevent unauthorized access,Tools that allow unauthorized access to networks,Ignoring network security,Making networks vulnerable to attacks,a
What is the purpose of intrusion detection systems (IDS)?,Systems that monitor network traffic for suspicious activity and alert administrators,Systems that ignore suspicious activity,Systems that create suspicious activity,Systems that make networks more vulnerable to attacks,b
What is the purpose of intrusion prevention systems (IPS)?,Systems that monitor network traffic for suspicious activity and automatically block it,Systems that ignore suspicious activity,Systems that create suspicious activity,Systems that make networks more vulnerable to attacks,a
What is the purpose of security information and event management (SIEM) software?,Tools that collect and analyze security data from various sources to detect and respond to threats,Tools that ignore security data,Tools that create security threats,Tools that make networks more vulnerable to attacks,b
What is the purpose of vulnerability management software?,Tools that help businesses identify and remediate security vulnerabilities in their systems,Tools that create security vulnerabilities,Ignoring security vulnerabilities,Making systems more vulnerable to attacks,a
What is the purpose of penetration testing?,A simulated cyberattack to evaluate the security of a system,A real cyberattack to damage a system,Ignoring system security,Making systems more vulnerable to attacks,a
What is the purpose of security awareness training?,Training employees on how to protect sensitive information and avoid security threats,Training employees on how to create security threats,Ignoring employee training on security,Making employees more vulnerable to security threats,b
What is the purpose of data loss prevention (DLP) software?,Tools that help businesses prevent sensitive data from leaving their control,Tools that make sensitive data leave their control,Ignoring data loss prevention,Making sensitive data more vulnerable to loss,b
What is the purpose of encryption software?,Tools that convert data into a coded format to protect it from unauthorized access,Tools that convert data into an uncoded format to make it accessible to unauthorized parties,Ignoring data encryption,Making data more vulnerable to unauthorized access,a
What is the purpose of identity and access management (IAM) software?,Tools that help businesses manage user identities and control access to systems and data,Tools that make it difficult to manage user identities and control access,Ignoring identity and access management,Making systems and data more vulnerable to unauthorized access,a
What is the purpose of multi-factor authentication (MFA)?,A security measure that requires users to provide only one form of identification to access a system,A security measure that requires users to provide two or more forms of identification to access a system,Ignoring authentication,Making systems less secure,a
What is the purpose of single sign-on (SSO)?,A system that allows users to log in to multiple applications with a single set of credentials,A system that requires users to log in to each application with a different set of credentials,Ignoring user login,Making it difficult for users to log in to applications,a
What is the purpose of password management software?,"Tools that help users create, store, and manage strong passwords",Tools that make it difficult to manage passwords,Ignoring password management,Making passwords less secure,b
What is the purpose of virtual private networks (VPNs)?,"Networks that create a secure connection over a public network, such as the internet",Networks that create an insecure connection over a public network,Ignoring network security,Making networks more vulnerable to attacks,b
What is the purpose of endpoint security software?,"Tools that protect individual devices, such as laptops and smartphones, from security threats",Tools that make individual devices more vulnerable to security threats,Ignoring endpoint security,Making individual devices unusable,a
What is the purpose of mobile device management (MDM) software?,Tools that help businesses manage and secure mobile devices used by employees,Tools that make mobile devices less secure,Ignoring mobile device management,Making mobile devices unusable,b
What is the purpose of bring your own device (BYOD) policies?,Policies that allow employees to use their personal devices for work purposes,Policies that prohibit employees from using their personal devices for work purposes,Ignoring employee devices,Making employee devices less secure,a
What is the purpose of cloud security?,"Protecting data, applications, and infrastructure in cloud computing environments",Making cloud computing environments less secure,Ignoring cloud security,Making cloud computing environments unusable,a
What is the purpose of data privacy?,"Protecting personal information from unauthorized access, use, or disclosure",Sharing personal information with unauthorized parties,Ignoring data privacy,Making personal information less secure,b
What is the purpose of the General Data Protection Regulation (GDPR)?,A regulation in US law on data protection and privacy for all individuals within the United States,A regulation in EU law on data protection and privacy for all individuals within the European Union and the European Economic Area,Ignoring data protection and privacy,Making data protection and privacy less secure,a
What is the purpose of the California Consumer Privacy Act (CCPA)?,"A state statute intended to enhance privacy rights and consumer protection for residents of California, United States",A federal statute intended to enhance privacy rights and consumer protection for all residents of the United States,Ignoring privacy rights and consumer protection,Making privacy rights and consumer protection less secure,b
What is the purpose of the Health Insurance Portability and Accountability Act (HIPAA)?,A US federal law that protects the privacy and security of personal health information,A US federal law that shares personal health information with unauthorized parties,Ignoring the privacy and security of personal health information,Making personal health information less secure,a
What is the purpose of the Payment Card Industry Data Security Standard (PCI DSS)?,A set of security standards for organizations that handle credit card information,A set of security standards for organizations that handle cash payments,Ignoring credit card security,Making credit card information less secure,a
What is the purpose of the Sarbanes-Oxley Act (SOX) Section 302?,Requires that the principal officers (typically the CEO and CFO) of the company certify the accuracy of their financial reports,Requires that the principal officers of the company do not certify the accuracy of their financial reports,Ignoring the accuracy of financial reports,Making financial reports less accurate,b
What is the purpose of the Sarbanes-Oxley Act (SOX) Section 404?,Requires management and the external auditor to report on the adequacy of the company's internal control over financial reporting (ICFR),Requires management and the external auditor to not report on the adequacy of the company's internal control over financial reporting (ICFR),Ignoring internal control over financial reporting (ICFR),Making internal control over financial reporting (ICFR) less adequate,b
What is the purpose of the Committee of Sponsoring Organizations of the Treadway Commission (COSO) Internal Control - Integrated Framework?,"A framework for designing, implementing, and evaluating internal control",A framework for ignoring internal control,A framework for making internal control less effective,A framework for financial reporting only,a
What are the five components of the COSO Internal Control - Integrated Framework?,"Control Environment, Risk Assessment, Control Activities, Information and Communication, Monitoring Activities","Planning, Organizing, Leading, Controlling, Staffing","Assets, Liabilities, Equity, Revenue, Expenses","Marketing, Sales, Operations, Finance, Human Resources",b
What is the purpose of the control environment component of the COSO framework?,"The set of standards, processes, and structures that provide the basis for carrying out internal control across the organization",The process of identifying and assessing risks to the achievement of objectives,Actions established through policies and procedures that help ensure that management’s directives to mitigate risks to the achievement of objectives are carried out,Information is necessary for the entity to carry out internal control responsibilities to support the achievement of its objectives,b
What is the purpose of the risk assessment component of the COSO framework?,"The set of standards, processes, and structures that provide the basis for carrying out internal control across the organization",The process of identifying and assessing risks to the achievement of objectives,Actions established through policies and procedures that help ensure that management’s directives to mitigate risks to the achievement of objectives are carried out,Information is necessary for the entity to carry out internal control responsibilities to support the achievement of its objectives,a
What is the purpose of the control activities component of the COSO framework?,"The set of standards, processes, and structures that provide the basis for carrying out internal control across the organization",The process of identifying and assessing risks to the achievement of objectives,Actions established through policies and procedures that help ensure that management’s directives to mitigate risks to the achievement of objectives are carried out,Information is necessary for the entity to carry out internal control responsibilities to support the achievement of its objectives,b
What is the purpose of the information and communication component of the COSO framework?,"The set of standards, processes, and structures that provide the basis for carrying out internal control across the organization",The process of identifying and assessing risks to the achievement of objectives,Actions established through policies and procedures that help ensure that management’s directives to mitigate risks to the achievement of objectives are carried out,Information is necessary for the entity to carry out internal control responsibilities to support the achievement of its objectives. Communication occurs both internally and externally and provides the organization with the information needed to carry out day-to-day internal control activities.,b
What is the purpose of the monitoring activities component of the COSO framework?,"The set of standards, processes, and structures that provide the basis for carrying out internal control across the organization",The process of identifying and assessing risks to the achievement of objectives,Actions established through policies and procedures that help ensure that management’s directives to mitigate risks to the achievement of objectives are carried out,"Ongoing evaluations, separate evaluations, or some combination of the two are used to ascertain whether each of the five components of internal control, including controls to effect the principles within each component, is present and functioning.",a
What is the purpose of the COSO Enterprise Risk Management (ERM) - Integrating with Strategy and Performance framework?,"A framework for designing, implementing, and evaluating internal control",A framework for managing enterprise risk by integrating it with strategy and performance,A framework for financial reporting only,A framework for auditing only,b
What are the five components of the COSO ERM framework?,"Governance and Culture; Strategy and Objective-Setting; Performance; Review and Revision; Information, Communication, and Reporting","Control Environment, Risk Assessment, Control Activities, Information and Communication, Monitoring Activities","Planning, Organizing, Leading, Controlling, Staffing","Assets, Liabilities, Equity, Revenue, Expenses",a
What is the purpose of the governance and culture component of the COSO ERM framework?,"Governance sets the organization’s tone, reinforcing the importance of, and establishing oversight responsibilities for, enterprise risk management. Culture pertains to ethical values, desired behaviors, and understanding of risk in the entity.","Enterprise risk management, strategy, and objective-setting work together in the strategic-planning process. A risk appetite is established and aligned with strategy; business objectives put strategy into practice while serving as a basis for identifying, assessing, and responding to risk.",Risks that may impact the achievement of strategy and business objectives need to be identified and assessed. Risks are prioritized by severity in the context of risk appetite. The organization then selects risk responses and takes a portfolio view of the amount of risk it has assumed. The results of this process are reported to key risk stakeholders.,"By reviewing entity performance, an organization can consider how well the enterprise risk management components are functioning over time and in light of substantial changes, and what revisions are needed.",a
What is the purpose of the strategy and objective-setting component of the COSO ERM framework?,"Governance sets the organization’s tone, reinforcing the importance of, and establishing oversight responsibilities for, enterprise risk management. Culture pertains to ethical values, desired behaviors, and understanding of risk in the entity.","Enterprise risk management, strategy, and objective-setting work together in the strategic-planning process. A risk appetite is established and aligned with strategy; business objectives put strategy into practice while serving as a basis for identifying, assessing, and responding to risk.",Risks that may impact the achievement of strategy and business objectives need to be identified and assessed. Risks are prioritized by severity in the context of risk appetite. The organization then selects risk responses and takes a portfolio view of the amount of risk it has assumed. The results of this process are reported to key risk stakeholders.,"By reviewing entity performance, an organization can consider how well the enterprise risk management components are functioning over time and in light of substantial changes, and what revisions are needed.",a
What is the purpose of the performance component of the COSO ERM framework?,"Governance sets the organization’s tone, reinforcing the importance of, and establishing oversight responsibilities for, enterprise risk management. Culture pertains to ethical values, desired behaviors, and understanding of risk in the entity.","Enterprise risk management, strategy, and objective-setting work together in the strategic-planning process. A risk appetite is established and aligned with strategy; business objectives put strategy into practice while serving as a basis for identifying, assessing, and responding to risk.",Risks that may impact the achievement of strategy and business objectives need to be identified and assessed. Risks are prioritized by severity in the context of risk appetite. The organization then selects risk responses and takes a portfolio view of the amount of risk it has assumed. The results of this process are reported to key risk stakeholders.,"By reviewing entity performance, an organization can consider how well the enterprise risk management components are functioning over time and in light of substantial changes, and what revisions are needed.",a
What is the purpose of the review and revision component of the COSO ERM framework?,"Governance sets the organization’s tone, reinforcing the importance of, and establishing oversight responsibilities for, enterprise risk management. Culture pertains to ethical values, desired behaviors, and understanding of risk in the entity.","Enterprise risk management, strategy, and objective-setting work together in the strategic-planning process. A risk appetite is established and aligned with strategy; business objectives put strategy into practice while serving as a basis for identifying, assessing, and responding to risk.",Risks that may impact the achievement of strategy and business objectives need to be identified and assessed. Risks are prioritized by severity in the context of risk appetite. The organization then selects risk responses and takes a portfolio view of the amount of risk it has assumed. The results of this process are reported to key risk stakeholders.,"By reviewing entity performance, an organization can consider how well the enterprise risk management components are functioning over time and in light of substantial changes, and what revisions are needed.",a
"What is the purpose of the information, communication, and reporting component of the COSO ERM framework?","Governance sets the organization’s tone, reinforcing the importance of, and establishing oversight responsibilities for, enterprise risk management. Culture pertains to ethical values, desired behaviors, and understanding of risk in the entity.","Enterprise risk management, strategy, and objective-setting work together in the strategic-planning process. A risk appetite is established and aligned with strategy; business objectives put strategy into practice while serving as a basis for identifying, assessing, and responding to risk.",The organization captures and uses relevant information from both internal and external sources to support enterprise risk management. The organization communicates risk information through various channels to internal and external stakeholders.,"By reviewing entity performance, an organization can consider how well the enterprise risk management components are functioning over time and in light of substantial changes, and what revisions are needed.",a
What is the purpose of risk appetite?,The amount of risk an organization is willing to accept in pursuit of its objectives,The amount of risk an organization is unwilling to accept,The amount of risk an organization is unaware of,The amount of risk an organization has already taken,a
What is the purpose of risk tolerance?,The acceptable level of variation around objectives,The unacceptable level of variation around objectives,The level of variation that is ignored,The level of variation that is always achieved,a
What is the purpose of risk capacity?,The maximum amount of risk an organization can bear,The minimum amount of risk an organization can bear,The amount of risk an organization is willing to bear,The amount of risk an organization has already borne,a
What are the four common risk responses?,"Avoidance, Acceptance, Sharing, Reduction","Ignoring, Denying, Hiding, Transferring","Creating, Increasing, Multiplying, Exacerbating","Planning, Organizing, Leading, Controlling",a
What is risk avoidance?,Taking action to reduce the likelihood or impact of a risk,Deciding not to engage in an activity that would create a risk,Accepting the risk and not taking any action,Transferring the risk to a third party,a
What is risk acceptance?,Taking action to reduce the likelihood or impact of a risk,Deciding not to engage in an activity that would create a risk,"Accepting the risk and not taking any action, or taking action to reduce the impact if the risk occurs",Transferring the risk to a third party,a
What is risk sharing (or transfer)?,Taking action to reduce the likelihood or impact of a risk,Deciding not to engage in an activity that would create a risk,Accepting the risk and not taking any action,"Transferring some or all of the risk to a third party, such as through insurance",a
What is risk reduction (or mitigation)?,Taking action to reduce the likelihood or impact of a risk,Deciding not to engage in an activity that would create a risk,Accepting the risk and not taking any action,Transferring the risk to a third party,a
What is the purpose of a risk register?,"A document that lists identified risks, their potential impact, and planned responses",A document that lists only unidentified risks,A document that lists only risks with no impact,A document that lists only risks with no planned responses,a
What is the purpose of a heat map in risk assessment?,"A graphical representation of risks, typically using colors to indicate likelihood and impact",A textual representation of risks,A numerical representation of risks,A representation of risks that ignores likelihood and impact,a
What is the purpose of key risk indicators (KRIs)?,Metrics that provide an early warning of increasing risk exposure,Metrics that provide a late warning of increasing risk exposure,Metrics that ignore risk exposure,Metrics that are not relevant to risk exposure,a
What is the purpose of business ethics?,The study of appropriate business policies and practices regarding potentially controversial subjects,The study of inappropriate business policies and practices,Ignoring business policies and practices,Making business policies and practices less appropriate,a
What is the purpose of corporate social responsibility (CSR)?,"A self-regulating business model that helps a company be socially accountable to itself, its stakeholders, and the public",A business model that ignores social accountability,A business model that makes a company socially unaccountable,A business model that focuses only on profits,a
What is the purpose of whistleblowing?,Reporting illegal or unethical activities within an organization to internal or external authorities,Ignoring illegal or unethical activities within an organization,Participating in illegal or unethical activities within an organization,Covering up illegal or unethical activities within an organization,a
What is the purpose of a code of ethics?,A document that outlines the ethical principles and guidelines that an organization expects its employees to follow,A document that outlines unethical principles and guidelines,A document that ignores ethical principles and guidelines,A document that makes ethical principles and guidelines less clear,a
What is the purpose of ethical leadership?,Leading in a way that is consistent with ethical principles and values,Leading in a way that is inconsistent with ethical principles and values,Ignoring ethical principles and values in leadership,Making ethical principles and values less important in leadership,a
What is the purpose of corporate governance?,"The system of rules, practices, and processes by which a company is directed and controlled","The system of rules, practices, and processes by which a company is misdirected and uncontrolled",Ignoring the direction and control of a company,Making the direction and control of a company less effective,a
What is the purpose of the board of directors?,A group of individuals elected by shareholders to oversee the management of a company,A group of individuals elected by management to oversee the shareholders of a company,Ignoring the oversight of a company,Making the oversight of a company less effective,a
What is the purpose of the audit committee?,"A committee of the board of directors responsible for overseeing the company's financial reporting process, internal controls, and audit function",A committee of management responsible for overseeing the board of directors,"Ignoring the oversight of financial reporting, internal controls, and audit function","Making the oversight of financial reporting, internal controls, and audit function less effective",a
What is the purpose of the compensation committee?,A committee of the board of directors responsible for determining the compensation of executive officers,A committee of management responsible for determining the compensation of the board of directors,Ignoring the compensation of executive officers,Making the compensation of executive officers less fair,a
What is the purpose of the nominating and governance committee?,"A committee of the board of directors responsible for identifying and recommending candidates for the board, as well as overseeing corporate governance matters",A committee of management responsible for identifying and recommending candidates for management positions,Ignoring the identification and recommendation of candidates for the board and corporate governance matters,Making the identification and recommendation of candidates for the board and corporate governance matters less effective,a
What is the purpose of shareholder activism?,Actions taken by shareholders to influence the management and policies of a company,Actions taken by management to influence the shareholders of a company,Ignoring the influence of shareholders,Making the influence of shareholders less effective,a
What is the purpose of proxy voting?,A process that allows shareholders to vote on corporate matters without being physically present at a shareholder meeting,A process that requires shareholders to be physically present at a shareholder meeting to vote,Ignoring shareholder voting,Making shareholder voting less effective,a
What is the purpose of financial markets?,"Markets where financial instruments, such as stocks and bonds, are traded",Markets where goods and services are traded,Ignoring financial instruments,Making financial instruments less tradable,a
What is the purpose of stock exchanges?,Organized marketplaces where stocks are bought and sold,Unorganized marketplaces where stocks are bought and sold,Ignoring stock trading,Making stock trading less efficient,a
What is the purpose of bond markets?,Markets where bonds are bought and sold,Markets where stocks are bought and sold,Ignoring bond trading,Making bond trading less efficient,a
What is the purpose of derivatives markets?,"Markets where financial instruments whose value is derived from an underlying asset, such as stocks, bonds, or commodities, are traded",Markets where underlying assets are traded directly,Ignoring derivatives trading,Making derivatives trading less efficient,a
What is the purpose of foreign exchange markets?,Markets where currencies are traded,Markets where stocks are traded,Ignoring currency trading,Making currency trading less efficient,a
What is the purpose of investment banking?,"Financial services that help companies raise capital, such as by underwriting stock and bond offerings",Financial services that help individuals manage their personal finances,Ignoring capital raising,Making capital raising less efficient,a
What is the purpose of commercial banking?,"Financial services that provide loans, deposits, and other services to businesses and individuals",Financial services that help companies raise capital,Ignoring loans and deposits,Making loans and deposits less accessible,a
What is the purpose of insurance companies?,"Companies that provide financial protection against risks, such as death, illness, and property damage",Companies that create risks,Ignoring risk protection,Making risk protection less accessible,a
What is the purpose of mutual funds?,"Investment vehicles that pool money from many investors to invest in a diversified portfolio of stocks, bonds, or other securities",Investment vehicles that invest in a single security,Ignoring investment diversification,Making investment diversification less accessible,a
What is the purpose of hedge funds?,Investment vehicles that use sophisticated strategies and often leverage to generate high returns for wealthy investors,Investment vehicles that use simple strategies and no leverage for small investors,Ignoring investment strategies,Making investment strategies less effective,d
What is the purpose of private equity firms?,Investment firms that invest in private companies or take public companies private,Investment firms that invest only in public companies,Ignoring private companies,Making private companies less accessible to investors,a
What is the purpose of venture capital firms?,"Investment firms that provide capital to early-stage, high-potential startup companies","Investment firms that provide capital to mature, low-potential companies",Ignoring startup companies,Making startup companies less accessible to investors,d
What is the purpose of financial planning?,The process of developing a comprehensive plan to achieve an individual's or organization's financial goals,The process of ignoring financial goals,The process of making financial goals less achievable,The process of focusing only on short-term financial goals,b
What is the purpose of retirement planning?,Planning for financial security in retirement,Ignoring financial security in retirement,Making financial security in retirement less achievable,Planning for financial insecurity in retirement,a
What is the purpose of estate planning?,Planning for the transfer of assets after death,Ignoring the transfer of assets after death,Making the transfer of assets after death less efficient,Planning for the destruction of assets after death,d
What is the purpose of tax planning?,Arranging financial affairs to minimize tax liability,Arranging financial affairs to maximize tax liability,Ignoring tax liability,Making tax liability less predictable,b
What is the purpose of risk management in personal finance?,"Identifying and mitigating financial risks, such as job loss, illness, and disability",Ignoring financial risks,Creating financial risks,Making financial risks more severe,d
What is the purpose of insurance in personal finance?,Protecting against financial losses from unexpected events,Creating financial losses from unexpected events,Ignoring financial losses from unexpected events,Making financial losses from unexpected events more severe,a
What is the purpose of budgeting in personal finance?,Creating a plan for spending and saving money,Ignoring spending and saving money,Making spending and saving money less predictable,Spending all money and saving nothing,d
What is the purpose of saving in personal finance?,Setting aside money for future needs and goals,Spending all money immediately,Ignoring future needs and goals,Making future needs and goals less achievable,d
What is the purpose of investing in personal finance?,Using money to generate returns and grow wealth over time,Using money to lose wealth over time,Ignoring wealth growth,Making wealth growth less achievable,d
What is the purpose of debt management in personal finance?,Managing and reducing debt to improve financial health,Increasing debt to worsen financial health,Ignoring debt,Making debt less manageable,a
What is the purpose of credit scores in personal finance?,A numerical representation of an individual's creditworthiness,A numerical representation of an individual's income,Ignoring creditworthiness,Making creditworthiness less predictable,a
What is the purpose of credit reports in personal finance?,A detailed record of an individual's credit history,A detailed record of an individual's income history,Ignoring credit history,Making credit history less accurate,a
What is the purpose of financial literacy?,The ability to understand and manage personal finances effectively,The inability to understand and manage personal finances effectively,Ignoring personal finances,Making personal finances less manageable,a
What is the purpose of behavioral finance?,The study of how psychological factors influence financial decision-making,The study of how rational factors influence financial decision-making,Ignoring psychological factors in financial decision-making,Making financial decision-making less rational,b
What is the purpose of financial technology (fintech)?,The use of technology to improve and automate the delivery and use of financial services,The use of technology to make financial services less efficient,Ignoring technology in financial services,Making financial services less accessible,b
What is the purpose of robo-advisors?,"Online platforms that provide automated, algorithm-driven financial planning services",Human financial advisors who provide personalized financial planning services,Ignoring financial planning services,Making financial planning services less accessible,a
What is the purpose of peer-to-peer payments?,"Systems that allow individuals to send and receive money directly to each other, often using mobile apps",Systems that require individuals to use traditional banks to send and receive money,Ignoring peer-to-peer payments,Making peer-to-peer payments less accessible,a
What is the purpose of crowdfunding platforms?,Online platforms that allow individuals and businesses to raise funds from a large number of people,Online platforms that allow individuals and businesses to raise funds from a small number of large investors,Ignoring crowdfunding,Making crowdfunding less accessible,b
What is the purpose of online lending platforms?,"Online platforms that connect borrowers and lenders, often offering faster and more convenient loan processing",Online platforms that make loan processing slower and less convenient,Ignoring online lending,Making online lending less accessible,b
What is the purpose of digital wallets?,Electronic devices or software that allow users to make electronic transactions and store payment information,Physical wallets that store cash and cards,Ignoring electronic transactions,Making electronic transactions less secure,a
What is the purpose of mobile banking?,"Accessing banking services through a mobile device, such as a smartphone or tablet",Accessing banking services through a desktop computer only,Ignoring mobile banking,Making mobile banking less accessible,b
What is the purpose of online brokerage accounts?,Accounts that allow investors to buy and sell securities online,Accounts that require investors to use a human broker to buy and sell securities,Ignoring online brokerage accounts,Making online brokerage accounts less accessible,b
What is the purpose of financial aggregators?,Services that consolidate financial information from multiple accounts into a single platform,Services that separate financial information from multiple accounts,Ignoring financial information consolidation,Making financial information consolidation less accessible,a
What is the purpose of personal finance software?,"Tools that help individuals manage their budgets, track expenses, and plan for financial goals",Tools that make personal finance management more difficult,Ignoring personal finance management,Making personal finance management less effective,b
What is the purpose of tax preparation software?,Tools that help individuals and businesses prepare and file tax returns,Tools that make tax preparation more difficult,Ignoring tax preparation,Making tax preparation less accurate,b
What is the purpose of investment research platforms?,"Online platforms that provide data, analysis, and tools for researching investments",Online platforms that make investment research more difficult,Ignoring investment research,Making investment research less effective,b
What is the purpose of financial news websites?,"Websites that provide news and information about financial markets, companies, and the economy",Websites that provide false or misleading financial news,Ignoring financial news,Making financial news less accessible,a
What is the purpose of financial education websites?,"Websites that provide educational resources on personal finance, investing, and other financial topics",Websites that provide false or misleading financial education,Ignoring financial education,Making financial education less accessible,b
What is the purpose of government financial websites?,"Websites that provide information and resources from government agencies related to finance, such as the SEC and IRS",Websites that provide false or misleading information from government agencies,Ignoring government financial websites,Making government financial websites less accessible,a
What is the purpose of professional accounting organizations' websites?,"Websites that provide resources, standards, and information for accounting professionals, such as the AICPA and IMA",Websites that provide false or misleading information for accounting professionals,Ignoring professional accounting organizations' websites,Making professional accounting organizations' websites less accessible,a
What is the purpose of financial blogs?,"Online journals or informational websites that focus on financial topics, often written by individuals or experts",Online journals or informational websites that provide false or misleading financial information,Ignoring financial blogs,Making financial blogs less accessible,b
What is the purpose of financial podcasts?,"Audio programs that discuss financial topics, often featuring interviews with experts or personal finance advice",Audio programs that provide false or misleading financial information,Ignoring financial podcasts,Making financial podcasts less accessible,a
What is the purpose of financial social media accounts?,"Social media accounts that share financial news, tips, and discussions",Social media accounts that share false or misleading financial information,Ignoring financial social media accounts,Making financial social media accounts less accessible,d
What is the purpose of financial forums and communities?,"Online platforms where individuals can discuss financial topics, ask questions, and share advice",Online platforms that provide false or misleading financial information,Ignoring financial forums and communities,Making financial forums and communities less accessible,a
What is the purpose of financial calculators?,"Tools that help individuals perform financial calculations, such as loan payments, retirement savings, and investment returns",Tools that make financial calculations more difficult,Ignoring financial calculations,Making financial calculations less accurate,a
What is the purpose of financial planning templates?,"Pre-designed documents or spreadsheets that help individuals create financial plans, such as budgets and net worth statements",Pre-designed documents or spreadsheets that make financial planning more difficult,Ignoring financial planning templates,Making financial planning templates less effective,d
What is the purpose of financial goal setting?,"Defining specific, measurable, achievable, relevant, and time-bound (SMART) financial objectives",Ignoring financial objectives,Making financial objectives less achievable,Setting vague and unrealistic financial objectives,a
What is the purpose of tracking financial progress?,Monitoring progress towards financial goals and making adjustments as needed,Ignoring progress towards financial goals,Making progress towards financial goals less predictable,Making financial goals less achievable,a
What is the purpose of reviewing and updating financial plans?,Periodically reviewing and updating financial plans to reflect changes in circumstances and goals,Never reviewing or updating financial plans,Making financial plans less relevant,Making financial plans less effective,a
What is the purpose of seeking professional financial advice?,Consulting with qualified financial advisors for personalized guidance and support,Ignoring professional financial advice,Making financial decisions without guidance,Making financial decisions based on unqualified advice,a
What is the purpose of continuous financial learning?,Staying informed about financial topics and trends to make better financial decisions,Ignoring financial topics and trends,Making financial decisions based on outdated information,Making financial decisions based on misinformation,a
What is the purpose of teaching children about money?,Helping children develop good financial habits and skills from an early age,Ignoring children's financial education,Making children financially irresponsible,Making children financially dependent,b
What is the purpose of managing financial stress?,Developing coping strategies to deal with financial worries and challenges,Ignoring financial stress,Making financial stress worse,Making financial challenges insurmountable,b
What is the purpose of building an emergency fund?,"Saving money to cover unexpected expenses, such as job loss or medical bills",Spending all money immediately,Ignoring unexpected expenses,Making unexpected expenses more difficult to manage,a
What is the purpose of diversifying investments?,Spreading investments across different asset classes to reduce risk,Concentrating investments in a single asset class to increase risk,Ignoring investment risk,Making investment risk less manageable,b
What is the purpose of understanding investment fees?,Knowing the costs associated with investments to make informed decisions,Ignoring investment fees,Making investment decisions without knowing the costs,Making investment fees higher,a
What is the purpose of rebalancing an investment portfolio?,Periodically adjusting the allocation of assets in a portfolio to maintain the desired risk level,Never adjusting the allocation of assets in a portfolio,Making the risk level of a portfolio less predictable,Making the risk level of a portfolio higher,b
What is the purpose of dollar-cost averaging?,"Investing a fixed amount of money at regular intervals, regardless of market fluctuations","Investing a variable amount of money at irregular intervals, based on market fluctuations",Ignoring market fluctuations in investing,Making investment timing more difficult,d
What is the purpose of tax-advantaged investment accounts?,"Accounts that offer tax benefits, such as tax-deferred growth or tax-free withdrawals, to encourage saving and investing",Accounts that offer tax penalties to discourage saving and investing,Ignoring tax benefits in investing,Making tax benefits less accessible,a
What is the purpose of 401(k) plans?,Employer-sponsored retirement savings plans that allow employees to contribute pre-tax income,Employer-sponsored retirement savings plans that require employees to contribute after-tax income,Ignoring retirement savings,Making retirement savings less accessible,a
What is the purpose of Individual Retirement Accounts (IRAs)?,Personal retirement savings plans that offer tax advantages,Personal retirement savings plans that offer tax penalties,Ignoring retirement savings,Making retirement savings less accessible,a
What is the purpose of Roth IRAs?,"IRAs that allow for tax-free withdrawals in retirement, with contributions made on an after-tax basis","IRAs that allow for tax-deferred withdrawals in retirement, with contributions made on a pre-tax basis",Ignoring tax benefits in retirement savings,Making tax benefits in retirement savings less accessible,a
What is the purpose of 529 plans?,Tax-advantaged savings plans designed to encourage saving for future education costs,Tax-disadvantaged savings plans designed to discourage saving for future education costs,Ignoring education savings,Making education savings less accessible,a
What is the purpose of Health Savings Accounts (HSAs)?,Tax-advantaged savings accounts for individuals with high-deductible health plans to save for medical expenses,Tax-disadvantaged savings accounts for individuals with low-deductible health plans,Ignoring medical expense savings,Making medical expense savings less accessible,a
What is the purpose of life insurance?,Provides a financial benefit to beneficiaries upon the death of the insured person,Provides a financial benefit to the insured person while they are alive,Ignoring financial protection for beneficiaries,Making financial protection for beneficiaries less accessible,a
What is the purpose of disability insurance?,Provides income replacement if the insured person is unable to work due to illness or injury,Provides income replacement if the insured person is able to work,Ignoring income replacement for disability,Making income replacement for disability less accessible,a
What is the purpose of long-term care insurance?,"Provides coverage for long-term care services, such as nursing home care or in-home care",Provides coverage for short-term care services,Ignoring long-term care coverage,Making long-term care coverage less accessible,b
What is the purpose of homeowners insurance?,"Provides coverage for damage to a home and its contents, as well as liability protection",Provides coverage for damage to a car,Ignoring home protection,Making home protection less accessible,d
What is the purpose of renters insurance?,Provides coverage for a renter's personal property and liability,Provides coverage for a landlord's property,Ignoring renter protection,Making renter protection less accessible,c
What is the purpose of auto insurance?,Provides coverage for damage to a car and liability for accidents,Provides coverage for damage to a home,Ignoring auto protection,Making auto protection less accessible,a
What is the purpose of umbrella insurance?,Provides additional liability coverage beyond the limits of other insurance policies,Provides primary liability coverage,Ignoring liability coverage,Making liability coverage less accessible,c
What is the purpose of wills?,Legal documents that specify how a person's assets should be distributed after death,Legal documents that specify how a person's assets should be distributed while alive,Ignoring asset distribution after death,Making asset distribution after death less predictable,c
What is the purpose of trusts?,Legal arrangements that allow a third party (trustee) to hold and manage assets on behalf of a beneficiary,Legal arrangements that allow a beneficiary to hold and manage assets on behalf of a trustee,Ignoring asset management,Making asset management less effective,b
What is the purpose of powers of attorney?,Legal documents that authorize someone to act on another person's behalf in financial or legal matters,Legal documents that prohibit someone from acting on another person's behalf,Ignoring financial and legal representation,Making financial and legal representation less effective,a
What is the purpose of healthcare directives (living wills)?,Legal documents that specify a person's wishes for medical treatment if they are unable to make decisions themselves,Legal documents that specify a person's wishes for financial matters if they are unable to make decisions themselves,Ignoring medical treatment wishes,Making medical treatment wishes less clear,a
What is the purpose of probate?,The legal process of administering a deceased person's estate,The legal process of administering a living person's estate,Ignoring estate administration,Making estate administration less effective,b
What is the purpose of estate taxes?,Taxes imposed on the transfer of assets from a deceased person's estate,Taxes imposed on the income of a deceased person's estate,Ignoring estate taxes,Making estate taxes higher,b
What is the purpose of inheritance taxes?,Taxes imposed on the recipients of inherited assets,Taxes imposed on the deceased person's estate,Ignoring inheritance taxes,Making inheritance taxes higher,a
What is the purpose of gift taxes?,Taxes imposed on the transfer of assets as gifts during a person's lifetime,Taxes imposed on the receipt of gifts,Ignoring gift taxes,Making gift taxes higher,c
What is the purpose of capital gains taxes?,"Taxes imposed on the profits from the sale of assets, such as stocks or real estate",Taxes imposed on the losses from the sale of assets,Ignoring capital gains taxes,Making capital gains taxes higher,a
What is the purpose of income taxes?,Taxes imposed on income earned by individuals and businesses,Taxes imposed on expenses incurred by individuals and businesses,Ignoring income taxes,Making income taxes higher,b
What is the purpose of sales taxes?,Taxes imposed on the sale of goods and services,Taxes imposed on the purchase of goods and services,Ignoring sales taxes,Making sales taxes higher,b
What is the purpose of property taxes?,Taxes imposed on the value of real estate and other property,Taxes imposed on the income from real estate and other property,Ignoring property taxes,Making property taxes higher,c
What is the purpose of tax deductions?,Expenses that can be subtracted from taxable income to reduce tax liability,Expenses that increase taxable income and tax liability,Ignoring tax deductions,Making tax deductions less accessible,a
What is the purpose of tax credits?,Amounts that can be subtracted directly from tax liability to reduce the amount of tax owed,Amounts that increase tax liability,Ignoring tax credits,Making tax credits less accessible,a
What is the purpose of tax filing status?,Determines the tax rates and deductions that an individual or couple can claim,Determines the amount of income an individual or couple earns,Ignoring tax filing status,Making tax filing status less predictable,a
What is the purpose of tax brackets?,Ranges of income that are taxed at different rates,Ranges of expenses that are taxed at different rates,Ignoring tax brackets,Making tax brackets less predictable,a
What is the purpose of tax forms?,Documents used to report income and calculate tax liability,Documents used to report expenses and calculate tax refunds,Ignoring tax forms,Making tax forms less accessible,a
What is the purpose of tax audits?,Examinations of tax returns by tax authorities to verify accuracy and compliance,Examinations of tax returns by taxpayers to verify accuracy and compliance,Ignoring tax audits,Making tax audits less accurate,b
What is the purpose of tax penalties?,"Fines imposed for failing to comply with tax laws, such as late filing or underpayment",Rewards for complying with tax laws,Ignoring tax penalties,Making tax penalties less severe,b
What is the purpose of tax refunds?,Amounts returned to taxpayers who have overpaid their taxes,Amounts owed by taxpayers who have underpaid their taxes,Ignoring tax refunds,Making tax refunds less accessible,b
What is the purpose of estimated tax payments?,Payments made throughout the year by individuals and businesses who expect to owe taxes that are not withheld from their income,Payments made at the end of the year by individuals and businesses who expect to owe taxes,Ignoring estimated tax payments,Making estimated tax payments less accessible,a
What is the purpose of tax withholding?,Amounts deducted from an employee's paycheck by their employer to pay income taxes,Amounts added to an employee's paycheck by their employer to pay income taxes,Ignoring tax withholding,Making tax withholding less accurate,a
What is the purpose of W-2 forms?,Forms that report an employee's annual wages and the amount of taxes withheld,Forms that report an independent contractor's annual income,Ignoring W-2 forms,Making W-2 forms less accurate,b
What is the purpose of 1099 forms?,"Forms that report various types of income, such as interest, dividends, and payments to independent contractors",Forms that report an employee's annual wages,Ignoring 1099 forms,Making 1099 forms less accurate,b
What is the purpose of Schedule C (Form 1040)?,A tax form used by sole proprietors to report profit or loss from a business,A tax form used by corporations to report profit or loss from a business,Ignoring Schedule C,Making Schedule C less accurate,b
What is the purpose of Schedule SE (Form 1040)?,A tax form used by self-employed individuals to calculate self-employment tax,A tax form used by employees to calculate income tax,Ignoring Schedule SE,Making Schedule SE less accurate,a
What is the purpose of the Internal Revenue Service (IRS)?,The federal agency responsible for collecting taxes and enforcing tax laws in the United States,The federal agency responsible for setting tax laws in the United States,Ignoring the IRS,Making the IRS less effective,b
What is the purpose of tax professionals?,"Individuals who provide tax advice, prepare tax returns, and represent taxpayers before tax authorities",Individuals who ignore tax laws,Individuals who make tax laws more complex,Individuals who make tax compliance more difficult,a
What is the purpose of Enrolled Agents (EAs)?,Tax professionals who are licensed by the IRS to represent taxpayers before the IRS,Tax professionals who are not licensed by the IRS,Ignoring Enrolled Agents,Making Enrolled Agents less effective,a
What is the purpose of Certified Public Accountants (CPAs) in tax?,CPAs who specialize in tax planning and preparation,CPAs who specialize in auditing,Ignoring CPAs in tax,Making CPAs in tax less effective,a
What is the purpose of tax attorneys?,Attorneys who specialize in tax law and represent clients in tax disputes,Attorneys who specialize in criminal law,Ignoring tax attorneys,Making tax attorneys less effective,a
What is the purpose of tax software?,Software that helps individuals and businesses prepare and file tax returns,Software that makes tax preparation more difficult,Ignoring tax software,Making tax software less accurate,a
What is the purpose of e-filing tax returns?,Submitting tax returns electronically to tax authorities,Submitting tax returns by mail to tax authorities,Ignoring tax return submission,Making tax return submission less efficient,b
What is the purpose of tax planning strategies?,Techniques used to minimize tax liability legally,Techniques used to evade taxes illegally,Ignoring tax planning strategies,Making tax planning strategies less effective,b
What is the purpose of tax avoidance?,Legal methods used to reduce tax liability,Illegal methods used to reduce tax liability,Ignoring tax liability,Making tax liability higher,a
What is the purpose of tax evasion?,Legal methods used to reduce tax liability,Illegal methods used to avoid paying taxes,Ignoring tax liability,Making tax liability higher,b
What is the purpose of tax shelters?,Legal arrangements used to reduce tax liability,Illegal arrangements used to evade taxes,Ignoring tax shelters,Making tax shelters less effective,d
What is the purpose of international tax planning?,Arranging financial affairs to minimize taxes for multinational businesses and individuals,Arranging financial affairs to maximize taxes for multinational businesses and individuals,Ignoring international tax planning,Making international tax planning less effective,b
What is the purpose of transfer pricing?,The setting of prices for goods and services sold between related entities within a multinational corporation,The setting of prices for goods and services sold between unrelated entities,Ignoring transfer pricing,Making transfer pricing less accurate,b
What is the purpose of tax treaties?,Agreements between countries to avoid double taxation and prevent tax evasion,Agreements between countries to create double taxation and promote tax evasion,Ignoring tax treaties,Making tax treaties less effective,b
What is the purpose of tax havens?,"Countries or jurisdictions with low or no taxes, often used by individuals and businesses to reduce their tax liability",Countries or jurisdictions with high taxes,Ignoring tax havens,Making tax havens less accessible,a
What is the purpose of the Organisation for Economic Co-operation and Development (OECD) in taxation?,"An international organization that works to promote policies that will improve the economic and social well-being of people around the world, including efforts to combat tax avoidance and evasion",An international organization that promotes tax avoidance and evasion,Ignoring international tax cooperation,Making international tax cooperation less effective,b
What is the purpose of the Base Erosion and Profit Shifting (BEPS) project?,An OECD initiative to combat tax avoidance strategies that exploit gaps and mismatches in tax rules to artificially shift profits to low- or no-tax locations,An OECD initiative to promote tax avoidance strategies,Ignoring base erosion and profit shifting,Making base erosion and profit shifting more prevalent,b
What is the purpose of the digital services tax (DST)?,A tax imposed on the revenues of large digital companies,A tax imposed on the profits of small digital companies,Ignoring digital services tax,Making digital services tax less effective,b
What is the purpose of value-added tax (VAT)?,"A consumption tax placed on a product whenever value is added at each stage of the supply chain, from production to the point of sale",An income tax placed on individuals,Ignoring value-added tax,Making value-added tax less effective,b
What is the purpose of goods and services tax (GST)?,A broad-based consumption tax levied on the supply of goods and services,An income tax levied on individuals,Ignoring goods and services tax,Making goods and services tax less effective,a
What is the purpose of excise taxes?,"Taxes imposed on specific goods, such as alcohol, tobacco, and gasoline",Taxes imposed on all goods,Ignoring excise taxes,Making excise taxes less effective,b
What is the purpose of customs duties (tariffs)?,Taxes imposed on imported goods,Taxes imposed on exported goods,Ignoring customs duties,Making customs duties less effective,a
What is the purpose of tax incentives?,"Government policies designed to encourage certain behaviors, such as investment or research and development, by offering tax benefits",Government policies designed to discourage certain behaviors,Ignoring tax incentives,Making tax incentives less effective,a
What is the purpose of tax expenditures?,"Government spending through the tax system, such as tax deductions and credits, that reduce tax revenue",Government spending through direct appropriations,Ignoring tax expenditures,Making tax expenditures less effective,b
What is the purpose of tax policy?,"The choices made by governments about what to tax, how much to tax, and how to collect taxes",The choices made by individuals about what to tax,Ignoring tax policy,Making tax policy less effective,a
What is the purpose of tax administration?,The process of implementing and enforcing tax laws,The process of creating tax laws,Ignoring tax administration,Making tax administration less effective,b
What is the purpose of tax compliance?,Adhering to tax laws and regulations,Ignoring tax laws and regulations,Violating tax laws and regulations,Making tax laws and regulations less effective,c
What is the purpose of tax gap?,The difference between the amount of tax legally owed and the amount actually collected,The difference between the amount of tax legally owed and the amount legally collected,Ignoring tax gap,Making tax gap larger,a
What is the purpose of tax reform?,"Changes made to tax laws and policies, often with the goal of simplifying the tax system, improving fairness, or promoting economic growth",Changes made to tax laws and policies with the goal of making the tax system more complex,Ignoring tax reform,Making tax reform less effective,b
What is the purpose of the Laffer curve?,"A theoretical representation of the relationship between tax rates and tax revenue, suggesting that there is an optimal tax rate that maximizes revenue","A theoretical representation of the relationship between tax rates and tax revenue, suggesting that higher tax rates always lead to higher revenue",Ignoring the relationship between tax rates and tax revenue,Making the relationship between tax rates and tax revenue less predictable,b
What is the purpose of progressive taxation?,A tax system where higher earners pay a higher percentage of their income in taxes,A tax system where lower earners pay a higher percentage of their income in taxes,A tax system where everyone pays the same percentage of their income in taxes,Ignoring tax progressivity,a
What is the purpose of regressive taxation?,A tax system where higher earners pay a lower percentage of their income in taxes,A tax system where lower earners pay a lower percentage of their income in taxes,A tax system where everyone pays the same percentage of their income in taxes,Ignoring tax regressivity,b
What is the purpose of proportional taxation (flat tax)?,A tax system where everyone pays the same percentage of their income in taxes,A tax system where higher earners pay a higher percentage of their income in taxes,A tax system where lower earners pay a higher percentage of their income in taxes,Ignoring tax proportionality,a
What is the purpose of horizontal equity in taxation?,The principle that taxpayers with similar ability to pay should pay similar amounts of tax,The principle that taxpayers with different ability to pay should pay similar amounts of tax,Ignoring horizontal equity,Making horizontal equity less achievable,a
What is the purpose of vertical equity in taxation?,The principle that taxpayers with greater ability to pay should pay more tax,The principle that taxpayers with lesser ability to pay should pay more tax,Ignoring vertical equity,Making vertical equity less achievable,a
What is the purpose of tax incidence?,The study of who ultimately bears the burden of a tax,The study of who collects a tax,Ignoring tax incidence,Making tax incidence less predictable,a
What is the purpose of deadweight loss of taxation?,"The reduction in economic efficiency that results from a tax, due to distortions in behavior",The increase in economic efficiency that results from a tax,Ignoring deadweight loss,Making deadweight loss larger,b
What is the purpose of tax neutrality?,The principle that taxes should not distort economic decisions,The principle that taxes should distort economic decisions,Ignoring tax neutrality,Making tax neutrality less achievable,b
What is the purpose of tax simplicity?,The principle that tax laws should be easy to understand and comply with,The principle that tax laws should be complex and difficult to understand,Ignoring tax simplicity,Making tax simplicity less achievable,a
What is the purpose of tax certainty?,The principle that taxpayers should be able to predict their tax liability with reasonable accuracy,The principle that taxpayers should not be able to predict their tax liability,Ignoring tax certainty,Making tax certainty less achievable,b
What is the purpose of tax efficiency?,The principle that taxes should be collected at the lowest possible cost to the government and taxpayers,The principle that taxes should be collected at the highest possible cost,Ignoring tax efficiency,Making tax efficiency less achievable,a
What is the purpose of tax fairness (equity)?,The principle that taxes should be distributed fairly among taxpayers,The principle that taxes should be distributed unfairly among taxpayers,Ignoring tax fairness,Making tax fairness less achievable,b
What is the purpose of the ability-to-pay principle of taxation?,The principle that taxes should be based on a taxpayer's ability to pay,The principle that taxes should be based on a taxpayer's willingness to pay,Ignoring ability to pay,Making ability to pay less relevant,a
What is the purpose of the benefits-received principle of taxation?,The principle that taxes should be based on the benefits that taxpayers receive from government services,The principle that taxes should be based on a taxpayer's ability to pay,Ignoring benefits received,Making benefits received less relevant,a
What is the purpose of fiscal policy?,The use of government spending and taxation to influence the economy,The use of monetary policy to influence the economy,Ignoring government spending and taxation,Making government spending and taxation less effective,b
What is the purpose of monetary policy?,The use of interest rates and money supply to influence the economy,The use of government spending and taxation to influence the economy,Ignoring interest rates and money supply,Making interest rates and money supply less effective,b
What is the purpose of the central bank?,The institution responsible for implementing monetary policy and regulating banks,The institution responsible for implementing fiscal policy,Ignoring monetary policy and bank regulation,Making monetary policy and bank regulation less effective,a
What is the purpose of the Federal Reserve (the Fed)?,The central bank of the United States,The central bank of the European Union,Ignoring the central bank,Making the central bank less effective,a
What is the purpose of inflation?,A sustained increase in the general price level of goods and services in an economy over a period of time,A sustained decrease in the general price level,Ignoring price levels,Making price levels less predictable,a
What is the purpose of deflation?,A sustained decrease in the general price level of goods and services in an economy over a period of time,A sustained increase in the general price level,Ignoring price levels,Making price levels less predictable,a
What is the purpose of the Consumer Price Index (CPI)?,A measure of the average change over time in the prices paid by urban consumers for a market basket of consumer goods and services,A measure of the average change over time in the prices received by domestic producers for their output,Ignoring price changes,Making price changes less predictable,b
What is the purpose of the Producer Price Index (PPI)?,A measure of the average change over time in the selling prices received by domestic producers for their output,A measure of the average change over time in the prices paid by urban consumers,Ignoring price changes,Making price changes less predictable,b
What is the purpose of Gross Domestic Product (GDP)?,The total monetary or market value of all the finished goods and services produced within a country's borders in a specific time period,"The total monetary or market value of all the finished goods and services produced by a country's citizens, regardless of their location",Ignoring economic output,Making economic output less predictable,a
What is the purpose of Gross National Product (GNP)?,"The total monetary or market value of all the finished goods and services produced by a country's citizens, regardless of their location, in a specific time period",The total monetary or market value of all the finished goods and services produced within a country's borders,Ignoring economic output,Making economic output less predictable,b
What is the purpose of unemployment rate?,The percentage of the labor force that is jobless and actively looking for work,The percentage of the population that is jobless,Ignoring unemployment,Making unemployment less predictable,a
What is the purpose of the business cycle?,"The fluctuations in economic activity, such as employment and production, over time",The stability in economic activity,Ignoring economic fluctuations,Making economic fluctuations less predictable,a
What is the purpose of economic indicators?,Statistics that provide information about the performance of an economy,Statistics that provide false information about the performance of an economy,Ignoring economic performance,Making economic performance less predictable,b
What is the purpose of leading economic indicators?,"Indicators that tend to change before the overall economy changes, providing clues about future economic activity",Indicators that tend to change after the overall economy changes,Indicators that change at the same time as the overall economy,Ignoring economic indicators,a
What is the purpose of lagging economic indicators?,"Indicators that tend to change after the overall economy changes, confirming past trends",Indicators that tend to change before the overall economy changes,Indicators that change at the same time as the overall economy,Ignoring economic indicators,b
What is the purpose of coincident economic indicators?,"Indicators that tend to change at the same time as the overall economy, providing a snapshot of current economic conditions",Indicators that tend to change before the overall economy changes,Indicators that tend to change after the overall economy changes,Ignoring economic indicators,a
What is the purpose of market capitalization?,The total market value of a company's outstanding shares of stock,The total book value of a company's outstanding shares of stock,Ignoring market value,Making market value less predictable,a
What is the purpose of earnings per share (EPS)?,"A measure of a company's profitability, calculated by dividing net income by the number of outstanding shares of common stock",A measure of a company's revenue,Ignoring profitability,Making profitability less predictable,b
What is the purpose of price-to-earnings (P/E) ratio?,A valuation ratio that compares a company's stock price to its earnings per share,A valuation ratio that compares a company's stock price to its revenue per share,Ignoring valuation ratios,Making valuation ratios less predictable,b
What is the purpose of dividend yield?,A financial ratio that shows how much a company pays in dividends each year relative to its stock price,A financial ratio that shows how much a company pays in interest each year relative to its bond price,Ignoring dividend yield,Making dividend yield less predictable,a
What is the purpose of return on equity (ROE)?,"A measure of a company's profitability, calculated by dividing net income by shareholders' equity",A measure of a company's revenue,Ignoring profitability,Making profitability less predictable,b
What is the purpose of return on assets (ROA)?,"A measure of a company's profitability, calculated by dividing net income by total assets",A measure of a company's revenue,Ignoring profitability,Making profitability less predictable,b
What is the purpose of debt-to-equity ratio?,A financial leverage ratio that compares a company's total debt to its shareholders' equity,A financial leverage ratio that compares a company's total assets to its shareholders' equity,Ignoring financial leverage,Making financial leverage less predictable,a
What is the purpose of current ratio?,A liquidity ratio that measures a company's ability to pay short-term obligations (due within one year),A liquidity ratio that measures a company's ability to pay long-term obligations,Ignoring liquidity,Making liquidity less predictable,b
What is the purpose of quick ratio (acid-test ratio)?,A liquidity ratio that measures a company's ability to pay short-term obligations with its most liquid assets,A liquidity ratio that measures a company's ability to pay long-term obligations,Ignoring liquidity,Making liquidity less predictable,b
What is the purpose of inventory turnover ratio?,"A measure of how efficiently a company is managing its inventory, calculated by dividing cost of goods sold by average inventory",A measure of how efficiently a company is managing its accounts receivable,Ignoring inventory management,Making inventory management less efficient,a
What is the purpose of accounts receivable turnover ratio?,"A measure of how efficiently a company is collecting its accounts receivable, calculated by dividing net credit sales by average accounts receivable",A measure of how efficiently a company is managing its inventory,Ignoring accounts receivable management,Making accounts receivable management less efficient,b
What is the purpose of days sales outstanding (DSO)?,A measure of the average number of days it takes a company to collect payment after a sale has been made,A measure of the average number of days it takes a company to sell its inventory,Ignoring collection period,Making collection period less predictable,N/A
What is the purpose of accounts payable turnover ratio?,"A measure of how quickly a company is paying its suppliers, calculated by dividing cost of goods sold by average accounts payable",A measure of how quickly a company is collecting its accounts receivable,Ignoring payment period,Making payment period less predictable,N/A
What is the purpose of days payable outstanding (DPO)?,A measure of the average number of days it takes a company to pay its suppliers,A measure of the average number of days it takes a company to collect its accounts receivable,Ignoring payment period,Making payment period less predictable,N/A
What is the purpose of gross profit margin?,A profitability ratio that measures the percentage of revenue that exceeds the cost of goods sold,A profitability ratio that measures the percentage of revenue that exceeds all expenses,Ignoring gross profit,Making gross profit less predictable,N/A
What is the purpose of operating profit margin?,A profitability ratio that measures the percentage of revenue that remains after deducting operating expenses,A profitability ratio that measures the percentage of revenue that remains after deducting all expenses,Ignoring operating profit,Making operating profit less predictable,N/A
What is the purpose of net profit margin?,"A profitability ratio that measures the percentage of revenue that remains after deducting all expenses, including taxes and interest",A profitability ratio that measures the percentage of revenue that remains after deducting operating expenses only,Ignoring net profit,Making net profit less predictable,N/A
What is the purpose of working capital?,"A measure of a company's short-term financial health, calculated as current assets minus current liabilities",A measure of a company's long-term financial health,Ignoring working capital,Making working capital less predictable,N/A
What is the purpose of cash flow statement analysis?,"Evaluating a company's ability to generate cash, manage cash flows, and meet its financial obligations",Evaluating a company's profitability,Ignoring cash flow,Making cash flow less predictable,N/A
What is the purpose of free cash flow (FCF)?,"A measure of a company's financial performance, calculated as operating cash flow minus capital expenditures",A measure of a company's profitability,Ignoring free cash flow,Making free cash flow less predictable,N/A
What is the purpose of financial modeling?,Creating a mathematical representation of a company's financial performance to forecast future results and evaluate different scenarios,Creating a physical representation of a company's financial performance,Ignoring financial forecasting,Making financial forecasting less accurate,N/A
What is the purpose of valuation?,Estimating the economic worth of a company or asset,Ignoring the economic worth of a company or asset,Making the economic worth of a company or asset less predictable,Making the economic worth of a company or asset lower,N/A
What is the purpose of discounted cash flow (DCF) analysis?,"A valuation method that estimates the value of an investment based on its expected future cash flows, discounted to their present value",A valuation method that estimates the value of an investment based on its historical cash flows,Ignoring cash flow discounting,Making cash flow discounting less accurate,N/A
What is the purpose of comparable company analysis (comps)?,"A valuation method that compares a company's valuation multiples (e.g., P/E ratio) to those of similar publicly traded companies",A valuation method that compares a company's valuation multiples to those of dissimilar publicly traded companies,Ignoring comparable company analysis,Making comparable company analysis less accurate,N/A
What is the purpose of precedent transaction analysis?,A valuation method that compares the valuation multiples paid in past acquisitions of similar companies,A valuation method that compares the valuation multiples paid in future acquisitions of similar companies,Ignoring precedent transaction analysis,Making precedent transaction analysis less accurate,N/A
What is the purpose of leveraged buyout (LBO) analysis?,A valuation method that estimates the value of a company based on the amount of debt that can be used to finance its acquisition,A valuation method that estimates the value of a company based on the amount of equity that can be used to finance its acquisition,Ignoring leveraged buyout analysis,Making leveraged buyout analysis less accurate,N/A
What is the purpose of sum-of-the-parts (SOTP) analysis?,A valuation method that values a company by estimating the value of its individual business segments and adding them together,A valuation method that values a company by estimating the value of its consolidated operations,Ignoring sum-of-the-parts analysis,Making sum-of-the-parts analysis less accurate,N/A
What is the purpose of initial public offering (IPO)?,The first time that the stock of a private company is offered to the public,The last time that the stock of a public company is offered to the private market,Ignoring initial public offerings,Making initial public offerings less accessible,N/A
What is the purpose of mergers and acquisitions (M&A)?,The consolidation of companies or assets through various types of financial transactions,The separation of companies or assets,Ignoring mergers and acquisitions,Making mergers and acquisitions less common,N/A
What is the purpose of due diligence in M&A?,"A comprehensive investigation of a target company's business, financial, legal, and operational aspects before an acquisition",A superficial investigation of a target company,Ignoring due diligence,Making due diligence less effective,N/A
What is the purpose of synergy in M&A?,"The potential for the combined entity to be more valuable than the sum of its parts, due to cost savings or revenue enhancements",The potential for the combined entity to be less valuable than the sum of its parts,Ignoring synergy,Making synergy less achievable,N/A
What is the purpose of divestitures?,The sale of a business segment or asset by a company,The acquisition of a business segment or asset by a company,Ignoring divestitures,Making divestitures less common,N/A
What is the purpose of spin-offs?,"The creation of a new, independent company from an existing business segment of a parent company",The merger of two existing companies,Ignoring spin-offs,Making spin-offs less common,N/A
What is the purpose of restructuring?,"Significant changes made to a company's business operations, financial structure, or organization to improve performance or adapt to changing market conditions",Minor changes made to a company's business operations,Ignoring restructuring,Making restructuring less effective,N/A
What is the purpose of bankruptcy?,"A legal process for individuals or businesses that are unable to pay their debts, allowing them to reorganize or liquidate their assets",A legal process for individuals or businesses that are able to pay their debts,Ignoring bankruptcy,Making bankruptcy less accessible,N/A
What is the purpose of Chapter 7 bankruptcy?,A type of bankruptcy that involves the liquidation of a debtor's assets to pay creditors,A type of bankruptcy that involves the reorganization of a debtor's finances to pay creditors over time,Ignoring Chapter 7 bankruptcy,Making Chapter 7 bankruptcy less common,N/A
What is the purpose of Chapter 11 bankruptcy?,A type of bankruptcy that allows a business to reorganize its finances and continue operating while paying creditors over time,A type of bankruptcy that involves the liquidation of a business's assets,Ignoring Chapter 11 bankruptcy,Making Chapter 11 bankruptcy less common,N/A
What is the purpose of Chapter 13 bankruptcy?,A type of bankruptcy that allows individuals with regular income to reorganize their finances and pay creditors over time,A type of bankruptcy that involves the liquidation of an individual's assets,Ignoring Chapter 13 bankruptcy,Making Chapter 13 bankruptcy less common,N/A
What is the purpose of financial distress?,A situation where a company or individual is having difficulty meeting its financial obligations,A situation where a company or individual is easily meeting its financial obligations,Ignoring financial distress,Making financial distress less common,N/A
What is the purpose of turnaround management?,The process of leading a financially distressed company back to profitability and stability,The process of leading a profitable company into financial distress,Ignoring turnaround management,Making turnaround management less effective,N/A
What is the purpose of corporate finance?,"The area of finance that deals with the financial decisions of corporations, including capital budgeting, capital structure, and working capital management",The area of finance that deals with personal financial decisions,Ignoring corporate finance,Making corporate finance less effective,N/A
What is the purpose of capital budgeting in corporate finance?,The process of planning and managing a company's long-term investments,The process of planning and managing a company's short-term investments,Ignoring capital budgeting,Making capital budgeting less effective,N/A
What is the purpose of capital structure in corporate finance?,The mix of debt and equity that a company uses to finance its operations,The mix of assets and liabilities that a company holds,Ignoring capital structure,Making capital structure less optimal,N/A
What is the purpose of working capital management in corporate finance?,Managing a company's short-term assets and liabilities to ensure that it has enough cash to meet its operating needs,Managing a company's long-term assets and liabilities,Ignoring working capital management,Making working capital management less effective,N/A
What is the purpose of cost of capital?,The required rate of return that a company must earn on its investments to satisfy its investors,The actual rate of return that a company earns on its investments,Ignoring cost of capital,Making cost of capital less relevant,N/A
What is the purpose of weighted average cost of capital (WACC)?,"The average rate of return a company needs to earn to satisfy all its investors, including debt holders and equity holders, weighted by the proportion of each type of financing",The average rate of return a company needs to earn to satisfy only its equity holders,Ignoring WACC,Making WACC less relevant,N/A
What is the purpose of dividend policy?,The decisions a company makes about how much of its earnings to pay out to shareholders as dividends,The decisions a company makes about how much debt to issue,Ignoring dividend policy,Making dividend policy less optimal,N/A
What is the purpose of share repurchases (buybacks)?,"When a company buys back its own shares from the open market, reducing the number of outstanding shares",When a company issues new shares to the open market,Ignoring share repurchases,Making share repurchases less common,N/A
What is the purpose of financial risk management?,"Identifying, assessing, and mitigating financial risks, such as interest rate risk, currency risk, and credit risk",Ignoring financial risks,Creating financial risks,Making financial risks more severe,N/A
What is the purpose of interest rate risk?,The risk that changes in interest rates will adversely affect the value of an investment or a company's financial performance,The risk that changes in currency exchange rates will adversely affect the value of an investment or a company's financial performance,Ignoring interest rate risk,Making interest rate risk less relevant,N/A
What is the purpose of currency risk (exchange rate risk)?,The risk that changes in currency exchange rates will adversely affect the value of an investment or a company's financial performance,The risk that changes in interest rates will adversely affect the value of an investment or a company's financial performance,Ignoring currency risk,Making currency risk less relevant,N/A
What is the purpose of credit risk?,The risk that a borrower will default on its debt obligations,The risk that a lender will default on its lending obligations,Ignoring credit risk,Making credit risk less relevant,N/A
What is the purpose of liquidity risk?,The risk that a company or individual will not be able to meet its short-term financial obligations,The risk that a company or individual will not be able to meet its long-term financial obligations,Ignoring liquidity risk,Making liquidity risk less relevant,N/A
What is the purpose of operational risk?,"The risk of loss resulting from inadequate or failed internal processes, people, and systems, or from external events",The risk of loss resulting from market fluctuations,Ignoring operational risk,Making operational risk less relevant,N/A
What is the purpose of market risk?,"The risk of losses in financial investments resulting from adverse movements in market prices, such as stock prices, interest rates, or currency exchange rates",The risk of loss resulting from inadequate or failed internal processes,Ignoring market risk,Making market risk less relevant,N/A
What is the purpose of hedging?,"A strategy used to reduce or offset financial risks, often by taking an opposing position in a related security or derivative",A strategy used to increase financial risks,Ignoring hedging,Making hedging less effective,N/A
What is the purpose of derivatives in risk management?,"Financial instruments, such as futures, options, and swaps, that can be used to hedge against various financial risks",Financial instruments that create financial risks,Ignoring derivatives in risk management,Making derivatives in risk management less effective,N/A
What is the purpose of futures contracts?,Standardized contracts to buy or sell an underlying asset at a specified price on a future date,Non-standardized contracts to buy or sell an underlying asset at an unspecified price on an unspecified date,Ignoring futures contracts,Making futures contracts less effective,N/A
What is the purpose of options contracts?,"Contracts that give the buyer the right, but not the obligation, to buy or sell an underlying asset at a specified price on or before a future date",Contracts that give the buyer the obligation to buy or sell an underlying asset,Ignoring options contracts,Making options contracts less effective,N/A
What is the purpose of swaps?,Agreements between two parties to exchange cash flows or other financial instruments over a specified period,Agreements between two parties to not exchange cash flows,Ignoring swaps,Making swaps less effective,N/A
What is the purpose of credit derivatives?,"Financial instruments whose value is derived from the creditworthiness of an underlying entity, such as a bond or loan",Financial instruments whose value is derived from the market price of an underlying asset,Ignoring credit derivatives,Making credit derivatives less effective,N/A
What is the purpose of credit default swaps (CDS)?,A type of credit derivative that provides insurance against the default of a specific debt instrument,A type of credit derivative that increases the risk of default,Ignoring credit default swaps,Making credit default swaps less effective,N/A
What is the purpose of securitization?,"The process of pooling various types of debt, such as mortgages or auto loans, and selling them as securities to investors",The process of unpooling debt,Ignoring securitization,Making securitization less common,N/A
What is the purpose of asset-backed securities (ABS)?,Securities whose value and income payments are derived from and collateralized (or,,,,N/A
Which of the following is NOT a primary objective of financial accounting?,Providing information for decision-making,Ensuring the company makes a profit,Reporting on the financial position of the company,Reporting on the performance of the company,a
The accounting equation can be expressed as:,Assets = Liabilities - Equity,Assets = Liabilities + Equity,Equity = Assets + Liabilities,Liabilities = Assets + Equity,a
Which financial statement reports a company's financial position at a specific point in time?,Income Statement,Statement of Cash Flows,Balance Sheet,Statement of Retained Earnings,b
Revenue is recognized when:,Cash is received,An order is placed,It is earned and realizable,The product is shipped,b
The matching principle in accounting states that:,Assets should be matched with liabilities,Revenue should be matched with expenses,Debits should be matched with credits,Income should be matched with equity,a
Which of the following is an example of an asset?,Accounts Payable,Unearned Revenue,Inventory,Salaries Expense,b
Depreciation is the process of:,Allocating the cost of an asset over its useful life,Increasing the value of an asset,Selling an asset for a profit,Paying for an asset in installments,b
The primary purpose of an audit is to:,Detect fraud,Provide an opinion on the fairness of financial statements,Prepare financial statements for the company,Ensure the company is profitable,a
Which of the following is a current liability?,Bonds Payable (due in 10 years),Mortgage Payable (due in 20 years),Accounts Payable (due in 30 days),Notes Payable (due in 5 years),b
The historical cost principle states that:,Assets should be recorded at their current market value,Assets should be recorded at their original cost,Liabilities should be recorded at their fair value,Equity should be recorded at its book value,b
What does GAAP stand for?,Generally Accepted Auditing Practices,Generally Accepted Accounting Principles,Government Approved Accounting Procedures,Global Accounting and Auditing Principles,b
Which of the following is NOT a component of the Statement of Cash Flows?,Operating Activities,Investing Activities,Financing Activities,Budgeting Activities,a
A debit entry will:,Increase an asset account,Decrease a liability account,Decrease an equity account,All of the above,b
A credit entry will:,Decrease an asset account,Increase a liability account,Increase an equity account,All of the above,a
The normal balance of an expense account is a:,Debit,Credit,Neither a debit nor a credit,Either a debit or a credit,a
The normal balance of a revenue account is a:,Debit,Credit,Neither a debit nor a credit,Either a debit or a credit,b
Which inventory valuation method assumes that the first units purchased are the first ones sold?,"LIFO (Last-In, First-Out)","FIFO (First-In, First-Out)",Weighted-Average Cost,Specific Identification,a
Bad Debt Expense is recognized to account for:,Uncollectible accounts receivable,Inventory that has become obsolete,Depreciation of long-term assets,Interest on loans payable,d
The Sarbanes-Oxley Act (SOX) was enacted primarily to:,Reduce corporate taxes,Improve corporate governance and accountability,Encourage international trade,Standardize accounting practices globally,a
Which of the following is an example of an intangible asset?,Land,Building,Patent,Equipment,a
The quick ratio (acid-test ratio) is a measure of a company's:,Profitability,Long-term solvency,Short-term liquidity,Efficiency in using assets,d
Cost of Goods Sold (COGS) is calculated as:,Beginning Inventory + Purchases - Ending Inventory,Beginning Inventory - Purchases + Ending Inventory,Sales - Gross Profit,Net Sales - Operating Expenses,a
Which of the following is a period cost?,Direct Materials,Direct Labor,Manufacturing Overhead,Selling Expenses,a
Managerial accounting primarily focuses on:,Providing information to external users,Providing information for internal decision-making,Complying with GAAP,Preparing tax returns,a
A budget is a:,Historical record of past performance,Financial plan for a future period,Statement of a company's current financial position,Report on the cash inflows and outflows of a company,a
Variance analysis involves:,Comparing actual results to budgeted amounts,Calculating the depreciation of assets,Determining the cost of goods sold,Auditing financial statements,a
Which of the following is a characteristic of a sole proprietorship?,Limited liability for the owner,Double taxation of profits,Ease of formation,Separate legal entity from the owner,b
A partnership is a business owned by:,One person,Two or more individuals,Shareholders,The government,b
A corporation is a legal entity that is:,Separate and distinct from its owners,Owned by a single individual,Not subject to taxation,Managed directly by its shareholders,a
Dividends paid by a corporation are:,An expense on the income statement,A distribution of profits to shareholders,An asset on the balance sheet,A liability until paid,b
Treasury stock represents:,Shares of stock held by the U.S. Treasury,Shares of a company's own stock that it has repurchased,Shares of stock that have been authorized but not yet issued,Shares of stock held by foreign investors,a
Earnings per share (EPS) is calculated as:,Net Income / Average Number of Common Shares Outstanding,Gross Profit / Total Revenue,Operating Income / Net Sales,Net Income / Total Assets,b
The debt-to-equity ratio measures a company's:,Profitability,Liquidity,Financial leverage,Efficiency,d
Which of the following is NOT a type of audit opinion?,Unqualified opinion,Qualified opinion,Adverse opinion,Provisional opinion,a
Internal controls are designed to:,Ensure the accuracy and reliability of financial reporting,Promote operational efficiency,Encourage adherence to management policies,All of the above,a
The concept of materiality in accounting refers to:,The importance of an item to the overall financial picture,The physical size of an asset,The cost of an asset,The liquidity of an asset,a
Accrual basis accounting recognizes revenue and expenses when:,Cash is received or paid,"They are earned or incurred, regardless of cash flow",The fiscal year ends,The budget is prepared,a
Cash basis accounting recognizes revenue and expenses when:,Cash is received or paid,"They are earned or incurred, regardless of cash flow",The fiscal year ends,The budget is prepared,a
Which of the following is an example of a non-cash investing and financing activity?,Purchasing equipment with cash,Issuing bonds for cash,Acquiring an asset by issuing stock,Paying dividends in cash,a
The going concern assumption assumes that a company will:,Liquidate its assets in the near future,Continue to operate for the foreseeable future,Merge with another company,Be profitable in the current year,a
Which of the following is a contra-asset account?,Accounts Receivable,Accumulated Depreciation,Inventory,Prepaid Expenses,a
A trial balance is a list of:,All assets and liabilities,All revenues and expenses,All accounts and their balances,All cash inflows and outflows,b
The purpose of closing entries is to:,Transfer the balances of temporary accounts to permanent accounts,Adjust the balances of asset accounts,Record transactions that occurred during the period,Prepare the financial statements,d
Which of the following accounts is a temporary account?,Cash,Accounts Payable,Retained Earnings,Rent Expense,c
Which of the following accounts is a permanent account?,Service Revenue,Salaries Expense,Dividends,Equipment,a
The book value of an asset is calculated as:,Original Cost - Accumulated Depreciation,Fair Market Value - Salvage Value,Original Cost - Salvage Value,Fair Market Value - Accumulated Depreciation,c
Amortization is similar to depreciation but is used for:,Tangible assets,Intangible assets,Current assets,Current liabilities,c
Goodwill is an intangible asset that arises from:,The purchase of another company for more than the fair market value of its net assets,Expenditures on research and development,The development of a strong brand name,The acquisition of a patent,b
Which of the following is NOT a step in the accounting cycle?,Analyzing transactions,Preparing a budget,Journalizing transactions,Posting to the ledger,a
A contingent liability is a potential obligation that depends on:,The outcome of a future event,The current market conditions,The company's profitability,The availability of cash,a
The primary difference between a merchandising company and a service company is that a merchandising company:,Provides services instead of selling goods,Sells goods that it has purchased for resale,Manufactures the goods it sells,Has no inventory,b
Sales Returns and Allowances is a contra-revenue account that reduces:,Gross Sales,Cost of Goods Sold,Operating Expenses,Net Income,b
Purchase Discounts are offered to buyers to encourage:,Large volume purchases,Early payment,Cash payments,Repeat business,a
FOB shipping point means that the title to the goods passes to the buyer when:,The goods leave the seller's place of business,The goods arrive at the buyer's place of business,The buyer pays for the goods,The seller ships the goods,c
FOB destination means that the title to the goods passes to the buyer when:,The goods leave the seller's place of business,The goods arrive at the buyer's place of business,The buyer pays for the goods,The seller ships the goods,a
A bank reconciliation is prepared to:,Determine the amount of cash in the bank,Identify differences between the company's cash balance and the bank's cash balance,Record cash transactions,Forecast future cash flows,b
Outstanding checks are checks that have been:,Issued by the company but not yet cashed by the recipient,Cashed by the recipient but not yet recorded by the company,Returned by the bank due to insufficient funds,Certified by the bank,b
Deposits in transit are deposits that have been:,Made by the company but not yet recorded by the bank,Recorded by the bank but not yet made by the company,Lost in transit to the bank,Held by the company for future deposit,c
The petty cash fund is used for:,Making large purchases,"Paying small, miscellaneous expenses",Investing in short-term securities,Paying employee salaries,a
Which of the following is an example of a financing activity on the Statement of Cash Flows?,Purchasing equipment,Selling goods to customers,Issuing bonds,Paying salaries to employees,a
Which of the following is an example of an investing activity on the Statement of Cash Flows?,Receiving cash from customers,Paying dividends to shareholders,Selling a long-term asset,Borrowing money from a bank,a
The direct method of preparing the Statement of Cash Flows reports:,Net income adjusted for non-cash items,Actual cash inflows and outflows from operating activities,Changes in current assets and current liabilities,Only investing and financing activities,a
The indirect method of preparing the Statement of Cash Flows starts with:,Net income and adjusts it for non-cash items and changes in working capital,Cash sales and subtracts cash expenses,Gross profit and subtracts operating expenses,Total assets and subtracts total liabilities,a
Which of the following is a common size financial statement?,A statement that compares financial data across several years,A statement that expresses each item as a percentage of a base amount,A statement that is prepared using a standard format,A statement that is audited by an independent CPA firm,b
Horizontal analysis (trend analysis) involves:,Comparing financial statement items to a base amount within the same period,Comparing financial statement items across different periods,Calculating financial ratios,Preparing a bank reconciliation,b
Vertical analysis involves:,Comparing financial statement items to a base amount within the same period,Comparing financial statement items across different periods,Calculating financial ratios,Preparing a bank reconciliation,b
The current ratio is calculated as:,Current Assets / Current Liabilities,Total Assets / Total Liabilities,Current Assets / Total Assets,Current Liabilities / Total Liabilities,a
Inventory turnover measures:,How quickly a company collects its accounts receivable,How quickly a company sells its inventory,The profitability of a company's inventory,The amount of inventory on hand,a
Return on Assets (ROA) measures a company's:,Ability to pay its short-term debts,Profitability relative to its total assets,Financial leverage,Efficiency in collecting accounts receivable,b
Return on Equity (ROE) measures a company's:,Ability to pay its long-term debts,Profitability relative to its shareholders' equity,Liquidity,Efficiency in using its assets,b
The price-earnings (P/E) ratio is calculated as:,Market Price per Share / Earnings per Share,Earnings per Share / Market Price per Share,Net Income / Number of Shares Outstanding,Market Capitalization / Net Income,b
Which of the following is a limitation of financial statement analysis?,It relies on historical data,Different accounting methods can distort comparisons,Industry averages may not be representative,All of the above,a
Cost accounting is primarily concerned with:,Reporting financial information to external users,"Determining the cost of products, services, and activities",Preparing tax returns,Auditing financial statements,b
Direct costs are costs that can be:,Easily and conveniently traced to a specific cost object,Shared by multiple cost objects,Incurred only in the manufacturing process,Controlled by management,a
Indirect costs (overhead costs) are costs that:,Cannot be easily and conveniently traced to a specific cost object,Are directly related to the production of a specific product,Vary in direct proportion to changes in activity level,Remain constant regardless of the activity level,a
Product costs include:,"Direct materials, direct labor, and manufacturing overhead",Selling expenses and administrative expenses,All costs incurred by the company,Only the cost of raw materials,a
Period costs are expensed on the income statement:,When the product is sold,In the period in which they are incurred,When the product is completed,Over the useful life of the asset,a
Job order costing is used when:,A company produces many units of a single product,A company produces customized products or services,Costs are accumulated by department,All products are identical,a
Process costing is used when:,"A company produces many units of a single, homogeneous product",A company produces customized products or services,Costs are accumulated by job,Each product is unique,b
A predetermined overhead rate is calculated as:,Estimated Total Manufacturing Overhead Cost / Estimated Total Allocation Base,Actual Total Manufacturing Overhead Cost / Actual Total Allocation Base,Estimated Total Manufacturing Overhead Cost / Actual Total Allocation Base,Actual Total Manufacturing Overhead Cost / Estimated Total Allocation Base,b
Activity-based costing (ABC) is a costing method that:,Assigns overhead costs based on a single allocation base,Assigns overhead costs to products based on the activities they consume,Is used only for service companies,Is simpler to implement than traditional costing methods,a
A cost driver is a factor that:,Causes overhead costs to be incurred,Reduces the cost of a product,Is used to allocate direct costs,Measures the profitability of a product,b
Break-even point is the level of sales at which:,Total revenue equals total costs (both fixed and variable),The company makes a target profit,Total revenue equals total fixed costs,Total revenue equals total variable costs,d
Contribution margin is calculated as:,Sales Revenue - Variable Costs,Sales Revenue - Fixed Costs,Sales Revenue - Total Costs,Gross Profit - Operating Expenses,b
The margin of safety is the difference between:,Actual or budgeted sales and break-even sales,Selling price per unit and variable cost per unit,Total revenue and total fixed costs,Net income and operating income,b
Relevant costs are costs that:,Differ between alternatives and are future-oriented,Have already been incurred and cannot be changed,Are the same for all alternatives,Are not important for decision-making,b
Sunk costs are costs that:,Differ between alternatives and are future-oriented,Have already been incurred and cannot be changed,Are the same for all alternatives,Are important for decision-making,a
Opportunity cost is the:,Actual cost of an alternative,Potential benefit that is given up when one alternative is selected over another,Cost that has already been incurred,Cost that is directly traceable to a product,b
A capital budgeting decision involves:,Short-term investments,"Long-term investments in property, plant, and equipment",Managing working capital,Determining the cost of goods sold,b
The payback period is the length of time it takes for an investment to:,Generate a target rate of return,Recover its initial cost,Become profitable,Double in value,b
Net Present Value (NPV) is the difference between:,The present value of cash inflows and the present value of cash outflows,The future value of cash inflows and the future value of cash outflows,The initial investment and the total cash inflows,The payback period and the useful life of the asset,b
The Internal Rate of Return (IRR) is the discount rate at which:,The NPV of an investment is zero,The NPV of an investment is maximized,The payback period is minimized,The accounting rate of return is equal to the required rate of return,a
A flexible budget is a budget that:,Is prepared for a single level of activity,Adjusts for different levels of activity,Is based on historical data only,Is used only for capital budgeting decisions,b
Standard costs are:,Actual costs incurred in the past,Budgeted costs for a future period,Predetermined unit costs that are used for planning and control,The average cost of production,a
A favorable variance occurs when:,Actual costs are greater than standard costs,Actual costs are less than standard costs,Actual revenue is less than budgeted revenue,Actual revenue is equal to budgeted revenue,a
An unfavorable variance occurs when:,Actual costs are greater than standard costs,Actual costs are less than standard costs,Actual revenue is greater than budgeted revenue,Actual revenue is equal to budgeted revenue,b
Decentralization is the practice of:,Concentrating decision-making authority at the top level of management,Delegating decision-making authority to lower levels of management,Eliminating management layers,Outsourcing business functions,a
A responsibility center is a part of an organization for which a manager has:,Authority and responsibility,Only responsibility,Only authority,Neither authority nor responsibility,b
Which of the following is NOT a type of responsibility center?,Cost center,Revenue center,Profit center,Liquidity center,c
Transfer pricing is the price at which:,Goods or services are sold to external customers,Goods or services are exchanged between divisions within the same company,Raw materials are purchased from suppliers,Finished goods are sold to distributors,a
The Balanced Scorecard is a performance measurement system that considers:,Only financial measures,Only non-financial measures,Financial and non-financial measures across multiple perspectives,Only internal measures,b
Which of the following is NOT a perspective of the Balanced Scorecard?,Financial perspective,Customer perspective,Internal business processes perspective,Competitor perspective,b
Ethical considerations in accounting are important because:,They ensure the accuracy and reliability of financial information,They promote public trust in the accounting profession,They help prevent fraud and illegal acts,All of the above,a
The International Financial Reporting Standards (IFRS) are a set of accounting standards developed by the:,Financial Accounting Standards Board (FASB),International Accounting Standards Board (IASB),Securities and Exchange Commission (SEC),American Institute of Certified Public Accountants (AICPA),b
The main objective of IFRS is to:,"Create a single set of high-quality, global accounting standards",Reduce the complexity of accounting rules,Lower the cost of preparing financial statements,Increase the profitability of multinational corporations,a
Which of the following is a key difference between GAAP and IFRS?,"IFRS is more rules-based, while GAAP is more principles-based","GAAP is more rules-based, while IFRS is more principles-based","IFRS does not allow for the LIFO inventory method, while GAAP does",Both b and c,a
Forensic accounting involves:,Preparing financial statements for publicly traded companies,Auditing the financial statements of government entities,Investigating financial crimes and disputes,Providing tax advice to individuals and businesses,a
A Certified Public Accountant (CPA) is a professional accountant who has:,Passed a national examination and met state licensing requirements,Earned a master's degree in accounting,Worked for a Big Four accounting firm,Specialized in forensic accounting,a
The primary role of the Securities and Exchange Commission (SEC) in accounting is to:,Set accounting standards for all companies,Protect investors and maintain the integrity of the securities markets,Audit the financial statements of publicly traded companies,Provide tax advice to corporations,b
A company's annual report typically includes:,Financial statements,Management's discussion and analysis (MD&A),Auditor's report,All of the above,b
"The conservatism principle in accounting suggests that when there is uncertainty, accountants should:",Choose the accounting method that results in higher net income,Choose the accounting method that results in lower net income and/or lower asset values,Choose the accounting method that is easiest to apply,Choose the accounting method that is most commonly used in the industry,a
The consistency principle in accounting requires that a company:,Uses the same accounting methods for all transactions,Uses the same accounting methods from period to period,Reports all material information in its financial statements,Records assets at their historical cost,b
The full disclosure principle in accounting requires that a company:,Reports all information that could influence the decisions of financial statement users,Only reports information that is favorable to the company,Only reports information that is required by GAAP,Only reports information that is easily quantifiable,a
Which of the following is an example of an accounting estimate?,The amount of cash received from a customer,The cost of a piece of equipment purchased,The useful life of an asset for depreciation purposes,The number of shares of stock outstanding,b
The time value of money concept recognizes that:,Money received today is worth more than the same amount of money received in the future,Money received in the future is worth more than the same amount of money received today,The value of money remains constant over time,Inflation has no impact on the value of money,a
Present value is the:,Value of an asset at the end of its useful life,"Current value of a future amount of money, discounted at an appropriate interest rate",Total amount of cash to be received in the future,Interest earned on an investment,a
Future value is the:,Value of an asset at the beginning of its useful life,"Value of an investment at a future date, assuming a certain rate of return",Current market price of an asset,Discount rate used to calculate present value,b
An annuity is a series of:,Unequal payments made over a period of time,Equal payments made at equal intervals over a period of time,Payments made only at the beginning of a period,Payments made only at the end of a period,b
The effective interest rate is the:,Stated annual interest rate,"Actual annual interest rate earned or paid, considering the effect of compounding",Interest rate used for discounting future cash flows,Interest rate charged by banks on loans,a
A bond is a form of:,Equity financing,Debt financing,Preferred stock,Common stock,a
The face value (par value) of a bond is the amount:,The bondholder will receive at maturity,The bond was originally sold for,The bond is currently trading for in the market,Of interest paid annually on the bond,a
The coupon rate (stated rate) of a bond is the interest rate:,Used to determine the periodic interest payments,That equates the present value of the bond's cash flows to its market price,Earned by the bondholder if the bond is held to maturity,Set by the central bank,a
"If a bond is sold at a premium, it means that:",The coupon rate is less than the market interest rate,The coupon rate is greater than the market interest rate,The coupon rate is equal to the market interest rate,The bond is sold for less than its face value,b
"If a bond is sold at a discount, it means that:",The coupon rate is less than the market interest rate,The coupon rate is greater than the market interest rate,The coupon rate is equal to the market interest rate,The bond is sold for more than its face value,b
Amortization of bond premium or discount affects:,Only the interest expense recognized each period,Only the carrying value of the bond,Both the interest expense recognized each period and the carrying value of the bond,Neither the interest expense nor the carrying value of the bond,a
Callable bonds give the issuer the right to:,Convert the bonds into common stock,Extend the maturity date of the bonds,Redeem (retire) the bonds before maturity,Lower the coupon rate of the bonds,b
Convertible bonds give the bondholder the right to:,Convert the bonds into common stock of the issuing company,Redeem the bonds before maturity,Increase the coupon rate of the bonds,Extend the maturity date of the bonds,a
A lease is a contractual agreement that allows one party (the lessee) to:,Purchase an asset from another party (the lessor),Use an asset owned by another party (the lessor) for a specified period of time in exchange for payments,Sell an asset to another party (the lessor),Lend money to another party (the lessor),a
An operating lease is a lease in which:,The lessee essentially acquires ownership of the asset,"The lessor retains ownership of the asset, and the lessee records lease payments as rent expense",The lease term covers most of the asset's economic life,The present value of lease payments is close to the asset's fair market value,b
A finance lease (capital lease under older GAAP) is a lease in which:,The lessee essentially acquires the risks and rewards of ownership of the asset,"The lessor retains ownership of the asset, and the lessee records lease payments as rent expense",The lease term is very short,The lease payments are minimal,a
Deferred tax liabilities arise when:,Taxable income is greater than accounting income,Accounting income is greater than taxable income due to temporary differences,The company pays more taxes than it owes,The company receives a tax refund,b
Deferred tax assets arise when:,Taxable income is less than accounting income due to temporary differences,Accounting income is less than taxable income,The company owes more taxes than it has paid,The company has a net operating loss carryforward,a
A temporary difference is a difference between the tax basis of an asset or liability and its reported amount in the financial statements that will result in:,Taxable or deductible amounts in future years,Permanent differences that never reverse,Changes in the tax rate,Adjustments to retained earnings,a
A permanent difference is a difference between accounting income and taxable income that:,Will reverse in future years,Will never reverse,Is due to changes in accounting methods,Is related to foreign currency translation,b
Which of the following is an example of a permanent difference?,Depreciation expense,Warranty expense,Interest income from municipal bonds (tax-exempt),Unearned revenue,b
The statement of changes in equity (statement of stockholders' equity) reports:,The changes in a company's equity accounts during a period,"The company's assets, liabilities, and equity at a specific point in time","The company's revenues, expenses, and net income for a period",The company's cash inflows and outflows for a period,a
Comprehensive income includes:,Only net income,Net income and other comprehensive income (OCI),Only other comprehensive income (OCI),Revenues and expenses from continuing operations,b
Other Comprehensive Income (OCI) includes items such as:,Gains and losses on sales of equipment,Interest expense,Unrealized gains and losses on certain investments and foreign currency translation adjustments,Dividends paid to shareholders,b
Segment reporting requires companies to disclose financial information about:,Their different product lines,Their different geographic regions,Their major customers,"All of the above, if they meet certain criteria",a
An interim financial report is a financial report that covers a period of:,"Less than one year (e.g., quarterly or semi-annually)",More than one year,Exactly one year,Any period chosen by management,b
The main purpose of a business combination is to:,Reduce competition,Achieve synergies and economies of scale,Diversify operations,All of the above,b
The acquisition method of accounting for business combinations requires that:,The assets and liabilities of the acquired company are recorded at their book values,The assets and liabilities of the acquired company are recorded at their fair values,The pooling of interests method is used,Goodwill is not recognized,a
Noncontrolling interest (minority interest) represents the portion of a subsidiary's equity that is:,Owned by the parent company,Not owned by the parent company,Held as treasury stock,Distributed as dividends,b
Consolidated financial statements present the financial position and results of operations of:,Only the parent company,Only the subsidiary companies,The parent company and its subsidiaries as if they were a single economic entity,The parent company and its joint ventures,a
Intercompany transactions are transactions that occur:,Between a company and its external customers,Between a company and its suppliers,"Between a parent company and its subsidiary, or between two subsidiaries of the same parent",Between a company and its shareholders,a
"When preparing consolidated financial statements, intercompany transactions must be:",Ignored,Eliminated,Disclosed in the footnotes only,Reported at fair value,a
Foreign currency translation is the process of:,Converting financial statements of a foreign subsidiary from its functional currency to the reporting currency of the parent company,Exchanging one currency for another,Hedging against foreign currency risk,Investing in foreign securities,a
The functional currency is the currency of:,The primary economic environment in which an entity operates,The country where the parent company is located,The United States (U.S. dollar),The currency in which the financial statements are presented,a
A foreign currency transaction gain or loss arises when:,The exchange rate changes between the transaction date and the settlement date,A company invests in a foreign subsidiary,A company hedges its foreign currency exposure,A company translates the financial statements of a foreign subsidiary,a
The current rate method of foreign currency translation is used when:,The foreign subsidiary's functional currency is the local currency,The foreign subsidiary's functional currency is the parent company's reporting currency,The foreign subsidiary operates in a highly inflationary economy,The foreign subsidiary is being liquidated,a
The temporal rate method of foreign currency translation is used when:,The foreign subsidiary's functional currency is the local currency,"The foreign subsidiary's functional currency is the parent company's reporting currency, or it operates in a highly inflationary economy",The foreign subsidiary is a joint venture,The foreign subsidiary uses IFRS,a
Not-for-profit organizations (NFPs) are organizations that:,Are formed to make a profit for their owners,Provide goods or services without the primary motive of making a profit,Are owned by the government,Are exempt from all taxes,a
Which of the following is a primary financial statement for a not-for-profit organization?,Statement of Financial Position,Statement of Activities,Statement of Cash Flows,All of the above,a
Net assets of a not-for-profit organization are classified as:,Assets with donor restrictions and assets without donor restrictions,Current assets and noncurrent assets,Contributed capital and retained earnings,Restricted funds and unrestricted funds,a
Contributions received by a not-for-profit organization are generally recognized as revenue when:,The cash is received,"The pledge is made, even if conditional",The donor-imposed conditions are substantially met or the restriction expires,The funds are spent,a
Governmental accounting standards are established by the:,Financial Accounting Standards Board (FASB),Governmental Accounting Standards Board (GASB),International Accounting Standards Board (IASB),Securities and Exchange Commission (SEC),a
The primary objective of governmental financial reporting is:,To help users assess the government's accountability,To help users make economic decisions,To help users assess the government's ability to generate profits,Both a and b,a
Governmental funds use the:,Accrual basis of accounting,Modified accrual basis of accounting,Cash basis of accounting,Economic resources measurement focus,a
Proprietary funds in governmental accounting are used to account for activities that are:,Financed primarily by taxes,"Similar to those of business enterprises (e.g., utilities)",Fiduciary in nature,Related to general government operations,a
Fiduciary funds in governmental accounting are used to account for assets held by the government in a:,Trustee or agency capacity,Business-like capacity,General operating capacity,Capital projects capacity,a
The Comprehensive Annual Financial Report (CAFR) of a governmental entity includes:,Introductory section,Financial section (including basic financial statements and notes),Statistical section,All of the above,a
A budget is a key element of financial control in:,For-profit organizations only,Not-for-profit organizations only,Governmental entities only,"All types of organizations (for-profit, not-for-profit, and governmental)",a
Encumbrance accounting is used in governmental accounting to:,Record actual expenditures,"Reserve a portion of appropriations for future expenditures (e.g., when a purchase order is issued)",Recognize revenue,Depreciate capital assets,a
The debt service fund in governmental accounting is used to account for:,The proceeds of long-term debt,The payment of principal and interest on long-term debt,The construction of capital assets,The operating activities of the government,a
A special revenue fund in governmental accounting is used to account for the proceeds of specific revenue sources that are:,Legally restricted or committed to expenditure for specified purposes,Used for general government operations,Used for proprietary activities,Held in a fiduciary capacity,a
The general fund in governmental accounting is used to account for:,All financial resources except those required to be accounted for in another fund,Only specific revenue sources,Only capital projects,Only debt service payments,a
Enterprise funds in governmental accounting are a type of:,Governmental fund,Proprietary fund,Fiduciary fund,Special revenue fund,a
Internal service funds in governmental accounting are used to account for the financing of goods or services provided by one department or agency to:,"Other departments or agencies of the government, on a cost-reimbursement basis","The general public, for a fee","External parties, for a profit",Not-for-profit organizations,a
The economic resources measurement focus and the accrual basis of accounting are used for:,Governmental funds,"Government-wide financial statements, proprietary funds, and fiduciary funds",Only proprietary funds,Only fiduciary funds,a
The current financial resources measurement focus and the modified accrual basis of accounting are used for:,Governmental funds,Government-wide financial statements,Proprietary funds,Fiduciary funds,a
"Under the modified accrual basis of accounting, revenues are recognized when they are:",Earned and realizable,Measurable and available,Received in cash,Billed to customers,a
"Under the modified accrual basis of accounting, expenditures are generally recognized when:",The related liability is incurred,Cash is paid,The goods or services are ordered,The budget is approved,a
Government-wide financial statements are designed to provide a:,Detailed view of individual fund activities,"Long-term, aggregate overview of the government's financial position and activities",Short-term view of the government's liquidity,Comparison of budgeted and actual results for each fund,a
The Statement of Net Position in government-wide financial statements is similar to a:,Balance Sheet in for-profit accounting,Income Statement in for-profit accounting,Statement of Cash Flows in for-profit accounting,Statement of Retained Earnings in for-profit accounting,a
The Statement of Activities in government-wide financial statements reports:,The net change in net position for the period,"The government's assets, liabilities, and net position at a specific point in time",The government's cash inflows and outflows for the period,The detailed transactions of each fund,a
Capital assets in governmental accounting are typically reported in the:,Governmental funds financial statements only,Government-wide financial statements only,Both governmental funds and government-wide financial statements,Neither governmental funds nor government-wide financial statements,a
Long-term debt in governmental accounting is typically reported in the:,Governmental funds financial statements only,Government-wide financial statements only,Both governmental funds and government-wide financial statements,Neither governmental funds nor government-wide financial statements,a
Management's Discussion and Analysis (MD&A) in governmental financial reporting provides:,An audit opinion on the financial statements,A narrative overview and analysis of the government's financial performance,Detailed statistical data,A list of all fund balances,a
The single audit (Uniform Guidance audit) is required for entities that:,"Expend $750,000 or more in federal awards in a fiscal year",Are publicly traded companies,Are not-for-profit organizations with annual revenues over $1 million,Are small businesses with fewer than 50 employees,a
The primary purpose of the single audit is to provide assurance that:,The financial statements are fairly presented,The entity is complying with federal award requirements,The entity has effective internal controls over financial reporting,All of the above,a
A,Revenue generated by a federal award recipient from activities directly supported by the award,Funds received from state governments,Donations from private individuals,Interest earned on investments,a
"The concept of ""allowable costs"" in federal awards refers to costs that are:",Necessary and reasonable for the performance of the federal award,Permitted by the terms of the federal award and applicable cost principles,Consistently treated by the organization,All of the above,d
"The concept of ""allocable costs"" in federal awards refers to costs that are:",Directly attributable to a specific federal award,Indirectly related to a federal award,Not permitted by the terms of the federal award,Incurred for the benefit of the entire organization,a
"The concept of ""reasonable costs"" in federal awards refers to costs that:",Are of a type generally recognized as ordinary and necessary for the operation of the organization or the performance of the federal award,Are incurred at a fair market price,Are not excessive or imprudent,All of the above,d
The Cost Accounting Standards (CAS) are a set of regulations that apply to:,All federal awards,Federal awards that exceed a certain threshold and are subject to full CAS coverage,Only research grants,Only construction contracts,b
The purpose of the CAS is to:,Ensure uniformity and consistency in cost accounting practices for federal awards,Reduce the administrative burden on federal award recipients,Promote competition among federal contractors,Encourage innovation in government programs,a
A single audit report typically includes:,An opinion on the financial statements,An opinion on compliance with major program requirements,A schedule of findings and questioned costs,All of the above,d
The auditor in a single audit is responsible for:,Preparing the financial statements of the auditee,Providing an opinion on the fairness of the financial statements and compliance with federal award requirements,Managing the federal award programs,Disbursing federal funds,b
The auditee in a single audit is responsible for:,Preparing the schedule of expenditures of federal awards (SEFA),Establishing and maintaining effective internal controls,"Complying with federal statutes, regulations, and the terms and conditions of federal awards",All of the above,d
"The concept of ""subrecipient monitoring"" in federal awards refers to the responsibility of a pass-through entity to:",Ensure that its subrecipients comply with federal award requirements,Provide financial assistance to its subrecipients,Audit its subrecipients,Approve the subrecipients' budgets,a
The Uniform Guidance (2 CFR Part 200) is a comprehensive set of regulations that:,Governs all federal awards,Applies only to research grants,Replaced several previous OMB circulars,Both a and c,d
The purpose of the Uniform Guidance is to:,Streamline the federal award process,Reduce administrative burden,Improve accountability and oversight,All of the above,d
Which of the following is NOT a major section of the Uniform Guidance?,Pre-Award Requirements,Post-Award Requirements,Cost Principles,International Trade Regulations,d
The de minimis indirect cost rate under the Uniform Guidance is:,10% of modified total direct costs (MTDC),20% of modified total direct costs (MTDC),30% of modified total direct costs (MTDC),40% of modified total direct costs (MTDC),a
The purpose of the de minimis indirect cost rate is to:,Simplify the calculation of indirect costs for smaller organizations,Encourage organizations to negotiate higher indirect cost rates,Provide a fixed rate for all federal awards,Eliminate the need for indirect cost rate proposals,a
"The concept of ""program income"" in federal awards refers to:",Revenue generated by a federal award recipient from activities directly supported by the award,Funds received from state governments,Donations from private individuals,Interest earned on investments,a
"The concept of ""cost sharing"" or ""matching"" in federal awards refers to:",The portion of project costs not borne by the federal government,The sharing of costs between different federal agencies,The sharing of costs between different departments within an organization,The sharing of costs between the federal government and foreign governments,a
The purpose of cost sharing is to:,Increase the federal government's financial burden,Demonstrate the commitment of the non-federal entity to the project,Reduce the total cost of the project,Encourage more organizations to apply for federal awards,b
"The concept of ""prior approval"" in federal awards refers to:",The need for federal agencies to approve all expenditures,The requirement for the federal awarding agency to approve certain costs or activities before they are incurred or undertaken,The approval of the budget by the recipient organization,The approval of the project by the general public,b
"The concept of ""closeout"" in federal awards refers to:","The final phase of a federal award, during which all administrative actions and all required work are completed","The initial phase of a federal award, during which the application is submitted",The ongoing monitoring of a federal award,The process of extending a federal award,a
The purpose of closeout is to:,Ensure that all financial and programmatic requirements have been met,Allow the recipient to continue spending federal funds indefinitely,Provide an opportunity for the recipient to request additional funds,Begin the process of a new federal award,a
"The concept of ""audit resolution"" in federal awards refers to:",The process of conducting an audit of a federal award,The process of addressing and resolving audit findings and recommendations,The process of selecting an auditor for a federal award,The process of appealing an audit finding,b
The purpose of audit resolution is to:,Ensure that audit findings are ignored,Improve the efficiency and effectiveness of federal award programs,Increase the number of audit findings,Delay the closeout of federal awards,b
"The concept of ""suspension"" in federal awards refers to:","A temporary halt to federal award activities, pending corrective action by the recipient",The permanent termination of a federal award,The extension of a federal award,The transfer of a federal award to another recipient,a
"The concept of ""termination"" in federal awards refers to:",A temporary halt to federal award activities,"The permanent cessation of federal award activities, either by mutual agreement or unilaterally by the federal awarding agency",The extension of a federal award,The transfer of a federal award to another recipient,b
"The concept of ""disallowed costs"" in federal awards refers to:",Costs that are permitted by the terms of the federal award,Costs that are not permitted by the terms of the federal award or applicable cost principles,Costs that are reimbursed by the federal government,Costs that are shared by the recipient,b
The purpose of identifying disallowed costs is to:,Ensure that federal funds are used appropriately,Increase the financial burden on recipients,Encourage recipients to incur more costs,Simplify the accounting for federal awards,a
"The concept of ""indirect cost rate"" in federal awards refers to:",The rate used to allocate direct costs to federal awards,The rate used to allocate indirect costs to federal awards,The rate used to calculate program income,The rate used to determine cost sharing,b
The purpose of an indirect cost rate is to:,Ensure that all direct costs are recovered,Provide a fair and equitable method for recovering indirect costs associated with federal awards,Eliminate the need for direct cost accounting,Simplify the budgeting process for federal awards,b
"The concept of ""modified total direct costs (MTDC)"" in federal awards refers to:",All direct costs incurred on a federal award,"Direct costs less certain exclusions, such as equipment, capital expenditures, charges for patient care, rental costs, tuition remission, scholarships and fellowships, participant support costs and the portion of each subaward in excess of $25,000",Only indirect costs,Only direct materials and direct labor,b
The purpose of MTDC is to:,Provide a consistent base for the application of indirect cost rates,Increase the amount of indirect costs that can be recovered,Simplify the accounting for direct costs,Reduce the administrative burden on federal award recipients,a
"The concept of ""cognizant agency for indirect costs"" in federal awards refers to:",The federal agency that provides the most funding to an organization,The federal agency that is responsible for negotiating and approving indirect cost rates for an organization,The federal agency that conducts audits of federal awards,The federal agency that issues federal awards,b
The purpose of a cognizant agency for indirect costs is to:,Ensure consistency and efficiency in the negotiation and approval of indirect cost rates,Increase the number of indirect cost rate proposals,Reduce the amount of indirect costs that can be recovered,Simplify the process of applying for federal awards,a
"The concept of ""subaward"" in federal awards refers to:",A federal award made by a pass-through entity to a subrecipient for the subrecipient to carry out a portion of a federal award,A federal award made directly by a federal awarding agency to a recipient,A contract for goods or services,A grant to an individual,a
The purpose of a subaward is to:,Allow a pass-through entity to delegate all of its responsibilities,Enable a subrecipient to carry out a portion of a federal award that is within its expertise,Increase the administrative burden on the pass-through entity,Reduce the accountability of the subrecipient,b
"The concept of ""pass-through entity"" in federal awards refers to:",A non-federal entity that receives a federal award directly from a federal awarding agency and then provides a subaward to a subrecipient,A federal awarding agency,A subrecipient,An auditor of federal awards,a
The purpose of a pass-through entity is to:,Act as a conduit for federal funds,Provide oversight and management of subawards,Ensure compliance with federal award requirements by subrecipients,All of the above,d
"The concept of ""recipient"" in federal awards refers to:",A non-federal entity that receives a federal award directly from a federal awarding agency,A subrecipient,A pass-through entity,An auditor of federal awards,a
"The concept of ""federal awarding agency"" in federal awards refers to:",The federal agency that provides the federal award,The recipient of the federal award,The subrecipient of the federal award,The auditor of the federal award,a
"The concept of ""federal program"" in federal awards refers to:",A program administered by a federal agency,A program funded by a federal award,A program that provides benefits to the general public,Both a and b,d
"The concept of ""compliance supplement"" in federal awards refers to:",A document that provides guidance to auditors on how to conduct single audits,A document that provides guidance to recipients on how to comply with federal award requirements,A document that lists all federal programs,A document that outlines the budget for a federal program,a
The purpose of the compliance supplement is to:,Ensure consistency and uniformity in single audits,Reduce the administrative burden on auditors,Increase the number of audit findings,Simplify the process of applying for federal awards,a
"The concept of ""internal control over financial reporting"" in federal awards refers to:",A process designed to provide reasonable assurance regarding the reliability of financial reporting and the preparation of financial statements for external purposes in accordance with generally accepted accounting principles,A process designed to ensure compliance with federal award requirements,A process designed to prevent fraud,A process designed to improve operational efficiency,a
"The concept of ""internal control over compliance"" in federal awards refers to:","A process designed to provide reasonable assurance regarding compliance with federal statutes, regulations, and the terms and conditions of federal awards",A process designed to ensure the reliability of financial reporting,A process designed to prevent fraud,A process designed to improve operational efficiency,a
"The concept of ""material weakness"" in internal control refers to:","A deficiency, or combination of deficiencies, in internal control, such that there is a reasonable possibility that a material misstatement of the entity’s financial statements will not be prevented, or detected and corrected, on a timely basis","A deficiency, or combination of deficiencies, in internal control that is less severe than a material weakness, yet important enough to merit attention by those charged with governance",A minor deficiency in internal control,A strength in internal control,a
"The concept of ""significant deficiency"" in internal control refers to:","A deficiency, or combination of deficiencies, in internal control, such that there is a reasonable possibility that a material misstatement of the entity’s financial statements will not be prevented, or detected and corrected, on a timely basis","A deficiency, or combination of deficiencies, in internal control that is less severe than a material weakness, yet important enough to merit attention by those charged with governance",A minor deficiency in internal control,A strength in internal control,b
"The concept of ""questioned costs"" in federal awards refers to:",Costs that are clearly allowable,Costs that are questioned by the auditor because of an audit finding,Costs that are reimbursed by the federal government,Costs that are shared by the recipient,b
The purpose of identifying questioned costs is to:,Ensure that federal funds are used appropriately,Increase the financial burden on recipients,Encourage recipients to incur more costs,Simplify the accounting for federal awards,a
"The concept of ""management representation letter"" in an audit refers to:",A letter from the auditor to management outlining the audit findings,A letter from management to the auditor confirming certain representations made during the audit,A letter from the federal awarding agency to the recipient,A letter from the recipient to the federal awarding agency,b
The purpose of a management representation letter is to:,Provide additional audit evidence,Limit the auditor's responsibility,Replace the need for audit procedures,Provide a legal defense for management,a
"The concept of ""audit documentation"" refers to:",The records kept by the auditee,"The records kept by the auditor of the procedures performed, evidence obtained, and conclusions reached",The financial statements of the auditee,The federal award documents,b
The purpose of audit documentation is to:,Provide a basis for the auditor's report,Provide evidence that the audit was conducted in accordance with generally accepted auditing standards,"Facilitate the planning, performance, and supervision of the audit",All of the above,d
"The concept of ""professional skepticism"" in auditing refers to:",A questioning mind and a critical assessment of audit evidence,A belief that management is always honest,A willingness to accept management's explanations without question,A focus on detecting all instances of fraud,a
"The concept of ""audit risk"" refers to:",The risk that the auditor expresses an inappropriate audit opinion when the financial statements are materially misstated,The risk that the auditor will not be able to complete the audit on time,The risk that the auditee will not cooperate with the auditor,The risk that the federal awarding agency will disallow costs,a
The components of audit risk are:,"Inherent risk, control risk, and detection risk","Financial risk, operational risk, and strategic risk","Business risk, audit risk, and engagement risk","Planning risk, execution risk, and reporting risk",a
"Inherent risk is the susceptibility of an assertion about a class of transaction, account balance, or disclosure to a misstatement that could be material, either individually or when aggregated with other misstatements, before consideration of any related controls.",True,False,,,a
"Control risk is the risk that a misstatement that could occur in an assertion about a class of transaction, account balance, or disclosure and that could be material, either individually or when aggregated with other misstatements, will not be prevented, or detected and corrected, on a timely basis by the entity’s internal control.",True,False,,,a
"Detection risk is the risk that the auditor will not detect a misstatement that exists in an assertion about a class of transaction, account balance, or disclosure that could be material, either individually or when aggregated with other misstatements.",True,False,,,a
"The concept of ""audit evidence"" refers to:",The information used by the auditor in arriving at the conclusions on which the audit opinion is based,The financial statements prepared by management,The internal control documentation,The management representation letter,a
"The concept of ""sufficiency of audit evidence"" refers to:",The quantity of audit evidence,The quality of audit evidence,Both the quantity and quality of audit evidence,Neither the quantity nor the quality of audit evidence,a
"The concept of ""appropriateness of audit evidence"" refers to:",The quantity of audit evidence,"The quality of audit evidence (i.e., its relevance and reliability)",Both the quantity and quality of audit evidence,Neither the quantity nor the quality of audit evidence,b
Which of the following is NOT a type of audit procedure?,Inspection,Observation,Inquiry,Management discussion,d
Analytical procedures involve:,Examining documents and records,Observing processes and procedures,Evaluating financial information by studying plausible relationships among both financial and nonfinancial data,Obtaining written representations from management,c
Confirmation is an audit procedure that involves:,Obtaining a direct written response from a third party to the auditor,Examining documents and records,Observing processes and procedures,Performing recalculations,a
Recalculation is an audit procedure that involves:,Examining documents and records,Observing processes and procedures,Checking the mathematical accuracy of documents or records,Obtaining written representations from management,c
Reperformance is an audit procedure that involves:,Examining documents and records,Observing processes and procedures,The auditor’s independent execution of procedures or controls that were originally performed as part of the entity’s internal control,Obtaining written representations from management,c
"The concept of ""sampling"" in auditing refers to:",Examining all items in a population,Applying an audit procedure to less than 100 percent of the items within an account balance or class of transactions for the purpose of evaluating some characteristic of the balance or class,Selecting items for examination based on professional judgment only,Selecting items for examination based on their monetary value only,b
"The concept of ""audit sampling risk"" refers to:",The risk that the auditor’s conclusion based on a sample may be different from the conclusion had the entire population been subjected to the same audit procedure,The risk that the auditor will not detect a misstatement,The risk that the auditee will not cooperate with the auditor,The risk that the federal awarding agency will disallow costs,a
The two types of audit sampling risk are:,Risk of incorrect acceptance and risk of incorrect rejection,Inherent risk and control risk,Detection risk and sampling risk,Planning risk and execution risk,a
The risk of incorrect acceptance is the risk that the auditor concludes that a population is materially misstated when it is not.,True,False,,,b
The risk of incorrect rejection is the risk that the auditor concludes that a population is not materially misstated when it is.,True,False,,,b
"The concept of ""materiality"" in auditing refers to:","The magnitude of an omission or misstatement of accounting information that, in the light of surrounding circumstances, makes it probable that the judgment of a reasonable person relying on the information would have been changed or influenced by the omission or misstatement",The physical size of an asset,The cost of an asset,The liquidity of an asset,a
The purpose of materiality in an audit is to:,Determine the scope of the audit procedures,Evaluate the significance of misstatements,Both a and b,Neither a nor b,c
"The concept of ""audit opinion"" refers to:","The auditor's formal statement of whether the financial statements are presented fairly, in all material respects, in accordance with the applicable financial reporting framework",The auditor's personal belief about the company's financial health,The auditor's recommendation for improving the company's internal controls,The auditor's assessment of the company's future profitability,a
An unqualified (unmodified) audit opinion states that the financial statements are:,Materially misstated,"Presented fairly, in all material respects, in accordance with the applicable financial reporting framework",Not presented fairly,Prepared on a cash basis,b
A qualified audit opinion states that the financial statements are:,Materially misstated and pervasive,"Presented fairly, in all material respects, except for the effects of the matter(s) to which the qualification relates",Not presented fairly,Prepared on a cash basis,b
An adverse audit opinion states that the financial statements are:,"Presented fairly, in all material respects","Presented fairly, except for certain matters","Not presented fairly, in all material respects",Prepared on a cash basis,c
A disclaimer of opinion states that the auditor:,Is unable to express an opinion on the financial statements,Believes the financial statements are presented fairly,Believes the financial statements are not presented fairly,Has no concerns about the financial statements,a
"The concept of ""going concern"" in auditing refers to the auditor's responsibility to:",Evaluate whether there is substantial doubt about the entity's ability to continue as a going concern for a reasonable period of time,Ensure that the entity will be profitable in the future,Provide financial advice to the entity,Prepare the entity's financial statements,a
"The concept of ""subsequent events"" in auditing refers to:",Events that occur after the balance sheet date but before the financial statements are issued,Events that occur after the financial statements are issued,Events that occur before the balance sheet date,Events that are not material to the financial statements,a
The two types of subsequent events are:,Adjusting events and non-adjusting events,Favorable events and unfavorable events,Material events and immaterial events,Known events and unknown events,a
Adjusting subsequent events provide:,Evidence about conditions that existed at the balance sheet date,Evidence about conditions that arose after the balance sheet date,Information about future events,Information about past events,a
Non-adjusting subsequent events provide:,Evidence about conditions that existed at the balance sheet date,Evidence about conditions that arose after the balance sheet date,Information about future events,Information about past events,b
"The concept of ""related party transactions"" in auditing refers to:",Transactions between unrelated parties,"Transactions between the entity and its management, principal owners, or affiliates",Transactions that are not material to the financial statements,Transactions that are in the ordinary course of business,b
The auditor's responsibility regarding related party transactions is to:,Ensure that all related party transactions are eliminated,Identify and evaluate the business purpose of related party transactions,Approve all related party transactions,Disclose all related party transactions in the audit report,b
"The concept of ""fraud"" in auditing refers to:",An intentional act that results in a material misstatement in financial statements that are the subject of an audit,An unintentional error that results in a material misstatement in financial statements,A minor misstatement in financial statements,A disagreement between management and the auditor,a
The two types of fraud relevant to an audit are:,Fraudulent financial reporting and misappropriation of assets,Management fraud and employee fraud,Internal fraud and external fraud,Intentional fraud and unintentional fraud,a
Fraudulent financial reporting involves:,Theft of assets by employees,Intentional misstatements or omissions of amounts or disclosures in financial statements to deceive financial statement users,Misappropriation of cash by management,Errors in accounting records,b
Misappropriation of assets involves:,Intentional misstatements or omissions of amounts or disclosures in financial statements,The theft of an entity’s assets where the effect of the theft causes the financial statements not to be presented in conformity with GAAP,Errors in accounting records,Disagreements between management and the auditor,b
The auditor's responsibility regarding fraud is to:,Detect all instances of fraud,"Plan and perform the audit to obtain reasonable assurance about whether the financial statements are free of material misstatement, whether caused by error or fraud",Prevent fraud from occurring,Report all instances of fraud to law enforcement,b
"The concept of ""internal audit"" refers to:","An independent, objective assurance and consulting activity designed to add value and improve an organization’s operations",An audit conducted by an external CPA firm,An audit conducted by a government agency,An audit conducted by a regulatory body,a
The primary purpose of internal audit is to:,Provide an opinion on the fairness of financial statements,"Help an organization accomplish its objectives by bringing a systematic, disciplined approach to evaluate and improve the effectiveness of risk management, control, and governance processes",Prepare financial statements for the organization,Provide tax advice to the organization,b
"The concept of ""governance"" in an organization refers to:",The process by which an organization is directed and controlled,The process of managing day-to-day operations,The process of preparing financial statements,The process of conducting audits,a
"The concept of ""risk management"" in an organization refers to:","The process of identifying, assessing, and controlling risks",The process of avoiding all risks,The process of transferring all risks to third parties,The process of ignoring risks,a
"The concept of ""control"" in an organization refers to:","Any action taken by management, the board, and other parties to manage risk and increase the likelihood that established objectives and goals will be achieved",The process of monitoring employee performance,The process of setting organizational objectives,The process of allocating resources,a
"The concept of ""enterprise risk management (ERM)"" refers to:","A process, effected by an entity’s board of directors, management and other personnel, applied in strategy setting and across the enterprise, designed to identify potential events that may affect the entity, and manage risk to be within its risk appetite, to provide reasonable assurance regarding the achievement of entity objectives",A process of managing only financial risks,A process of managing only operational risks,A process of managing only strategic risks,a
The components of ERM typically include:,"Internal environment, objective setting, event identification, risk assessment, risk response, control activities, information and communication, and monitoring activities","Planning, organizing, leading, and controlling","Input, process, output, and feedback","Assets, liabilities, and equity",a
"The concept of ""corporate social responsibility (CSR)"" in accounting refers to:",The responsibility of corporations to maximize profits for shareholders,The responsibility of corporations to consider the impact of their activities on society and the environment,The responsibility of corporations to comply with all laws and regulations,The responsibility of corporations to pay taxes,b
Sustainability reporting involves:,Reporting on a company's financial performance only,"Reporting on a company's environmental, social, and governance (ESG) performance",Reporting on a company's compliance with laws and regulations,Reporting on a company's marketing activities,b
Integrated reporting aims to:,Combine financial and non-financial information into a single report,Separate financial and non-financial information into different reports,Focus only on financial information,Focus only on non-financial information,a
Blockchain technology in accounting has the potential to:,Increase the risk of fraud,Improve the transparency and immutability of financial records,Slow down financial transactions,Increase the cost of auditing,b
Artificial intelligence (AI) in accounting can be used for:,Automating repetitive tasks,Analyzing large datasets,Detecting anomalies and potential fraud,All of the above,d
Robotic process automation (RPA) in accounting involves:,Using physical robots to perform accounting tasks,"Using software robots to automate repetitive, rule-based accounting processes",Using AI to make complex accounting decisions,Using drones to conduct inventory counts,b
Data analytics in accounting involves:,Collecting and storing large amounts of data,"Using statistical and computational methods to discover patterns, insights, and trends in financial and non-financial data",Presenting data in simple tables,Manually reviewing all financial transactions,b
Cloud computing in accounting refers to:,Storing accounting data on local servers,Delivering accounting software and services over the internet,Using physical servers in a data center,Performing accounting tasks offline,b
Cybersecurity in accounting is important because:,"It protects financial data from unauthorized access, use, disclosure, disruption, modification, or destruction",It reduces the need for internal controls,It eliminates the risk of human error,It is not a concern for small businesses,a
The General Data Protection Regulation (GDPR) is a data privacy law that applies to:,Only companies located in the European Union,Companies that process the personal data of individuals in the European Union,Only companies that store data in the cloud,Only companies that use AI in their operations,b
The California Consumer Privacy Act (CCPA) is a data privacy law that applies to:,Only companies located in California,"Companies that collect, use, or share the personal information of California residents",Only companies that store data in the cloud,Only companies that use AI in their operations,b
The purpose of data privacy laws is to:,Restrict the flow of information,Protect individuals' personal data and give them more control over it,Make it more difficult for businesses to operate,Encourage businesses to collect more data,b
"The concept of ""ethical hacking"" in cybersecurity refers to:",Illegally accessing computer systems,Hacking into computer systems with permission to identify vulnerabilities,Developing malicious software,Stealing data from organizations,b
"The concept of ""penetration testing"" in cybersecurity refers to:",A simulated cyberattack against a computer system to check for exploitable vulnerabilities,A method of encrypting data,A method of authenticating users,A method of backing up data,a
"The concept of ""multi-factor authentication (MFA)"" in cybersecurity refers to:",Using a single password for all accounts,Requiring users to provide two or more verification factors to gain access to a resource,Using biometric authentication only,Using a very long and complex password,b
"The concept of ""encryption"" in cybersecurity refers to:",Converting data into a code to prevent unauthorized access,Storing data in plain text,Sharing data with third parties,Deleting data permanently,a
"The concept of ""firewall"" in cybersecurity refers to:",A security device that monitors and filters incoming and outgoing network traffic based on an organization's previously established security policies,A software program that detects and removes malware,A physical barrier that prevents unauthorized access to a data center,A system that backs up data automatically,a
"The concept of ""antivirus software"" in cybersecurity refers to:",A security device that monitors and filters network traffic,"A software program designed to detect, prevent, and remove malicious software",A physical barrier that prevents unauthorized access to a data center,A system that backs up data automatically,b
"The concept of ""phishing"" in cybersecurity refers to:",A type of cyberattack that attempts to trick individuals into revealing sensitive information,A type of malware that encrypts data and demands a ransom,A type of cyberattack that overloads a system with traffic,A type of cyberattack that exploits software vulnerabilities,a
"The concept of ""ransomware"" in cybersecurity refers to:",A type of cyberattack that attempts to trick individuals into revealing sensitive information,A type of malware that encrypts data and demands a ransom for its release,A type of cyberattack that overloads a system with traffic,A type of cyberattack that exploits software vulnerabilities,b
"The concept of ""denial-of-service (DoS) attack"" in cybersecurity refers to:",A type of cyberattack that attempts to trick individuals into revealing sensitive information,A type of malware that encrypts data and demands a ransom,A type of cyberattack that aims to make a machine or network resource unavailable to its intended users by temporarily or indefinitely disrupting services of a host connected to the Internet,A type of cyberattack that exploits software vulnerabilities,c
"The concept of ""zero-day exploit"" in cybersecurity refers to:",A cyberattack that exploits a previously unknown software vulnerability,A cyberattack that has been known for a long time,A cyberattack that targets hardware vulnerabilities,A cyberattack that does not cause any damage,a
"The concept of ""security awareness training"" in cybersecurity refers to:",Training employees on how to use complex security software,Training employees on how to identify and respond to cybersecurity threats,Training employees on how to develop new security technologies,Training employees on how to bypass security controls,b
"The concept of ""incident response plan"" in cybersecurity refers to:",A plan for preventing all cybersecurity incidents,A plan for responding to and managing cybersecurity incidents,A plan for recovering data after a cybersecurity incident,All of the above,b
"The concept of ""business continuity plan (BCP)"" in cybersecurity refers to:",A plan for ensuring that business operations can continue during and after a disruption,A plan for preventing all business disruptions,A plan for recovering data after a business disruption,A plan for managing cybersecurity incidents,a
"The concept of ""disaster recovery plan (DRP)"" in cybersecurity refers to:",A plan for ensuring that business operations can continue during and after a disruption,A plan for recovering data and IT infrastructure after a disaster,A plan for preventing all disasters,A plan for managing cybersecurity incidents,b
"The concept of ""security audit"" in cybersecurity refers to:",A systematic evaluation of the security of a company's information system by measuring how well it conforms to a set of established criteria,A process of developing new security technologies,A process of implementing security controls,A process of training employees on cybersecurity,a
"The concept of ""vulnerability assessment"" in cybersecurity refers to:",A process of identifying and quantifying security vulnerabilities in a system,A process of exploiting security vulnerabilities,A process of developing new security technologies,A process of implementing security controls,a
"The concept of ""threat intelligence"" in cybersecurity refers to:",Information about potential and actual threats to an organization's assets,Information about an organization's internal controls,Information about an organization's financial performance,Information about an organization's customers,a
"The concept of ""security information and event management (SIEM)"" refers to:",A software solution that aggregates and analyzes security alerts from various sources,A hardware device that monitors network traffic,A service that provides cybersecurity training,A framework for managing cybersecurity risks,a
"The concept of ""security orchestration, automation, and response (SOAR)"" refers to:",A software solution that aggregates and analyzes security alerts,"A platform that enables organizations to collect threat-related data, define incident analysis and response procedures, and automate those procedures",A service that provides cybersecurity consulting,A framework for managing cybersecurity risks,b
"The concept of ""endpoint detection and response (EDR)"" refers to:",A software solution that aggregates and analyzes security alerts,A cybersecurity solution that continuously monitors and collects data from endpoint devices to detect and investigate suspicious activity,A service that provides cybersecurity training,A framework for managing cybersecurity risks,b
"The concept of ""network access control (NAC)"" refers to:",A security solution that restricts access to a network based on user identity and device compliance,A security solution that encrypts network traffic,A security solution that detects and prevents malware,A security solution that monitors network traffic,a
"The concept of ""data loss prevention (DLP)"" refers to:",A security solution that prevents data from being lost due to hardware failure,A security solution that detects and prevents sensitive data from leaving the organization's control,A security solution that encrypts data at rest,A security solution that backs up data automatically,b
"The concept of ""identity and access management (IAM)"" refers to:",A security solution that manages user identities and their access privileges to resources,A security solution that encrypts user data,A security solution that monitors user activity,A security solution that authenticates users,a
"The concept of ""privileged access management (PAM)"" refers to:",A security solution that manages user identities and their access privileges,A security solution that manages and monitors privileged accounts and access to critical systems and data,A security solution that encrypts privileged data,A security solution that authenticates privileged users,b
"The concept of ""cloud security"" refers to:","Security measures specifically designed to protect data, applications, and infrastructure in cloud computing environments",Security measures for on-premise data centers,Security measures for mobile devices,Security measures for traditional desktop computers,a
"The concept of ""DevSecOps"" refers to:",A software development methodology that integrates security practices into every phase of the software development lifecycle,A software development methodology that focuses only on development,A software development methodology that focuses only on operations,A software development methodology that ignores security,a
"The concept of ""security by design"" refers to:",Adding security features at the end of the development process,Integrating security considerations into the design and architecture of systems and applications from the outset,Outsourcing security to third-party vendors,Relying solely on external security audits,b
"The concept of ""privacy by design"" refers to:",Adding privacy features at the end of the development process,Integrating privacy considerations into the design and architecture of systems and applications from the outset,Outsourcing privacy to third-party vendors,Relying solely on external privacy audits,b
"The concept of ""data governance"" refers to:","The overall management of the availability, usability, integrity, and security of data in an enterprise",The process of collecting data,The process of storing data,The process of analyzing data,a
"The concept of ""data quality"" refers to:","The accuracy, completeness, consistency, and reliability of data",The quantity of data,The speed at which data can be processed,The cost of storing data,a
"The concept of ""data integrity"" refers to:",The accuracy and consistency of data over its entire lifecycle,The availability of data,The security of data,The usability of data,a
"The concept of ""data security"" refers to:","Protecting data from unauthorized access, use, disclosure, disruption, modification, or destruction",Ensuring the accuracy of data,Ensuring the consistency of data,Ensuring the availability of data,a
"The concept of ""data privacy"" refers to:",Protecting data from unauthorized access,Protecting individuals' personal data and giving them more control over it,Ensuring the accuracy of data,Ensuring the consistency of data,b
"The concept of ""data backup"" refers to:",Storing data on a single device,Creating copies of data that can be recovered in the event of data loss,Deleting old data,Encrypting data,b
"The concept of ""data recovery"" refers to:","The process of restoring data that has been lost, corrupted, or made inaccessible",The process of backing up data,The process of encrypting data,The process of deleting data,a
"The concept of ""business intelligence (BI)"" refers to:",A process of collecting and storing data,A process of analyzing data to provide actionable insights that help organizations make informed business decisions,A process of developing new software applications,A process of managing IT infrastructure,b
"The concept of ""data warehousing"" refers to:",A system used for storing and managing large amounts of historical data from various sources for reporting and analysis,A system used for real-time data processing,A system used for transactional data processing,A system used for data entry,a
"The concept of ""data mining"" refers to:",The process of extracting patterns and insights from large datasets,The process of collecting data,The process of storing data,The process of cleaning data,a
"The concept of ""big data"" refers to:",Small datasets that can be processed with traditional tools,Extremely large and complex datasets that cannot be processed with traditional data processing applications,Data that is stored in a single location,Data that is not relevant for business decisions,b
The three Vs of Big Data are:,"Volume, Velocity, and Variety","Value, Veracity, and Visibility","Volume, Value, and Veracity","Velocity, Variety, and Value",a
"The concept of ""data visualization"" refers to:",Presenting data in tables and spreadsheets,The graphical representation of information and data,Storing data in a visual format,Analyzing data without using visual aids,b
"The concept of ""dashboard"" in business intelligence refers to:",A single screen that provides a consolidated view of key performance indicators (KPIs) and other relevant information,A detailed report that contains all financial data,A spreadsheet that contains raw data,A presentation that summarizes business performance,a
"The concept of ""key performance indicator (KPI)"" refers to:",A metric that measures the performance of an organization or a specific activity,A financial statement account,A type of data visualization,A software application,a
"The concept of ""predictive analytics"" refers to:",Analyzing past data to understand what happened,Using statistical algorithms and machine learning techniques to predict future outcomes based on historical data,Analyzing real-time data,Analyzing qualitative data,b
"The concept of ""prescriptive analytics"" refers to:",Analyzing past data to understand what happened,Using data to recommend actions that will optimize outcomes,Analyzing real-time data,Analyzing qualitative data,b
"The concept of ""descriptive analytics"" refers to:",Analyzing past data to understand what happened,Using statistical algorithms and machine learning techniques to predict future outcomes,Using data to recommend actions that will optimize outcomes,Analyzing real-time data,a
"The concept of ""diagnostic analytics"" refers to:",Analyzing past data to understand what happened,Analyzing data to understand why something happened,Using statistical algorithms and machine learning techniques to predict future outcomes,Using data to recommend actions that will optimize outcomes,b
"The concept of ""machine learning"" in data analytics refers to:",Programming computers to perform specific tasks manually,Enabling computers to learn from data without being explicitly programmed,Using traditional statistical methods only,Analyzing small datasets only,b
"The concept of ""deep learning"" in data analytics refers to:",A subset of machine learning that uses artificial neural networks with multiple layers to learn from large amounts of data,A type of machine learning that uses simple algorithms,A type of machine learning that requires extensive human intervention,A type of machine learning that is not suitable for complex problems,a
"The concept of ""natural language processing (NLP)"" in data analytics refers to:",Analyzing numerical data only,"Enabling computers to understand, interpret, and generate human language",Analyzing visual data only,Analyzing audio data only,b
"The concept of ""computer vision"" in data analytics refers to:",Analyzing numerical data only,"Enabling computers to ""see"" and interpret images and videos",Analyzing text data only,Analyzing audio data only,b
"The concept of ""Internet of Things (IoT)"" in data analytics refers to:","A network of physical objects embedded with sensors, software, and other technologies for the purpose of connecting and exchanging data with other devices and systems over the internet",A network of traditional computers only,A network of mobile phones only,A network of cloud servers only,a
"The concept of ""edge computing"" in data analytics refers to:",Processing data in a centralized cloud data center,"Processing data closer to the source of the data, at the",,,b
