Question,Option A,Option B,Option C,Option D,Correct Answer
Clinical pathology primarily focuses on:,The study of disease through surgical removal of tissues,The diagnosis of disease using laboratory testing of bodily fluids and tissues,The treatment of disease using pharmaceutical drugs,The prevention of disease through public health initiatives,b
Which of the following bodily fluids is most commonly analyzed in a clinical pathology laboratory?,Saliva,Blood,Sweat,Tears,b
A Complete Blood Count (CBC) is a common blood test that measures:,Glucose levels,Cholesterol levels,"Different types of blood cells (red blood cells, white blood cells, platelets)",Liver enzymes,c
Red Blood Cells (RBCs) are primarily responsible for:,Fighting infection,Carrying oxygen to tissues,Blood clotting,Producing antibodies,b
Hemoglobin is a protein in red blood cells that:,Binds to and transports oxygen,Destroys bacteria,Initiates blood clotting,Regulates blood sugar,a
Hematocrit is the percentage of:,White blood cells in the blood,Platelets in the blood,Red blood cells in the blood by volume,Plasma in the blood,c
Anemia is a condition characterized by a deficiency of:,White blood cells,Red blood cells or hemoglobin,Platelets,Plasma proteins,b
Polycythemia is a condition characterized by an abnormally high number of:,White blood cells,Red blood cells,Platelets,Lymphocytes,b
"White Blood Cells (WBCs), also known as leukocytes, are primarily involved in:",Oxygen transport,The immune response and fighting infection,Blood clotting,Nutrient absorption,b
The different types of white blood cells include:,"Neutrophils, lymphocytes, monocytes, eosinophils, basophils","Erythrocytes, thrombocytes, leukocytes","Albumin, globulin, fibrinogen","Amylase, lipase, protease",a
Neutrophils are the most abundant type of white blood cell and are primarily involved in:,Allergic reactions,Phagocytosis of bacteria and fungi,Antibody production,Antiviral responses,b
"Lymphocytes are white blood cells that include T cells, B cells, and Natural Killer (NK) cells. They are crucial for:",Blood clotting,Oxygen transport,"Adaptive immunity (e.g., antibody production, cell-mediated immunity)",Inflammatory responses,c
Monocytes are large white blood cells that differentiate into macrophages in tissues. Macrophages are involved in:,Antibody production,"Phagocytosis, antigen presentation, and cytokine production",Allergic reactions,Blood clotting,b
Eosinophils are white blood cells that are primarily involved in:,Fighting bacterial infections,Combating parasitic infections and allergic reactions,Producing antibodies,Antiviral responses,b
Basophils are the least common type of white blood cell and are involved in:,Phagocytosis,Allergic and inflammatory responses (release histamine and other mediators),Antibody production,Oxygen transport,b
Leukocytosis is a condition characterized by an abnormally high number of:,Red blood cells,White blood cells,Platelets,Plasma cells,b
Leukopenia is a condition characterized by an abnormally low number of:,Red blood cells,White blood cells,Platelets,Plasma cells,b
Leukemia is a type of cancer that affects the:,Red blood cells,"Blood-forming tissues, including bone marrow and the lymphatic system, leading to the production of abnormal white blood cells",Platelets,Liver cells,b
"Platelets, also known as thrombocytes, are small cell fragments that are essential for:",Oxygen transport,Fighting infection,Blood clotting (hemostasis),Producing hormones,c
Thrombocytopenia is a condition characterized by an abnormally low number of:,Red blood cells,White blood cells,Platelets,Plasma cells,c
Thrombocytosis is a condition characterized by an abnormally high number of:,Red blood cells,White blood cells,Platelets,Plasma cells,c
"Coagulation tests, such as Prothrombin Time (PT) and Activated Partial Thromboplastin Time (aPTT), are used to evaluate:",Liver function,Kidney function,The blood clotting process,Immune system function,c
Prothrombin Time (PT) measures the extrinsic and common pathways of coagulation and is often used to monitor:,Heparin therapy,Warfarin (Coumadin) therapy,Aspirin therapy,Antibiotic therapy,b
Activated Partial Thromboplastin Time (aPTT) measures the intrinsic and common pathways of coagulation and is often used to monitor:,Heparin therapy,Warfarin (Coumadin) therapy,Aspirin therapy,Antibiotic therapy,a
"The International Normalized Ratio (INR) is a standardized way of reporting PT results, particularly for patients on:",Heparin therapy,Warfarin (Coumadin) therapy,Insulin therapy,Diuretic therapy,b
Blood typing determines an individual’s blood group based on the presence or absence of specific _________ on the surface of red blood cells.,Antibodies,Antigens,Enzymes,Hormones,b
"The ABO blood group system classifies blood into four main types: A, B, AB, and O, based on the presence of A and B antigens.",True,False,,,a
"The Rh factor is another important antigen found on the surface of red blood cells. Individuals who have the Rh antigen are Rh-positive, while those who lack it are Rh-negative.",True,False,,,a
Crossmatching is a laboratory test performed before a blood transfusion to ensure compatibility between the donor’s blood and the recipient’s blood.,True,False,,,a
"Urinalysis is a common laboratory test that analyzes the physical, chemical, and microscopic properties of urine. It can provide information about:",Kidney function,Urinary tract infections,"Metabolic disorders (e.g., diabetes)",All of the above,d
The physical examination of urine includes assessment of:,"Color, clarity, and specific gravity","pH, glucose, and protein","Red blood cells, white blood cells, and casts","Bacteria, yeast, and crystals",a
The chemical examination of urine typically involves using a dipstick to test for:,"pH, specific gravity, glucose, ketones, protein, bilirubin, urobilinogen, nitrite, and leukocytes","Red blood cells, white blood cells, and casts","Bacteria, yeast, and crystals",Hormones and enzymes,a
The microscopic examination of urine sediment involves looking for:,"Red blood cells, white blood cells, epithelial cells, casts, crystals, bacteria, and yeast","Glucose, ketones, and protein",pH and specific gravity,Color and clarity,a
Glycosuria (glucosuria) is the presence of glucose in the urine and is often an indication of:,Kidney disease,Diabetes mellitus,Liver disease,Urinary tract infection,b
Ketonuria is the presence of ketones in the urine and can occur in conditions such as:,"Uncontrolled diabetes mellitus, starvation, or prolonged vomiting",Kidney disease,Liver disease,Urinary tract infection,a
Proteinuria is the presence of excess protein in the urine and can be a sign of:,Kidney disease,Liver disease,Diabetes mellitus,Urinary tract infection,a
Hematuria is the presence of red blood cells in the urine and can be caused by:,"Kidney disease, urinary tract infections, kidney stones, or tumors",Liver disease,Diabetes mellitus,Dehydration,a
Pyuria is the presence of white blood cells (pus) in the urine and is often an indication of:,Kidney disease,Urinary tract infection,Liver disease,Diabetes mellitus,b
"Casts in urine sediment are cylindrical structures formed in the kidney tubules and can indicate kidney disease. Types of casts include hyaline, granular, waxy, red blood cell, and white blood cell casts.",True,False,,,a
"Crystals in urine sediment can be normal or abnormal, depending on the type and quantity. Abnormal crystals may indicate metabolic disorders or kidney stones.",True,False,,,a
"Cerebrospinal fluid (CSF) analysis is a laboratory test performed on CSF obtained by lumbar puncture (spinal tap). It is used to diagnose conditions affecting the central nervous system, such as:","Meningitis, encephalitis, multiple sclerosis, and subarachnoid hemorrhage",Kidney disease,Liver disease,Diabetes mellitus,a
"Normal CSF is clear and colorless. Changes in CSF appearance (e.g., cloudy, bloody, xanthochromic) can indicate underlying pathology.",True,False,,,a
CSF analysis typically includes measurement of:,"Cell count (red blood cells, white blood cells), glucose, protein, and microbiological tests (Gram stain, culture)",Cholesterol and triglycerides,Liver enzymes,Hormones,a
Pleocytosis in CSF refers to an increased number of:,Red blood cells,White blood cells,Platelets,Epithelial cells,b
"Low glucose levels in CSF (hypoglycorrhachia) can be seen in bacterial meningitis, while normal or slightly low glucose levels are typical in viral meningitis.",True,False,,,a
"Elevated protein levels in CSF can be seen in various conditions, including meningitis, encephalitis, tumors, and Guillain-Barré syndrome.",True,False,,,a
Synovial fluid analysis is a laboratory test performed on fluid aspirated from a joint. It is used to diagnose conditions such as:,"Arthritis (e.g., osteoarthritis, rheumatoid arthritis, gout, septic arthritis)",Kidney disease,Liver disease,Diabetes mellitus,a
"Normal synovial fluid is clear, pale yellow, and viscous. Changes in appearance, viscosity, cell count, and crystal analysis can help differentiate various joint disorders.",True,False,,,a
Gout is a type of arthritis caused by the deposition of _________ crystals in the joints.,Calcium pyrophosphate dihydrate (CPPD),Monosodium urate (MSU),Cholesterol,Oxalate,b
Pseudogout is a type of arthritis caused by the deposition of _________ crystals in the joints.,Calcium pyrophosphate dihydrate (CPPD),Monosodium urate (MSU),Cholesterol,Oxalate,a
"Septic arthritis is a joint infection, usually bacterial, characterized by a high white blood cell count (predominantly neutrophils) in the synovial fluid and positive Gram stain or culture.",True,False,,,a
Pleural fluid analysis is a laboratory test performed on fluid aspirated from the pleural space (between the lungs and chest wall). It is used to determine the cause of pleural effusion (fluid accumulation).,True,False,,,a
"Pleural effusions can be classified as transudates or exudates based on their protein content, lactate dehydrogenase (LDH) levels, and other characteristics. Transudates are typically caused by systemic conditions (e.g., heart failure, cirrhosis), while exudates are often caused by local inflammation or infection (e.g., pneumonia, cancer).",True,False,,,a
Peritoneal fluid analysis (ascites fluid analysis) is a laboratory test performed on fluid aspirated from the peritoneal cavity (abdominal cavity). It is used to determine the cause of ascites (fluid accumulation).,True,False,,,a
"The serum-ascites albumin gradient (SAAG) is a calculation used to help determine the cause of ascites. A high SAAG (>1.1 g/dL) suggests portal hypertension (e.g., cirrhosis), while a low SAAG (<1.1 g/dL) suggests other causes (e.g., peritoneal carcinomatosis, tuberculosis).",True,False,,,a
Pericardial fluid analysis is a laboratory test performed on fluid aspirated from the pericardial sac (around the heart). It is used to determine the cause of pericardial effusion.,True,False,,,a
Semen analysis is a laboratory test that evaluates the quantity and quality of semen and sperm. It is used to assess male fertility and to follow up after vasectomy.,True,False,,,a
"Parameters evaluated in semen analysis include volume, pH, sperm concentration (count), motility, morphology (shape), and viability.",True,False,,,a
Fecal occult blood test (FOBT) is a laboratory test used to detect hidden (occult) blood in the stool. It is used as a screening test for colorectal cancer.,True,False,,,a
Stool culture is a laboratory test used to identify pathogenic bacteria in the stool that may be causing diarrhea or other gastrointestinal symptoms.,True,False,,,a
Ova and parasite (O&P) examination is a microscopic examination of stool to detect intestinal parasites and their eggs (ova).,True,False,,,a
"Clinical chemistry is a branch of clinical pathology that deals with the analysis of chemical components in bodily fluids, such as blood and urine. Common clinical chemistry tests include:","Glucose, electrolytes (sodium, potassium, chloride, bicarbonate), kidney function tests (BUN, creatinine), liver function tests (ALT, AST, bilirubin, alkaline phosphatase), lipid profile (cholesterol, triglycerides), cardiac markers (troponin, CK-MB), hormones, and tumor markers.",Complete blood count (CBC),Urinalysis,Blood typing and crossmatching,a
Glucose is a sugar that is the main source of energy for the body. Blood glucose levels are tightly regulated by hormones such as insulin and glucagon. Abnormal glucose levels can indicate:,"Diabetes mellitus, hypoglycemia, or other metabolic disorders",Kidney disease,Liver disease,Heart disease,a
Hemoglobin A1c (HbA1c) is a blood test that reflects the average blood glucose levels over the past 2-3 months. It is used to diagnose and monitor diabetes mellitus.,True,False,,,a
"Electrolytes are minerals in the body that have an electric charge. They are essential for various bodily functions, including nerve and muscle function, hydration, and acid-base balance. Common electrolytes measured in blood include:","Sodium (Na+), potassium (K+), chloride (Cl-), and bicarbonate (HCO3-)","Calcium (Ca2+), magnesium (Mg2+), and phosphate (PO4^3-)",Both a and b,Neither a nor b,c
"Kidney function tests, such as Blood Urea Nitrogen (BUN) and creatinine, are used to assess how well the kidneys are working. Elevated levels can indicate kidney damage or dysfunction.",True,False,,,a
"Liver function tests (LFTs) are blood tests that measure various enzymes, proteins, and substances produced by the liver. Abnormal LFTs can indicate liver damage or disease. Common LFTs include:","Alanine aminotransferase (ALT), aspartate aminotransferase (AST), alkaline phosphatase (ALP), bilirubin, and albumin",BUN and creatinine,Glucose and electrolytes,Cholesterol and triglycerides,a
Bilirubin is a yellow pigment produced during the breakdown of red blood cells. Elevated bilirubin levels (hyperbilirubinemia) can cause jaundice (yellowing of the skin and eyes) and may indicate liver disease or biliary obstruction.,True,False,,,a
Lipid profile is a blood test that measures the levels of cholesterol and triglycerides. It is used to assess the risk of cardiovascular disease. Components of a lipid profile include:,"Total cholesterol, LDL cholesterol (",Glucose and electrolytes,BUN and creatinine,Liver enzymes,a
"Cardiac markers are substances released into the blood when the heart muscle is damaged. They are used to diagnose and monitor heart conditions, particularly myocardial infarction (heart attack). Common cardiac markers include:","Troponin, creatine kinase-MB (CK-MB), and myoglobin",Glucose and electrolytes,BUN and creatinine,Liver enzymes,a
Hormones are chemical messengers produced by endocrine glands that regulate various bodily functions. Hormone levels are measured in blood to diagnose and monitor endocrine disorders. Examples include:,"Thyroid hormones (T3, T4, TSH), insulin, cortisol, and sex hormones",Troponin and CK-MB,ALT and AST,BUN and creatinine,a
"Tumor markers are substances produced by cancer cells or by other cells in response to cancer. They are used to screen for, diagnose, monitor, and assess the effectiveness of cancer treatment. Examples include:",Prostate-specific antigen (PSA) for prostate cancer,Carcinoembryonic antigen (CEA) for colorectal cancer,Alpha-fetoprotein (AFP) for liver cancer,All of the above,d
Immunology is a branch of clinical pathology that deals with the study of the immune system and its role in health and disease. Immunological tests are used to diagnose:,"Infectious diseases, autoimmune diseases, allergies, and immunodeficiencies",Kidney disease,Liver disease,Diabetes mellitus,a
Serological tests detect _________ or _________ in patient samples.,Bacteria or viruses,Antigens or antibodies,DNA or RNA,Toxins or enzymes,b
ELISA (Enzyme-Linked Immunosorbent Assay) is a common serological test used to detect:,Bacterial growth,Viral replication,Antigens or antibodies,Fungal spores,c
Western blot is a laboratory technique used to detect specific _________ in a sample.,DNA,RNA,Proteins,Lipids,c
Autoantibodies are antibodies produced by the immune system that mistakenly target the body’s own tissues. Their presence is indicative of:,Infectious diseases,Autoimmune diseases,Allergies,Immunodeficiencies,b
Allergy testing involves identifying specific allergens that trigger an immune response. Common methods include:,"Skin prick tests and blood tests (e.g., IgE levels)",Biopsy,Imaging studies,Genetic testing,a
Flow cytometry is a technique used to analyze the physical and chemical characteristics of cells in a fluid suspension. It is widely used in immunology to:,Identify and quantify different types of immune cells,Diagnose leukemia and lymphoma,Assess immune function,All of the above,d
"Microbiology is a branch of clinical pathology that deals with the study of microorganisms (bacteria, viruses, fungi, parasites) and their role in infectious diseases. Microbiological tests are used to:",Identify pathogenic microorganisms,Determine antibiotic susceptibility,Monitor treatment effectiveness,All of the above,d
Culture and sensitivity testing involves:,Growing microorganisms from a patient sample and then testing their susceptibility to various antimicrobial agents,Directly identifying microorganisms from a patient sample without culturing,Measuring antibody levels in response to an infection,Detecting genetic material of microorganisms,a
Gram staining is a differential staining technique used to classify bacteria based on their:,Size,Shape,Cell wall composition,Motility,c
"Molecular diagnostics is a rapidly growing area of clinical pathology that uses molecular biology techniques (e.g., PCR, DNA sequencing) to detect and analyze:",Proteins,Nucleic acids (DNA and RNA) from pathogens or human cells,Lipids,Carbohydrates,b
PCR (Polymerase Chain Reaction) is a molecular technique used to:,Separate DNA fragments by size,Amplify specific DNA sequences,Determine the sequence of DNA,Introduce foreign DNA into a cell,b
DNA sequencing is a molecular technique used to:,Amplify specific DNA sequences,Determine the order of nucleotides in a DNA molecule,Separate DNA fragments by size,Introduce foreign DNA into a cell,b
Cytogenetics is a branch of clinical pathology that deals with the study of chromosomes and their abnormalities. Cytogenetic tests are used to diagnose:,"Genetic disorders, certain cancers (e.g., leukemia, lymphoma), and prenatal abnormalities",Infectious diseases,Autoimmune diseases,Metabolic disorders,a
Karyotyping is a cytogenetic technique that involves arranging a person’s chromosomes in order of size and centromere position to detect chromosomal abnormalities.,True,False,,,a
FISH (Fluorescence In Situ Hybridization) is a cytogenetic technique that uses fluorescent probes to detect specific DNA sequences on chromosomes.,True,False,,,a
Histopathology is a branch of clinical pathology that deals with the microscopic examination of tissues to diagnose disease. Tissue samples are obtained through:,Blood draw,Biopsy or surgical excision,Urine collection,Saliva collection,b
Immunohistochemistry (IHC) is a technique used in histopathology that uses antibodies to detect specific antigens (proteins) in tissue sections. It is used to:,Identify cell types,Determine the origin of tumors,Detect infectious agents,All of the above,d
Cytopathology is a branch of clinical pathology that deals with the microscopic examination of individual cells to diagnose disease. Cell samples are obtained through:,Biopsy,"Fine needle aspiration (FNA), Pap smears, or body fluid analysis",Surgical excision,Blood draw,b
The Pap test (Pap smear) is a cytopathology test used to screen for:,Breast cancer,Cervical cancer,Lung cancer,Colon cancer,b
"Transfusion medicine is a branch of clinical pathology that deals with the collection, processing, testing, storage, and distribution of blood and blood components for transfusion. It also involves managing transfusion reactions.",True,False,,,a
"Apheresis is a medical procedure that involves separating specific components of blood (e.g., plasma, platelets, white blood cells) from the rest of the blood, which is then returned to the donor or patient.",True,False,,,a
"Therapeutic phlebotomy is the removal of blood from a patient for therapeutic purposes, such as to reduce iron overload in hemochromatosis or red blood cell count in polycythemia vera.",True,False,,,a
"Point-of-care testing (POCT) refers to medical diagnostic testing at or near the site of patient care. POCT provides rapid results, which can facilitate timely clinical decision-making. Examples include:","Blood glucose meters, pregnancy tests, rapid strep tests, and INR meters",MRI scans,X-rays,Endoscopies,a
Quality control (QC) in clinical pathology laboratories involves:,Ensuring the accuracy and reliability of laboratory test results,Training laboratory personnel,Maintaining laboratory equipment,All of the above,d
External quality assessment (EQA) or proficiency testing (PT) programs involve:,Laboratories testing unknown samples provided by an external organization and comparing their results to those of other laboratories,Internal quality control procedures,Calibration of laboratory instruments,Training of laboratory personnel,a
"Laboratory information system (LIS) is a computer-based system that manages and tracks laboratory data, from patient registration and sample collection to test results reporting.",True,False,,,a
Accreditation of clinical pathology laboratories ensures that they meet specific quality and competency standards. Accreditation bodies include:,College of American Pathologists (CAP),Clinical Laboratory Improvement Amendments (CLIA),International Organization for Standardization (ISO),All of the above,d
Pre-analytical errors are errors that occur before the laboratory analysis of a sample. They are the most common type of laboratory error and can include:,"Patient misidentification, incorrect sample collection, improper sample handling or storage, and incorrect test ordering",Instrument malfunction,Incorrect result interpretation,Data entry errors,a
Analytical errors are errors that occur during the laboratory analysis of a sample. They can include:,"Instrument malfunction, reagent issues, calibration errors, and interference from patient factors",Patient misidentification,Incorrect sample collection,Incorrect test ordering,a
Post-analytical errors are errors that occur after the laboratory analysis of a sample. They can include:,"Incorrect result reporting, delayed result reporting, and incorrect result interpretation",Instrument malfunction,Incorrect sample collection,Improper sample handling,a
Reference ranges (normal ranges) are the range of values for a laboratory test that are considered normal for a healthy population. They are used to interpret patient test results.,True,False,,,a
Critical values (panic values) are laboratory test results that are significantly outside the normal range and indicate a life-threatening situation. They require immediate notification to the healthcare provider.,True,False,,,a
The sensitivity of a diagnostic test is its ability to correctly identify individuals who have the disease (true positive rate).,True,False,,,a
The specificity of a diagnostic test is its ability to correctly identify individuals who do not have the disease (true negative rate).,True,False,,,a
"A false positive result occurs when a diagnostic test indicates that a person has the disease, but they actually do not.",True,False,,,a
"A false negative result occurs when a diagnostic test indicates that a person does not have the disease, but they actually do.",True,False,,,a
The positive predictive value (PPV) of a diagnostic test is the probability that a person who tests positive actually has the disease.,True,False,,,a
The negative predictive value (NPV) of a diagnostic test is the probability that a person who tests negative actually does not have the disease.,True,False,,,a
"The likelihood ratio (LR) is a measure of how much a test result changes the probability of a disease. A positive LR > 1 increases the probability of disease, while a negative LR < 1 decreases the probability of disease.",True,False,,,a
Receiver Operating Characteristic (ROC) curve is a graphical plot that illustrates the diagnostic ability of a binary classifier system as its discrimination threshold is varied. It is used to evaluate the performance of diagnostic tests.,True,False,,,a
"The area under the ROC curve (AUC) is a measure of the overall accuracy of a diagnostic test. An AUC of 1 indicates a perfect test, while an AUC of 0.5 indicates a test that is no better than random chance.",True,False,,,a
"Evidence-based laboratory medicine (EBLM) is the conscientious, explicit, and judicious use of current best evidence in making decisions about the use and interpretation of laboratory tests.",True,False,,,a
The pre-analytical phase of laboratory testing includes:,"Test ordering, patient preparation, sample collection, and sample transport",Sample analysis,Result reporting,Result interpretation,a
The analytical phase of laboratory testing includes:,Test ordering,Sample analysis,Result reporting,Result interpretation,b
The post-analytical phase of laboratory testing includes:,Test ordering,Sample analysis,Result reporting and interpretation,Sample collection,c
A delta check is a quality control measure that compares a patient’s current laboratory result with their previous results to detect significant changes that may indicate an error or a change in the patient’s condition.,True,False,,,a
"Proficiency testing (PT) is a program in which unknown samples are sent to laboratories for analysis, and their results are compared to a reference laboratory or a peer group. PT is used to assess the accuracy and reliability of laboratory testing.",True,False,,,a
Internal quality control (IQC) involves running control samples with known values alongside patient samples to monitor the performance of laboratory instruments and reagents.,True,False,,,a
Calibration is the process of setting a laboratory instrument to provide accurate results by comparing its readings to known standards.,True,False,,,a
The coefficient of variation (CV) is a measure of the precision (reproducibility) of a laboratory test. A lower CV indicates better precision.,True,False,,,a
"The standard deviation (SD) is a measure of the spread of data around the mean. In laboratory testing, it is used to assess the variability of results.",True,False,,,a
"The mean is the average of a set of data. In laboratory testing, it is used to determine the central tendency of results.",True,False,,,a
The median is the middle value in a set of data when the data are arranged in order. It is less affected by outliers than the mean.,True,False,,,a
The mode is the value that appears most frequently in a set of data.,True,False,,,a
A histogram is a graphical representation of the distribution of numerical data. It is used to visualize the frequency of different values in a dataset.,True,False,,,a
A Levey-Jennings chart is a graph used in clinical laboratories to plot quality control data over time and monitor the performance of a test. It helps detect trends and shifts in test results.,True,False,,,a
Westgard rules are a set of statistical rules used in clinical laboratories to interpret quality control data and determine if a test run is in control or out of control.,True,False,,,a
"The term ""accuracy"" in laboratory testing refers to how close a measured value is to the true value.",True,False,,,a
"The term ""precision"" (reproducibility) in laboratory testing refers to how close repeated measurements are to each other.",True,False,,,a
"The term ""bias"" in laboratory testing refers to a systematic difference between the measured value and the true value.",True,False,,,a
"The term ""random error"" in laboratory testing refers to unpredictable variations in measurements that occur due to chance.",True,False,,,a
"The term ""systematic error"" in laboratory testing refers to a consistent and reproducible error that affects all measurements in the same way.",True,False,,,a
"The term ""total allowable error (TAE)"" is the maximum acceptable error in a laboratory test result that still allows the result to be clinically useful.",True,False,,,a
"The term ""analytical measurement range (AMR)"" is the range of analyte concentrations that a method can directly measure without any dilution, concentration, or other pretreatment.",True,False,,,a
"The term ""clinical reportable range (CRR)"" is the range of analyte concentrations that a laboratory can report, which may be wider than the AMR if dilutions or concentrations are performed.",True,False,,,a
"The term ""limit of detection (LOD)"" is the lowest concentration of an analyte that can be reliably detected by a method.",True,False,,,a
"The term ""limit of quantitation (LOQ)"" is the lowest concentration of an analyte that can be accurately and precisely measured by a method.",True,False,,,a
"The term ""interferences"" in laboratory testing refers to substances or factors that can affect the accuracy of a test result. Examples include hemolysis, icterus, and lipemia.",True,False,,,a
"Hemolysis is the breakdown of red blood cells, which can release intracellular components (e.g., hemoglobin, potassium) into the plasma or serum and interfere with various laboratory tests.",True,False,,,a
Icterus (jaundice) is the yellow discoloration of the skin and eyes due to elevated bilirubin levels. High bilirubin can interfere with some photometric assays.,True,False,,,a
"Lipemia is the presence of excess lipids (fats) in the blood, which can make the serum or plasma appear cloudy or milky and interfere with some photometric assays.",True,False,,,a
"The term ""delta check"" is a quality control measure that compares a patient’s current laboratory result with their previous results to detect significant changes that may indicate an error or a change in the patient’s condition.",True,False,,,a
"The term ""turnaround time (TAT)"" in laboratory testing refers to the time from when a test is ordered to when the result is reported.",True,False,,,a
"The term ""critical result"" (panic value) is a laboratory test result that is significantly outside the normal range and indicates a life-threatening situation. It requires immediate notification to the healthcare provider.",True,False,,,a
"The term ""reflex testing"" refers to additional laboratory tests that are automatically performed based on the results of an initial test. For example, if a urine culture is positive, a sensitivity test may be reflexed.",True,False,,,a
"The term ""add-on test"" refers to an additional laboratory test that is requested on a previously collected sample.",True,False,,,a
"The term ""pre-analytical variables"" refers to factors that can affect laboratory test results before the sample is analyzed. These include patient preparation, sample collection, handling, and transport.",True,False,,,a
"The term ""analytical variables"" refers to factors that can affect laboratory test results during the analysis of the sample. These include instrument calibration, reagent quality, and analytical interferences.",True,False,,,a
"The term ""post-analytical variables"" refers to factors that can affect laboratory test results after the sample has been analyzed. These include result reporting, interpretation, and communication.",True,False,,,a
"The term ""laboratory accreditation"" refers to the formal recognition by an authoritative body that a laboratory is competent to carry out specific tests or types of tests.",True,False,,,a
"The term ""laboratory certification"" refers to the process by which a governmental agency or other authorized body grants recognition to a laboratory that meets certain standards.",True,False,,,a
"The term ""laboratory licensure"" refers to the process by which a governmental agency grants permission to a laboratory to operate.",True,False,,,a
"The term ""laboratory quality management system (QMS)"" refers to a comprehensive system that encompasses all aspects of laboratory operations to ensure the quality and reliability of test results.",True,False,,,a
"The term ""root cause analysis (RCA)"" is a systematic process for identifying the underlying causes of problems or incidents in the laboratory, rather than just addressing the symptoms.",True,False,,,a
"The term ""failure mode and effects analysis (FMEA)"" is a systematic, proactive method for identifying and preventing potential process and product failures before they occur.",True,False,,,a
"The term ""lean laboratory"" refers to the application of lean principles (e.g., waste reduction, continuous improvement) to laboratory processes to improve efficiency and quality.",True,False,,,a
"The term ""six sigma in laboratory"" refers to a set of techniques and tools for process improvement that aims to reduce defects and variation in laboratory processes.",True,False,,,a
"The term ""laboratory safety"" refers to the practices and procedures implemented in a laboratory to protect personnel, the environment, and the public from hazards associated with laboratory work.",True,False,,,a
"Biosafety levels (BSL) are a set of containment precautions used in laboratories to protect laboratory workers and the environment from infectious agents. BSL-1 is the lowest level of containment, and BSL-4 is the highest.",True,False,,,a
Chemical hygiene plan (CHP) is a written program developed by laboratories to protect employees from health hazards associated with hazardous chemicals in the workplace.,True,False,,,a
Personal protective equipment (PPE) in the laboratory includes:,"Lab coats, gloves, eye protection, and closed-toe shoes",Casual clothing,Open-toed sandals,Jewelry,a
Sharps disposal containers are used for the safe disposal of:,Paper waste,"Used needles, scalpels, and other sharp objects",Food waste,Plastic bottles,b
Biohazard waste is waste that contains or has been contaminated with infectious materials. It should be disposed of in designated biohazard bags or containers.,True,False,,,a
"Chemical waste should be disposed of according to specific regulations and guidelines, often requiring segregation and special handling.",True,False,,,a
Fire safety in the laboratory includes:,Knowing the location of fire extinguishers and emergency exits,Proper storage of flammable chemicals,Avoiding overloading electrical outlets,All of the above,d
Emergency showers and eyewash stations are essential safety equipment in laboratories for:,Cleaning laboratory benches,Rinsing off chemical splashes or spills on the skin or in the eyes,Washing hands,Storing chemicals,b
"Fume hoods are laboratory ventilation devices that protect workers from exposure to hazardous fumes, vapors, and particulate matter.",True,False,,,a
"Biological safety cabinets (BSCs) are enclosed, ventilated workspaces that protect workers, the environment, and the product from biological hazards. They are classified into different classes (Class I, II, III) based on their level of protection.",True,False,,,a
"The concept of ""universal precautions"" in the laboratory involves treating all human blood and certain body fluids as if they are known to be infectious for bloodborne pathogens.",True,False,,,a
"The term ""bloodborne pathogens"" refers to pathogenic microorganisms that are present in human blood and can cause disease in humans. Examples include:","Hepatitis B virus (HBV), Hepatitis C virus (HCV), and Human Immunodeficiency Virus (HIV)",Influenza virus,Common cold virus,Norovirus,a
Exposure control plan (ECP) is a written program that outlines the procedures to eliminate or minimize occupational exposure to bloodborne pathogens.,True,False,,,a
Post-exposure prophylaxis (PEP) is a short course of antiretroviral drugs taken very soon after a high-risk exposure to HIV to prevent HIV infection.,True,False,,,a
"The term ""chain of custody"" in laboratory testing refers to the chronological documentation or paper trail, showing the seizure, custody, control, transfer, analysis, and disposition of physical or electronic evidence. It is crucial for maintaining the integrity of samples, especially in forensic or legal cases.",True,False,,,a
"The term ""specimen integrity"" refers to the quality and suitability of a patient sample for laboratory testing. Factors affecting specimen integrity include proper collection, handling, and storage.",True,False,,,a
"The term ""pre-analytical variables"" refers to factors that can affect laboratory test results before the sample is analyzed. These include patient preparation, sample collection, handling, and transport.",True,False,,,a
"The term ""analytical variables"" refers to factors that can affect laboratory test results during the analysis of the sample. These include instrument calibration, reagent quality, and analytical interferences.",True,False,,,a
"The term ""post-analytical variables"" refers to factors that can affect laboratory test results after the sample has been analyzed. These include result reporting, interpretation, and communication.",True,False,,,a
"The term ""laboratory accreditation"" refers to the formal recognition by an authoritative body that a laboratory is competent to carry out specific tests or types of tests.",True,False,,,a
"The term ""laboratory certification"" refers to the process by which a governmental agency or other authorized body grants recognition to a laboratory that meets certain standards.",True,False,,,a
"The term ""laboratory licensure"" refers to the process by which a governmental agency grants permission to a laboratory to operate.",True,False,,,a
"The term ""laboratory quality management system (QMS)"" refers to a comprehensive system that encompasses all aspects of laboratory operations to ensure the quality and reliability of test results.",True,False,,,a
"The term ""root cause analysis (RCA)"" is a systematic process for identifying the underlying causes of problems or incidents in the laboratory, rather than just addressing the symptoms.",True,False,,,a
"The term ""failure mode and effects analysis (FMEA)"" is a systematic, proactive method for identifying and preventing potential process and product failures before they occur.",True,False,,,a
"The term ""lean laboratory"" refers to the application of lean principles (e.g., waste reduction, continuous improvement) to laboratory processes to improve efficiency and quality.",True,False,,,a
"The term ""six sigma in laboratory"" refers to a set of techniques and tools for process improvement that aims to reduce defects and variation in laboratory processes.",True,False,,,a
"The term ""laboratory safety"" refers to the practices and procedures implemented in a laboratory to protect personnel, the environment, and the public from hazards associated with laboratory work.",True,False,,,a
"Biosafety levels (BSL) are a set of containment precautions used in laboratories to protect laboratory workers and the environment from infectious agents. BSL-1 is the lowest level of containment, and BSL-4 is the highest.",True,False,,,a
Chemical hygiene plan (CHP) is a written program developed by laboratories to protect employees from health hazards associated with hazardous chemicals in the workplace.,True,False,,,a
Personal protective equipment (PPE) in the laboratory includes:,"Lab coats, gloves, eye protection, and closed-toe shoes",Casual clothing,Open-toed sandals,Jewelry,a
Sharps disposal containers are used for the safe disposal of:,Paper waste,"Used needles, scalpels, and other sharp objects",Food waste,Plastic bottles,b
Biohazard waste is waste that contains or has been contaminated with infectious materials. It should be disposed of in designated biohazard bags or containers.,True,False,,,a
"Chemical waste should be disposed of according to specific regulations and guidelines, often requiring segregation and special handling.",True,False,,,a
Fire safety in the laboratory includes:,Knowing the location of fire extinguishers and emergency exits,Proper storage of flammable chemicals,Avoiding overloading electrical outlets,All of the above,d
Emergency showers and eyewash stations are essential safety equipment in laboratories for:,Cleaning laboratory benches,Rinsing off chemical splashes or spills on the skin or in the eyes,Washing hands,Storing chemicals,b
"Fume hoods are laboratory ventilation devices that protect workers from exposure to hazardous fumes, vapors, and particulate matter.",True,False,,,a
"Biological safety cabinets (BSCs) are enclosed, ventilated workspaces that protect workers, the environment, and the product from biological hazards. They are classified into different classes (Class I, II, III) based on their level of protection.",True,False,,,a
"The concept of ""universal precautions"" in the laboratory involves treating all human blood and certain body fluids as if they are known to be infectious for bloodborne pathogens.",True,False,,,a
"The term ""bloodborne pathogens"" refers to pathogenic microorganisms that are present in human blood and can cause disease in humans. Examples include:","Hepatitis B virus (HBV), Hepatitis C virus (HCV), and Human Immunodeficiency Virus (HIV)",Influenza virus,Common cold virus,Norovirus,a
Exposure control plan (ECP) is a written program that outlines the procedures to eliminate or minimize occupational exposure to bloodborne pathogens.,True,False,,,a
Post-exposure prophylaxis (PEP) is a short course of antiretroviral drugs taken very soon after a high-risk exposure to HIV to prevent HIV infection.,True,False,,,a
"The term ""chain of custody"" in laboratory testing refers to the chronological documentation or paper trail, showing the seizure, custody, control, transfer, analysis, and disposition of physical or electronic evidence. It is crucial for maintaining the integrity of samples, especially in forensic or legal cases.",True,False,,,a
"The term ""specimen integrity"" refers to the quality and suitability of a patient sample for laboratory testing. Factors affecting specimen integrity include proper collection, handling, and storage.",True,False,,,a
"The term ""pre-analytical variables"" refers to factors that can affect laboratory test results before the sample is analyzed. These include patient preparation, sample collection, handling, and transport.",True,False,,,a
"The term ""analytical variables"" refers to factors that can affect laboratory test results during the analysis of the sample. These include instrument calibration, reagent quality, and analytical interferences.",True,False,,,a
"The term ""post-analytical variables"" refers to factors that can affect laboratory test results after the sample has been analyzed. These include result reporting, interpretation, and communication.",True,False,,,a
"The term ""laboratory accreditation"" refers to the formal recognition by an authoritative body that a laboratory is competent to carry out specific tests or types of tests.",True,False,,,a
"The term ""laboratory certification"" refers to the process by which a governmental agency or other authorized body grants recognition to a laboratory that meets certain standards.",True,False,,,a
"The term ""laboratory licensure"" refers to the process by which a governmental agency grants permission to a laboratory to operate.",True,False,,,a
"The term ""laboratory quality management system (QMS)"" refers to a comprehensive system that encompasses all aspects of laboratory operations to ensure the quality and reliability of test results.",True,False,,,a
"The term ""root cause analysis (RCA)"" is a systematic process for identifying the underlying causes of problems or incidents in the laboratory, rather than just addressing the symptoms.",True,False,,,a
"The term ""failure mode and effects analysis (FMEA)"" is a systematic, proactive method for identifying and preventing potential process and product failures before they occur.",True,False,,,a
"The term ""lean laboratory"" refers to the application of lean principles (e.g., waste reduction, continuous improvement) to laboratory processes to improve efficiency and quality.",True,False,,,a
"The term ""six sigma in laboratory"" refers to a set of techniques and tools for process improvement that aims to reduce defects and variation in laboratory processes.",True,False,,,a
"The term ""laboratory safety"" refers to the practices and procedures implemented in a laboratory to protect personnel, the environment, and the public from hazards associated with laboratory work.",True,False,,,a
"Biosafety levels (BSL) are a set of containment precautions used in laboratories to protect laboratory workers and the environment from infectious agents. BSL-1 is the lowest level of containment, and BSL-4 is the highest.",True,False,,,a
Chemical hygiene plan (CHP) is a written program developed by laboratories to protect employees from health hazards associated with hazardous chemicals in the workplace.,True,False,,,a
Personal protective equipment (PPE) in the laboratory includes:,"Lab coats, gloves, eye protection, and closed-toe shoes",Casual clothing,Open-toed sandals,Jewelry,a
Sharps disposal containers are used for the safe disposal of:,Paper waste,"Used needles, scalpels, and other sharp objects",Food waste,Plastic bottles,b
Biohazard waste is waste that contains or has been contaminated with infectious materials. It should be disposed of in designated biohazard bags or containers.,True,False,,,a
"Chemical waste should be disposed of according to specific regulations and guidelines, often requiring segregation and special handling.",True,False,,,a
Fire safety in the laboratory includes:,Knowing the location of fire extinguishers and emergency exits,Proper storage of flammable chemicals,Avoiding overloading electrical outlets,All of the above,d
Emergency showers and eyewash stations are essential safety equipment in laboratories for:,Cleaning laboratory benches,Rinsing off chemical splashes or spills on the skin or in the eyes,Washing hands,Storing chemicals,b
"Fume hoods are laboratory ventilation devices that protect workers from exposure to hazardous fumes, vapors, and particulate matter.",True,False,,,a
"Biological safety cabinets (BSCs) are enclosed, ventilated workspaces that protect workers, the environment, and the product from biological hazards. They are classified into different classes (Class I, II, III) based on their level of protection.",True,False,,,a
"The concept of ""universal precautions"" in the laboratory involves treating all human blood and certain body fluids as if they are known to be infectious for bloodborne pathogens.",True,False,,,a
"The term ""bloodborne pathogens"" refers to pathogenic microorganisms that are present in human blood and can cause disease in humans. Examples include:","Hepatitis B virus (HBV), Hepatitis C virus (HCV), and Human Immunodeficiency Virus (HIV)",Influenza virus,Common cold virus,Norovirus,a
Exposure control plan (ECP) is a written program that outlines the procedures to eliminate or minimize occupational exposure to bloodborne pathogens.,True,False,,,a
Post-exposure prophylaxis (PEP) is a short course of antiretroviral drugs taken very soon after a high-risk exposure to HIV to prevent HIV infection.,True,False,,,a
"The term ""chain of custody"" in laboratory testing refers to the chronological documentation or paper trail, showing the seizure, custody, control, transfer, analysis, and disposition of physical or electronic evidence. It is crucial for maintaining the integrity of samples, especially in forensic or legal cases.",True,False,,,a
"The term ""specimen integrity"" refers to the quality and suitability of a patient sample for laboratory testing. Factors affecting specimen integrity include proper collection, handling, and storage.",True,False,,,a
"The term ""pre-analytical variables"" refers to factors that can affect laboratory test results before the sample is analyzed. These include patient preparation, sample collection, handling, and transport.",True,False,,,a
"The term ""analytical variables"" refers to factors that can affect laboratory test results during the analysis of the sample. These include instrument calibration, reagent quality, and analytical interferences.",True,False,,,a
"The term ""post-analytical variables"" refers to factors that can affect laboratory test results after the sample has been analyzed. These include result reporting, interpretation, and communication.",True,False,,,a
"The term ""laboratory accreditation"" refers to the formal recognition by an authoritative body that a laboratory is competent to carry out specific tests or types of tests.",True,False,,,a
"The term ""laboratory certification"" refers to the process by which a governmental agency or other authorized body grants recognition to a laboratory that meets certain standards.",True,False,,,a
"The term ""laboratory licensure"" refers to the process by which a governmental agency grants permission to a laboratory to operate.",True,False,,,a
"The term ""laboratory quality management system (QMS)"" refers to a comprehensive system that encompasses all aspects of laboratory operations to ensure the quality and reliability of test results.",True,False,,,a
"The term ""root cause analysis (RCA)"" is a systematic process for identifying the underlying causes of problems or incidents in the laboratory, rather than just addressing the symptoms.",True,False,,,a
"The term ""failure mode and effects analysis (FMEA)"" is a systematic, proactive method for identifying and preventing potential process and product failures before they occur.",True,False,,,a
"The term ""lean laboratory"" refers to the application of lean principles (e.g., waste reduction, continuous improvement) to laboratory processes to improve efficiency and quality.",True,False,,,a
"The term ""six sigma in laboratory"" refers to a set of techniques and tools for process improvement that aims to reduce defects and variation in laboratory processes.",True,False,,,a
"The term ""laboratory safety"" refers to the practices and procedures implemented in a laboratory to protect personnel, the environment, and the public from hazards associated with laboratory work.",True,False,,,a
"Biosafety levels (BSL) are a set of containment precautions used in laboratories to protect laboratory workers and the environment from infectious agents. BSL-1 is the lowest level of containment, and BSL-4 is the highest.",True,False,,,a
Chemical hygiene plan (CHP) is a written program developed by laboratories to protect employees from health hazards associated with hazardous chemicals in the workplace.,True,False,,,a
Personal protective equipment (PPE) in the laboratory includes:,"Lab coats, gloves, eye protection, and closed-toe shoes",Casual clothing,Open-toed sandals,Jewelry,a
Sharps disposal containers are used for the safe disposal of:,Paper waste,"Used needles, scalpels, and other sharp objects",Food waste,Plastic bottles,b
Biohazard waste is waste that contains or has been contaminated with infectious materials. It should be disposed of in designated biohazard bags or containers.,True,False,,,a
"Chemical waste should be disposed of according to specific regulations and guidelines, often requiring segregation and special handling.",True,False,,,a
Fire safety in the laboratory includes:,Knowing the location of fire extinguishers and emergency exits,Proper storage of flammable chemicals,Avoiding overloading electrical outlets,All of the above,d
Emergency showers and eyewash stations are essential safety equipment in laboratories for:,Cleaning laboratory benches,Rinsing off chemical splashes or spills on the skin or in the eyes,Washing hands,Storing chemicals,b
"Fume hoods are laboratory ventilation devices that protect workers from exposure to hazardous fumes, vapors, and particulate matter.",True,False,,,a
"Biological safety cabinets (BSCs) are enclosed, ventilated workspaces that protect workers, the environment, and the product from biological hazards. They are classified into different classes (Class I, II, III) based on their level of protection.",True,False,,,a
"The concept of ""universal precautions"" in the laboratory involves treating all human blood and certain body fluids as if they are known to be infectious for bloodborne pathogens.",True,False,,,a
"The term ""bloodborne pathogens"" refers to pathogenic microorganisms that are present in human blood and can cause disease in humans. Examples include:","Hepatitis B virus (HBV), Hepatitis C virus (HCV), and Human Immunodeficiency Virus (HIV)",Influenza virus,Common cold virus,Norovirus,a
Exposure control plan (ECP) is a written program that outlines the procedures to eliminate or minimize occupational exposure to bloodborne pathogens.,True,False,,,a
Post-exposure prophylaxis (PEP) is a short course of antiretroviral drugs taken very soon after a high-risk exposure to HIV to prevent HIV infection.,True,False,,,a
"The term ""chain of custody"" in laboratory testing refers to the chronological documentation or paper trail, showing the seizure, custody, control, transfer, analysis, and disposition of physical or electronic evidence. It is crucial for maintaining the integrity of samples, especially in forensic or legal cases.",True,False,,,a
"The term ""specimen integrity"" refers to the quality and suitability of a patient sample for laboratory testing. Factors affecting specimen integrity include proper collection, handling, and storage.",True,False,,,a
"The term ""pre-analytical variables"" refers to factors that can affect laboratory test results before the sample is analyzed. These include patient preparation, sample collection, handling, and transport.",True,False,,,a
"The term ""analytical variables"" refers to factors that can affect laboratory test results during the analysis of the sample. These include instrument calibration, reagent quality, and analytical interferences.",True,False,,,a
"The term ""post-analytical variables"" refers to factors that can affect laboratory test results after the sample has been analyzed. These include result reporting, interpretation, and communication.",True,False,,,a
"The term ""laboratory accreditation"" refers to the formal recognition by an authoritative body that a laboratory is competent to carry out specific tests or types of tests.",True,False,,,a
"The term ""laboratory certification"" refers to the process by which a governmental agency or other authorized body grants recognition to a laboratory that meets certain standards.",True,False,,,a
"The term ""laboratory licensure"" refers to the process by which a governmental agency grants permission to a laboratory to operate.",True,False,,,a
"The term ""laboratory quality management system (QMS)"" refers to a comprehensive system that encompasses all aspects of laboratory operations to ensure the quality and reliability of test results.",True,False,,,a
"The term ""root cause analysis (RCA)"" is a systematic process for identifying the underlying causes of problems or incidents in the laboratory, rather than just addressing the symptoms.",True,False,,,a
"The term ""failure mode and effects analysis (FMEA)"" is a systematic, proactive method for identifying and preventing potential process and product failures before they occur.",True,False,,,a
"The term ""lean laboratory"" refers to the application of lean principles (e.g., waste reduction, continuous improvement) to laboratory processes to improve efficiency and quality.",True,False,,,a
"The term ""six sigma in laboratory"" refers to a set of techniques and tools for process improvement that aims to reduce defects and variation in laboratory processes.",True,False,,,a
"The term ""laboratory safety"" refers to the practices and procedures implemented in a laboratory to protect personnel, the environment, and the public from hazards associated with laboratory work.",True,False,,,a
"Biosafety levels (BSL) are a set of containment precautions used in laboratories to protect laboratory workers and the environment from infectious agents. BSL-1 is the lowest level of containment, and BSL-4 is the highest.",True,False,,,a
Chemical hygiene plan (CHP) is a written program developed by laboratories to protect employees from health hazards associated with hazardous chemicals in the workplace.,True,False,,,a
Personal protective equipment (PPE) in the laboratory includes:,"Lab coats, gloves, eye protection, and closed-toe shoes",Casual clothing,Open-toed sandals,Jewelry,a
Sharps disposal containers are used for the safe disposal of:,Paper waste,"Used needles, scalpels, and other sharp objects",Food waste,Plastic bottles,b
Biohazard waste is waste that contains or has been contaminated with infectious materials. It should be disposed of in designated biohazard bags or containers.,True,False,,,a
"Chemical waste should be disposed of according to specific regulations and guidelines, often requiring segregation and special handling.",True,False,,,a
Fire safety in the laboratory includes:,Knowing the location of fire extinguishers and emergency exits,Proper storage of flammable chemicals,Avoiding overloading electrical outlets,All of the above,d
Emergency showers and eyewash stations are essential safety equipment in laboratories for:,Cleaning laboratory benches,Rinsing off chemical splashes or spills on the skin or in the eyes,Washing hands,Storing chemicals,b
"Fume hoods are laboratory ventilation devices that protect workers from exposure to hazardous fumes, vapors, and particulate matter.",True,False,,,a
"Biological safety cabinets (BSCs) are enclosed, ventilated workspaces that protect workers, the environment, and the product from biological hazards. They are classified into different classes (Class I, II, III) based on their level of protection.",True,False,,,a
"The concept of ""universal precautions"" in the laboratory involves treating all human blood and certain body fluids as if they are known to be infectious for bloodborne pathogens.",True,False,,,a
"The term ""bloodborne pathogens"" refers to pathogenic microorganisms that are present in human blood and can cause disease in humans. Examples include:","Hepatitis B virus (HBV), Hepatitis C virus (HCV), and Human Immunodeficiency Virus (HIV)",Influenza virus,Common cold virus,Norovirus,a
Exposure control plan (ECP) is a written program that outlines the procedures to eliminate or minimize occupational exposure to bloodborne pathogens.,True,False,,,a
Post-exposure prophylaxis (PEP) is a short course of antiretroviral drugs taken very soon after a high-risk exposure to HIV to prevent HIV infection.,True,False,,,a
"The term ""chain of custody"" in laboratory testing refers to the chronological documentation or paper trail, showing the seizure, custody, control, transfer, analysis, and disposition of physical or electronic evidence. It is crucial for maintaining the integrity of samples, especially in forensic or legal cases.",True,False,,,a
"The term ""specimen integrity"" refers to the quality and suitability of a patient sample for laboratory testing. Factors affecting specimen integrity include proper collection, handling, and storage.",True,False,,,a
"The term ""pre-analytical variables"" refers to factors that can affect laboratory test results before the sample is analyzed. These include patient preparation, sample collection, handling, and transport.",True,False,,,a
"The term ""analytical variables"" refers to factors that can affect laboratory test results during the analysis of the sample. These include instrument calibration, reagent quality, and analytical interferences.",True,False,,,a
"The term ""post-analytical variables"" refers to factors that can affect laboratory test results after the sample has been analyzed. These include result reporting, interpretation, and communication.",True,False,,,a
"The term ""laboratory accreditation"" refers to the formal recognition by an authoritative body that a laboratory is competent to carry out specific tests or types of tests.",True,False,,,a
"The term ""laboratory certification"" refers to the process by which a governmental agency or other authorized body grants recognition to a laboratory that meets certain standards.",True,False,,,a
"The term ""laboratory licensure"" refers to the process by which a governmental agency grants permission to a laboratory to operate.",True,False,,,a
"The term ""laboratory quality management system (QMS)"" refers to a comprehensive system that encompasses all aspects of laboratory operations to ensure the quality and reliability of test results.",True,False,,,a
"The term ""root cause analysis (RCA)"" is a systematic process for identifying the underlying causes of problems or incidents in the laboratory, rather than just addressing the symptoms.",True,False,,,a
"The term ""failure mode and effects analysis (FMEA)"" is a systematic, proactive method for identifying and preventing potential process and product failures before they occur.",True,False,,,a
"The term ""lean laboratory"" refers to the application of lean principles (e.g., waste reduction, continuous improvement) to laboratory processes to improve efficiency and quality.",True,False,,,a
"The term ""six sigma in laboratory"" refers to a set of techniques and tools for process improvement that aims to reduce defects and variation in laboratory processes.",True,False,,,a
"The term ""laboratory safety"" refers to the practices and procedures implemented in a laboratory to protect personnel, the environment, and the public from hazards associated with laboratory work.",True,False,,,a
"Biosafety levels (BSL) are a set of containment precautions used in laboratories to protect laboratory workers and the environment from infectious agents. BSL-1 is the lowest level of containment, and BSL-4 is the highest.",True,False,,,a
Chemical hygiene plan (CHP) is a written program developed by laboratories to protect employees from health hazards associated with hazardous chemicals in the workplace.,True,False,,,a
Personal protective equipment (PPE) in the laboratory includes:,"Lab coats, gloves, eye protection, and closed-toe shoes",Casual clothing,Open-toed sandals,Jewelry,a
Sharps disposal containers are used for the safe disposal of:,Paper waste,"Used needles, scalpels, and other sharp objects",Food waste,Plastic bottles,b
Biohazard waste is waste that contains or has been contaminated with infectious materials. It should be disposed of in designated biohazard bags or containers.,True,False,,,a
"Chemical waste should be disposed of according to specific regulations and guidelines, often requiring segregation and special handling.",True,False,,,a
Fire safety in the laboratory includes:,Knowing the location of fire extinguishers and emergency exits,Proper storage of flammable chemicals,Avoiding overloading electrical outlets,All of the above,d
Emergency showers and eyewash stations are essential safety equipment in laboratories for:,Cleaning laboratory benches,Rinsing off chemical splashes or spills on the skin or in the eyes,Washing hands,Storing chemicals,b
"Fume hoods are laboratory ventilation devices that protect workers from exposure to hazardous fumes, vapors, and particulate matter.",True,False,,,a
"Biological safety cabinets (BSCs) are enclosed, ventilated workspaces that protect workers, the environment, and the product from biological hazards. They are classified into different classes (Class I, II, III) based on their level of protection.",True,False,,,a
"The concept of ""universal precautions"" in the laboratory involves treating all human blood and certain body fluids as if they are known to be infectious for bloodborne pathogens.",True,False,,,a
"The term ""bloodborne pathogens"" refers to pathogenic microorganisms that are present in human blood and can cause disease in humans. Examples include:","Hepatitis B virus (HBV), Hepatitis C virus (HCV), and Human Immunodeficiency Virus (HIV)",Influenza virus,Common cold virus,Norovirus,a
Exposure control plan (ECP) is a written program that outlines the procedures to eliminate or minimize occupational exposure to bloodborne pathogens.,True,False,,,a
Post-exposure prophylaxis (PEP) is a short course of antiretroviral drugs taken very soon after a high-risk exposure to HIV to prevent HIV infection.,True,False,,,a
"The term ""chain of custody"" in laboratory testing refers to the chronological documentation or paper trail, showing the seizure, custody, control, transfer, analysis, and disposition of physical or electronic evidence. It is crucial for maintaining the integrity of samples, especially in forensic or legal cases.",True,False,,,a
"The term ""specimen integrity"" refers to the quality and suitability of a patient sample for laboratory testing. Factors affecting specimen integrity include proper collection, handling, and storage.",True,False,,,a
"The term ""pre-analytical variables"" refers to factors that can affect laboratory test results before the sample is analyzed. These include patient preparation, sample collection, handling, and transport.",True,False,,,a
"The term ""analytical variables"" refers to factors that can affect laboratory test results during the analysis of the sample. These include instrument calibration, reagent quality, and analytical interferences.",True,False,,,a
"The term ""post-analytical variables"" refers to factors that can affect laboratory test results after the sample has been analyzed. These include result reporting, interpretation, and communication.",True,False,,,a
"The term ""laboratory accreditation"" refers to the formal recognition by an authoritative body that a laboratory is competent to carry out specific tests or types of tests.",True,False,,,a
"The term ""laboratory certification"" refers to the process by which a governmental agency or other authorized body grants recognition to a laboratory that meets certain standards.",True,False,,,a
"The term ""laboratory licensure"" refers to the process by which a governmental agency grants permission to a laboratory to operate.",True,False,,,a
"The term ""laboratory quality management system (QMS)"" refers to a comprehensive system that encompasses all aspects of laboratory operations to ensure the quality and reliability of test results.",True,False,,,a
"The term ""root cause analysis (RCA)"" is a systematic process for identifying the underlying causes of problems or incidents in the laboratory, rather than just addressing the symptoms.",True,False,,,a
"The term ""failure mode and effects analysis (FMEA)"" is a systematic, proactive method for identifying and preventing potential process and product failures before they occur.",True,False,,,a
"The term ""lean laboratory"" refers to the application of lean principles (e.g., waste reduction, continuous improvement) to laboratory processes to improve efficiency and quality.",True,False,,,a
"The term ""six sigma in laboratory"" refers to a set of techniques and tools for process improvement that aims to reduce defects and variation in laboratory processes.",True,False,,,a
"The term ""laboratory safety"" refers to the practices and procedures implemented in a laboratory to protect personnel, the environment, and the public from hazards associated with laboratory work.",True,False,,,a
"Biosafety levels (BSL) are a set of containment precautions used in laboratories to protect laboratory workers and the environment from infectious agents. BSL-1 is the lowest level of containment, and BSL-4 is the highest.",True,False,,,a
Chemical hygiene plan (CHP) is a written program developed by laboratories to protect employees from health hazards associated with hazardous chemicals in the workplace.,True,False,,,a
Personal protective equipment (PPE) in the laboratory includes:,"Lab coats, gloves, eye protection, and closed-toe shoes",Casual clothing,Open-toed sandals,Jewelry,a
Sharps disposal containers are used for the safe disposal of:,Paper waste,"Used needles, scalpels, and other sharp objects",Food waste,Plastic bottles,b
Biohazard waste is waste that contains or has been contaminated with infectious materials. It should be disposed of in designated biohazard bags or containers.,True,False,,,a
"Chemical waste should be disposed of according to specific regulations and guidelines, often requiring segregation and special handling.",True,False,,,a
Fire safety in the laboratory includes:,Knowing the location of fire extinguishers and emergency exits,Proper storage of flammable chemicals,Avoiding overloading electrical outlets,All of the above,d
Emergency showers and eyewash stations are essential safety equipment in laboratories for:,Cleaning laboratory benches,Rinsing off chemical splashes or spills on the skin or in the eyes,Washing hands,Storing chemicals,b
"Fume hoods are laboratory ventilation devices that protect workers from exposure to hazardous fumes, vapors, and particulate matter.",True,False,,,a
"Biological safety cabinets (BSCs) are enclosed, ventilated workspaces that protect workers, the environment, and the product from biological hazards. They are classified into different classes (Class I, II, III) based on their level of protection.",True,False,,,a
"The concept of ""universal precautions"" in the laboratory involves treating all human blood and certain body fluids as if they are known to be infectious for bloodborne pathogens.",True,False,,,a
"The term ""bloodborne pathogens"" refers to pathogenic microorganisms that are present in human blood and can cause disease in humans. Examples include:","Hepatitis B virus (HBV), Hepatitis C virus (HCV), and Human Immunodeficiency Virus (HIV)",Influenza virus,Common cold virus,Norovirus,a
Exposure control plan (ECP) is a written program that outlines the procedures to eliminate or minimize occupational exposure to bloodborne pathogens.,True,False,,,a
Post-exposure prophylaxis (PEP) is a short course of antiretroviral drugs taken very soon after a high-risk exposure to HIV to prevent HIV infection.,True,False,,,a
"The term ""chain of custody"" in laboratory testing refers to the chronological documentation or paper trail, showing the seizure, custody, control, transfer, analysis, and disposition of physical or electronic evidence. It is crucial for maintaining the integrity of samples, especially in forensic or legal cases.",True,False,,,a
"The term ""specimen integrity"" refers to the quality and suitability of a patient sample for laboratory testing. Factors affecting specimen integrity include proper collection, handling, and storage.",True,False,,,a
"The term ""pre-analytical variables"" refers to factors that can affect laboratory test results before the sample is analyzed. These include patient preparation, sample collection, handling, and transport.",True,False,,,a
"The term ""analytical variables"" refers to factors that can affect laboratory test results during the analysis of the sample. These include instrument calibration, reagent quality, and analytical interferences.",True,False,,,a
"The term ""post-analytical variables"" refers to factors that can affect laboratory test results after the sample has been analyzed. These include result reporting, interpretation, and communication.",True,False,,,a
"The term ""laboratory accreditation"" refers to the formal recognition by an authoritative body that a laboratory is competent to carry out specific tests or types of tests.",True,False,,,a
"The term ""laboratory certification"" refers to the process by which a governmental agency or other authorized body grants recognition to a laboratory that meets certain standards.",True,False,,,a
"The term ""laboratory licensure"" refers to the process by which a governmental agency grants permission to a laboratory to operate.",True,False,,,a
"The term ""laboratory quality management system (QMS)"" refers to a comprehensive system that encompasses all aspects of laboratory operations to ensure the quality and reliability of test results.",True,False,,,a
"The term ""root cause analysis (RCA)"" is a systematic process for identifying the underlying causes of problems or incidents in the laboratory, rather than just addressing the symptoms.",True,False,,,a
"The term ""failure mode and effects analysis (FMEA)"" is a systematic, proactive method for identifying and preventing potential process and product failures before they occur.",True,False,,,a
"The term ""lean laboratory"" refers to the application of lean principles (e.g., waste reduction, continuous improvement) to laboratory processes to improve efficiency and quality.",True,False,,,a
"The term ""six sigma in laboratory"" refers to a set of techniques and tools for process improvement that aims to reduce defects and variation in laboratory processes.",True,False,,,a
"The term ""laboratory safety"" refers to the practices and procedures implemented in a laboratory to protect personnel, the environment, and the public from hazards associated with laboratory work.",True,False,,,a
"Biosafety levels (BSL) are a set of containment precautions used in laboratories to protect laboratory workers and the environment from infectious agents. BSL-1 is the lowest level of containment, and BSL-4 is the highest.",True,False,,,a
Chemical hygiene plan (CHP) is a written program developed by laboratories to protect employees from health hazards associated with hazardous chemicals in the workplace.,True,False,,,a
Personal protective equipment (PPE) in the laboratory includes:,"Lab coats, gloves, eye protection, and closed-toe shoes",Casual clothing,Open-toed sandals,Jewelry,a
Sharps disposal containers are used for the safe disposal of:,Paper waste,"Used needles, scalpels, and other sharp objects",Food waste,Plastic bottles,b
Biohazard waste is waste that contains or has been contaminated with infectious materials. It should be disposed of in designated biohazard bags or containers.,True,False,,,a
"Chemical waste should be disposed of according to specific regulations and guidelines, often requiring segregation and special handling.",True,False,,,a
Fire safety in the laboratory includes:,Knowing the location of fire extinguishers and emergency exits,Proper storage of flammable chemicals,Avoiding overloading electrical outlets,All of the above,d
Emergency showers and eyewash stations are essential safety equipment in laboratories for:,Cleaning laboratory benches,Rinsing off chemical splashes or spills on the skin or in the eyes,Washing hands,Storing chemicals,b
"Fume hoods are laboratory ventilation devices that protect workers from exposure to hazardous fumes, vapors, and particulate matter.",True,False,,,a
"Biological safety cabinets (BSCs) are enclosed, ventilated workspaces that protect workers, the environment, and the product from biological hazards. They are classified into different classes (Class I, II, III) based on their level of protection.",True,False,,,a
"The concept of ""universal precautions"" in the laboratory involves treating all human blood and certain body fluids as if they are known to be infectious for bloodborne pathogens.",True,False,,,a
"The term ""bloodborne pathogens"" refers to pathogenic microorganisms that are present in human blood and can cause disease in humans. Examples include:","Hepatitis B virus (HBV), Hepatitis C virus (HCV), and Human Immunodeficiency Virus (HIV)",Influenza virus,Common cold virus,Norovirus,a
Exposure control plan (ECP) is a written program that outlines the procedures to eliminate or minimize occupational exposure to bloodborne pathogens.,True,False,,,a
Post-exposure prophylaxis (PEP) is a short course of antiretroviral drugs taken very soon after a high-risk exposure to HIV to prevent HIV infection.,True,False,,,a
"The term ""chain of custody"" in laboratory testing refers to the chronological documentation or paper trail, showing the seizure, custody, control, transfer, analysis, and disposition of physical or electronic evidence. It is crucial for maintaining the integrity of samples, especially in forensic or legal cases.",True,False,,,a
"The term ""specimen integrity"" refers to the quality and suitability of a patient sample for laboratory testing. Factors affecting specimen integrity include proper collection, handling, and storage.",True,False,,,a
"The term ""pre-analytical variables"" refers to factors that can affect laboratory test results before the sample is analyzed. These include patient preparation, sample collection, handling, and transport.",True,False,,,a
"The term ""analytical variables"" refers to factors that can affect laboratory test results during the analysis of the sample. These include instrument calibration, reagent quality, and analytical interferences.",True,False,,,a
"The term ""post-analytical variables"" refers to factors that can affect laboratory test results after the sample has been analyzed. These include result reporting, interpretation, and communication.",True,False,,,a
"The term ""laboratory accreditation"" refers to the formal recognition by an authoritative body that a laboratory is competent to carry out specific tests or types of tests.",True,False,,,a
"The term ""laboratory certification"" refers to the process by which a governmental agency or other authorized body grants recognition to a laboratory that meets certain standards.",True,False,,,a
"The term ""laboratory licensure"" refers to the process by which a governmental agency grants permission to a laboratory to operate.",True,False,,,a
"The term ""laboratory quality management system (QMS)"" refers to a comprehensive system that encompasses all aspects of laboratory operations to ensure the quality and reliability of test results.",True,False,,,a
"The term ""root cause analysis (RCA)"" is a systematic process for identifying the underlying causes of problems or incidents in the laboratory, rather than just addressing the symptoms.",True,False,,,a
"The term ""failure mode and effects analysis (FMEA)"" is a systematic, proactive method for identifying and preventing potential process and product failures before they occur.",True,False,,,a
"The term ""lean laboratory"" refers to the application of lean principles (e.g., waste reduction, continuous improvement) to laboratory processes to improve efficiency and quality.",True,False,,,a
"The term ""six sigma in laboratory"" refers to a set of techniques and tools for process improvement that aims to reduce defects and variation in laboratory processes.",True,False,,,a
"The term ""laboratory safety"" refers to the practices and procedures implemented in a laboratory to protect personnel, the environment, and the public from hazards associated with laboratory work.",True,False,,,a
"Biosafety levels (BSL) are a set of containment precautions used in laboratories to protect laboratory workers and the environment from infectious agents. BSL-1 is the lowest level of containment, and BSL-4 is the highest.",True,False,,,a
Chemical hygiene plan (CHP) is a written program developed by laboratories to protect employees from health hazards associated with hazardous chemicals in the workplace.,True,False,,,a
Personal protective equipment (PPE) in the laboratory includes:,"Lab coats, gloves, eye protection, and closed-toe shoes",Casual clothing,Open-toed sandals,Jewelry,a
Sharps disposal containers are used for the safe disposal of:,Paper waste,"Used needles, scalpels, and other sharp objects",Food waste,Plastic bottles,b
Biohazard waste is waste that contains or has been contaminated with infectious materials. It should be disposed of in designated biohazard bags or containers.,True,False,,,a
"Chemical waste should be disposed of according to specific regulations and guidelines, often requiring segregation and special handling.",True,False,,,a
Fire safety in the laboratory includes:,Knowing the location of fire extinguishers and emergency exits,Proper storage of flammable chemicals,Avoiding overloading electrical outlets,All of the above,d
Emergency showers and eyewash stations are essential safety equipment in laboratories for:,Cleaning laboratory benches,Rinsing off chemical splashes or spills on the skin or in the eyes,Washing hands,Storing chemicals,b
"Fume hoods are laboratory ventilation devices that protect workers from exposure to hazardous fumes, vapors, and particulate matter.",True,False,,,a
"Biological safety cabinets (BSCs) are enclosed, ventilated workspaces that protect workers, the environment, and the product from biological hazards. They are classified into different classes (Class I, II, III) based on their level of protection.",True,False,,,a
"The concept of ""universal precautions"" in the laboratory involves treating all human blood and certain body fluids as if they are known to be infectious for bloodborne pathogens.",True,False,,,a
"The term ""bloodborne pathogens"" refers to pathogenic microorganisms that are present in human blood and can cause disease in humans. Examples include:","Hepatitis B virus (HBV), Hepatitis C virus (HCV), and Human Immunodeficiency Virus (HIV)",Influenza virus,Common cold virus,Norovirus,a
Exposure control plan (ECP) is a written program that outlines the procedures to eliminate or minimize occupational exposure to bloodborne pathogens.,True,False,,,a
Post-exposure prophylaxis (PEP) is a short course of antiretroviral drugs taken very soon after a high-risk exposure to HIV to prevent HIV infection.,True,False,,,a
"The term ""chain of custody"" in laboratory testing refers to the chronological documentation or paper trail, showing the seizure, custody, control, transfer, analysis, and disposition of physical or electronic evidence. It is crucial for maintaining the integrity of samples, especially in forensic or legal cases.",True,False,,,a
"The term ""specimen integrity"" refers to the quality and suitability of a patient sample for laboratory testing. Factors affecting specimen integrity include proper collection, handling, and storage.",True,False,,,a
"The term ""pre-analytical variables"" refers to factors that can affect laboratory test results before the sample is analyzed. These include patient preparation, sample collection, handling, and transport.",True,False,,,a
"The term ""analytical variables"" refers to factors that can affect laboratory test results during the analysis of the sample. These include instrument calibration, reagent quality, and analytical interferences.",True,False,,,a
"The term ""post-analytical variables"" refers to factors that can affect laboratory test results after the sample has been analyzed. These include result reporting, interpretation, and communication.",True,False,,,a
"The term ""laboratory accreditation"" refers to the formal recognition by an authoritative body that a laboratory is competent to carry out specific tests or types of tests.",True,False,,,a
"The term ""laboratory certification"" refers to the process by which a governmental agency or other authorized body grants recognition to a laboratory that meets certain standards.",True,False,,,a
"The term ""laboratory licensure"" refers to the process by which a governmental agency grants permission to a laboratory to operate.",True,False,,,a
"The term ""laboratory quality management system (QMS)"" refers to a comprehensive system that encompasses all aspects of laboratory operations to ensure the quality and reliability of test results.",True,False,,,a
"The term ""root cause analysis (RCA)"" is a systematic process for identifying the underlying causes of problems or incidents in the laboratory, rather than just addressing the symptoms.",True,False,,,a
"The term ""failure mode and effects analysis (FMEA)"" is a systematic, proactive method for identifying and preventing potential process and product failures before they occur.",True,False,,,a
"The term ""lean laboratory"" refers to the application of lean principles (e.g., waste reduction, continuous improvement) to laboratory processes to improve efficiency and quality.",True,False,,,a
"The term ""six sigma in laboratory"" refers to a set of techniques and tools for process improvement that aims to reduce defects and variation in laboratory processes.",True,False,,,a
"The term ""laboratory safety"" refers to the practices and procedures implemented in a laboratory to protect personnel, the environment, and the public from hazards associated with laboratory work.",True,False,,,a
"Biosafety levels (BSL) are a set of containment precautions used in laboratories to protect laboratory workers and the environment from infectious agents. BSL-1 is the lowest level of containment, and BSL-4 is the highest.",True,False,,,a
Chemical hygiene plan (CHP) is a written program developed by laboratories to protect employees from health hazards associated with hazardous chemicals in the workplace.,True,False,,,a
Personal protective equipment (PPE) in the laboratory includes:,"Lab coats, gloves, eye protection, and closed-toe shoes",Casual clothing,Open-toed sandals,Jewelry,a
Sharps disposal containers are used for the safe disposal of:,Paper waste,"Used needles, scalpels, and other sharp objects",Food waste,Plastic bottles,b
Biohazard waste is waste that contains or has been contaminated with infectious materials. It should be disposed of in designated biohazard bags or containers.,True,False,,,a
"Chemical waste should be disposed of according to specific regulations and guidelines, often requiring segregation and special handling.",True,False,,,a
Fire safety in the laboratory includes:,Knowing the location of fire extinguishers and emergency exits,Proper storage of flammable chemicals,Avoiding overloading electrical outlets,All of the above,d
Emergency showers and eyewash stations are essential safety equipment in laboratories for:,Cleaning laboratory benches,Rinsing off chemical splashes or spills on the skin or in the eyes,Washing hands,Storing chemicals,b
"Fume hoods are laboratory ventilation devices that protect workers from exposure to hazardous fumes, vapors, and particulate matter.",True,False,,,a
"Biological safety cabinets (BSCs) are enclosed, ventilated workspaces that protect workers, the environment, and the product from biological hazards. They are classified into different classes (Class I, II, III) based on their level of protection.",True,False,,,a
"The concept of ""universal precautions"" in the laboratory involves treating all human blood and certain body fluids as if they are known to be infectious for bloodborne pathogens.",True,False,,,a
"The term ""bloodborne pathogens"" refers to pathogenic microorganisms that are present in human blood and can cause disease in humans. Examples include:","Hepatitis B virus (HBV), Hepatitis C virus (HCV), and Human Immunodeficiency Virus (HIV)",Influenza virus,Common cold virus,Norovirus,a
Exposure control plan (ECP) is a written program that outlines the procedures to eliminate or minimize occupational exposure to bloodborne pathogens.,True,False,,,a
Post-exposure prophylaxis (PEP) is a short course of antiretroviral drugs taken very soon after a high-risk exposure to HIV to prevent HIV infection.,True,False,,,a
"The term ""chain of custody"" in laboratory testing refers to the chronological documentation or paper trail, showing the seizure, custody, control, transfer, analysis, and disposition of physical or electronic evidence. It is crucial for maintaining the integrity of samples, especially in forensic or legal cases.",True,False,,,a
"The term ""specimen integrity"" refers to the quality and suitability of a patient sample for laboratory testing. Factors affecting specimen integrity include proper collection, handling, and storage.",True,False,,,a
"The term ""pre-analytical variables"" refers to factors that can affect laboratory test results before the sample is analyzed. These include patient preparation, sample collection, handling, and transport.",True,False,,,a
"The term ""analytical variables"" refers to factors that can affect laboratory test results during the analysis of the sample. These include instrument calibration, reagent quality, and analytical interferences.",True,False,,,a
"The term ""post-analytical variables"" refers to factors that can affect laboratory test results after the sample has been analyzed. These include result reporting, interpretation, and communication.",True,False,,,a
"The term ""laboratory accreditation"" refers to the formal recognition by an authoritative body that a laboratory is competent to carry out specific tests or types of tests.",True,False,,,a
"The term ""laboratory certification"" refers to the process by which a governmental agency or other authorized body grants recognition to a laboratory that meets certain standards.",True,False,,,a
"The term ""laboratory licensure"" refers to the process by which a governmental agency grants permission to a laboratory to operate.",True,False,,,a
"The term ""laboratory quality management system (QMS)"" refers to a comprehensive system that encompasses all aspects of laboratory operations to ensure the quality and reliability of test results.",True,False,,,a
"The term ""root cause analysis (RCA)"" is a systematic process for identifying the underlying causes of problems or incidents in the laboratory, rather than just addressing the symptoms.",True,False,,,a
"The term ""failure mode and effects analysis (FMEA)"" is a systematic, proactive method for identifying and preventing potential process and product failures before they occur.",True,False,,,a
"The term ""lean laboratory"" refers to the application of lean principles (e.g., waste reduction, continuous improvement) to laboratory processes to improve efficiency and quality.",True,False,,,a
"The term ""six sigma in laboratory"" refers to a set of techniques and tools for process improvement that aims to reduce defects and variation in laboratory processes.",True,False,,,a
"The term ""laboratory safety"" refers to the practices and procedures implemented in a laboratory to protect personnel, the environment, and the public from hazards associated with laboratory work.",True,False,,,a
"Biosafety levels (BSL) are a set of containment precautions used in laboratories to protect laboratory workers and the environment from infectious agents. BSL-1 is the lowest level of containment, and BSL-4 is the highest.",True,False,,,a
Chemical hygiene plan (CHP) is a written program developed by laboratories to protect employees from health hazards associated with hazardous chemicals in the workplace.,True,False,,,a
Personal protective equipment (PPE) in the laboratory includes:,"Lab coats, gloves, eye protection, and closed-toe shoes",Casual clothing,Open-toed sandals,Jewelry,a
Sharps disposal containers are used for the safe disposal of:,Paper waste,"Used needles, scalpels, and other sharp objects",Food waste,Plastic bottles,b
Biohazard waste is waste that contains or has been contaminated with infectious materials. It should be disposed of in designated biohazard bags or containers.,True,False,,,a
"Chemical waste should be disposed of according to specific regulations and guidelines, often requiring segregation and special handling.",True,False,,,a
Fire safety in the laboratory includes:,Knowing the location of fire extinguishers and emergency exits,Proper storage of flammable chemicals,Avoiding overloading electrical outlets,All of the above,d
Emergency showers and eyewash stations are essential safety equipment in laboratories for:,Cleaning laboratory benches,Rinsing off chemical splashes or spills on the skin or in the eyes,Washing hands,Storing chemicals,b
"Fume hoods are laboratory ventilation devices that protect workers from exposure to hazardous fumes, vapors, and particulate matter.",True,False,,,a
"Biological safety cabinets (BSCs) are enclosed, ventilated workspaces that protect workers, the environment, and the product from biological hazards. They are classified into different classes (Class I, II, III) based on their level of protection.",True,False,,,a
"The concept of ""universal precautions"" in the laboratory involves treating all human blood and certain body fluids as if they are known to be infectious for bloodborne pathogens.",True,False,,,a
"The term ""bloodborne pathogens"" refers to pathogenic microorganisms that are present in human blood and can cause disease in humans. Examples include:","Hepatitis B virus (HBV), Hepatitis C virus (HCV), and Human Immunodeficiency Virus (HIV)",Influenza virus,Common cold virus,Norovirus,a
Exposure control plan (ECP) is a written program that outlines the procedures to eliminate or minimize occupational exposure to bloodborne pathogens.,True,False,,,a
Post-exposure prophylaxis (PEP) is a short course of antiretroviral drugs taken very soon after a high-risk exposure to HIV to prevent HIV infection.,True,False,,,a
"The term ""chain of custody"" in laboratory testing refers to the chronological documentation or paper trail, showing the seizure, custody, control, transfer, analysis, and disposition of physical or electronic evidence. It is crucial for maintaining the integrity of samples, especially in forensic or legal cases.",True,False,,,a
"The term ""specimen integrity"" refers to the quality and suitability of a patient sample for laboratory testing. Factors affecting specimen integrity include proper collection, handling, and storage.",True,False,,,a
"The term ""pre-analytical variables"" refers to factors that can affect laboratory test results before the sample is analyzed. These include patient preparation, sample collection, handling, and transport.",True,False,,,a
"The term ""analytical variables"" refers to factors that can affect laboratory test results during the analysis of the sample. These include instrument calibration, reagent quality, and analytical interferences.",True,False,,,a
"The term ""post-analytical variables"" refers to factors that can affect laboratory test results after the sample has been analyzed. These include result reporting, interpretation, and communication.",True,False,,,a
"The term ""laboratory accreditation"" refers to the formal recognition by an authoritative body that a laboratory is competent to carry out specific tests or types of tests.",True,False,,,a
"The term ""laboratory certification"" refers to the process by which a governmental agency or other authorized body grants recognition to a laboratory that meets certain standards.",True,False,,,a
"The term ""laboratory licensure"" refers to the process by which a governmental agency grants permission to a laboratory to operate.",True,False,,,a
"The term ""laboratory quality management system (QMS)"" refers to a comprehensive system that encompasses all aspects of laboratory operations to ensure the quality and reliability of test results.",True,False,,,a
"The term ""root cause analysis (RCA)"" is a systematic process for identifying the underlying causes of problems or incidents in the laboratory, rather than just addressing the symptoms.",True,False,,,a
"The term ""failure mode and effects analysis (FMEA)"" is a systematic, proactive method for identifying and preventing potential process and product failures before they occur.",True,False,,,a
"The term ""lean laboratory"" refers to the application of lean principles (e.g., waste reduction, continuous improvement) to laboratory processes to improve efficiency and quality.",True,False,,,a
"The term ""six sigma in laboratory"" refers to a set of techniques and tools for process improvement that aims to reduce defects and variation in laboratory processes.",True,False,,,a
"The term ""laboratory safety"" refers to the practices and procedures implemented in a laboratory to protect personnel, the environment, and the public from hazards associated with laboratory work.",True,False,,,a
"Biosafety levels (BSL) are a set of containment precautions used in laboratories to protect laboratory workers and the environment from infectious agents. BSL-1 is the lowest level of containment, and BSL-4 is the highest.",True,False,,,a
Chemical hygiene plan (CHP) is a written program developed by laboratories to protect employees from health hazards associated with hazardous chemicals in the workplace.,True,False,,,a
Personal protective equipment (PPE) in the laboratory includes:,"Lab coats, gloves, eye protection, and closed-toe shoes",Casual clothing,Open-toed sandals,Jewelry,a
Sharps disposal containers are used for the safe disposal of:,Paper waste,"Used needles, scalpels, and other sharp objects",Food waste,Plastic bottles,b
Biohazard waste is waste that contains or has been contaminated with infectious materials. It should be disposed of in designated biohazard bags or containers.,True,False,,,a
"Chemical waste should be disposed of according to specific regulations and guidelines, often requiring segregation and special handling.",True,False,,,a
Fire safety in the laboratory includes:,Knowing the location of fire extinguishers and emergency exits,Proper storage of flammable chemicals,Avoiding overloading electrical outlets,All of the above,d
Emergency showers and eyewash stations are essential safety equipment in laboratories for:,Cleaning laboratory benches,Rinsing off chemical splashes or spills on the skin or in the eyes,Washing hands,Storing chemicals,b
"Fume hoods are laboratory ventilation devices that protect workers from exposure to hazardous fumes, vapors, and particulate matter.",True,False,,,a
"Biological safety cabinets (BSCs) are enclosed, ventilated workspaces that protect workers, the environment, and the product from biological hazards. They are classified into different classes (Class I, II, III) based on their level of protection.",True,False,,,a
"The concept of ""universal precautions"" in the laboratory involves treating all human blood and certain body fluids as if they are known to be infectious for bloodborne pathogens.",True,False,,,a
"The term ""bloodborne pathogens"" refers to pathogenic microorganisms that are present in human blood and can cause disease in humans. Examples include:","Hepatitis B virus (HBV), Hepatitis C virus (HCV), and Human Immunodeficiency Virus (HIV)",Influenza virus,Common cold virus,Norovirus,a
Exposure control plan (ECP) is a written program that outlines the procedures to eliminate or minimize occupational exposure to bloodborne pathogens.,True,False,,,a
Post-exposure prophylaxis (PEP) is a short course of antiretroviral drugs taken very soon after a high-risk exposure to HIV to prevent HIV infection.,True,False,,,a
"The term ""chain of custody"" in laboratory testing refers to the chronological documentation or paper trail, showing the seizure, custody, control, transfer, analysis, and disposition of physical or electronic evidence. It is crucial for maintaining the integrity of samples, especially in forensic or legal cases.",True,False,,,a
"The term ""specimen integrity"" refers to the quality and suitability of a patient sample for laboratory testing. Factors affecting specimen integrity include proper collection, handling, and storage.",True,False,,,a
"The term ""pre-analytical variables"" refers to factors that can affect laboratory test results before the sample is analyzed. These include patient preparation, sample collection, handling, and transport.",True,False,,,a
"The term ""analytical variables"" refers to factors that can affect laboratory test results during the analysis of the sample. These include instrument calibration, reagent quality, and analytical interferences.",True,False,,,a
"The term ""post-analytical variables"" refers to factors that can affect laboratory test results after the sample has been analyzed. These include result reporting, interpretation, and communication.",True,False,,,a
"The term ""laboratory accreditation"" refers to the formal recognition by an authoritative body that a laboratory is competent to carry out specific tests or types of tests.",True,False,,,a
"The term ""laboratory certification"" refers to the process by which a governmental agency or other authorized body grants recognition to a laboratory that meets certain standards.",True,False,,,a
"The term ""laboratory licensure"" refers to the process by which a governmental agency grants permission to a laboratory to operate.",True,False,,,a
"The term ""laboratory quality management system (QMS)"" refers to a comprehensive system that encompasses all aspects of laboratory operations to ensure the quality and reliability of test results.",True,False,,,a
"The term ""root cause analysis (RCA)"" is a systematic process for identifying the underlying causes of problems or incidents in the laboratory, rather than just addressing the symptoms.",True,False,,,a
"The term ""failure mode and effects analysis (FMEA)"" is a systematic, proactive method for identifying and preventing potential process and product failures before they occur.",True,False,,,a
"The term ""lean laboratory"" refers to the application of lean principles (e.g., waste reduction, continuous improvement) to laboratory processes to improve efficiency and quality.",True,False,,,a
"The term ""six sigma in laboratory"" refers to a set of techniques and tools for process improvement that aims to reduce defects and variation in laboratory processes.",True,False,,,a
"The term ""laboratory safety"" refers to the practices and procedures implemented in a laboratory to protect personnel, the environment, and the public from hazards associated with laboratory work.",True,False,,,a
"Biosafety levels (BSL) are a set of containment precautions used in laboratories to protect laboratory workers and the environment from infectious agents. BSL-1 is the lowest level of containment, and BSL-4 is the highest.",True,False,,,a
Chemical hygiene plan (CHP) is a written program developed by laboratories to protect employees from health hazards associated with hazardous chemicals in the workplace.,True,False,,,a
Personal protective equipment (PPE) in the laboratory includes:,"Lab coats, gloves, eye protection, and closed-toe shoes",Casual clothing,Open-toed sandals,Jewelry,a
Sharps disposal containers are used for the safe disposal of:,Paper waste,"Used needles, scalpels, and other sharp objects",Food waste,Plastic bottles,b
Biohazard waste is waste that contains or has been contaminated with infectious materials. It should be disposed of in designated biohazard bags or containers.,True,False,,,a
"Chemical waste should be disposed of according to specific regulations and guidelines, often requiring segregation and special handling.",True,False,,,a
Fire safety in the laboratory includes:,Knowing the location of fire extinguishers and emergency exits,Proper storage of flammable chemicals,Avoiding overloading electrical outlets,All of the above,d
Emergency showers and eyewash stations are essential safety equipment in laboratories for:,Cleaning laboratory benches,Rinsing off chemical splashes or spills on the skin or in the eyes,Washing hands,Storing chemicals,b
"Fume hoods are laboratory ventilation devices that protect workers from exposure to hazardous fumes, vapors, and particulate matter.",True,False,,,a
"Biological safety cabinets (BSCs) are enclosed, ventilated workspaces that protect workers, the environment, and the product from biological hazards. They are classified into different classes (Class I, II, III) based on their level of protection.",True,False,,,a
"The concept of ""universal precautions"" in the laboratory involves treating all human blood and certain body fluids as if they are known to be infectious for bloodborne pathogens.",True,False,,,a
"The term ""bloodborne pathogens"" refers to pathogenic microorganisms that are present in human blood and can cause disease in humans. Examples include:","Hepatitis B virus (HBV), Hepatitis C virus (HCV), and Human Immunodeficiency Virus (HIV)",Influenza virus,Common cold virus,Norovirus,a
Exposure control plan (ECP) is a written program that outlines the procedures to eliminate or minimize occupational exposure to bloodborne pathogens.,True,False,,,a
Post-exposure prophylaxis (PEP) is a short course of antiretroviral drugs taken very soon after a high-risk exposure to HIV to prevent HIV infection.,True,False,,,a
"The term ""chain of custody"" in laboratory testing refers to the chronological documentation or paper trail, showing the seizure, custody, control, transfer, analysis, and disposition of physical or electronic evidence. It is crucial for maintaining the integrity of samples, especially in forensic or legal cases.",True,False,,,a
"The term ""specimen integrity"" refers to the quality and suitability of a patient sample for laboratory testing. Factors affecting specimen integrity include proper collection, handling, and storage.",True,False,,,a
"The term ""pre-analytical variables"" refers to factors that can affect laboratory test results before the sample is analyzed. These include patient preparation, sample collection, handling, and transport.",True,False,,,a
"The term ""analytical variables"" refers to factors that can affect laboratory test results during the analysis of the sample. These include instrument calibration, reagent quality, and analytical interferences.",True,False,,,a
"The term ""post-analytical variables"" refers to factors that can affect laboratory test results after the sample has been analyzed. These include result reporting, interpretation, and communication.",True,False,,,a
"The term ""laboratory accreditation"" refers to the formal recognition by an authoritative body that a laboratory is competent to carry out specific tests or types of tests.",True,False,,,a
"The term ""laboratory certification"" refers to the process by which a governmental agency or other authorized body grants recognition to a laboratory that meets certain standards.",True,False,,,a
"The term ""laboratory licensure"" refers to the process by which a governmental agency grants permission to a laboratory to operate.",True,False,,,a
"The term ""laboratory quality management system (QMS)"" refers to a comprehensive system that encompasses all aspects of laboratory operations to ensure the quality and reliability of test results.",True,False,,,a
"The term ""root cause analysis (RCA)"" is a systematic process for identifying the underlying causes of problems or incidents in the laboratory, rather than just addressing the symptoms.",True,False,,,a
"The term ""failure mode and effects analysis (FMEA)"" is a systematic, proactive method for identifying and preventing potential process and product failures before they occur.",True,False,,,a
"The term ""lean laboratory"" refers to the application of lean principles (e.g., waste reduction, continuous improvement) to laboratory processes to improve efficiency and quality.",True,False,,,a
"The term ""six sigma in laboratory"" refers to a set of techniques and tools for process improvement that aims to reduce defects and variation in laboratory processes.",True,False,,,a
"The term ""laboratory safety"" refers to the practices and procedures implemented in a laboratory to protect personnel, the environment, and the public from hazards associated with laboratory work.",True,False,,,a
"Biosafety levels (BSL) are a set of containment precautions used in laboratories to protect laboratory workers and the environment from infectious agents. BSL-1 is the lowest level of containment, and BSL-4 is the highest.",True,False,,,a
Chemical hygiene plan (CHP) is a written program developed by laboratories to protect employees from health hazards associated with hazardous chemicals in the workplace.,True,False,,,a
Personal protective equipment (PPE) in the laboratory includes:,"Lab coats, gloves, eye protection, and closed-toe shoes",Casual clothing,Open-toed sandals,Jewelry,a
Sharps disposal containers are used for the safe disposal of:,Paper waste,"Used needles, scalpels, and other sharp objects",Food waste,Plastic bottles,b
Biohazard waste is waste that contains or has been contaminated with infectious materials. It should be disposed of in designated biohazard bags or containers.,True,False,,,a
"Chemical waste should be disposed of according to specific regulations and guidelines, often requiring segregation and special handling.",True,False,,,a
Fire safety in the laboratory includes:,Knowing the location of fire extinguishers and emergency exits,Proper storage of flammable chemicals,Avoiding overloading electrical outlets,All of the above,d
Emergency showers and eyewash stations are essential safety equipment in laboratories for:,Cleaning laboratory benches,Rinsing off chemical splashes or spills on the skin or in the eyes,Washing hands,Storing chemicals,b
"Fume hoods are laboratory ventilation devices that protect workers from exposure to hazardous fumes, vapors, and particulate matter.",True,False,,,a
"Biological safety cabinets (BSCs) are enclosed, ventilated workspaces that protect workers, the environment, and the product from biological hazards. They are classified into different classes (Class I, II, III) based on their level of protection.",True,False,,,a
"The concept of ""universal precautions"" in the laboratory involves treating all human blood and certain body fluids as if they are known to be infectious for bloodborne pathogens.",True,False,,,a
"The term ""bloodborne pathogens"" refers to pathogenic microorganisms that are present in human blood and can cause disease in humans. Examples include:","Hepatitis B virus (HBV), Hepatitis C virus (HCV), and Human Immunodeficiency Virus (HIV)",Influenza virus,Common cold virus,Norovirus,a
Exposure control plan (ECP) is a written program that outlines the procedures to eliminate or minimize occupational exposure to bloodborne pathogens.,True,False,,,a
Post-exposure prophylaxis (PEP) is a short course of antiretroviral drugs taken very soon after a high-risk exposure to HIV to prevent HIV infection.,True,False,,,a
"The term ""chain of custody"" in laboratory testing refers to the chronological documentation or paper trail, showing the seizure, custody, control, transfer, analysis, and disposition of physical or electronic evidence. It is crucial for maintaining the integrity of samples, especially in forensic or legal cases.",True,False,,,a
"The term ""specimen integrity"" refers to the quality and suitability of a patient sample for laboratory testing. Factors affecting specimen integrity include proper collection, handling, and storage.",True,False,,,a
"The term ""pre-analytical variables"" refers to factors that can affect laboratory test results before the sample is analyzed. These include patient preparation, sample collection, handling, and transport.",True,False,,,a
"The term ""analytical variables"" refers to factors that can affect laboratory test results during the analysis of the sample. These include instrument calibration, reagent quality, and analytical interferences.",True,False,,,a
"The term ""post-analytical variables"" refers to factors that can affect laboratory test results after the sample has been analyzed. These include result reporting, interpretation, and communication.",True,False,,,a
"The term ""laboratory accreditation"" refers to the formal recognition by an authoritative body that a laboratory is competent to carry out specific tests or types of tests.",True,False,,,a
"The term ""laboratory certification"" refers to the process by which a governmental agency or other authorized body grants recognition to a laboratory that meets certain standards.",True,False,,,a
"The term ""laboratory licensure"" refers to the process by which a governmental agency grants permission to a laboratory to operate.",True,False,,,a
"The term ""laboratory quality management system (QMS)"" refers to a comprehensive system that encompasses all aspects of laboratory operations to ensure the quality and reliability of test results.",True,False,,,a
"The term ""root cause analysis (RCA)"" is a systematic process for identifying the underlying causes of problems or incidents in the laboratory, rather than just addressing the symptoms.",True,False,,,a
"The term ""failure mode and effects analysis (FMEA)"" is a systematic, proactive method for identifying and preventing potential process and product failures before they occur.",True,False,,,a
"The term ""lean laboratory"" refers to the application of lean principles (e.g., waste reduction, continuous improvement) to laboratory processes to improve efficiency and quality.",True,False,,,a
"The term ""six sigma in laboratory"" refers to a set of techniques and tools for process improvement that aims to reduce defects and variation in laboratory processes.",True,False,,,a
"The term ""laboratory safety"" refers to the practices and procedures implemented in a laboratory to protect personnel, the environment, and the public from hazards associated with laboratory work.",True,False,,,a
"Biosafety levels (BSL) are a set of containment precautions used in laboratories to protect laboratory workers and the environment from infectious agents. BSL-1 is the lowest level of containment, and BSL-4 is the highest.",True,False,,,a
Chemical hygiene plan (CHP) is a written program developed by laboratories to protect employees from health hazards associated with hazardous chemicals in the workplace.,True,False,,,a
Personal protective equipment (PPE) in the laboratory includes:,"Lab coats, gloves, eye protection, and closed-toe shoes",Casual clothing,Open-toed sandals,Jewelry,a
Sharps disposal containers are used for the safe disposal of:,Paper waste,"Used needles, scalpels, and other sharp objects",Food waste,Plastic bottles,b
Biohazard waste is waste that contains or has been contaminated with infectious materials. It should be disposed of in designated biohazard bags or containers.,True,False,,,a
"Chemical waste should be disposed of according to specific regulations and guidelines, often requiring segregation and special handling.",True,False,,,a
Fire safety in the laboratory includes:,Knowing the location of fire extinguishers and emergency exits,Proper storage of flammable chemicals,Avoiding overloading electrical outlets,All of the above,d
Emergency showers and eyewash stations are essential safety equipment in laboratories for:,Cleaning laboratory benches,Rinsing off chemical splashes or spills on the skin or in the eyes,Washing hands,Storing chemicals,b
"Fume hoods are laboratory ventilation devices that protect workers from exposure to hazardous fumes, vapors, and particulate matter.",True,False,,,a
"Biological safety cabinets (BSCs) are enclosed, ventilated workspaces that protect workers, the environment, and the product from biological hazards. They are classified into different classes (Class I, II, III) based on their level of protection.",True,False,,,a
"The concept of ""universal precautions"" in the laboratory involves treating all human blood and certain body fluids as if they are known to be infectious for bloodborne pathogens.",True,False,,,a
"The term ""bloodborne pathogens"" refers to pathogenic microorganisms that are present in human blood and can cause disease in humans. Examples include:","Hepatitis B virus (HBV), Hepatitis C virus (HCV), and Human Immunodeficiency Virus (HIV)",Influenza virus,Common cold virus,Norovirus,a
Exposure control plan (ECP) is a written program that outlines the procedures to eliminate or minimize occupational exposure to bloodborne pathogens.,True,False,,,a
Post-exposure prophylaxis (PEP) is a short course of antiretroviral drugs taken very soon after a high-risk exposure to HIV to prevent HIV infection.,True,False,,,a
"The term ""chain of custody"" in laboratory testing refers to the chronological documentation or paper trail, showing the seizure, custody, control, transfer, analysis, and disposition of physical or electronic evidence. It is crucial for maintaining the integrity of samples, especially in forensic or legal cases.",True,False,,,a
"The term ""specimen integrity"" refers to the quality and suitability of a patient sample for laboratory testing. Factors affecting specimen integrity include proper collection, handling, and storage.",True,False,,,a
"The term ""pre-analytical variables"" refers to factors that can affect laboratory test results before the sample is analyzed. These include patient preparation, sample collection, handling, and transport.",True,False,,,a
"The term ""analytical variables"" refers to factors that can affect laboratory test results during the analysis of the sample. These include instrument calibration, reagent quality, and analytical interferences.",True,False,,,a
"The term ""post-analytical variables"" refers to factors that can affect laboratory test results after the sample has been analyzed. These include result reporting, interpretation, and communication.",True,False,,,a
"The term ""laboratory accreditation"" refers to the formal recognition by an authoritative body that a laboratory is competent to carry out specific tests or types of tests.",True,False,,,a
"The term ""laboratory certification"" refers to the process by which a governmental agency or other authorized body grants recognition to a laboratory that meets certain standards.",True,False,,,a
"The term ""laboratory licensure"" refers to the process by which a governmental agency grants permission to a laboratory to operate.",True,False,,,a
"The term ""laboratory quality management system (QMS)"" refers to a comprehensive system that encompasses all aspects of laboratory operations to ensure the quality and reliability of test results.",True,False,,,a
"The term ""root cause analysis (RCA)"" is a systematic process for identifying the underlying causes of problems or incidents in the laboratory, rather than just addressing the symptoms.",True,False,,,a
"The term ""failure mode and effects analysis (FMEA)"" is a systematic, proactive method for identifying and preventing potential process and product failures before they occur.",True,False,,,a
"The term ""lean laboratory"" refers to the application of lean principles (e.g., waste reduction, continuous improvement) to laboratory processes to improve efficiency and quality.",True,False,,,a
"The term ""six sigma in laboratory"" refers to a set of techniques and tools for process improvement that aims to reduce defects and variation in laboratory processes.",True,False,,,a
"The term ""laboratory safety"" refers to the practices and procedures implemented in a laboratory to protect personnel, the environment, and the public from hazards associated with laboratory work.",True,False,,,a
"Biosafety levels (BSL) are a set of containment precautions used in laboratories to protect laboratory workers and the environment from infectious agents. BSL-1 is the lowest level of containment, and BSL-4 is the highest.",True,False,,,a
Chemical hygiene plan (CHP) is a written program developed by laboratories to protect employees from health hazards associated with hazardous chemicals in the workplace.,True,False,,,a
Personal protective equipment (PPE) in the laboratory includes:,"Lab coats, gloves, eye protection, and closed-toe shoes",Casual clothing,Open-toed sandals,Jewelry,a
Sharps disposal containers are used for the safe disposal of:,Paper waste,"Used needles, scalpels, and other sharp objects",Food waste,Plastic bottles,b
Biohazard waste is waste that contains or has been contaminated with infectious materials. It should be disposed of in designated biohazard bags or containers.,True,False,,,a
"Chemical waste should be disposed of according to specific regulations and guidelines, often requiring segregation and special handling.",True,False,,,a
Fire safety in the laboratory includes:,Knowing the location of fire extinguishers and emergency exits,Proper storage of flammable chemicals,Avoiding overloading electrical outlets,All of the above,d
Emergency showers and eyewash stations are essential safety equipment in laboratories for:,Cleaning laboratory benches,Rinsing off chemical splashes or spills on the skin or in the eyes,Washing hands,Storing chemicals,b
"Fume hoods are laboratory ventilation devices that protect workers from exposure to hazardous fumes, vapors, and particulate matter.",True,False,,,a
"Biological safety cabinets (BSCs) are enclosed, ventilated workspaces that protect workers, the environment, and the product from biological hazards. They are classified into different classes (Class I, II, III) based on their level of protection.",True,False,,,a
"The concept of ""universal precautions"" in the laboratory involves treating all human blood and certain body fluids as if they are known to be infectious for bloodborne pathogens.",True,False,,,a
"The term ""bloodborne pathogens"" refers to pathogenic microorganisms that are present in human blood and can cause disease in humans. Examples include:","Hepatitis B virus (HBV), Hepatitis C virus (HCV), and Human Immunodeficiency Virus (HIV)",Influenza virus,Common cold virus,Norovirus,a
Exposure control plan (ECP) is a written program that outlines the procedures to eliminate or minimize occupational exposure to bloodborne pathogens.,True,False,,,a
Post-exposure prophylaxis (PEP) is a short course of antiretroviral drugs taken very soon after a high-risk exposure to HIV to prevent HIV infection.,True,False,,,a
"The term ""chain of custody"" in laboratory testing refers to the chronological documentation or paper trail, showing the seizure, custody, control, transfer, analysis, and disposition of physical or electronic evidence. It is crucial for maintaining the integrity of samples, especially in forensic or legal cases.",True,False,,,a
"The term ""specimen integrity"" refers to the quality and suitability of a patient sample for laboratory testing. Factors affecting specimen integrity include proper collection, handling, and storage.",True,False,,,a
"The term ""pre-analytical variables"" refers to factors that can affect laboratory test results before the sample is analyzed. These include patient preparation, sample collection, handling, and transport.",True,False,,,a
"The term ""analytical variables"" refers to factors that can affect laboratory test results during the analysis of the sample. These include instrument calibration, reagent quality, and analytical interferences.",True,False,,,a
"The term ""post-analytical variables"" refers to factors that can affect laboratory test results after the sample has been analyzed. These include result reporting, interpretation, and communication.",True,False,,,a
