Question,Option A,Option B,Option C,Option D,Correct Answer
Which of the following best describes the primary purpose of informatics in nursing?,To replace nurses with computers,"To manage and process nursing data, information, and knowledge",To automate all nursing tasks,To provide entertainment for patients,b
What is an Electronic Health Record (EHR)?,A paper-based patient chart,A digital version of a patient's paper chart,A system for scheduling appointments only,A database of medical research articles,b
Which of the following is a benefit of using an EHR system?,Increased medication errors,Improved communication among healthcare providers,Slower access to patient information,Higher administrative costs,b
What is the term for the use of telecommunications and information technology to provide healthcare at a distance?,E-commerce,Telemedicine,Social media,Online gaming,b
Which of the following is a common application of computers in nursing education?,Performing surgical procedures,Simulating patient care scenarios,Dispensing medications,Cleaning hospital rooms,b
What is the importance of data security and privacy in nursing informatics?,It is not important as long as patient care is good,To comply with legal and ethical standards and protect patient information,To make data sharing easier with unauthorized individuals,To increase the cost of healthcare,b
Which of the following is an example of a clinical decision support system (CDSS) in nursing?,A system that automatically orders all medications,A system that provides alerts for potential drug interactions,A system that records patient vital signs manually,A system that only stores patient demographics,b
What is the role of a nurse informaticist?,To perform all IT support for the hospital,To develop and implement information systems in healthcare,To provide direct patient care only,To manage hospital finances,b
Which of the following is a challenge associated with the implementation of new technology in nursing?,Increased efficiency,Resistance to change from staff,Reduced training needs,Lower initial costs,b
"What is the term for the use of mobile devices (e.g., smartphones, tablets) in healthcare?",Desktop computing,Mainframe computing,Mobile health (mHealth),Cloud computing,c
Which of the following is a benefit of using barcoding technology in medication administration?,Increased risk of medication errors,"Improved patient safety by verifying the right patient, right medication, right dose, right route, and right time",Slower medication administration process,Reduced need for nurse training,b
What is the purpose of a Picture Archiving and Communication System (PACS) in healthcare?,To store patient demographic information,"To manage and store medical images (e.g., X-rays, MRIs)",To track hospital inventory,To process insurance claims,b
Which of the following is a key consideration when designing user interfaces for nursing software?,Complexity and numerous features,Intuitive design and ease of use,Bright and distracting colors,Small font sizes,b
"What is the role of standardized nursing terminologies (e.g., NANDA, NIC, NOC)?",To create confusion among nurses,To ensure consistent documentation and data collection across different healthcare settings,To limit the scope of nursing practice,To make nursing documentation more subjective,b
Which of the following is an ethical consideration related to the use of technology in nursing?,Ensuring patient privacy and confidentiality,Sharing patient data without consent,Using technology to replace human interaction,Prioritizing technology over patient needs,a
What is the primary goal of nursing informatics?,To reduce the number of nurses employed,To improve patient care outcomes through effective use of information technology,To increase hospital profits,To make healthcare more complicated,b
Which of the following is an example of how technology can support evidence-based practice in nursing?,Relying solely on personal experience,Providing quick access to research articles and clinical guidelines,Ignoring new medical advancements,Discouraging critical thinking,b
What is the term for the electronic exchange of health information between different healthcare organizations?,Data silos,Health Information Exchange (HIE),Information overload,Manual data entry,b
Which of the following is a benefit of using simulation technology in nursing education?,Eliminates the need for clinical experience,Provides a safe environment for students to practice skills and decision-making,Reduces the cost of nursing education,Limits student interaction with real patients,b
What is the role of a firewall in a healthcare IT system?,To speed up internet access,To prevent unauthorized access to a private network,To store patient data,To manage printer connections,b
Which of the following is a common use of spreadsheets in nursing?,Writing patient narratives,Tracking patient vital signs and trends,Performing surgical procedures,Creating marketing materials,b
What is the purpose of a patient portal?,To allow patients to self-diagnose,To provide patients with secure online access to their health information and communication with providers,To replace in-person doctor visits,To sell medical products to patients,b
Which of the following is a potential disadvantage of telemedicine?,Increased access to care for rural populations,Reduced travel time for patients,Challenges with physical examination and hands-on care,Improved continuity of care,c
What is the role of a nursing information system (NIS)?,To manage hospital finances,"To support nursing practice, administration, education, and research",To provide entertainment for patients,To automate all medical procedures,b
Which of the following is an example of how technology can improve medication safety?,Manual transcription of medication orders,Computerized physician order entry (CPOE) with built-in alerts,Relying solely on verbal orders,Storing medications in unlocked cabinets,b
"What is the term for the use of computer-based systems to collect, store, and manage patient health information?",Medical billing,Health informatics,Hospital administration,Clinical research,b
Which of the following is a benefit of using virtual reality (VR) in nursing education?,Limited exposure to real-world scenarios,Immersive and interactive learning experiences,Increased risk to patient safety,High cost with limited educational value,b
What is the purpose of an electronic medication administration record (eMAR)?,To track patient appointments,To document medication administration and reduce errors,To manage hospital supplies,To record patient complaints,b
Which of the following is a key component of a robust healthcare cybersecurity strategy?,Using default passwords for all systems,Regular security audits and staff training,Sharing patient data on public networks,Avoiding software updates,b
What is the term for the use of artificial intelligence (AI) and machine learning in healthcare to analyze large datasets and identify patterns?,Manual data analysis,Big data analytics,Traditional statistics,Small data management,b
Which of the following is a benefit of using telehealth for chronic disease management?,Increased hospital admissions,Improved patient adherence to treatment plans,Reduced patient engagement,Higher healthcare costs,b
What is the purpose of a clinical data repository (CDR)?,To store only administrative data,To centralize and integrate patient data from various sources,To manage financial transactions,To store medical images only,b
Which of the following is a challenge in ensuring interoperability between different healthcare IT systems?,Standardized data formats,Lack of common data standards and semantic understanding,Easy data exchange,Universal system compatibility,b
What is the role of a health information management (HIM) professional?,To provide direct patient care,To manage patient health information and medical records,To perform surgical procedures,To prescribe medications,b
Which of the following is an example of how technology can facilitate patient education?,Providing only verbal instructions,Offering interactive educational modules and videos,Limiting access to health information,Using complex medical jargon,b
What is the term for the use of wearable devices and sensors to collect health data from patients?,Traditional monitoring,Remote patient monitoring (RPM),In-person assessments,Manual data collection,b
Which of the following is a benefit of using electronic prescribing (e-prescribing)?,Increased prescription errors,Improved legibility and reduced prescribing errors,Slower prescription processing,Higher costs for pharmacies,b
What is the purpose of a nursing minimum data set (NMDS)?,To collect all possible nursing data,"To standardize the collection of essential nursing data for clinical, administrative, and research purposes",To limit the amount of data collected,To create a complex data system,b
Which of the following is an example of how technology can support nursing research?,Relying solely on anecdotal evidence,"Facilitating data collection, analysis, and dissemination of research findings",Discouraging scientific inquiry,Limiting access to research databases,b
"What is the term for the use of robotics in healthcare, such as surgical robots or medication dispensing robots?",Manual assistance,Automation,Human-only operations,Traditional methods,b
Which of the following is a benefit of using electronic health records (EHRs) for population health management?,It makes it harder to identify health trends,It allows for the aggregation and analysis of data to identify health disparities and patterns,It limits the ability to track public health initiatives,It only focuses on individual patient care,b
What is the primary purpose of a clinical information system (CIS) in a hospital setting?,To manage human resources,To support clinical decision-making and patient care processes,To handle financial transactions,To manage hospital maintenance,b
Which of the following is a challenge in implementing telehealth services?,Increased patient satisfaction,Regulatory and reimbursement complexities,Improved access to specialists,Reduced healthcare costs,b
What is the role of a data analyst in nursing informatics?,To provide direct patient care,To interpret and analyze healthcare data to identify areas for improvement,To develop new software applications,To manage IT infrastructure,b
Which of the following is an example of how technology can enhance patient safety in medication administration?,Relying on handwritten medication orders,Using smart pumps with dose error reduction systems,Administering medications without proper identification,Ignoring medication alerts,b
"What is the term for the use of information technology to support nursing practice, education, and research?",Medical technology,Nursing informatics,Health administration,Biomedical engineering,b
Which of the following is a benefit of using electronic documentation in nursing?,Increased illegibility of notes,Improved accuracy and completeness of patient records,Slower documentation process,Reduced data sharing capabilities,b
What is the purpose of a clinical pathway or care plan in an EHR?,To limit nursing autonomy,To standardize care processes and improve patient outcomes,To increase variations in care,To make documentation more complex,b
Which of the following is a key aspect of cybersecurity in healthcare?,Sharing passwords among staff,Implementing strong authentication and access controls,Storing sensitive data on unsecured devices,Disabling security updates,b
What is the term for the use of virtual reality (VR) or augmented reality (AR) to train healthcare professionals?,Traditional simulation,Immersive learning,Passive observation,Didactic instruction,b
Which of the following is a benefit of using telehealth for mental health services?,Increased stigma,"Improved access to care, especially in rural areas",Reduced patient privacy,Limited treatment options,b
What is the purpose of a patient safety event reporting system?,To punish healthcare providers,To identify and analyze adverse events to prevent future occurrences,To hide medical errors,To increase administrative burden,b
Which of the following is a challenge in integrating medical devices with EHRs?,Seamless data flow,Lack of standardized communication protocols,Real-time data access,Reduced manual data entry,b
What is the role of a clinical informaticist?,To perform routine IT maintenance,To bridge the gap between clinical practice and information technology,To manage hospital finances,To provide direct patient care,b
Which of the following is an example of how technology can support medication reconciliation?,Relying on patient memory for medication lists,Automated comparison of medication lists across care transitions,Ignoring discrepancies in medication lists,Manual transcription of medication information,b
What is the term for the use of information technology to support public health initiatives?,Clinical informatics,Public health informatics,Biomedical informatics,Nursing informatics,b
Which of the following is a benefit of using electronic health records (EHRs) for research?,Limited data availability,Access to large datasets for retrospective studies,Increased data bias,Slower research processes,b
"What is the purpose of a patient identification system (e.g., barcoding, RFID)?",To complicate patient registration,To ensure accurate patient identification and reduce errors,To track patient movements within the hospital,To replace human identification methods,b
Which of the following is a key principle of health information privacy?,Sharing patient data with anyone who asks,Limiting access to patient information to authorized personnel only,Publicly displaying patient health records,Selling patient data for profit,b
What is the term for the use of natural language processing (NLP) in healthcare?,Manual data entry,Extracting structured information from unstructured clinical notes,Ignoring textual data,Only processing numerical data,b
Which of the following is a benefit of using electronic medication reconciliation?,Increased medication errors,Improved patient safety by reducing discrepancies in medication lists,Slower reconciliation process,Reduced communication among healthcare providers,b
What is the purpose of a clinical dashboard in nursing?,To display irrelevant information,To provide real-time visual summaries of key patient data and performance metrics,To replace direct patient assessment,To complicate data interpretation,b
Which of the following is a challenge in adopting new technology in nursing practice?,Easy integration with existing workflows,Lack of adequate training and support for staff,Immediate cost savings,Universal acceptance by all users,b
What is the role of a network administrator in a healthcare setting?,To provide direct patient care,To manage and maintain the hospital's computer network infrastructure,To develop new medical devices,To conduct medical research,b
Which of the following is an example of how technology can support patient engagement?,Limiting patient access to their health information,Providing interactive patient education materials and secure messaging with providers,Discouraging patient questions,Making healthcare decisions for the patient,b
What is the term for the use of data from multiple sources to gain insights into patient populations and health trends?,Individual patient data analysis,Population health analytics,Anecdotal evidence,Single-source data collection,b
Which of the following is a benefit of using telehealth for remote monitoring of chronic conditions?,Increased need for in-person visits,Early detection of changes in patient condition and timely interventions,Reduced patient compliance,Higher rates of hospital readmissions,b
What is the purpose of a computerized provider order entry (CPOE) system?,To allow handwritten orders only,To enable healthcare providers to enter orders directly into the computer system,To increase transcription errors,To slow down the ordering process,b
Which of the following is a key aspect of data integrity in healthcare?,Allowing data to be easily altered without a trace,"Ensuring that data is accurate, consistent, and reliable","Storing data in multiple, conflicting formats",Ignoring data validation checks,b
What is the term for the use of virtual patients or avatars for training healthcare professionals?,Traditional role-playing,Virtual simulation,Live patient interaction,Textbook learning,b
Which of the following is a benefit of using electronic health records (EHRs) for quality improvement initiatives?,It makes it harder to track quality metrics,It provides data for identifying areas for improvement and measuring the impact of interventions,It limits the ability to conduct quality audits,"It only focuses on individual patient care, not system-wide improvements",b
What is the primary purpose of a patient classification system (PCS) in nursing?,To categorize patients based on their social status,To determine nursing care requirements and staffing levels,To assign patients to specific rooms,To track patient billing information,b
Which of the following is a challenge in maintaining data privacy in a highly interconnected healthcare system?,Easy sharing of patient data with third parties,The need for robust security measures and strict access controls,Reduced risk of data breaches,Simplified compliance with privacy regulations,b
What is the role of a clinical documentation specialist (CDS)?,To provide direct patient care,To ensure the accuracy and completeness of clinical documentation in the EHR,To develop new software applications,To manage hospital finances,b
Which of the following is an example of how technology can support interprofessional collaboration in healthcare?,Limiting communication between different healthcare disciplines,Facilitating secure messaging and shared access to patient information among team members,Encouraging siloed practice,Increasing communication barriers,b
What is the term for the use of predictive analytics in healthcare?,Relying on past experiences only,Using historical data to forecast future health outcomes or trends,Ignoring data patterns,Only analyzing current data,b
Which of the following is a benefit of using telehealth for remote consultations with specialists?,Increased travel time for patients,"Improved access to specialized care, especially in underserved areas",Reduced continuity of care,Higher costs for specialist services,b
"What is the purpose of a medication dispensing system (e.g., automated dispensing cabinets)?",To increase manual medication handling,To improve medication security and reduce dispensing errors,To slow down medication delivery,To eliminate the need for pharmacists,b
Which of the following is a key consideration for data backup and disaster recovery in healthcare IT?,Storing all data on a single server,Regular backups and a comprehensive disaster recovery plan to ensure data availability,Ignoring potential data loss scenarios,Relying solely on cloud storage without local backups,b
What is the term for the use of gamification in health education?,Making learning boring and unengaging,Applying game-design elements and game principles in non-game contexts to engage users,Only using traditional teaching methods,Discouraging active participation,b
Which of the following is a benefit of using electronic health records (EHRs) for research purposes?,Limited access to patient data,Facilitates large-scale data analysis and identification of trends,Increased manual data collection,Slower research processes,b
What is the primary purpose of a clinical decision support system (CDSS)?,To replace human decision-making,To provide clinicians with evidence-based information and alerts to aid in decision-making,To complicate clinical workflows,To automate all medical diagnoses,b
Which of the following is a challenge in ensuring data quality in healthcare information systems?,Perfect data entry every time,Inaccurate or incomplete data entry and lack of standardization,Automated data validation,Real-time data updates,b
What is the role of a health IT consultant?,To provide direct patient care,To advise healthcare organizations on technology implementation and optimization,To develop new medical devices,To manage hospital finances,b
Which of the following is an example of how technology can support patient self-management of chronic conditions?,Discouraging patient involvement,Providing mobile apps for tracking symptoms and medication adherence,Relying solely on in-person visits,Limiting access to health information,b
"What is the term for the use of biometric authentication (e.g., fingerprint, facial recognition) in healthcare?",Weak security measures,Enhanced security and user convenience for accessing systems,Traditional password-based authentication,Reduced privacy,b
Which of the following is a benefit of using telehealth for post-discharge follow-up?,Increased hospital readmissions,Improved patient recovery and reduced readmission rates,Reduced patient engagement,Higher costs for follow-up care,b
What is the purpose of a patient flow management system in a hospital?,To complicate patient movement,To optimize patient movement through different stages of care,To track hospital supplies,To manage staff schedules only,b
Which of the following is a key consideration for system downtime procedures in healthcare?,Ignoring the possibility of system failures,Having clear manual backup procedures and communication plans,Relying solely on electronic systems,Not informing staff about downtime,b
What is the term for the use of artificial intelligence (AI) in medical imaging analysis?,Manual image interpretation,Assisting radiologists in detecting abnormalities and making diagnoses,Replacing human radiologists entirely,Only for administrative tasks,b
Which of the following is a benefit of using electronic health records (EHRs) for public health surveillance?,It makes it harder to track disease outbreaks,It allows for real-time reporting and analysis of public health data,It limits the ability to share data with public health agencies,It only focuses on individual patient data,b
What is the primary purpose of a nursing documentation system?,To complicate nursing workflow,To provide a legal record of nursing care and patient responses,To replace verbal communication,To reduce the need for critical thinking,b
Which of the following is a challenge in ensuring patient safety with new technology?,Thorough testing and validation before implementation,Unforeseen errors or usability issues,Immediate and seamless integration,Reduced need for staff training,b
What is the role of a clinical educator in technology implementation?,To ignore staff concerns about new technology,To provide training and support to nurses on new systems and workflows,To develop new software applications,To manage hospital budgets,b
Which of the following is an example of how technology can support medication adherence?,Relying on patients to remember all medication instructions,Providing automated medication reminders and educational resources,Discouraging patient questions about their medications,Making medication schedules more complex,b
What is the term for the use of data visualization tools in healthcare?,"Presenting data in raw, unorganized formats",Creating graphical representations of data to identify trends and patterns,Limiting data analysis to spreadsheets only,Making data interpretation more difficult,b
Which of the following is a benefit of using telehealth for chronic wound care management?,Increased frequency of in-person clinic visits,Remote monitoring of wound healing and timely intervention,Reduced patient comfort,Higher risk of infection,b
What is the purpose of a patient tracking system in an emergency department?,To slow down patient flow,To monitor patient location and status in real-time,To manage staff breaks,To only track discharged patients,b
Which of the following is a key consideration for data backup and recovery in a healthcare setting?,"Storing all backups in a single, easily accessible location",Implementing off-site and encrypted backups for disaster recovery,Avoiding regular backup schedules,Relying on manual data re-entry after a system failure,b
What is the term for the use of serious games in healthcare?,Games designed purely for entertainment,"Games designed for a primary purpose other than pure entertainment, such as education or therapy",Games that are not relevant to healthcare,Games that are only played by children,b
Which of the following is a benefit of using electronic health records (EHRs) for quality improvement initiatives?,It makes it harder to track quality metrics,It provides data for identifying areas for improvement and measuring the impact of interventions,It limits the ability to conduct quality audits,"It only focuses on individual patient care, not system-wide improvements",b
What is the primary purpose of a patient classification system (PCS) in nursing?,To categorize patients based on their social status,To determine nursing care requirements and staffing levels,To assign patients to specific rooms,To track patient billing information,b
Which of the following is a challenge in maintaining data privacy in a highly interconnected healthcare system?,Easy sharing of patient data with third parties,The need for robust security measures and strict access controls,Reduced risk of data breaches,Simplified compliance with privacy regulations,b
What is the role of a clinical documentation specialist (CDS)?,To provide direct patient care,To ensure the accuracy and completeness of clinical documentation in the EHR,To develop new software applications,To manage hospital finances,b
Which of the following is an example of how technology can support interprofessional collaboration in healthcare?,Limiting communication between different healthcare disciplines,Facilitating secure messaging and shared access to patient information among team members,Encouraging siloed practice,Increasing communication barriers,b
What is the term for the use of predictive analytics in healthcare?,Relying on past experiences only,Using historical data to forecast future health outcomes or trends,Ignoring data patterns,Only analyzing current data,b
Which of the following is a benefit of using telehealth for remote consultations with specialists?,Increased travel time for patients,"Improved access to specialized care, especially in underserved areas",Reduced continuity of care,Higher costs for specialist services,b
"What is the purpose of a medication dispensing system (e.g., automated dispensing cabinets)?",To increase manual medication handling,To improve medication security and reduce dispensing errors,To slow down medication delivery,To eliminate the need for pharmacists,b
Which of the following is a key consideration for data backup and disaster recovery in healthcare IT?,Storing all data on a single server,Regular backups and a comprehensive disaster recovery plan to ensure data availability,Ignoring potential data loss scenarios,Relying solely on cloud storage without local backups,b
What is the term for the use of gamification in health education?,Making learning boring and unengaging,Applying game-design elements and game principles in non-game contexts to engage users,Only using traditional teaching methods,Discouraging active participation,b
Which of the following is a benefit of using electronic health records (EHRs) for research purposes?,Limited access to patient data,Facilitates large-scale data analysis and identification of trends,Increased manual data collection,Slower research processes,b
What is the primary purpose of a clinical decision support system (CDSS)?,To replace human decision-making,To provide clinicians with evidence-based information and alerts to aid in decision-making,To complicate clinical workflows,To automate all medical diagnoses,b
Which of the following is a challenge in ensuring data quality in healthcare information systems?,Perfect data entry every time,Inaccurate or incomplete data entry and lack of standardization,Automated data validation,Real-time data updates,b
What is the role of a health IT consultant?,To provide direct patient care,To advise healthcare organizations on technology implementation and optimization,To develop new medical devices,To manage hospital finances,b
Which of the following is an example of how technology can support patient self-management of chronic conditions?,Discouraging patient involvement,Providing mobile apps for tracking symptoms and medication adherence,Relying solely on in-person visits,Limiting access to health information,b
"What is the term for the use of biometric authentication (e.g., fingerprint, facial recognition) in healthcare?",Weak security measures,Enhanced security and user convenience for accessing systems,Traditional password-based authentication,Reduced privacy,b
Which of the following is a benefit of using telehealth for post-discharge follow-up?,Increased hospital readmissions,Improved patient recovery and reduced readmission rates,Reduced patient compliance,Higher costs for follow-up care,b
What is the purpose of a patient flow management system in a hospital?,To complicate patient movement,To optimize patient movement through different stages of care,To track hospital supplies,To manage staff schedules only,b
Which of the following is a key consideration for system downtime procedures in healthcare?,Ignoring the possibility of system failures,Having clear manual backup procedures and communication plans,Relying solely on electronic systems,Not informing staff about downtime,b
What is the term for the use of artificial intelligence (AI) in medical imaging analysis?,Manual image interpretation,Assisting radiologists in detecting abnormalities and making diagnoses,Replacing human radiologists entirely,Only for administrative tasks,b
Which of the following is a benefit of using electronic health records (EHRs) for public health surveillance?,It makes it harder to track disease outbreaks,It allows for real-time reporting and analysis of public health data,It limits the ability to share data with public health agencies,It only focuses on individual patient data,b
What is the primary purpose of a nursing documentation system?,To complicate nursing workflow,To provide a legal record of nursing care and patient responses,To replace verbal communication,To reduce the need for critical thinking,b
Which of the following is a challenge in ensuring patient safety with new technology?,Thorough testing and validation before implementation,Unforeseen errors or usability issues,Immediate and seamless integration,Reduced need for staff training,b
What is the role of a clinical educator in technology implementation?,To ignore staff concerns about new technology,To provide training and support to nurses on new systems and workflows,To develop new software applications,To manage hospital budgets,b
Which of the following is an example of how technology can support medication adherence?,Relying on patients to remember all medication instructions,Providing automated medication reminders and educational resources,Discouraging patient questions about their medications,Making medication schedules more complex,b
What is the term for the use of data visualization tools in healthcare?,"Presenting data in raw, unorganized formats",Creating graphical representations of data to identify trends and patterns,Limiting data analysis to spreadsheets only,Making data interpretation more difficult,b
Which of the following is a benefit of using telehealth for chronic wound care management?,Increased frequency of in-person clinic visits,Remote monitoring of wound healing and timely intervention,Reduced patient comfort,Higher risk of infection,b
What is the purpose of a patient tracking system in an emergency department?,To slow down patient flow,To monitor patient location and status in real-time,To manage staff breaks,To only track discharged patients,b
Which of the following is a key consideration for data backup and recovery in a healthcare setting?,"Storing all backups in a single, easily accessible location",Implementing off-site and encrypted backups for disaster recovery,Avoiding regular backup schedules,Relying on manual data re-entry after a system failure,b
What is the term for the use of serious games in healthcare?,Games designed purely for entertainment,"Games designed for a primary purpose other than pure entertainment, such as education or therapy",Games that are not relevant to healthcare,Games that are only played by children,b
Which of the following is a benefit of using electronic health records (EHRs) for quality improvement initiatives?,It makes it harder to track quality metrics,It provides data for identifying areas for improvement and measuring the impact of interventions,It limits the ability to conduct quality audits,"It only focuses on individual patient care, not system-wide improvements",b
What is the primary purpose of a patient classification system (PCS) in nursing?,To categorize patients based on their social status,To determine nursing care requirements and staffing levels,To assign patients to specific rooms,To track patient billing information,b
Which of the following is a challenge in maintaining data privacy in a highly interconnected healthcare system?,Easy sharing of patient data with third parties,The need for robust security measures and strict access controls,Reduced risk of data breaches,Simplified compliance with privacy regulations,b
What is the role of a clinical documentation specialist (CDS)?,To provide direct patient care,To ensure the accuracy and completeness of clinical documentation in the EHR,To develop new software applications,To manage hospital finances,b
Which of the following is an example of how technology can support interprofessional collaboration in healthcare?,Limiting communication between different healthcare disciplines,Facilitating secure messaging and shared access to patient information among team members,Encouraging siloed practice,Increasing communication barriers,b
What is the term for the use of predictive analytics in healthcare?,Relying on past experiences only,Using historical data to forecast future health outcomes or trends,Ignoring data patterns,Only analyzing current data,b
Which of the following is a benefit of using telehealth for remote consultations with specialists?,Increased travel time for patients,"Improved access to specialized care, especially in underserved areas",Reduced continuity of care,Higher costs for specialist services,b
"What is the purpose of a medication dispensing system (e.g., automated dispensing cabinets)?",To increase manual medication handling,To improve medication security and reduce dispensing errors,To slow down medication delivery,To eliminate the need for pharmacists,b
Which of the following is a key consideration for data backup and disaster recovery in healthcare IT?,Storing all data on a single server,Regular backups and a comprehensive disaster recovery plan to ensure data availability,Ignoring potential data loss scenarios,Relying solely on cloud storage without local backups,b
What is the term for the use of gamification in health education?,Making learning boring and unengaging,Applying game-design elements and game principles in non-game contexts to engage users,Only using traditional teaching methods,Discouraging active participation,b
Which of the following is a benefit of using electronic health records (EHRs) for quality improvement initiatives?,It makes it harder to track quality metrics,It provides data for identifying areas for improvement and measuring the impact of interventions,It limits the ability to conduct quality audits,"It only focuses on individual patient care, not system-wide improvements",b
What is the primary purpose of a patient classification system (PCS) in nursing?,To categorize patients based on their social status,To determine nursing care requirements and staffing levels,To assign patients to specific rooms,To track patient billing information,b
Which of the following is a challenge in maintaining data privacy in a highly interconnected healthcare system?,Easy sharing of patient data with third parties,The need for robust security measures and strict access controls,Reduced risk of data breaches,Simplified compliance with privacy regulations,b
What is the role of a clinical documentation specialist (CDS)?,To provide direct patient care,To ensure the accuracy and completeness of clinical documentation in the EHR,To develop new software applications,To manage hospital finances,b
Which of the following is an example of how technology can support interprofessional collaboration in healthcare?,Limiting communication between different healthcare disciplines,Facilitating secure messaging and shared access to patient information among team members,Encouraging siloed practice,Increasing communication barriers,b
What is the term for the use of predictive analytics in healthcare?,Relying on past experiences only,Using historical data to forecast future health outcomes or trends,Ignoring data patterns,Only analyzing current data,b
Which of the following is a benefit of using telehealth for remote consultations with specialists?,Increased travel time for patients,"Improved access to specialized care, especially in underserved areas",Reduced continuity of care,Higher costs for specialist services,b
"What is the purpose of a medication dispensing system (e.g., automated dispensing cabinets)?",To increase manual medication handling,To improve medication security and reduce dispensing errors,To slow down medication delivery,To eliminate the need for pharmacists,b
Which of the following is a key consideration for data backup and disaster recovery in healthcare IT?,Storing all data on a single server,Regular backups and a comprehensive disaster recovery plan to ensure data availability,Ignoring potential data loss scenarios,Relying solely on cloud storage without local backups,b
What is the term for the use of gamification in health education?,Making learning boring and unengaging,Applying game-design elements and game principles in non-game contexts to engage users,Only using traditional teaching methods,Discouraging active participation,b
Which of the following is a benefit of using electronic health records (EHRs) for research purposes?,Limited access to patient data,Facilitates large-scale data analysis and identification of trends,Increased manual data collection,Slower research processes,b
What is the primary purpose of a clinical decision support system (CDSS)?,To replace human decision-making,To provide clinicians with evidence-based information and alerts to aid in decision-making,To complicate clinical workflows,To automate all medical diagnoses,b
Which of the following is a challenge in ensuring data quality in healthcare information systems?,Perfect data entry every time,Inaccurate or incomplete data entry and lack of standardization,Automated data validation,Real-time data updates,b
What is the role of a health IT consultant?,To provide direct patient care,To advise healthcare organizations on technology implementation and optimization,To develop new medical devices,To manage hospital finances,b
Which of the following is an example of how technology can support patient self-management of chronic conditions?,Discouraging patient involvement,Providing mobile apps for tracking symptoms and medication adherence,Relying solely on in-person visits,Limiting access to health information,b
"What is the term for the use of biometric authentication (e.g., fingerprint, facial recognition) in healthcare?",Weak security measures,Enhanced security and user convenience for accessing systems,Traditional password-based authentication,Reduced privacy,b
Which of the following is a benefit of using telehealth for post-discharge follow-up?,Increased hospital readmissions,Improved patient recovery and reduced readmission rates,Reduced patient compliance,Higher costs for follow-up care,b
What is the purpose of a patient flow management system in a hospital?,To complicate patient movement,To optimize patient movement through different stages of care,To track hospital supplies,To manage staff schedules only,b
Which of the following is a key consideration for system downtime procedures in healthcare?,Ignoring the possibility of system failures,Having clear manual backup procedures and communication plans,Relying solely on electronic systems,Not informing staff about downtime,b
What is the term for the use of artificial intelligence (AI) in medical imaging analysis?,Manual image interpretation,Assisting radiologists in detecting abnormalities and making diagnoses,Replacing human radiologists entirely,Only for administrative tasks,b
Which of the following is a benefit of using electronic health records (EHRs) for public health surveillance?,It makes it harder to track disease outbreaks,It allows for real-time reporting and analysis of public health data,It limits the ability to share data with public health agencies,It only focuses on individual patient data,b
What is the primary purpose of a nursing documentation system?,To complicate nursing workflow,To provide a legal record of nursing care and patient responses,To replace verbal communication,To reduce the need for critical thinking,b
Which of the following is a challenge in ensuring patient safety with new technology?,Thorough testing and validation before implementation,Unforeseen errors or usability issues,Immediate and seamless integration,Reduced need for staff training,b
What is the role of a clinical educator in technology implementation?,To ignore staff concerns about new technology,To provide training and support to nurses on new systems and workflows,To develop new software applications,To manage hospital budgets,b
Which of the following is an example of how technology can support medication adherence?,Relying on patients to remember all medication instructions,Providing automated medication reminders and educational resources,Discouraging patient questions about their medications,Making medication schedules more complex,b
What is the term for the use of data visualization tools in healthcare?,"Presenting data in raw, unorganized formats",Creating graphical representations of data to identify trends and patterns,Limiting data analysis to spreadsheets only,Making data interpretation more difficult,b
Which of the following is a benefit of using telehealth for chronic wound care management?,Increased frequency of in-person clinic visits,Remote monitoring of wound healing and timely intervention,Reduced patient comfort,Higher risk of infection,b
What is the purpose of a patient tracking system in an emergency department?,To slow down patient flow,To monitor patient location and status in real-time,To manage staff breaks,To only track discharged patients,b
Which of the following is a key consideration for data backup and recovery in a healthcare setting?,"Storing all backups in a single, easily accessible location",Implementing off-site and encrypted backups for disaster recovery,Avoiding regular backup schedules,Relying on manual data re-entry after a system failure,b
What is the term for the use of serious games in healthcare?,Games designed purely for entertainment,"Games designed for a primary purpose other than pure entertainment, such as education or therapy",Games that are not relevant to healthcare,Games that are only played by children,b
Which of the following is a benefit of using electronic health records (EHRs) for quality improvement initiatives?,It makes it harder to track quality metrics,It provides data for identifying areas for improvement and measuring the impact of interventions,It limits the ability to conduct quality audits,"It only focuses on individual patient care, not system-wide improvements",b
What is the primary purpose of a patient classification system (PCS) in nursing?,To categorize patients based on their social status,To determine nursing care requirements and staffing levels,To assign patients to specific rooms,To track patient billing information,b
Which of the following is a challenge in maintaining data privacy in a highly interconnected healthcare system?,Easy sharing of patient data with third parties,The need for robust security measures and strict access controls,Reduced risk of data breaches,Simplified compliance with privacy regulations,b
What is the role of a clinical documentation specialist (CDS)?,To provide direct patient care,To ensure the accuracy and completeness of clinical documentation in the EHR,To develop new software applications,To manage hospital finances,b
Which of the following is an example of how technology can support interprofessional collaboration in healthcare?,Limiting communication between different healthcare disciplines,Facilitating secure messaging and shared access to patient information among team members,Encouraging siloed practice,Increasing communication barriers,b
What is the term for the use of predictive analytics in healthcare?,Relying on past experiences only,Using historical data to forecast future health outcomes or trends,Ignoring data patterns,Only analyzing current data,b
Which of the following is a benefit of using telehealth for remote consultations with specialists?,Increased travel time for patients,"Improved access to specialized care, especially in underserved areas",Reduced continuity of care,Higher costs for specialist services,b
"What is the purpose of a medication dispensing system (e.g., automated dispensing cabinets)?",To increase manual medication handling,To improve medication security and reduce dispensing errors,To slow down medication delivery,To eliminate the need for pharmacists,b
Which of the following is a key consideration for data backup and disaster recovery in healthcare IT?,Storing all data on a single server,Regular backups and a comprehensive disaster recovery plan to ensure data availability,Ignoring potential data loss scenarios,Relying solely on cloud storage without local backups,b
What is the term for the use of gamification in health education?,Making learning boring and unengaging,Applying game-design elements and game principles in non-game contexts to engage users,Only using traditional teaching methods,Discouraging active participation,b
Which of the following is a benefit of using electronic health records (EHRs) for research purposes?,Limited access to patient data,Facilitates large-scale data analysis and identification of trends,Increased manual data collection,Slower research processes,b
What is the primary purpose of a clinical decision support system (CDSS)?,To replace human decision-making,To provide clinicians with evidence-based information and alerts to aid in decision-making,To complicate clinical workflows,To automate all medical diagnoses,b
Which of the following is a challenge in ensuring data quality in healthcare information systems?,Perfect data entry every time,Inaccurate or incomplete data entry and lack of standardization,Automated data validation,Real-time data updates,b
What is the role of a health IT consultant?,To provide direct patient care,To advise healthcare organizations on technology implementation and optimization,To develop new medical devices,To manage hospital finances,b
Which of the following is an example of how technology can support patient self-management of chronic conditions?,Discouraging patient involvement,Providing mobile apps for tracking symptoms and medication adherence,Relying solely on in-person visits,Limiting access to health information,b
"What is the term for the use of biometric authentication (e.g., fingerprint, facial recognition) in healthcare?",Weak security measures,Enhanced security and user convenience for accessing systems,Traditional password-based authentication,Reduced privacy,b
Which of the following is a benefit of using telehealth for post-discharge follow-up?,Increased hospital readmissions,Improved patient recovery and reduced readmission rates,Reduced patient compliance,Higher costs for follow-up care,b
What is the purpose of a patient flow management system in a hospital?,To complicate patient movement,To optimize patient movement through different stages of care,To track hospital supplies,To manage staff schedules only,b
Which of the following is a key consideration for system downtime procedures in healthcare?,Ignoring the possibility of system failures,Having clear manual backup procedures and communication plans,Relying solely on electronic systems,Not informing staff about downtime,b
What is the term for the use of artificial intelligence (AI) in medical imaging analysis?,Manual image interpretation,Assisting radiologists in detecting abnormalities and making diagnoses,Replacing human radiologists entirely,Only for administrative tasks,b
Which of the following is a benefit of using electronic health records (EHRs) for public health surveillance?,It makes it harder to track disease outbreaks,It allows for real-time reporting and analysis of public health data,It limits the ability to share data with public health agencies,It only focuses on individual patient data,b
What is the primary purpose of a nursing documentation system?,To complicate nursing workflow,To provide a legal record of nursing care and patient responses,To replace verbal communication,To reduce the need for critical thinking,b
Which of the following is a challenge in ensuring patient safety with new technology?,Thorough testing and validation before implementation,Unforeseen errors or usability issues,Immediate and seamless integration,Reduced need for staff training,b
What is the role of a clinical educator in technology implementation?,To ignore staff concerns about new technology,To provide training and support to nurses on new systems and workflows,To develop new software applications,To manage hospital budgets,b
Which of the following is an example of how technology can support medication adherence?,Relying on patients to remember all medication instructions,Providing automated medication reminders and educational resources,Discouraging patient questions about their medications,Making medication schedules more complex,b
What is the term for the use of data visualization tools in healthcare?,"Presenting data in raw, unorganized formats",Creating graphical representations of data to identify trends and patterns,Limiting data analysis to spreadsheets only,Making data interpretation more difficult,b
Which of the following is a benefit of using telehealth for chronic wound care management?,Increased frequency of in-person clinic visits,Remote monitoring of wound healing and timely intervention,Reduced patient comfort,Higher risk of infection,b
What is the purpose of a patient tracking system in an emergency department?,To slow down patient flow,To monitor patient location and status in real-time,To manage staff breaks,To only track discharged patients,b
Which of the following is a key consideration for data backup and recovery in a healthcare setting?,"Storing all backups in a single, easily accessible location",Implementing off-site and encrypted backups for disaster recovery,Avoiding regular backup schedules,Relying on manual data re-entry after a system failure,b
What is the term for the use of serious games in healthcare?,Games designed purely for entertainment,"Games designed for a primary purpose other than pure entertainment, such as education or therapy",Games that are not relevant to healthcare,Games that are only played by children,b
Which of the following is a benefit of using electronic health records (EHRs) for quality improvement initiatives?,It makes it harder to track quality metrics,It provides data for identifying areas for improvement and measuring the impact of interventions,It limits the ability to conduct quality audits,"It only focuses on individual patient care, not system-wide improvements",b
What is the primary purpose of a patient classification system (PCS) in nursing?,To categorize patients based on their social status,To determine nursing care requirements and staffing levels,To assign patients to specific rooms,To track patient billing information,b
Which of the following is a challenge in maintaining data privacy in a highly interconnected healthcare system?,Easy sharing of patient data with third parties,The need for robust security measures and strict access controls,Reduced risk of data breaches,Simplified compliance with privacy regulations,b
What is the role of a clinical documentation specialist (CDS)?,To provide direct patient care,To ensure the accuracy and completeness of clinical documentation in the EHR,To develop new software applications,To manage hospital finances,b
Which of the following is an example of how technology can support interprofessional collaboration in healthcare?,Limiting communication between different healthcare disciplines,Facilitating secure messaging and shared access to patient information among team members,Encouraging siloed practice,Increasing communication barriers,b
What is the term for the use of predictive analytics in healthcare?,Relying on past experiences only,Using historical data to forecast future health outcomes or trends,Ignoring data patterns,Only analyzing current data,b
Which of the following is a benefit of using telehealth for remote consultations with specialists?,Increased travel time for patients,"Improved access to specialized care, especially in underserved areas",Reduced continuity of care,Higher costs for specialist services,b
"What is the purpose of a medication dispensing system (e.g., automated dispensing cabinets)?",To increase manual medication handling,To improve medication security and reduce dispensing errors,To slow down medication delivery,To eliminate the need for pharmacists,b
Which of the following is a key consideration for data backup and disaster recovery in healthcare IT?,Storing all data on a single server,Regular backups and a comprehensive disaster recovery plan to ensure data availability,Ignoring potential data loss scenarios,Relying solely on cloud storage without local backups,b
What is the term for the use of gamification in health education?,Making learning boring and unengaging,Applying game-design elements and game principles in non-game contexts to engage users,Only using traditional teaching methods,Discouraging active participation,b
Which of the following is a benefit of using electronic health records (EHRs) for public health surveillance?,It makes it harder to track disease outbreaks,It allows for real-time reporting and analysis of public health data,It limits the ability to share data with public health agencies,It only focuses on individual patient data,b
What is the primary purpose of a nursing documentation system?,To complicate nursing workflow,To provide a legal record of nursing care and patient responses,To replace verbal communication,To reduce the need for critical thinking,b
Which of the following is a challenge in ensuring patient safety with new technology?,Thorough testing and validation before implementation,Unforeseen errors or usability issues,Immediate and seamless integration,Reduced need for staff training,b
What is the role of a clinical educator in technology implementation?,To ignore staff concerns about new technology,To provide training and support to nurses on new systems and workflows,To develop new software applications,To manage hospital budgets,b
Which of the following is an example of how technology can support medication adherence?,Relying on patients to remember all medication instructions,Providing automated medication reminders and educational resources,Discouraging patient questions about their medications,Making medication schedules more complex,b
What is the term for the use of data visualization tools in healthcare?,"Presenting data in raw, unorganized formats",Creating graphical representations of data to identify trends and patterns,Limiting data analysis to spreadsheets only,Making data interpretation more difficult,b
Which of the following is a benefit of using telehealth for chronic wound care management?,Increased frequency of in-person clinic visits,Remote monitoring of wound healing and timely intervention,Reduced patient comfort,Higher risk of infection,b
What is the purpose of a patient tracking system in an emergency department?,To slow down patient flow,To monitor patient location and status in real-time,To manage staff breaks,To only track discharged patients,b
Which of the following is a key consideration for data backup and recovery in a healthcare setting?,"Storing all backups in a single, easily accessible location",Implementing off-site and encrypted backups for disaster recovery,Avoiding regular backup schedules,Relying on manual data re-entry after a system failure,b
What is the term for the use of serious games in healthcare?,Games designed purely for entertainment,"Games designed for a primary purpose other than pure entertainment, such as education or therapy",Games that are not relevant to healthcare,Games that are only played by children,b
Which of the following is a benefit of using electronic health records (EHRs) for quality improvement initiatives?,It makes it harder to track quality metrics,It provides data for identifying areas for improvement and measuring the impact of interventions,It limits the ability to conduct quality audits,"It only focuses on individual patient care, not system-wide improvements",b
What is the primary purpose of a patient classification system (PCS) in nursing?,To categorize patients based on their social status,To determine nursing care requirements and staffing levels,To assign patients to specific rooms,To track patient billing information,b
Which of the following is a challenge in maintaining data privacy in a highly interconnected healthcare system?,Easy sharing of patient data with third parties,The need for robust security measures and strict access controls,Reduced risk of data breaches,Simplified compliance with privacy regulations,b
What is the role of a clinical documentation specialist (CDS)?,To provide direct patient care,To ensure the accuracy and completeness of clinical documentation in the EHR,To develop new software applications,To manage hospital finances,b
Which of the following is an example of how technology can support interprofessional collaboration in healthcare?,Limiting communication between different healthcare disciplines,Facilitating secure messaging and shared access to patient information among team members,Encouraging siloed practice,Increasing communication barriers,b
What is the term for the use of predictive analytics in healthcare?,Relying on past experiences only,Using historical data to forecast future health outcomes or trends,Ignoring data patterns,Only analyzing current data,b
Which of the following is a benefit of using telehealth for remote consultations with specialists?,Increased travel time for patients,"Improved access to specialized care, especially in underserved areas",Reduced continuity of care,Higher costs for specialist services,b
"What is the purpose of a medication dispensing system (e.g., automated dispensing cabinets)?",To increase manual medication handling,To improve medication security and reduce dispensing errors,To slow down medication delivery,To eliminate the need for pharmacists,b
Which of the following is a key consideration for data backup and disaster recovery in healthcare IT?,Storing all data on a single server,Regular backups and a comprehensive disaster recovery plan to ensure data availability,Ignoring potential data loss scenarios,Relying solely on cloud storage without local backups,b
What is the term for the use of gamification in health education?,Making learning boring and unengaging,Applying game-design elements and game principles in non-game contexts to engage users,Only using traditional teaching methods,Discouraging active participation,b
Which of the following is a benefit of using electronic health records (EHRs) for research purposes?,Limited access to patient data,Facilitates large-scale data analysis and identification of trends,Increased manual data collection,Slower research processes,b
What is the primary purpose of a clinical decision support system (CDSS)?,To replace human decision-making,To provide clinicians with evidence-based information and alerts to aid in decision-making,To complicate clinical workflows,To automate all medical diagnoses,b
Which of the following is a challenge in ensuring data quality in healthcare information systems?,Perfect data entry every time,Inaccurate or incomplete data entry and lack of standardization,Automated data validation,Real-time data updates,b
What is the role of a health IT consultant?,To provide direct patient care,To advise healthcare organizations on technology implementation and optimization,To develop new medical devices,To manage hospital finances,b
Which of the following is an example of how technology can support patient self-management of chronic conditions?,Discouraging patient involvement,Providing mobile apps for tracking symptoms and medication adherence,Relying solely on in-person visits,Limiting access to health information,b
"What is the term for the use of biometric authentication (e.g., fingerprint, facial recognition) in healthcare?",Weak security measures,Enhanced security and user convenience for accessing systems,Traditional password-based authentication,Reduced privacy,b
Which of the following is a benefit of using telehealth for post-discharge follow-up?,Increased hospital readmissions,Improved patient recovery and reduced readmission rates,Reduced patient compliance,Higher costs for follow-up care,b
What is the purpose of a patient flow management system in a hospital?,To complicate patient movement,To optimize patient movement through different stages of care,To track hospital supplies,To manage staff schedules only,b
Which of the following is a key consideration for system downtime procedures in healthcare?,Ignoring the possibility of system failures,Having clear manual backup procedures and communication plans,Relying solely on electronic systems,Not informing staff about downtime,b
What is the term for the use of artificial intelligence (AI) in medical imaging analysis?,Manual image interpretation,Assisting radiologists in detecting abnormalities and making diagnoses,Replacing human radiologists entirely,Only for administrative tasks,b
Which of the following is a benefit of using electronic health records (EHRs) for public health surveillance?,It makes it harder to track disease outbreaks,It allows for real-time reporting and analysis of public health data,It limits the ability to share data with public health agencies,It only focuses on individual patient data,b
What is the primary purpose of a nursing documentation system?,To complicate nursing workflow,To provide a legal record of nursing care and patient responses,To replace verbal communication,To reduce the need for critical thinking,b
Which of the following is a challenge in ensuring patient safety with new technology?,Thorough testing and validation before implementation,Unforeseen errors or usability issues,Immediate and seamless integration,Reduced need for staff training,b
What is the role of a clinical educator in technology implementation?,To ignore staff concerns about new technology,To provide training and support to nurses on new systems and workflows,To develop new software applications,To manage hospital budgets,b
Which of the following is an example of how technology can support medication adherence?,Relying on patients to remember all medication instructions,Providing automated medication reminders and educational resources,Discouraging patient questions about their medications,Making medication schedules more complex,b
What is the term for the use of data visualization tools in healthcare?,"Presenting data in raw, unorganized formats",Creating graphical representations of data to identify trends and patterns,Limiting data analysis to spreadsheets only,Making data interpretation more difficult,b
Which of the following is a benefit of using telehealth for chronic wound care management?,Increased frequency of in-person clinic visits,Remote monitoring of wound healing and timely intervention,Reduced patient comfort,Higher risk of infection,b
What is the purpose of a patient tracking system in an emergency department?,To slow down patient flow,To monitor patient location and status in real-time,To manage staff breaks,To only track discharged patients,b
Which of the following is a key consideration for data backup and recovery in a healthcare setting?,"Storing all backups in a single, easily accessible location",Implementing off-site and encrypted backups for disaster recovery,Avoiding regular backup schedules,Relying on manual data re-entry after a system failure,b
What is the term for the use of serious games in healthcare?,Games designed purely for entertainment,"Games designed for a primary purpose other than pure entertainment, such as education or therapy",Games that are not relevant to healthcare,Games that are only played by children,b
Which of the following is a benefit of using electronic health records (EHRs) for quality improvement initiatives?,It makes it harder to track quality metrics,It provides data for identifying areas for improvement and measuring the impact of interventions,It limits the ability to conduct quality audits,"It only focuses on individual patient care, not system-wide improvements",b
What is the primary purpose of a patient classification system (PCS) in nursing?,To categorize patients based on their social status,To determine nursing care requirements and staffing levels,To assign patients to specific rooms,To track patient billing information,b
Which of the following is a challenge in maintaining data privacy in a highly interconnected healthcare system?,Easy sharing of patient data with third parties,The need for robust security measures and strict access controls,Reduced risk of data breaches,Simplified compliance with privacy regulations,b
What is the role of a clinical documentation specialist (CDS)?,To provide direct patient care,To ensure the accuracy and completeness of clinical documentation in the EHR,To develop new software applications,To manage hospital finances,b
Which of the following is an example of how technology can support interprofessional collaboration in healthcare?,Limiting communication between different healthcare disciplines,Facilitating secure messaging and shared access to patient information among team members,Encouraging siloed practice,Increasing communication barriers,b
What is the term for the use of predictive analytics in healthcare?,Relying on past experiences only,Using historical data to forecast future health outcomes or trends,Ignoring data patterns,Only analyzing current data,b
Which of the following is a benefit of using telehealth for remote consultations with specialists?,Increased travel time for patients,"Improved access to specialized care, especially in underserved areas",Reduced continuity of care,Higher costs for specialist services,b
"What is the purpose of a medication dispensing system (e.g., automated dispensing cabinets)?",To increase manual medication handling,To improve medication security and reduce dispensing errors,To slow down medication delivery,To eliminate the need for pharmacists,b
Which of the following is a key consideration for data backup and disaster recovery in healthcare IT?,Storing all data on a single server,Regular backups and a comprehensive disaster recovery plan to ensure data availability,Ignoring potential data loss scenarios,Relying solely on cloud storage without local backups,b
What is the term for the use of gamification in health education?,Making learning boring and unengaging,Applying game-design elements and game principles in non-game contexts to engage users,Only using traditional teaching methods,Discouraging active participation,b
Which of the following is a benefit of using electronic health records (EHRs) for research purposes?,Limited access to patient data,Facilitates large-scale data analysis and identification of trends,Increased manual data collection,Slower research processes,b
What is the primary purpose of a clinical decision support system (CDSS)?,To replace human decision-making,To provide clinicians with evidence-based information and alerts to aid in decision-making,To complicate clinical workflows,To automate all medical diagnoses,b
Which of the following is a challenge in ensuring data quality in healthcare information systems?,Perfect data entry every time,Inaccurate or incomplete data entry and lack of standardization,Automated data validation,Real-time data updates,b
What is the role of a health IT consultant?,To provide direct patient care,To advise healthcare organizations on technology implementation and optimization,To develop new medical devices,To manage hospital finances,b
Which of the following is an example of how technology can support patient self-management of chronic conditions?,Discouraging patient involvement,Providing mobile apps for tracking symptoms and medication adherence,Relying solely on in-person visits,Limiting access to health information,b
"What is the term for the use of biometric authentication (e.g., fingerprint, facial recognition) in healthcare?",Weak security measures,Enhanced security and user convenience for accessing systems,Traditional password-based authentication,Reduced privacy,b
Which of the following is a benefit of using telehealth for post-discharge follow-up?,Increased hospital readmissions,Improved patient recovery and reduced readmission rates,Reduced patient compliance,Higher costs for follow-up care,b
What is the purpose of a patient flow management system in a hospital?,To complicate patient movement,To optimize patient movement through different stages of care,To track hospital supplies,To manage staff schedules only,b
Which of the following is a key consideration for system downtime procedures in healthcare?,Ignoring the possibility of system failures,Having clear manual backup procedures and communication plans,Relying solely on electronic systems,Not informing staff about downtime,b
What is the term for the use of artificial intelligence (AI) in medical imaging analysis?,Manual image interpretation,Assisting radiologists in detecting abnormalities and making diagnoses,Replacing human radiologists entirely,Only for administrative tasks,b
Which of the following is a benefit of using electronic health records (EHRs) for public health surveillance?,It makes it harder to track disease outbreaks,It allows for real-time reporting and analysis of public health data,It limits the ability to share data with public health agencies,It only focuses on individual patient data,b
What is the primary purpose of a nursing documentation system?,To complicate nursing workflow,To provide a legal record of nursing care and patient responses,To replace verbal communication,To reduce the need for critical thinking,b
Which of the following is a challenge in ensuring patient safety with new technology?,Thorough testing and validation before implementation,Unforeseen errors or usability issues,Immediate and seamless integration,Reduced need for staff training,b
What is the role of a clinical educator in technology implementation?,To ignore staff concerns about new technology,To provide training and support to nurses on new systems and workflows,To develop new software applications,To manage hospital budgets,b
Which of the following is an example of how technology can support medication adherence?,Relying on patients to remember all medication instructions,Providing automated medication reminders and educational resources,Discouraging patient questions about their medications,Making medication schedules more complex,b
What is the term for the use of data visualization tools in healthcare?,"Presenting data in raw, unorganized formats",Creating graphical representations of data to identify trends and patterns,Limiting data analysis to spreadsheets only,Making data interpretation more difficult,b
Which of the following is a benefit of using telehealth for chronic wound care management?,Increased frequency of in-person clinic visits,Remote monitoring of wound healing and timely intervention,Reduced patient comfort,Higher risk of infection,b
What is the purpose of a patient tracking system in an emergency department?,To slow down patient flow,To monitor patient location and status in real-time,To manage staff breaks,To only track discharged patients,b
Which of the following is a key consideration for data backup and recovery in a healthcare setting?,"Storing all backups in a single, easily accessible location",Implementing off-site and encrypted backups for disaster recovery,Avoiding regular backup schedules,Relying on manual data re-entry after a system failure,b
What is the term for the use of serious games in healthcare?,Games designed purely for entertainment,"Games designed for a primary purpose other than pure entertainment, such as education or therapy",Games that are not relevant to healthcare,Games that are only played by children,b
Which of the following is a benefit of using electronic health records (EHRs) for quality improvement initiatives?,It makes it harder to track quality metrics,It provides data for identifying areas for improvement and measuring the impact of interventions,It limits the ability to conduct quality audits,"It only focuses on individual patient care, not system-wide improvements",b
What is the primary purpose of a patient classification system (PCS) in nursing?,To categorize patients based on their social status,To determine nursing care requirements and staffing levels,To assign patients to specific rooms,To track patient billing information,b
Which of the following is a challenge in maintaining data privacy in a highly interconnected healthcare system?,Easy sharing of patient data with third parties,The need for robust security measures and strict access controls,Reduced risk of data breaches,Simplified compliance with privacy regulations,b
What is the role of a clinical documentation specialist (CDS)?,To provide direct patient care,To ensure the accuracy and completeness of clinical documentation in the EHR,To develop new software applications,To manage hospital finances,b
Which of the following is an example of how technology can support interprofessional collaboration in healthcare?,Limiting communication between different healthcare disciplines,Facilitating secure messaging and shared access to patient information among team members,Encouraging siloed practice,Increasing communication barriers,b
What is the term for the use of predictive analytics in healthcare?,Relying on past experiences only,Using historical data to forecast future health outcomes or trends,Ignoring data patterns,Only analyzing current data,b
Which of the following is a benefit of using telehealth for remote consultations with specialists?,Increased travel time for patients,"Improved access to specialized care, especially in underserved areas",Reduced continuity of care,Higher costs for specialist services,b
"What is the purpose of a medication dispensing system (e.g., automated dispensing cabinets)?",To increase manual medication handling,To improve medication security and reduce dispensing errors,To slow down medication delivery,To eliminate the need for pharmacists,b
Which of the following is a key consideration for data backup and disaster recovery in healthcare IT?,Storing all data on a single server,Regular backups and a comprehensive disaster recovery plan to ensure data availability,Ignoring potential data loss scenarios,Relying solely on cloud storage without local backups,b
What is the term for the use of gamification in health education?,Making learning boring and unengaging,Applying game-design elements and game principles in non-game contexts to engage users,Only using traditional teaching methods,Discouraging active participation,b
Which of the following is a benefit of using electronic health records (EHRs) for research purposes?,Limited access to patient data,Facilitates large-scale data analysis and identification of trends,Increased manual data collection,Slower research processes,b
What is the primary purpose of a clinical decision support system (CDSS)?,To replace human decision-making,To provide clinicians with evidence-based information and alerts to aid in decision-making,To complicate clinical workflows,To automate all medical diagnoses,b
Which of the following is a challenge in ensuring data quality in healthcare information systems?,Perfect data entry every time,Inaccurate or incomplete data entry and lack of standardization,Automated data validation,Real-time data updates,b
What is the role of a health IT consultant?,To provide direct patient care,To advise healthcare organizations on technology implementation and optimization,To develop new medical devices,To manage hospital finances,b
Which of the following is an example of how technology can support patient self-management of chronic conditions?,Discouraging patient involvement,Providing mobile apps for tracking symptoms and medication adherence,Relying solely on in-person visits,Limiting access to health information,b
"What is the term for the use of biometric authentication (e.g., fingerprint, facial recognition) in healthcare?",Weak security measures,Enhanced security and user convenience for accessing systems,Traditional password-based authentication,Reduced privacy,b
Which of the following is a benefit of using telehealth for post-discharge follow-up?,Increased hospital readmissions,Improved patient recovery and reduced readmission rates,Reduced patient compliance,Higher costs for follow-up care,b
What is the purpose of a patient flow management system in a hospital?,To complicate patient movement,To optimize patient movement through different stages of care,To track hospital supplies,To manage staff schedules only,b
Which of the following is a key consideration for system downtime procedures in healthcare?,Ignoring the possibility of system failures,Having clear manual backup procedures and communication plans,Relying solely on electronic systems,Not informing staff about downtime,b
What is the term for the use of artificial intelligence (AI) in medical imaging analysis?,Manual image interpretation,Assisting radiologists in detecting abnormalities and making diagnoses,Replacing human radiologists entirely,Only for administrative tasks,b
Which of the following is a benefit of using electronic health records (EHRs) for public health surveillance?,It makes it harder to track disease outbreaks,It allows for real-time reporting and analysis of public health data,It limits the ability to share data with public health agencies,It only focuses on individual patient data,b
What is the primary purpose of a nursing documentation system?,To complicate nursing workflow,To provide a legal record of nursing care and patient responses,To replace verbal communication,To reduce the need for critical thinking,b
Which of the following is a challenge in ensuring patient safety with new technology?,Thorough testing and validation before implementation,Unforeseen errors or usability issues,Immediate and seamless integration,Reduced need for staff training,b
What is the role of a clinical educator in technology implementation?,To ignore staff concerns about new technology,To provide training and support to nurses on new systems and workflows,To develop new software applications,To manage hospital budgets,b
Which of the following is an example of how technology can support medication adherence?,Relying on patients to remember all medication instructions,Providing automated medication reminders and educational resources,Discouraging patient questions about their medications,Making medication schedules more complex,b
What is the term for the use of data visualization tools in healthcare?,"Presenting data in raw, unorganized formats",Creating graphical representations of data to identify trends and patterns,Limiting data analysis to spreadsheets only,Making data interpretation more difficult,b
Which of the following is a benefit of using telehealth for chronic wound care management?,Increased frequency of in-person clinic visits,Remote monitoring of wound healing and timely intervention,Reduced patient comfort,Higher risk of infection,b
What is the purpose of a patient tracking system in an emergency department?,To slow down patient flow,To monitor patient location and status in real-time,To manage staff breaks,To only track discharged patients,b
Which of the following is a key consideration for data backup and recovery in a healthcare setting?,"Storing all backups in a single, easily accessible location",Implementing off-site and encrypted backups for disaster recovery,Avoiding regular backup schedules,Relying on manual data re-entry after a system failure,b
What is the term for the use of serious games in healthcare?,Games designed purely for entertainment,"Games designed for a primary purpose other than pure entertainment, such as education or therapy",Games that are not relevant to healthcare,Games that are only played by children,b
Which of the following is a benefit of using electronic health records (EHRs) for quality improvement initiatives?,It makes it harder to track quality metrics,It provides data for identifying areas for improvement and measuring the impact of interventions,It limits the ability to conduct quality audits,"It only focuses on individual patient care, not system-wide improvements",b
What is the primary purpose of a patient classification system (PCS) in nursing?,To categorize patients based on their social status,To determine nursing care requirements and staffing levels,To assign patients to specific rooms,To track patient billing information,b
Which of the following is a challenge in maintaining data privacy in a highly interconnected healthcare system?,Easy sharing of patient data with third parties,The need for robust security measures and strict access controls,Reduced risk of data breaches,Simplified compliance with privacy regulations,b
What is the role of a clinical documentation specialist (CDS)?,To provide direct patient care,To ensure the accuracy and completeness of clinical documentation in the EHR,To develop new software applications,To manage hospital finances,b
Which of the following is an example of how technology can support interprofessional collaboration in healthcare?,Limiting communication between different healthcare disciplines,Facilitating secure messaging and shared access to patient information among team members,Encouraging siloed practice,Increasing communication barriers,b
What is the term for the use of predictive analytics in healthcare?,Relying on past experiences only,Using historical data to forecast future health outcomes or trends,Ignoring data patterns,Only analyzing current data,b
Which of the following is a benefit of using telehealth for remote consultations with specialists?,Increased travel time for patients,"Improved access to specialized care, especially in underserved areas",Reduced continuity of care,Higher costs for specialist services,b
"What is the purpose of a medication dispensing system (e.g., automated dispensing cabinets)?",To increase manual medication handling,To improve medication security and reduce dispensing errors,To slow down medication delivery,To eliminate the need for pharmacists,b
Which of the following is a key consideration for data backup and disaster recovery in healthcare IT?,Storing all data on a single server,Regular backups and a comprehensive disaster recovery plan to ensure data availability,Ignoring potential data loss scenarios,Relying solely on cloud storage without local backups,b
What is the term for the use of gamification in health education?,Making learning boring and unengaging,Applying game-design elements and game principles in non-game contexts to engage users,Only using traditional teaching methods,Discouraging active participation,b
Which of the following is a benefit of using electronic health records (EHRs) for research purposes?,Limited access to patient data,Facilitates large-scale data analysis and identification of trends,Increased manual data collection,Slower research processes,b
What is the primary purpose of a clinical decision support system (CDSS)?,To replace human decision-making,To provide clinicians with evidence-based information and alerts to aid in decision-making,To complicate clinical workflows,To automate all medical diagnoses,b
Which of the following is a challenge in ensuring data quality in healthcare information systems?,Perfect data entry every time,Inaccurate or incomplete data entry and lack of standardization,Automated data validation,Real-time data updates,b
What is the role of a health IT consultant?,To provide direct patient care,To advise healthcare organizations on technology implementation and optimization,To develop new medical devices,To manage hospital finances,b
Which of the following is an example of how technology can support patient self-management of chronic conditions?,Discouraging patient involvement,Providing mobile apps for tracking symptoms and medication adherence,Relying solely on in-person visits,Limiting access to health information,b
"What is the term for the use of biometric authentication (e.g., fingerprint, facial recognition) in healthcare?",Weak security measures,Enhanced security and user convenience for accessing systems,Traditional password-based authentication,Reduced privacy,b
Which of the following is a benefit of using telehealth for post-discharge follow-up?,Increased hospital readmissions,Improved patient recovery and reduced readmission rates,Reduced patient compliance,Higher costs for follow-up care,b
What is the purpose of a patient flow management system in a hospital?,To complicate patient movement,To optimize patient movement through different stages of care,To track hospital supplies,To manage staff schedules only,b
Which of the following is a key consideration for system downtime procedures in healthcare?,Ignoring the possibility of system failures,Having clear manual backup procedures and communication plans,Relying solely on electronic systems,Not informing staff about downtime,b
What is the term for the use of artificial intelligence (AI) in medical imaging analysis?,Manual image interpretation,Assisting radiologists in detecting abnormalities and making diagnoses,Replacing human radiologists entirely,Only for administrative tasks,b
Which of the following is a benefit of using electronic health records (EHRs) for public health surveillance?,It makes it harder to track disease outbreaks,It allows for real-time reporting and analysis of public health data,It limits the ability to share data with public health agencies,It only focuses on individual patient data,b
What is the primary purpose of a nursing documentation system?,To complicate nursing workflow,To provide a legal record of nursing care and patient responses,To replace verbal communication,To reduce the need for critical thinking,b
Which of the following is a challenge in ensuring patient safety with new technology?,Thorough testing and validation before implementation,Unforeseen errors or usability issues,Immediate and seamless integration,Reduced need for staff training,b
What is the role of a clinical educator in technology implementation?,To ignore staff concerns about new technology,To provide training and support to nurses on new systems and workflows,To develop new software applications,To manage hospital budgets,b
Which of the following is an example of how technology can support medication adherence?,Relying on patients to remember all medication instructions,Providing automated medication reminders and educational resources,Discouraging patient questions about their medications,Making medication schedules more complex,b
What is the term for the use of data visualization tools in healthcare?,"Presenting data in raw, unorganized formats",Creating graphical representations of data to identify trends and patterns,Limiting data analysis to spreadsheets only,Making data interpretation more difficult,b
Which of the following is a benefit of using telehealth for chronic wound care management?,Increased frequency of in-person clinic visits,Remote monitoring of wound healing and timely intervention,Reduced patient comfort,Higher risk of infection,b
What is the purpose of a patient tracking system in an emergency department?,To slow down patient flow,To monitor patient location and status in real-time,To manage staff breaks,To only track discharged patients,b
Which of the following is a key consideration for data backup and recovery in a healthcare setting?,"Storing all backups in a single, easily accessible location",Implementing off-site and encrypted backups for disaster recovery,Avoiding regular backup schedules,Relying on manual data re-entry after a system failure,b
What is the term for the use of serious games in healthcare?,Games designed purely for entertainment,"Games designed for a primary purpose other than pure entertainment, such as education or therapy",Games that are not relevant to healthcare,Games that are only played by children,b
Which of the following is a benefit of using electronic health records (EHRs) for quality improvement initiatives?,It makes it harder to track quality metrics,It provides data for identifying areas for improvement and measuring the impact of interventions,It limits the ability to conduct quality audits,"It only focuses on individual patient care, not system-wide improvements",b
What is the primary purpose of a patient classification system (PCS) in nursing?,To categorize patients based on their social status,To determine nursing care requirements and staffing levels,To assign patients to specific rooms,To track patient billing information,b
Which of the following is a challenge in maintaining data privacy in a highly interconnected healthcare system?,Easy sharing of patient data with third parties,The need for robust security measures and strict access controls,Reduced risk of data breaches,Simplified compliance with privacy regulations,b
What is the role of a clinical documentation specialist (CDS)?,To provide direct patient care,To ensure the accuracy and completeness of clinical documentation in the EHR,To develop new software applications,To manage hospital finances,b
Which of the following is an example of how technology can support interprofessional collaboration in healthcare?,Limiting communication between different healthcare disciplines,Facilitating secure messaging and shared access to patient information among team members,Encouraging siloed practice,Increasing communication barriers,b
What is the term for the use of predictive analytics in healthcare?,Relying on past experiences only,Using historical data to forecast future health outcomes or trends,Ignoring data patterns,Only analyzing current data,b
Which of the following is a benefit of using telehealth for remote consultations with specialists?,Increased travel time for patients,"Improved access to specialized care, especially in underserved areas",Reduced continuity of care,Higher costs for specialist services,b
"What is the purpose of a medication dispensing system (e.g., automated dispensing cabinets)?",To increase manual medication handling,To improve medication security and reduce dispensing errors,To slow down medication delivery,To eliminate the need for pharmacists,b
Which of the following is a key consideration for data backup and disaster recovery in healthcare IT?,Storing all data on a single server,Regular backups and a comprehensive disaster recovery plan to ensure data availability,Ignoring potential data loss scenarios,Relying solely on cloud storage without local backups,b
What is the term for the use of gamification in health education?,Making learning boring and unengaging,Applying game-design elements and game principles in non-game contexts to engage users,Only using traditional teaching methods,Discouraging active participation,b
Which of the following is a benefit of using electronic health records (EHRs) for research purposes?,Limited access to patient data,Facilitates large-scale data analysis and identification of trends,Increased manual data collection,Slower research processes,b
What is the primary purpose of a clinical decision support system (CDSS)?,To replace human decision-making,To provide clinicians with evidence-based information and alerts to aid in decision-making,To complicate clinical workflows,To automate all medical diagnoses,b
Which of the following is a challenge in ensuring data quality in healthcare information systems?,Perfect data entry every time,Inaccurate or incomplete data entry and lack of standardization,Automated data validation,Real-time data updates,b
What is the role of a health IT consultant?,To provide direct patient care,To advise healthcare organizations on technology implementation and optimization,To develop new medical devices,To manage hospital finances,b
Which of the following is an example of how technology can support patient self-management of chronic conditions?,Discouraging patient involvement,Providing mobile apps for tracking symptoms and medication adherence,Relying solely on in-person visits,Limiting access to health information,b
"What is the term for the use of biometric authentication (e.g., fingerprint, facial recognition) in healthcare?",Weak security measures,Enhanced security and user convenience for accessing systems,Traditional password-based authentication,Reduced privacy,b
Which of the following is a benefit of using telehealth for post-discharge follow-up?,Increased hospital readmissions,Improved patient recovery and reduced readmission rates,Reduced patient compliance,Higher costs for follow-up care,b
What is the purpose of a patient flow management system in a hospital?,To complicate patient movement,To optimize patient movement through different stages of care,To track hospital supplies,To manage staff schedules only,b
Which of the following is a key consideration for system downtime procedures in healthcare?,Ignoring the possibility of system failures,Having clear manual backup procedures and communication plans,Relying solely on electronic systems,Not informing staff about downtime,b
What is the term for the use of artificial intelligence (AI) in medical imaging analysis?,Manual image interpretation,Assisting radiologists in detecting abnormalities and making diagnoses,Replacing human radiologists entirely,Only for administrative tasks,b
Which of the following is a benefit of using electronic health records (EHRs) for public health surveillance?,It makes it harder to track disease outbreaks,It allows for real-time reporting and analysis of public health data,It limits the ability to share data with public health agencies,It only focuses on individual patient data,b
What is the primary purpose of a nursing documentation system?,To complicate nursing workflow,To provide a legal record of nursing care and patient responses,To replace verbal communication,To reduce the need for critical thinking,b
Which of the following is a challenge in ensuring patient safety with new technology?,Thorough testing and validation before implementation,Unforeseen errors or usability issues,Immediate and seamless integration,Reduced need for staff training,b
What is the role of a clinical educator in technology implementation?,To ignore staff concerns about new technology,To provide training and support to nurses on new systems and workflows,To develop new software applications,To manage hospital budgets,b
Which of the following is an example of how technology can support medication adherence?,Relying on patients to remember all medication instructions,Providing automated medication reminders and educational resources,Discouraging patient questions about their medications,Making medication schedules more complex,b
What is the term for the use of data visualization tools in healthcare?,"Presenting data in raw, unorganized formats",Creating graphical representations of data to identify trends and patterns,Limiting data analysis to spreadsheets only,Making data interpretation more difficult,b
Which of the following is a benefit of using telehealth for chronic wound care management?,Increased frequency of in-person clinic visits,Remote monitoring of wound healing and timely intervention,Reduced patient comfort,Higher risk of infection,b
What is the purpose of a patient tracking system in an emergency department?,To slow down patient flow,To monitor patient location and status in real-time,To manage staff breaks,To only track discharged patients,b
Which of the following is a key consideration for data backup and recovery in a healthcare setting?,"Storing all backups in a single, easily accessible location",Implementing off-site and encrypted backups for disaster recovery,Avoiding regular backup schedules,Relying on manual data re-entry after a system failure,b
What is the term for the use of serious games in healthcare?,Games designed purely for entertainment,"Games designed for a primary purpose other than pure entertainment, suchs as education or therapy",Games that are not relevant to healthcare,Games that are only played by children,b
Which of the following is a benefit of using electronic health records (EHRs) for quality improvement initiatives?,It makes it harder to track quality metrics,It provides data for identifying areas for improvement and measuring the impact of interventions,It limits the ability to conduct quality audits,"It only focuses on individual patient care, not system-wide improvements",b
What is the primary purpose of a patient classification system (PCS) in nursing?,To categorize patients based on their social status,To determine nursing care requirements and staffing levels,To assign patients to specific rooms,To track patient billing information,b
Which of the following is a challenge in maintaining data privacy in a highly interconnected healthcare system?,Easy sharing of patient data with third parties,The need for robust security measures and strict access controls,Reduced risk of data breaches,Simplified compliance with privacy regulations,b
What is the role of a clinical documentation specialist (CDS)?,To provide direct patient care,To ensure the accuracy and completeness of clinical documentation in the EHR,To develop new software applications,To manage hospital finances,b
Which of the following is an example of how technology can support interprofessional collaboration in healthcare?,Limiting communication between different healthcare disciplines,Facilitating secure messaging and shared access to patient information among team members,Encouraging siloed practice,Increasing communication barriers,b
What is the term for the use of predictive analytics in healthcare?,Relying on past experiences only,Using historical data to forecast future health outcomes or trends,Ignoring data patterns,Only analyzing current data,b
Which of the following is a benefit of using telehealth for remote consultations with specialists?,Increased travel time for patients,"Improved access to specialized care, especially in underserved areas",Reduced continuity of care,Higher costs for specialist services,b
"What is the purpose of a medication dispensing system (e.g., automated dispensing cabinets)?",To increase manual medication handling,To improve medication security and reduce dispensing errors,To slow down medication delivery,To eliminate the need for pharmacists,b
Which of the following is a key consideration for data backup and disaster recovery in healthcare IT?,Storing all data on a single server,Regular backups and a comprehensive disaster recovery plan to ensure data availability,Ignoring potential data loss scenarios,Relying solely on cloud storage without local backups,b
What is the term for the use of gamification in health education?,Making learning boring and unengaging,Applying game-design elements and game principles in non-game contexts to engage users,Only using traditional teaching methods,Discouraging active participation,b
Which of the following is a benefit of using electronic health records (EHRs) for research purposes?,Limited access to patient data,Facilitates large-scale data analysis and identification of trends,Increased manual data collection,Slower research processes,b
What is the primary purpose of a clinical decision support system (CDSS)?,To replace human decision-making,To provide clinicians with evidence-based information and alerts to aid in decision-making,To complicate clinical workflows,To automate all medical diagnoses,b
Which of the following is a challenge in ensuring data quality in healthcare information systems?,Perfect data entry every time,Inaccurate or incomplete data entry and lack of standardization,Automated data validation,Real-time data updates,b
What is the role of a health IT consultant?,To provide direct patient care,To advise healthcare organizations on technology implementation and optimization,To develop new medical devices,To manage hospital finances,b
Which of the following is an example of how technology can support patient self-management of chronic conditions?,Discouraging patient involvement,Providing mobile apps for tracking symptoms and medication adherence,Relying solely on in-person visits,Limiting access to health information,b
"What is the term for the use of biometric authentication (e.g., fingerprint, facial recognition) in healthcare?",Weak security measures,Enhanced security and user convenience for accessing systems,Traditional password-based authentication,Reduced privacy,b
Which of the following is a benefit of using telehealth for post-discharge follow-up?,Increased hospital readmissions,Improved patient recovery and reduced readmission rates,Reduced patient compliance,Higher costs for follow-up care,b
What is the purpose of a patient flow management system in a hospital?,To complicate patient movement,To optimize patient movement through different stages of care,To track hospital supplies,To manage staff schedules only,b
Which of the following is a key consideration for system downtime procedures in healthcare?,Ignoring the possibility of system failures,Having clear manual backup procedures and communication plans,Relying solely on electronic systems,Not informing staff about downtime,b
What is the term for the use of artificial intelligence (AI) in medical imaging analysis?,Manual image interpretation,Assisting radiologists in detecting abnormalities and making diagnoses,Replacing human radiologists entirely,Only for administrative tasks,b
Which of the following is a benefit of using electronic health records (EHRs) for public health surveillance?,It makes it harder to track disease outbreaks,It allows for real-time reporting and analysis of public health data,It limits the ability to share data with public health agencies,It only focuses on individual patient data,b
What is the primary purpose of a nursing documentation system?,To complicate nursing workflow,To provide a legal record of nursing care and patient responses,To replace verbal communication,To reduce the need for critical thinking,b
Which of the following is a challenge in ensuring patient safety with new technology?,Thorough testing and validation before implementation,Unforeseen errors or usability issues,Immediate and seamless integration,Reduced need for staff training,b
What is the role of a clinical educator in technology implementation?,To ignore staff concerns about new technology,To provide training and support to nurses on new systems and workflows,To develop new software applications,To manage hospital budgets,b
Which of the following is an example of how technology can support medication adherence?,Relying on patients to remember all medication instructions,Providing automated medication reminders and educational resources,Discouraging patient questions about their medications,Making medication schedules more complex,b
What is the term for the use of data visualization tools in healthcare?,"Presenting data in raw, unorganized formats",Creating graphical representations of data to identify trends and patterns,Limiting data analysis to spreadsheets only,Making data interpretation more difficult,b
Which of the following is a benefit of using telehealth for chronic wound care management?,Increased frequency of in-person clinic visits,Remote monitoring of wound healing and timely intervention,Reduced patient comfort,Higher risk of infection,b
What is the purpose of a patient tracking system in an emergency department?,To slow down patient flow,To monitor patient location and status in real-time,To manage staff breaks,To only track discharged patients,b
Which of the following is a key consideration for data backup and recovery in a healthcare setting?,"Storing all backups in a single, easily accessible location",Implementing off-site and encrypted backups for disaster recovery,Avoiding regular backup schedules,Relying on manual data re-entry after a system failure,b
What is the term for the use of serious games in healthcare?,Games designed purely for entertainment,"Games designed for a primary purpose other than pure entertainment, such as education or therapy",Games that are not relevant to healthcare,Games that are only played by children,b
Which of the following is a benefit of using electronic health records (EHRs) for quality improvement initiatives?,It makes it harder to track quality metrics,It provides data for identifying areas for improvement and measuring the impact of interventions,It limits the ability to conduct quality audits,"It only focuses on individual patient care, not system-wide improvements",b
What is the primary purpose of a patient classification system (PCS) in nursing?,To categorize patients based on their social status,To determine nursing care requirements and staffing levels,To assign patients to specific rooms,To track patient billing information,b
Which of the following is a challenge in maintaining data privacy in a highly interconnected healthcare system?,Easy sharing of patient data with third parties,The need for robust security measures and strict access controls,Reduced risk of data breaches,Simplified compliance with privacy regulations,b
What is the role of a clinical documentation specialist (CDS)?,To provide direct patient care,To ensure the accuracy and completeness of clinical documentation in the EHR,To develop new software applications,To manage hospital finances,b
Which of the following is an example of how technology can support interprofessional collaboration in healthcare?,Limiting communication between different healthcare disciplines,Facilitating secure messaging and shared access to patient information among team members,Encouraging siloed practice,Increasing communication barriers,b
What is the term for the use of predictive analytics in healthcare?,Relying on past experiences only,Using historical data to forecast future health outcomes or trends,Ignoring data patterns,Only analyzing current data,b
Which of the following is a benefit of using telehealth for remote consultations with specialists?,Increased travel time for patients,"Improved access to specialized care, especially in underserved areas",Reduced continuity of care,Higher costs for specialist services,b
"What is the purpose of a medication dispensing system (e.g., automated dispensing cabinets)?",To increase manual medication handling,To improve medication security and reduce dispensing errors,To slow down medication delivery,To eliminate the need for pharmacists,b
Which of the following is a key consideration for data backup and disaster recovery in healthcare IT?,Storing all data on a single server,Regular backups and a comprehensive disaster recovery plan to ensure data availability,Ignoring potential data loss scenarios,Relying solely on cloud storage without local backups,b
What is the term for the use of gamification in health education?,Making learning boring and unengaging,Applying game-design elements and game principles in non-game contexts to engage users,Only using traditional teaching methods,Discouraging active participation,b
Which of the following is a benefit of using electronic health records (EHRs) for research purposes?,Limited access to patient data,Facilitates large-scale data analysis and identification of trends,Increased manual data collection,Slower research processes,b
What is the primary purpose of a clinical decision support system (CDSS)?,To replace human decision-making,To provide clinicians with evidence-based information and alerts to aid in decision-making,To complicate clinical workflows,To automate all medical diagnoses,b
Which of the following is a challenge in ensuring data quality in healthcare information systems?,Perfect data entry every time,Inaccurate or incomplete data entry and lack of standardization,Automated data validation,Real-time data updates,b
What is the role of a health IT consultant?,To provide direct patient care,To advise healthcare organizations on technology implementation and optimization,To develop new medical devices,To manage hospital finances,b
Which of the following is an example of how technology can support patient self-management of chronic conditions?,Discouraging patient involvement,Providing mobile apps for tracking symptoms and medication adherence,Relying solely on in-person visits,Limiting access to health information,b
"What is the term for the use of biometric authentication (e.g., fingerprint, facial recognition) in healthcare?",Weak security measures,Enhanced security and user convenience for accessing systems,Traditional password-based authentication,Reduced privacy,b
Which of the following is a benefit of using telehealth for post-discharge follow-up?,Increased hospital readmissions,Improved patient recovery and reduced readmission rates,Reduced patient compliance,Higher costs for follow-up care,b
What is the purpose of a patient flow management system in a hospital?,To complicate patient movement,To optimize patient movement through different stages of care,To track hospital supplies,To manage staff schedules only,b
Which of the following is a key consideration for system downtime procedures in healthcare?,Ignoring the possibility of system failures,Having clear manual backup procedures and communication plans,Relying solely on electronic systems,Not informing staff about downtime,b
What is the term for the use of artificial intelligence (AI) in medical imaging analysis?,Manual image interpretation,Assisting radiologists in detecting abnormalities and making diagnoses,Replacing human radiologists entirely,Only for administrative tasks,b
Which of the following is a benefit of using electronic health records (EHRs) for public health surveillance?,It makes it harder to track disease outbreaks,It allows for real-time reporting and analysis of public health data,It limits the ability to share data with public health agencies,It only focuses on individual patient data,b
What is the primary purpose of a nursing documentation system?,To complicate nursing workflow,To provide a legal record of nursing care and patient responses,To replace verbal communication,To reduce the need for critical thinking,b
Which of the following is a challenge in ensuring patient safety with new technology?,Thorough testing and validation before implementation,Unforeseen errors or usability issues,Immediate and seamless integration,Reduced need for staff training,b
What is the role of a clinical educator in technology implementation?,To ignore staff concerns about new technology,To provide training and support to nurses on new systems and workflows,To develop new software applications,To manage hospital budgets,b
Which of the following is an example of how technology can support medication adherence?,Relying on patients to remember all medication instructions,Providing automated medication reminders and educational resources,Discouraging patient questions about their medications,Making medication schedules more complex,b
What is the term for the use of data visualization tools in healthcare?,"Presenting data in raw, unorganized formats",Creating graphical representations of data to identify trends and patterns,Limiting data analysis to spreadsheets only,Making data interpretation more difficult,b
Which of the following is a benefit of using telehealth for chronic wound care management?,Increased frequency of in-person clinic visits,Remote monitoring of wound healing and timely intervention,Reduced patient comfort,Higher risk of infection,b
What is the purpose of a patient tracking system in an emergency department?,To slow down patient flow,To monitor patient location and status in real-time,To manage staff breaks,To only track discharged patients,b
Which of the following is a key consideration for data backup and recovery in a healthcare setting?,"Storing all backups in a single, easily accessible location",Implementing off-site and encrypted backups for disaster recovery,Avoiding regular backup schedules,Relying on manual data re-entry after a system failure,b
What is the term for the use of serious games in healthcare?,Games designed purely for entertainment,"Games designed for a primary purpose other than pure entertainment, such as education or therapy",Games that are not relevant to healthcare,Games that are only played by children,b
Which of the following is a benefit of using electronic health records (EHRs) for quality improvement initiatives?,It makes it harder to track quality metrics,It provides data for identifying areas for improvement and measuring the impact of interventions,It limits the ability to conduct quality audits,"It only focuses on individual patient care, not system-wide improvements",b
What is the primary purpose of a patient classification system (PCS) in nursing?,To categorize patients based on their social status,To determine nursing care requirements and staffing levels,To assign patients to specific rooms,To track patient billing information,b
Which of the following is a challenge in maintaining data privacy in a highly interconnected healthcare system?,Easy sharing of patient data with third parties,The need for robust security measures and strict access controls,Reduced risk of data breaches,Simplified compliance with privacy regulations,b
What is the role of a clinical documentation specialist (CDS)?,To provide direct patient care,To ensure the accuracy and completeness of clinical documentation in the EHR,To develop new software applications,To manage hospital finances,b
Which of the following is an example of how technology can support interprofessional collaboration in healthcare?,Limiting communication between different healthcare disciplines,Facilitating secure messaging and shared access to patient information among team members,Encouraging siloed practice,Increasing communication barriers,b
What is the term for the use of predictive analytics in healthcare?,Relying on past experiences only,Using historical data to forecast future health outcomes or trends,Ignoring data patterns,Only analyzing current data,b
Which of the following is a benefit of using telehealth for remote consultations with specialists?,Increased travel time for patients,"Improved access to specialized care, especially in underserved areas",Reduced continuity of care,Higher costs for specialist services,b
"What is the purpose of a medication dispensing system (e.g., automated dispensing cabinets)?",To increase manual medication handling,To improve medication security and reduce dispensing errors,To slow down medication delivery,To eliminate the need for pharmacists,b
Which of the following is a key consideration for data backup and disaster recovery in healthcare IT?,Storing all data on a single server,Regular backups and a comprehensive disaster recovery plan to ensure data availability,Ignoring potential data loss scenarios,Relying solely on cloud storage without local backups,b
What is the term for the use of gamification in health education?,Making learning boring and unengaging,Applying game-design elements and game principles in non-game contexts to engage users,Only using traditional teaching methods,Discouraging active participation,b
Which of the following is a benefit of using electronic health records (EHRs) for research purposes?,Limited access to patient data,Facilitates large-scale data analysis and identification of trends,Increased manual data collection,Slower research processes,b
What is the primary purpose of a clinical decision support system (CDSS)?,To replace human decision-making,To provide clinicians with evidence-based information and alerts to aid in decision-making,To complicate clinical workflows,To automate all medical diagnoses,b
Which of the following is a challenge in ensuring data quality in healthcare information systems?,Perfect data entry every time,Inaccurate or incomplete data entry and lack of standardization,Automated data validation,Real-time data updates,b
What is the role of a health IT consultant?,To provide direct patient care,To advise healthcare organizations on technology implementation and optimization,To develop new medical devices,To manage hospital finances,b
Which of the following is an example of how technology can support patient self-management of chronic conditions?,Discouraging patient involvement,Providing mobile apps for tracking symptoms and medication adherence,Relying solely on in-person visits,Limiting access to health information,b
"What is the term for the use of biometric authentication (e.g., fingerprint, facial recognition) in healthcare?",Weak security measures,Enhanced security and user convenience for accessing systems,Traditional password-based authentication,Reduced privacy,b
Which of the following is a benefit of using telehealth for post-discharge follow-up?,Increased hospital readmissions,Improved patient recovery and reduced readmission rates,Reduced patient compliance,Higher costs for follow-up care,b
What is the purpose of a patient flow management system in a hospital?,To complicate patient movement,To optimize patient movement through different stages of care,To track hospital supplies,To manage staff schedules only,b
Which of the following is a key consideration for system downtime procedures in healthcare?,Ignoring the possibility of system failures,Having clear manual backup procedures and communication plans,Relying solely on electronic systems,Not informing staff about downtime,b
What is the term for the use of artificial intelligence (AI) in medical imaging analysis?,Manual image interpretation,Assisting radiologists in detecting abnormalities and making diagnoses,Replacing human radiologists entirely,Only for administrative tasks,b
Which of the following is a benefit of using electronic health records (EHRs) for public health surveillance?,It makes it harder to track disease outbreaks,It allows for real-time reporting and analysis of public health data,It limits the ability to share data with public health agencies,It only focuses on individual patient data,b
What is the primary purpose of a nursing documentation system?,To complicate nursing workflow,To provide a legal record of nursing care and patient responses,To replace verbal communication,To reduce the need for critical thinking,b
Which of the following is a challenge in ensuring patient safety with new technology?,Thorough testing and validation before implementation,Unforeseen errors or usability issues,Immediate and seamless integration,Reduced need for staff training,b
What is the role of a clinical educator in technology implementation?,To ignore staff concerns about new technology,To provide training and support to nurses on new systems and workflows,To develop new software applications,To manage hospital budgets,b
Which of the following is an example of how technology can support medication adherence?,Relying on patients to remember all medication instructions,Providing automated medication reminders and educational resources,Discouraging patient questions about their medications,Making medication schedules more complex,b
What is the term for the use of data visualization tools in healthcare?,"Presenting data in raw, unorganized formats",Creating graphical representations of data to identify trends and patterns,Limiting data analysis to spreadsheets only,Making data interpretation more difficult,b
Which of the following is a benefit of using telehealth for chronic wound care management?,Increased frequency of in-person clinic visits,Remote monitoring of wound healing and timely intervention,Reduced patient comfort,Higher risk of infection,b
What is the purpose of a patient tracking system in an emergency department?,To slow down patient flow,To monitor patient location and status in real-time,To manage staff breaks,To only track discharged patients,b
Which of the following is a key consideration for data backup and recovery in a healthcare setting?,"Storing all backups in a single, easily accessible location",Implementing off-site and encrypted backups for disaster recovery,Avoiding regular backup schedules,Relying on manual data re-entry after a system failure,b
What is the term for the use of serious games in healthcare?,Games designed purely for entertainment,"Games designed for a primary purpose other than pure entertainment, such as education or therapy",Games that are not relevant to healthcare,Games that are only played by children,b
Which of the following is a benefit of using electronic health records (EHRs) for quality improvement initiatives?,It makes it harder to track quality metrics,It provides data for identifying areas for improvement and measuring the impact of interventions,It limits the ability to conduct quality audits,"It only focuses on individual patient care, not system-wide improvements",b
What is the primary purpose of a patient classification system (PCS) in nursing?,To categorize patients based on their social status,To determine nursing care requirements and staffing levels,To assign patients to specific rooms,To track patient billing information,b
Which of the following is a challenge in maintaining data privacy in a highly interconnected healthcare system?,Easy sharing of patient data with third parties,The need for robust security measures and strict access controls,Reduced risk of data breaches,Simplified compliance with privacy regulations,b
What is the role of a clinical documentation specialist (CDS)?,To provide direct patient care,To ensure the accuracy and completeness of clinical documentation in the EHR,To develop new software applications,To manage hospital finances,b
Which of the following is an example of how technology can support interprofessional collaboration in healthcare?,Limiting communication between different healthcare disciplines,Facilitating secure messaging and shared access to patient information among team members,Encouraging siloed practice,Increasing communication barriers,b
What is the term for the use of predictive analytics in healthcare?,Relying on past experiences only,Using historical data to forecast future health outcomes or trends,Ignoring data patterns,Only analyzing current data,b
Which of the following is a benefit of using telehealth for remote consultations with specialists?,Increased travel time for patients,"Improved access to specialized care, especially in underserved areas",Reduced continuity of care,Higher costs for specialist services,b
"What is the purpose of a medication dispensing system (e.g., automated dispensing cabinets)?",To increase manual medication handling,To improve medication security and reduce dispensing errors,To slow down medication delivery,To eliminate the need for pharmacists,b
Which of the following is a key consideration for data backup and disaster recovery in healthcare IT?,Storing all data on a single server,Regular backups and a comprehensive disaster recovery plan to ensure data availability,Ignoring potential data loss scenarios,Relying solely on cloud storage without local backups,b
What is the term for the use of gamification in health education?,Making learning boring and unengaging,Applying game-design elements and game principles in non-game contexts to engage users,Only using traditional teaching methods,Discouraging active participation,b
Which of the following is a benefit of using electronic health records (EHRs) for research purposes?,Limited access to patient data,Facilitates large-scale data analysis and identification of trends,Increased manual data collection,Slower research processes,b
What is the primary purpose of a clinical decision support system (CDSS)?,To replace human decision-making,To provide clinicians with evidence-based information and alerts to aid in decision-making,To complicate clinical workflows,To automate all medical diagnoses,b
Which of the following is a challenge in ensuring data quality in healthcare information systems?,Perfect data entry every time,Inaccurate or incomplete data entry and lack of standardization,Automated data validation,Real-time data updates,b
What is the role of a health IT consultant?,To provide direct patient care,To advise healthcare organizations on technology implementation and optimization,To develop new medical devices,To manage hospital finances,b
Which of the following is an example of how technology can support patient self-management of chronic conditions?,Discouraging patient involvement,Providing mobile apps for tracking symptoms and medication adherence,Relying solely on in-person visits,Limiting access to health information,b
"What is the term for the use of biometric authentication (e.g., fingerprint, facial recognition) in healthcare?",Weak security measures,Enhanced security and user convenience for accessing systems,Traditional password-based authentication,Reduced privacy,b
Which of the following is a benefit of using telehealth for post-discharge follow-up?,Increased hospital readmissions,Improved patient recovery and reduced readmission rates,Reduced patient compliance,Higher costs for follow-up care,b
What is the purpose of a patient flow management system in a hospital?,To complicate patient movement,To optimize patient movement through different stages of care,To track hospital supplies,To manage staff schedules only,b
Which of the following is a key consideration for system downtime procedures in healthcare?,Ignoring the possibility of system failures,Having clear manual backup procedures and communication plans,Relying solely on electronic systems,Not informing staff about downtime,b
What is the term for the use of artificial intelligence (AI) in medical imaging analysis?,Manual image interpretation,Assisting radiologists in detecting abnormalities and making diagnoses,Replacing human radiologists entirely,Only for administrative tasks,b
Which of the following is a benefit of using electronic health records (EHRs) for public health surveillance?,It makes it harder to track disease outbreaks,It allows for real-time reporting and analysis of public health data,It limits the ability to share data with public health agencies,It only focuses on individual patient data,b
What is the primary purpose of a nursing documentation system?,To complicate nursing workflow,To provide a legal record of nursing care and patient responses,To replace verbal communication,To reduce the need for critical thinking,b
Which of the following is a challenge in ensuring patient safety with new technology?,Thorough testing and validation before implementation,Unforeseen errors or usability issues,Immediate and seamless integration,Reduced need for staff training,b
What is the role of a clinical educator in technology implementation?,To ignore staff concerns about new technology,To provide training and support to nurses on new systems and workflows,To develop new software applications,To manage hospital budgets,b
Which of the following is an example of how technology can support medication adherence?,Relying on patients to remember all medication instructions,Providing automated medication reminders and educational resources,Discouraging patient questions about their medications,Making medication schedules more complex,b
What is the term for the use of data visualization tools in healthcare?,"Presenting data in raw, unorganized formats",Creating graphical representations of data to identify trends and patterns,Limiting data analysis to spreadsheets only,Making data interpretation more difficult,b
Which of the following is a benefit of using telehealth for chronic wound care management?,Increased frequency of in-person clinic visits,Remote monitoring of wound healing and timely intervention,Reduced patient comfort,Higher risk of infection,b
What is the purpose of a patient tracking system in an emergency department?,To slow down patient flow,To monitor patient location and status in real-time,To manage staff breaks,To only track discharged patients,b
Which of the following is a key consideration for data backup and recovery in a healthcare setting?,"Storing all backups in a single, easily accessible location",Implementing off-site and encrypted backups for disaster recovery,Avoiding regular backup schedules,Relying on manual data re-entry after a system failure,b
What is the term for the use of serious games in healthcare?,Games designed purely for entertainment,"Games designed for a primary purpose other than pure entertainment, such as education or therapy",Games that are not relevant to healthcare,Games that are only played by children,b
Which of the following is a benefit of using electronic health records (EHRs) for quality improvement initiatives?,It makes it harder to track quality metrics,It provides data for identifying areas for improvement and measuring the impact of interventions,It limits the ability to conduct quality audits,"It only focuses on individual patient care, not system-wide improvements",b
What is the primary purpose of a patient classification system (PCS) in nursing?,To categorize patients based on their social status,To determine nursing care requirements and staffing levels,To assign patients to specific rooms,To track patient billing information,b
Which of the following is a challenge in maintaining data privacy in a highly interconnected healthcare system?,Easy sharing of patient data with third parties,The need for robust security measures and strict access controls,Reduced risk of data breaches,Simplified compliance with privacy regulations,b
What is the role of a clinical documentation specialist (CDS)?,To provide direct patient care,To ensure the accuracy and completeness of clinical documentation in the EHR,To develop new software applications,To manage hospital finances,b
Which of the following is an example of how technology can support interprofessional collaboration in healthcare?,Limiting communication between different healthcare disciplines,Facilitating secure messaging and shared access to patient information among team members,Encouraging siloed practice,Increasing communication barriers,b
What is the term for the use of predictive analytics in healthcare?,Relying on past experiences only,Using historical data to forecast future health outcomes or trends,Ignoring data patterns,Only analyzing current data,b
Which of the following is a benefit of using telehealth for remote consultations with specialists?,Increased travel time for patients,"Improved access to specialized care, especially in underserved areas",Reduced continuity of care,Higher costs for specialist services,b
"What is the purpose of a medication dispensing system (e.g., automated dispensing cabinets)?",To increase manual medication handling,To improve medication security and reduce dispensing errors,To slow down medication delivery,To eliminate the need for pharmacists,b
Which of the following is a key consideration for data backup and disaster recovery in healthcare IT?,Storing all data on a single server,Regular backups and a comprehensive disaster recovery plan to ensure data availability,Ignoring potential data loss scenarios,Relying solely on cloud storage without local backups,b
What is the term for the use of gamification in health education?,Making learning boring and unengaging,Applying game-design elements and game principles in non-game contexts to engage users,Only using traditional teaching methods,Discouraging active participation,b
Which of the following is a benefit of using electronic health records (EHRs) for research purposes?,Limited access to patient data,Facilitates large-scale data analysis and identification of trends,Increased manual data collection,Slower research processes,b
What is the primary purpose of a clinical decision support system (CDSS)?,To replace human decision-making,To provide clinicians with evidence-based information and alerts to aid in decision-making,To complicate clinical workflows,To automate all medical diagnoses,b
Which of the following is a challenge in ensuring data quality in healthcare information systems?,Perfect data entry every time,Inaccurate or incomplete data entry and lack of standardization,Automated data validation,Real-time data updates,b
What is the role of a health IT consultant?,To provide direct patient care,To advise healthcare organizations on technology implementation and optimization,To develop new medical devices,To manage hospital finances,b
Which of the following is an example of how technology can support patient self-management of chronic conditions?,Discouraging patient involvement,Providing mobile apps for tracking symptoms and medication adherence,Relying solely on in-person visits,Limiting access to health information,b
"What is the term for the use of biometric authentication (e.g., fingerprint, facial recognition) in healthcare?",Weak security measures,Enhanced security and user convenience for accessing systems,Traditional password-based authentication,Reduced privacy,b
Which of the following is a benefit of using telehealth for post-discharge follow-up?,Increased hospital readmissions,Improved patient recovery and reduced readmission rates,Reduced patient compliance,Higher costs for follow-up care,b
What is the purpose of a patient flow management system in a hospital?,To complicate patient movement,To optimize patient movement through different stages of care,To track hospital supplies,To manage staff schedules only,b
Which of the following is a key consideration for system downtime procedures in healthcare?,Ignoring the possibility of system failures,Having clear manual backup procedures and communication plans,Relying solely on electronic systems,Not informing staff about downtime,b
What is the term for the use of artificial intelligence (AI) in medical imaging analysis?,Manual image interpretation,Assisting radiologists in detecting abnormalities and making diagnoses,Replacing human radiologists entirely,Only for administrative tasks,b
