Question,Option A,Option B,Option C,Option D,Correct Answer
What is the primary purpose of first aid?,To diagnose medical conditions,To provide immediate care to an injured or ill person until professional medical help arrives,To replace professional medical care,To administer medications,b
What does the acronym DRABC stand for in first aid?,"Danger, Response, Airway, Breathing, Circulation","Doctor, Response, Ambulance, Bandage, Care","Danger, Rest, Action, Bandage, Comfort","Diagnose, React, Assess, Breathe, Call",a
"When assessing for Danger, what should a first aider consider?",Only dangers to the casualty,Only dangers to themselves,"Dangers to themselves, the casualty, and any bystanders",The time of day,c
How should a first aider check for Response in a casualty?,By shaking the casualty vigorously,By shouting loudly at the casualty,"By gently shaking the shoulders and asking loudly, ""Are you alright?""",By splashing water on the casualty's face,c
"If a casualty is unresponsive, what is the next immediate step according to DRABC?",Check for breathing,Open the airway,Start chest compressions,Call for an ambulance,b
How do you open the airway of an unresponsive adult casualty?,By tilting the head forward and lifting the chin,"By placing one hand on the forehead and gently tilting the head back, while lifting the chin with two fingers of the other hand (head tilt-chin lift)",By pressing down on the chin,By turning the casualty onto their side,b
For how long should you check for normal breathing in an unresponsive casualty?,For no more than 5 seconds,For no more than 10 seconds,For at least 30 seconds,For 1 minute,b
"If an adult casualty is unresponsive and not breathing normally, what should you do immediately after calling for emergency help?",Place them in the recovery position,Start Cardiopulmonary Resuscitation (CPR),Give them something to drink,Wait for the ambulance to arrive,b
What is the correct ratio of chest compressions to rescue breaths for adult CPR?,15 compressions to 2 breaths,30 compressions to 2 breaths,5 compressions to 1 breath,100 compressions to 0 breaths (compression-only CPR),b
At what rate should chest compressions be performed during adult CPR?,60-80 compressions per minute,100-120 compressions per minute,140-160 compressions per minute,As fast as possible,b
To what depth should the chest be compressed during adult CPR?,1-2 cm,2-3 cm,5-6 cm (approximately 2-2.4 inches),7-8 cm,c
What is the recovery position used for?,For a casualty who is responsive and breathing normally,For an unresponsive casualty who is breathing normally,For a casualty who is not breathing,For a casualty with a suspected spinal injury,b
Which of the following is a sign of severe bleeding?,Slow oozing of blood,Blood spurting from a wound,A small bruise,A minor cut that stops bleeding quickly,b
What is the first aid treatment for severe external bleeding?,Apply a tourniquet immediately,Wash the wound with soap and water,Apply direct pressure to the wound with a clean dressing and elevate the injured part if possible,Give the casualty aspirin,c
What is shock in a first aid context?,An emotional reaction to a traumatic event,A condition where the circulatory system fails to provide enough oxygen-rich blood to the body's tissues and organs,An electric shock,A sudden fright,b
Which of the following are signs and symptoms of shock?,"Flushed, warm skin and a strong pulse","Pale, cold, clammy skin; rapid, weak pulse; rapid, shallow breathing; nausea; dizziness",High fever and shivering,"Slow, strong pulse and normal breathing",b
What is the first aid for a casualty suffering from shock?,"Give them a warm, sweet drink","Help them to lie down, raise and support their legs (if no suspected fracture), loosen tight clothing, and keep them warm",Encourage them to walk around,Splash cold water on their face,b
What is the first aid treatment for a minor burn?,Apply butter or oil to the burn,Cool the burn under cool running water for at least 20 minutes,Burst any blisters that form,Cover the burn with a fluffy cotton dressing,b
"For a severe burn, after ensuring your safety and calling emergency services, what should you do while waiting for help?",Remove any clothing stuck to the burn,Apply ice directly to the burn,"Cool the burn with cool running water for at least 20 minutes if possible, and cover with a sterile, non-adherent dressing or clean plastic wrap",Give the casualty pain medication,c
What is the first aid for a suspected broken bone (fracture)?,Try to straighten the injured limb,Encourage the casualty to move the injured part to see if it's broken,"Immobilize the injured part by supporting it in the position found, apply a cold compress, and seek medical help",Give the casualty a hot drink,c
What does the acronym RICE stand for in the treatment of sprains and strains?,"Rest, Ice, Compression, Elevation","Run, Immobilize, Call, Examine","Reassure, Inspect, Cool, Emergency","Rub, Ice, Comfort, Encourage",a
What is the first aid for someone who is choking and is a conscious adult?,Give them water to drink,"Perform up to 5 sharp back blows between the shoulder blades, followed by up to 5 abdominal thrusts (Heimlich maneuver) if needed",Lay them flat on their back and perform chest compressions,Encourage them to cough forcefully,b
"If an adult casualty becomes unconscious while choking, what should you do?",Continue with back blows,Attempt abdominal thrusts while they are lying down,"Carefully lower them to the ground, call for emergency help immediately, and begin CPR, checking the mouth for the obstruction before giving breaths",Try to remove the object with your fingers blindly,c
What are the signs of a heart attack?,Sudden numbness or weakness on one side of the body,"Persistent central chest pain (often described as tightness, heaviness, or squeezing), which may spread to the jaw, neck, arms; shortness of breath; nausea; sweating",Severe headache and dizziness,Abdominal pain and vomiting,b
What is the immediate first aid for a suspected heart attack?,Encourage the person to walk around to improve circulation,"Help the person to sit in a comfortable position (often half-sitting, leaning against support), call for emergency medical help immediately, and if they have their own medication (e.g., GTN spray, aspirin), assist them to take it",Give them a cold drink,Lay them flat with their legs elevated,b
What is a stroke?,A sudden interruption of blood supply to the heart,"A sudden interruption of blood supply to the brain, causing brain cell damage",A severe allergic reaction,A seizure,b
What does the acronym FAST stand for in recognizing a stroke?,"Face, Arm, Speech, Time","Feet, Aches, Shivering, Temperature","Faint, Alert, Sit, Talk","Fever, Attack, Shake, Triage",a
What is the first aid for a suspected stroke?,Give the person aspirin,Encourage them to lie down and sleep,"Call for emergency medical help immediately, note the time the symptoms started, and keep the person comfortable and reassured",Give them something to eat or drink,c
What is anaphylaxis?,A mild skin rash,"A severe, life-threatening allergic reaction",A common cold,A minor burn,b
What are the signs and symptoms of anaphylaxis?,Mild itching and sneezing,"Difficulty breathing, wheezing, swelling (especially of the face, lips, tongue), rash, dizziness, collapse",A slight fever and headache,A localized insect bite reaction,b
"What is the emergency first aid for anaphylaxis if the person has an auto-injector (e.g., EpiPen)?",Wait to see if the symptoms improve on their own,Help them use their auto-injector immediately and call for emergency medical help,Give them an antihistamine tablet only,Encourage them to drink water,b
What is hypoglycemia?,High blood sugar,Low blood sugar,High blood pressure,Low blood pressure,b
What are the signs of hypoglycemia in a conscious person with diabetes?,"Flushed, dry skin and fruity-smelling breath","Sweating, trembling, confusion, hunger, rapid pulse, slurred speech",High fever and rash,Slow pulse and deep breathing,b
What is the first aid for a conscious person with diabetes who is showing signs of hypoglycemia?,Give them an insulin injection,"Give them a sugary drink, glucose tablets, or sweets, followed by a more substantial carbohydrate snack once they improve",Encourage them to exercise,Give them water only,b
What is heat exhaustion?,A mild form of heat illness caused by exposure to high temperatures and dehydration,A life-threatening condition where the body's temperature control system fails,Frostbite,A common cold caused by heat,a
What are the signs of heat exhaustion?,"Hot, red, dry skin and a very high body temperature","Heavy sweating, pale and clammy skin, muscle cramps, fatigue, headache, nausea, dizziness",Shivering and goosebumps,Blue lips and fingers,b
What is the first aid for heat exhaustion?,Encourage the person to continue strenuous activity,"Move the person to a cool place, have them lie down with legs slightly elevated, give them sips of cool water or a sports drink, loosen clothing, and cool their skin with a fan or cool compresses",Give them hot drinks,Wrap them in warm blankets,b
What is heatstroke?,A mild form of heat illness,"A life-threatening condition where the body's temperature control system fails, leading to a dangerously high body temperature",Hypothermia,A skin rash caused by heat,b
What are the signs of heatstroke?,"Cool, clammy skin and heavy sweating","Hot, red, dry or damp skin; very high body temperature; rapid, strong pulse; confusion; loss of consciousness",Shivering and pale skin,Normal body temperature but feeling unwell,b
What is the immediate first aid for suspected heatstroke?,Give the person a warm drink,"Call for emergency medical help immediately. Move the person to a cool place, cool them rapidly by any means possible (e.g., cool water immersion, fanning, ice packs to groin, neck, armpits), and monitor their breathing.",Encourage them to walk around,Give them aspirin,b
What is hypothermia?,A condition where the body overheats,"A condition where the body loses heat faster than it can produce it, resulting in a dangerously low body temperature",A type of burn,A skin infection,b
What are the signs of mild hypothermia?,"Hot, flushed skin","Shivering, slurred speech, confusion, drowsiness, loss of coordination",Heavy sweating and thirst,Rapid pulse and breathing,b
What is the first aid for mild hypothermia?,Give the person an alcoholic drink to warm them up,"Move the person to a warm, dry place; remove wet clothing; cover them with warm blankets or clothing; give warm, sweet, non-alcoholic drinks if conscious",Rub their skin vigorously,Immerse them in a hot bath,b
What is frostbite?,A burn caused by extreme heat,An injury caused by freezing of the skin and underlying tissues,A skin rash,An allergic reaction to cold,b
What are the signs of frostbite?,"Red, hot, swollen skin","Numbness, pale or waxy-looking skin, hardness of the affected area, blisters (in later stages)","Itchy, bumpy rash",Profuse sweating,b
What is the first aid for frostbite?,Rub the affected area with snow,Warm the affected area rapidly in warm (not hot) water (around 38-40°C or 100-104°F) until skin is soft and color returns. Do not rub. Seek medical attention.,Apply direct heat from a fire or heating pad,Break any blisters that form,b
What is the first aid for a nosebleed?,Tilt the head backward and pinch the soft part of the nose,"Have the person sit down and lean forward slightly, pinch the soft part of their nose firmly for at least 10-15 minutes, and encourage them to breathe through their mouth",Pack the nostrils with cotton wool,Blow the nose forcefully to clear any clots,b
"If a foreign object is embedded in an eye, what should a first aider do?",Try to remove the object with tweezers,Flush the eye with copious amounts of water,"Advise the casualty not to rub the eye, cover the affected eye with a sterile pad or clean dressing (and often the uninjured eye to prevent movement), and seek immediate medical help",Apply pressure to the eye,c
What is the first aid for a chemical burn to the eye?,Cover the eye immediately with a dry dressing,"Flush the eye immediately and continuously with cool running water for at least 20 minutes, ensuring the water runs away from the unaffected eye, and seek urgent medical attention",Apply an antibiotic ointment,Advise the casualty to blink rapidly,b
What is the first aid for a seizure (convulsion)?,Try to restrain the person's movements,"Encourage slow, calm breathing. Reassure them that they are safe and the feelings will pass. Help them focus on their surroundings or a simple task. Avoid telling them to calm down or that there_s nothing to worry about in a dismissive way.",Give them a paper bag to breathe into for an extended period,Leave them alone to deal with it,c
What is the first aid for a casualty with a suspected dislocation?,Try to put the joint back into place,Do NOT attempt to relocate the joint. Immobilize the injured part in the position found. Apply a cold compress. Seek immediate medical attention.,Encourage movement of the joint to prevent stiffness,Apply heat to the joint,b
What is the first aid for a casualty who has had too much alcohol and is conscious but very drunk?,Give them strong black coffee,"Ensure they are safe and cannot injure themselves. Stay with them. If they are sleepy, try to keep them awake or in a position where they won_t choke if they vomit (recovery position if unresponsive but breathing). Do not leave them alone. Seek medical advice if concerned or if they become unresponsive.",Encourage them to drink more alcohol to sober up slowly,Take them for a long walk to clear their head,b
What is the first aid for a casualty with a cut finger that is bleeding moderately?,Apply a tourniquet immediately,"Wash the wound with soap and water, apply direct pressure with a clean dressing, and elevate the hand above the level of the heart.","Ignore it, as it will stop on its own",Apply heat to the wound,b
"What is the first aid for a casualty who has something stuck in their ear (e.g., a bead)?",Try to remove it with tweezers or a cotton bud,"Do NOT try to remove it yourself as you may push it further in or damage the ear. Tilt the head to the affected side to see if it falls out. If not, seek medical attention.",Pour oil into the ear to float it out,Flush the ear with water under pressure,b
"What is the first aid for a casualty who has something stuck in their nose (e.g., a small toy)?",Try to remove it with tweezers,"Encourage the casualty to breathe through their mouth. Try to get them to blow their nose gently while compressing the unaffected nostril. If this doesn_t work, or if the object is not visible or easily removed, seek medical attention. Do not poke at it.",Use a vacuum cleaner to suck it out,Push it further in to clear the airway,b
What is the first aid for a casualty with a cramp in their leg while swimming?,Continue swimming vigorously to work it out,"Try to get to safety (e.g., side of pool, boat). Gently stretch the cramped muscle. Float on your back if possible while doing so.",Panic and thrash around,Dive underwater to relieve pressure,b
What is the primary concern with an electrical burn?,The size of the surface burn only,"The risk of internal injuries, damage to the heart_s rhythm, and the presence of entry and exit wounds. Ensure the power source is off before approaching. Call for emergency medical help immediately.",That it will get infected easily,That it will leave a bad scar,b
What is the first aid for a casualty who has touched a stinging nettle?,Rub the area vigorously with a dock leaf,Wash the area with cool water and soap. Apply a cold compress. Antihistamine cream or calamine lotion may help soothe itching. Avoid scratching.,Apply heat to the area,Cover the area with mud,b
What is the first aid for a casualty with a suspected pelvic fracture?,Encourage them to walk to test for pain,"Keep the casualty still and lying flat. Support their hips and legs with padding (e.g., rolled blankets) to prevent movement. Call for emergency medical help immediately. Do not move them unless absolutely necessary.",Help them sit up in a chair,Apply a cold compress directly to the pelvis,b
"What is the first aid for a casualty with a suspected internal bleeding (e.g., after a blunt trauma)?",Give them aspirin to thin the blood,"Call for emergency medical help immediately. Help the casualty to lie down and keep them still. Treat for shock (raise legs if no fracture, keep warm). Monitor breathing and level of response.",Encourage them to drink plenty of fluids,Apply a warm compress to the abdomen,b
"What is the first aid for a casualty with a severe allergic reaction to food, who does not have an auto-injector?",Give them a small amount more of the food to build tolerance,"Call for emergency medical help immediately. Help them into a comfortable position (sitting up if having trouble breathing, lying down if feeling faint). Reassure them.",Encourage them to induce vomiting,Give them an over-the-counter painkiller,b
What is the first aid for a casualty with a minor cut that has stopped bleeding?,Leave it uncovered to air out,Clean the wound thoroughly with soap and water or antiseptic wipes. Apply a sterile adhesive dressing or plaster.,Apply a tight bandage to prevent further bleeding,Put butter on it,b
"What is the first aid for a casualty with a suspected eye infection (e.g., conjunctivitis)?",Share their towel with others,"Advise them not to rub their eyes. Clean away any discharge gently with a clean cotton ball soaked in cooled boiled water (use a separate one for each eye, wiping from inner to outer corner). Advise them to see a doctor. Emphasize hand hygiene to prevent spread.",Apply a thick ointment from someone else_s prescription,Wear dark sunglasses indoors,b
"What is the first aid for a casualty who has inhaled a foreign body (not choking, but object in airway)?",Perform abdominal thrusts immediately,"If the casualty can cough, speak, or breathe, encourage them to cough to try and clear it. If they cannot, or if coughing is ineffective, or they show signs of severe airway obstruction, treat as for choking. Call for emergency help if concerned.",Give them a drink of water,Slap them hard on the back repeatedly,b
What is the first aid for a casualty with a blister on their foot from walking?,Pop the blister with a sterilized needle and drain the fluid,"If the blister is intact, try to protect it with a special blister plaster or a soft dressing. If it has burst, clean it gently and apply a sterile dressing.",Cut away the dead skin from a burst blister,Apply heat to dry it out,b
What is the first aid for a casualty with a suspected finger dislocation?,Try to pull the finger back into place,Do NOT attempt to relocate it. Immobilize the finger by splinting it to an adjacent finger or a small padded splint. Apply a cold compress. Seek medical attention.,Encourage the casualty to wiggle the finger,Apply a warm compress,b
What is the first aid for a casualty with a fish hook embedded in their skin?,Pull it out forcefully in the opposite direction it went in,"If the barb is embedded, do NOT try to pull it straight out. If possible and you are trained, the push-through and cut-off method or string-pull method may be used by professionals. Otherwise, immobilize the area, leave the hook in place, and seek medical attention. Control any bleeding.",Cut the skin around the hook to release it,Cover it with a plaster and ignore it,b
What is the first aid for a casualty with a suspected febrile convulsion in a child?,Immerse the child in an ice bath,"Protect the child from injury during the seizure. Loosen clothing. After the seizure, if they have a fever, try to cool them by removing excess clothing and sponging with tepid (lukewarm) water. Seek medical advice urgently, especially if it_s their first febrile convulsion.",Give them adult aspirin,Try to hold their limbs still,b
What is the first aid for a casualty with a minor scald from hot water?,Apply ice directly to the scald,Cool the scald under cool running water for at least 20 minutes. Remove any jewellery or tight clothing from the affected area unless stuck to the skin. Cover with a sterile non-adherent dressing or clean plastic wrap.,Apply butter or oil,Burst any blisters that form,b
"What is the first aid for a casualty with a suspected poisoning from inhaling fumes (e.g., carbon monoxide)?",Open windows and stay in the room with the casualty,"Immediately move the casualty (and yourself) to fresh air, being mindful of your own safety (do not enter an unsafe environment). Call for emergency medical help. If the casualty is unresponsive, check breathing and be prepared to give CPR.",Give the casualty a drink of milk,Encourage the casualty to breathe deeply into a paper bag,b
What is the first aid for a casualty with a suspected broken tooth?,Ignore it as it will heal on its own,"Rinse the mouth with warm water. If there are sharp fragments, try to collect them. Apply a cold compress to the outside of the cheek if there is swelling. Seek dental attention.",Try to glue the broken piece back on,Give the casualty hard sweets to chew,b
"What is the first aid for a casualty with a suspected ruptured eardrum (e.g., after a loud blast)?",Pour olive oil into the ear,"Do NOT put anything into the ear. Keep the ear dry. Seek medical attention. There may be pain, hearing loss, or discharge.",Try to clean the ear out with a cotton bud,Apply a warm compress to the ear,b
What is the first aid for a casualty with a suspected eye contusion (bruise to the eye itself)?,Apply firm pressure directly to the eyeball,"Apply a cold compress gently around the eye (not directly on it if very painful) for 15-20 minutes. Seek medical attention if there is pain, vision disturbance, or blood visible in the colored part of the eye.",Encourage the casualty to rub their eye,Apply a warm compress immediately,b
What is the first aid for a casualty with a suspected hyperventilation (over-breathing)?,Tell them to breathe as fast as possible,"Try to calm and reassure the casualty. Encourage them to slow their breathing. Sometimes breathing slowly into cupped hands or a paper bag (for a very short period, under supervision, and if not asthmatic or having heart problems) can help, but this is controversial and should be used with caution. Focus on calm, slow breaths.",Give them a stimulant like coffee,Ignore them as it will pass quickly,b
What is the first aid for a casualty with a suspected heat rash (prickly heat)?,Apply thick oily cream,"Move the casualty to a cooler, less humid environment. Keep the affected area dry. Wear loose cotton clothing. Cool baths or showers can help. Calamine lotion or hydrocortisone cream (low strength) may soothe.",Cover the rash with tight bandages,Encourage sweating to clear the pores,b
"What is the first aid for a casualty with a suspected jellyfish sting where vinegar is recommended (e.g., Box Jellyfish)?",Apply fresh water immediately,"If recommended for the specific type of jellyfish in your area, liberally apply vinegar for at least 30 seconds to deactivate stinging cells. Then remove tentacles and immerse in hot water if advised. Always seek local advice on jellyfish stings.",Rub the area with alcohol,Apply urine to the sting,b
What is the first aid for a casualty with a suspected button battery ingestion?,Induce vomiting,"This is a medical emergency. Do NOT induce vomiting. Do NOT give food or drink. Seek immediate hospital attention. If possible, identify the battery type.",Give them milk to coat the battery,Wait and see if they pass it naturally,b
"What is the first aid for a casualty with a suspected croup in a child (barking cough, difficulty breathing)?",Give them ice cream to soothe the throat,"Try to calm the child. Exposure to cool, moist air can help (e.g., sit in a steamy bathroom or take outside into cool night air). If breathing is very difficult or they seem very unwell, seek urgent medical attention.",Encourage them to lie flat on their back,Give them a cough suppressant,b
What is the first aid for a casualty with a suspected fainting episode that is not resolving quickly or is recurrent?,Assume they are just tired,"Call for emergency medical help. While waiting, if they are unresponsive, check breathing and manage accordingly (recovery position or CPR).",Try to make them stand up,Give them a strong smelling substance to inhale,b
What is the first aid for a casualty with a suspected severe headache that is sudden and different from usual?,Give them two aspirin and tell them to rest,"This could be a sign of a serious condition (e.g., stroke, meningitis). Seek urgent medical attention, especially if accompanied by other symptoms like stiff neck, fever, visual changes, or neurological deficits.",Tell them to ignore it as it_s probably stress,Apply a very hot compress to their head,b
"What is the first aid for a casualty with a suspected minor head bump (no loss of consciousness, casualty alert)?",Send them to bed immediately to sleep it off,"Apply a cold compress to the area to reduce swelling. Observe for any signs of worsening condition (e.g., drowsiness, vomiting, confusion) for the next 24-48 hours. If any concerns, seek medical advice.",Give them a strong painkiller,Encourage them to play sports to take their mind off it,b
What is the first aid for a casualty with a suspected object in their airway who is still able to cough effectively?,Perform immediate abdominal thrusts,Encourage them to continue coughing to try and dislodge the object. Do not interfere with their attempts to cough.,Give them back blows,Give them water to drink,b
"What is the first aid for a casualty with a suspected wound infection (e.g., redness, swelling, pus, warmth, fever)?",Apply a very tight bandage to stop the spread,Advise the casualty to seek medical attention as they may need antibiotics. Keep the wound clean and covered with a sterile dressing in the meantime.,Apply heat to draw out the infection,Ignore it as it will clear up on its own,b
What is the first aid for a casualty with a suspected allergic reaction causing a widespread itchy rash (urticaria/hives) but no breathing difficulty?,Encourage them to scratch the rash,"Apply cool compresses to soothe the skin. An over-the-counter antihistamine may help if appropriate for the casualty. Advise them to seek medical advice if it_s severe, doesn_t improve, or if other symptoms develop.","Apply a warm, moist dressing",Give them aspirin,b
What is the first aid for a casualty with a suspected carbon monoxide poisoning who is conscious but confused and drowsy?,Give them oxygen from a non-medical source,Immediately move them to fresh air. Call for emergency medical help. Keep them warm and at rest. Monitor their level of consciousness and breathing.,Encourage them to go to sleep in the same room,Give them a cup of coffee,b
"What is the first aid for a casualty with a suspected spider bite (non-deadly, causing local reaction)?",Cut the bite site to let venom out,"Clean the bite with soap and water. Apply a cold compress to reduce swelling and pain. Elevate the area if possible. Seek medical attention if symptoms are severe or worsen, or if unsure about the spider type.",Apply a tourniquet above the bite,Apply heat to the bite,b
"What is the first aid for a casualty with a suspected minor puncture wound (e.g., from a nail)?",Squeeze the wound to make it bleed more,Wash the wound thoroughly with soap and water. Allow it to bleed a little if it does so naturally (helps clean it). Apply an antiseptic and a sterile dressing. Advise the casualty to check their tetanus immunization status and see a doctor if concerned about infection or deep penetration.,Cover it immediately without cleaning,Apply mud to seal the wound,b
What is the first aid for a casualty with a suspected foreign body in the nose that is visible and easily graspable?,Use a sharp object to try and flick it out,"If it is very superficial and can be easily grasped with fingers or blunt tweezers without pushing it further, you may attempt removal. Otherwise, follow advice for general object in nose (blow nose, seek medical help).",Push it further up to clear the passage,Leave it and hope it comes out on its own,b
What is the first aid for a casualty with a suspected minor burn from a chemical powder on the skin?,Brush the powder off with your bare hand,"Carefully brush off any remaining dry chemical powder from the skin (wear gloves if possible, avoid inhaling powder). Then flood the area with cool running water for at least 20 minutes. Seek medical attention.",Immediately apply water without brushing off powder,Cover the powder with a wet dressing,b
What is the first aid for a casualty with a suspected minor electrical shock where the person is conscious and seems okay but touched a live wire briefly?,Tell them they are fine and no further action is needed,"Even if they seem fine, advise them to seek medical assessment as electrical shocks can cause internal injuries or heart rhythm problems that are not immediately obvious.",Give them a sugary drink,Encourage them to exercise to check their heart,b
What is the first aid for a casualty with a suspected minor scald on the hand from steam?,Apply butter immediately,Cool the affected area under cool running water for at least 20 minutes. Remove any rings or watches from the affected hand. Cover with a sterile non-adherent dressing or clean plastic wrap.,Pop any blisters that form,Wrap the hand tightly in a dry bandage,b
"What is the first aid for a casualty with a suspected minor allergic reaction to an insect bite (local swelling, itching, redness) in someone not known to have severe allergies?",Apply heat to the area,Wash the area with soap and water. Apply a cold compress to reduce swelling and itching. An over-the-counter antihistamine cream or tablet may help. Monitor for signs of a more severe reaction.,Squeeze the bite site to remove venom,Cover the bite with a non-breathable plaster,b
What is the first aid for a casualty with a suspected minor nosebleed that stops within 15 minutes of applying pressure?,Advise them to blow their nose hard to clear any remaining clots,"Advise them to avoid blowing their nose, picking it, or strenuous activity for several hours to prevent re-bleeding. If it re-starts and is heavy or prolonged, seek medical advice.",Tell them to tilt their head back for an hour,Give them aspirin to prevent clotting,b
What is the first aid for a casualty with a suspected minor splinter under a fingernail that is painful but not deeply embedded?,Try to dig it out with a non-sterile pin,"Clean the area. If a small part of the splinter is protruding, you may be able to grasp it with sterile tweezers and gently pull it out in the direction it entered. If not, or if it breaks, or if very painful, soak the finger in warm water for a few minutes several times a day to see if it works its way out or softens the skin. Seek medical advice if it doesn_t come out or signs of infection appear.",Cut the fingernail very short to expose it,Apply a tight bandage over it,b
"What is the first aid for a casualty with a suspected minor muscle strain (e.g., pulled muscle in the leg during exercise)?",Continue exercising to warm it up,Follow RICE: Rest the injured part. Apply Ice (cold pack wrapped in cloth) for 15-20 minutes every 2-3 hours. Apply Compression with an elastic bandage (not too tight). Elevate the injured limb above the level of the heart if possible.,Apply direct heat immediately,Massage the muscle vigorously,b
What is the first aid for a casualty with a suspected minor sunburn on the shoulders and back?,Apply petroleum jelly thickly,"Cool the skin with cool showers or compresses. Apply aloe vera gel or a moisturizing lotion. Drink plenty of water. Wear loose, soft clothing. Avoid further sun exposure.","Cover with tight, dark clothing to protect from more sun",Take a very hot bath to draw out the heat,b
What is the first aid for a casualty with a suspected minor friction blister on the heel that has not burst?,Pop it with a pin to relieve pressure,Protect it from further rubbing by applying a blister plaster or a soft dressing with a doughnut-shaped pad around it. Try to avoid bursting it.,Apply heat to harden the skin,Cover it with duct tape,b
What is the first aid for a casualty with a suspected minor cut on the scalp that is bleeding a fair bit (due to good blood supply)?,Ignore it as scalp wounds always look worse than they are,"Apply direct pressure to the wound with a clean cloth or dressing. If possible, have the casualty sit down. Scalp wounds can bleed a lot, so maintain pressure. Seek medical advice if bleeding is heavy, doesn_t stop, or if the wound is large or gaping.",Wash it with very hot water,Apply a tourniquet around the head,b
"What is the first aid for a casualty with a suspected minor foreign object in the eye (e.g., grit) that is causing irritation but is not visible?",Rub the eye hard until it comes out,"Try to flush the eye by tilting the head with the affected eye lower and pouring clean water or saline from the inner corner outwards, or by using an eye bath. Advise them not to rub. If irritation persists, seek medical advice.",Use a dry cotton bud to try and find it,Keep the eye tightly shut for an hour,b
What is the first aid for a casualty with a suspected minor scald from spilling hot tea on their arm?,Apply ice directly to the skin,Immediately cool the burn under cool (not ice-cold) running water for at least 20 minutes. Gently remove any clothing or jewellery near the burn unless it is stuck to the skin. Cover the burn with cling film (plastic wrap) or a clean non-fluffy cloth.,Put toothpaste on the burn,Wrap it tightly with a bandage,b
What is the first aid for a casualty with a suspected minor nosebleed in a child who is otherwise well?,Tell them to lie down flat on their back,Have the child sit up and lean forward slightly. Pinch the soft part of their nose (just below the bony part) firmly for 10-15 minutes. Encourage them to breathe through their mouth. Reassure them.,Pack their nostrils with tissue paper,Tell them to sniff hard to stop the blood,b
"What is the first aid for a casualty with a suspected minor bee sting on the arm, and the stinger is visible?",Squeeze the area to push the stinger out,Gently scrape the stinger away sideways with a credit card or fingernail (avoid using tweezers if possible as it can squeeze more venom). Wash the area with soap and water. Apply a cold compress.,Leave the stinger in as it will fall out naturally,Apply heat to neutralize the venom,b
What is the first aid for a casualty with a suspected minor tick bite where the tick is still attached?,Cover the tick with Vaseline to suffocate it,"Use fine-tipped tweezers to grasp the tick as close to the skin_s surface as possible. Pull upward with steady, even pressure. Avoid twisting or jerking. After removing, clean the bite area and your hands thoroughly.",Burn the tick off with a hot matchstick,Pull the tick off quickly with your fingers,b
What is the first aid for a casualty with a suspected minor cut from a sharp knife while cooking?,Immediately put salt in the wound to clean it,"Wash the wound under clean running water. Apply gentle pressure with a clean cloth or sterile dressing to control bleeding. Once bleeding stops, apply an antiseptic and cover with a sterile adhesive dressing.",Apply a tourniquet above the cut,Pour alcohol directly into the wound,b
"What is the first aid for a casualty with a suspected minor sprain of the ankle (twisted ankle, some pain and swelling)?",Encourage them to walk on it to keep it mobile,"Follow RICE: Rest, Ice (cold pack wrapped), Compression (elastic bandage), Elevation. Seek medical advice if pain is severe, they cannot bear weight, or it doesn_t improve.",Apply a hot water bottle immediately,Tightly strap the ankle with non-elastic tape,b
What is the first aid for a casualty with a suspected minor sunburn causing redness and mild pain?,Apply baby oil to the skin,Cool the skin with a cool shower or cool compresses. Apply a soothing aftersun lotion or aloe vera. Drink plenty of fluids. Avoid further sun exposure.,"Cover the area with a thick, warm blanket",Encourage them to sunbathe more to get used to it,b
"What is the first aid for a casualty with a suspected minor heat exhaustion (feeling tired, sweaty, slightly dizzy after being in the sun)?","Give them a hot, sugary tea",Move them to a cool place to rest. Give them sips of cool water or a sports drink. Loosen any tight clothing. Encourage them to lie down with feet slightly elevated if feeling faint.,Tell them to do some light exercise to feel better,Wrap them in a towel soaked in hot water,b
What is the first aid for a casualty with a suspected minor cut on the finger that is bleeding slightly?,"Ignore it, it will stop on its own.","Wash the wound with soap and water, apply direct pressure with a clean cloth, and cover with a sterile dressing.",Apply a tourniquet to the finger.,Suck the blood from the wound.,b
What is the first aid for a casualty with a suspected minor bruise?,Apply heat immediately.,"Apply a cold compress (e.g., ice pack wrapped in a cloth) for 15-20 minutes to reduce swelling and pain.",Rub the bruise vigorously.,Pierce the bruise to release the blood.,b
What is the first aid for a casualty with a suspected minor nosebleed that has stopped but might restart?,Advise them to blow their nose forcefully.,"Advise them to avoid picking their nose, blowing it hard, or strenuous activity for several hours.",Tell them to tilt their head back.,Give them a hot drink.,b
What is the first aid for a casualty with a suspected minor burn from touching a hot pan?,Apply butter or oil to the burn.,Cool the burn under cool running water for at least 10-20 minutes.,Burst any blisters that form.,Cover the burn with a fluffy cotton dressing.,b
What is the first aid for a casualty with a suspected minor sprain of the wrist?,Encourage them to move the wrist to keep it flexible.,"Apply RICE (Rest, Ice, Compression, Elevation).",Apply heat immediately to soothe the pain.,Tightly bandage the wrist without checking circulation.,b
"What is the first aid for a casualty with a suspected minor head bump (no loss of consciousness, alert)?",Send them to bed immediately to sleep it off.,Apply a cold compress to the area and observe for any changes in condition.,Give them strong painkillers.,Tell them to continue normal activities.,b
"What is the first aid for a casualty with a suspected minor foreign object in the eye (e.g., dust) that is causing irritation?",Rub the eye vigorously.,"Try to flush the eye with clean water or saline, or encourage blinking.",Use a dry cotton bud to try and remove it.,Keep the eye tightly closed.,b
What is the first aid for a casualty with a suspected minor cut on the leg that is not bleeding heavily?,Apply a tourniquet.,"Clean the wound with soap and water, apply antiseptic, and cover with a sterile dressing.",Leave it exposed to the air.,Put soil on the wound to stop bleeding.,b
What is the first aid for a casualty with a suspected minor scald from hot coffee on the hand?,Apply ice directly to the scald.,Cool the scald under cool running water for at least 10-20 minutes.,Apply toothpaste to the scald.,Wrap the hand tightly in a dry bandage.,b
What is the first aid for a casualty with a suspected minor nosebleed in an adult?,Tilt the head backward.,"Sit them down, lean them forward, and pinch the soft part of the nose for 10-15 minutes.",Pack the nostrils with tissue paper.,Blow the nose forcefully.,b
What is the first aid for a casualty with a suspected minor insect bite (non-allergic reaction)?,Squeeze the bite site.,"Wash the area with soap and water, apply a cold compress, and consider an antihistamine cream.",Apply heat to the bite.,Cover the bite with a non-breathable plaster.,b
What is the first aid for a casualty with a suspected minor splinter in the finger?,Try to dig it out with a non-sterile pin.,"Clean the area, use sterile tweezers to remove it if visible, and clean again.",Leave it in place.,Squeeze the area hard to push it out.,b
What is the first aid for a casualty with a suspected minor muscle cramp in the calf?,Continue exercising vigorously.,Gently stretch and massage the affected muscle.,Take a strong painkiller immediately.,Tightly bandage the muscle.,b
What is the first aid for a casualty with a suspected minor sunburn on the face?,Apply thick oily cream.,"Cool the skin with cool compresses, apply aloe vera, and drink plenty of fluids.","Cover with tight, dark clothing.",Take a very hot bath.,b
"What is the first aid for a casualty with a suspected minor heat exhaustion (feeling tired, sweaty, slightly dizzy)?","Give them a hot, sugary tea.","Move them to a cool place, give sips of cool water, and loosen clothing.",Tell them to do some light exercise.,Wrap them in a towel soaked in hot water.,b
What is the first aid for a casualty with a suspected minor cut on the hand that is bleeding slightly?,Apply a tourniquet.,"Wash the wound, apply direct pressure, and cover with a sterile dressing.",Leave it exposed to the air.,Put soil on the wound.,b
What is the first aid for a casualty with a suspected minor bruise on the arm?,Apply heat immediately.,Apply a cold compress for 15-20 minutes.,Rub the bruise vigorously.,Pierce the bruise.,b
What is the first aid for a casualty with a suspected minor nosebleed that has stopped but might restart?,Advise them to blow their nose forcefully.,"Advise them to avoid picking their nose, blowing it hard, or strenuous activity.",Tell them to tilt their head back.,Give them a hot drink.,b
What is the first aid for a casualty with a suspected minor burn from a hot oven tray?,Apply butter or oil.,Cool the burn under cool running water for at least 10-20 minutes.,Burst any blisters.,Cover with a fluffy cotton dressing.,b
What is the first aid for a casualty with a suspected minor sprain of the ankle?,Encourage movement.,"Apply RICE (Rest, Ice, Compression, Elevation).",Apply heat immediately.,Tightly bandage without checking circulation.,b
"What is the first aid for a casualty with a suspected minor head bump (no loss of consciousness, alert)?",Send them to bed immediately.,Apply a cold compress and observe.,Give them strong painkillers.,Tell them to continue normal activities.,b
"What is the first aid for a casualty with a suspected minor foreign object in the eye (e.g., sand)?",Rub the eye vigorously.,"Try to flush the eye with clean water or saline, or encourage blinking.",Use a dry cotton bud.,Keep the eye tightly closed.,b
What is the first aid for a casualty with a suspected minor cut on the hand that is not bleeding heavily?,Apply a tourniquet.,"Clean the wound, apply antiseptic, and cover with a sterile dressing.",Leave it exposed.,Put soil on the wound.,b
What is the first aid for a casualty with a suspected minor scald from hot water?,Apply ice directly.,Cool the scald under cool running water for at least 10-20 minutes.,Apply toothpaste.,Wrap tightly in a dry bandage.,b
What is the first aid for a casualty with a suspected minor nosebleed in a child?,Tilt the head backward.,"Sit them up, lean them forward, and pinch the soft part of the nose for 10-15 minutes.",Pack the nostrils with tissue.,Blow the nose forcefully.,b
What is the first aid for a casualty with a suspected minor insect bite (non-allergic)?,Squeeze the bite site.,"Wash the area, apply a cold compress, and consider antihistamine cream.",Apply heat.,Cover with a non-breathable plaster.,b
What is the first aid for a casualty with a suspected minor splinter in the foot?,Try to dig it out with a non-sterile pin.,"Clean the area, use sterile tweezers to remove it if visible, and clean again.",Leave it in place.,Squeeze the area hard.,b
What is the first aid for a casualty with a suspected minor muscle cramp in the thigh?,Continue exercising.,Gently stretch and massage the affected muscle.,Take a strong painkiller.,Tightly bandage the muscle.,b
What is the first aid for a casualty with a suspected minor sunburn on the arms?,Apply thick oily cream.,"Cool the skin with cool compresses, apply aloe vera, and drink plenty of fluids.","Cover with tight, dark clothing.",Take a very hot bath.,b
"What is the first aid for a casualty with a suspected minor heat exhaustion (feeling weak, nauseous, sweaty)?","Give them a hot, sugary tea.","Move them to a cool place, give sips of cool water, and loosen clothing.",Tell them to do some light exercise.,Wrap them in a towel soaked in hot water.,b
What is the first aid for a casualty with a suspected minor cut on the arm that is bleeding slightly?,Apply a tourniquet.,"Wash the wound, apply direct pressure, and cover with a sterile dressing.",Leave it exposed.,Put soil on the wound.,b
What is the first aid for a casualty with a suspected minor bruise on the leg?,Apply heat immediately.,Apply a cold compress for 15-20 minutes.,Rub the bruise vigorously.,Pierce the bruise.,b
What is the first aid for a casualty with a suspected minor nosebleed that has stopped but might restart?,Advise them to blow their nose forcefully.,"Advise them to avoid picking their nose, blowing it hard, or strenuous activity.",Tell them to tilt their head back.,Give them a hot drink.,b
What is the first aid for a casualty with a suspected minor burn from a hot iron?,Apply butter or oil.,Cool the burn under cool running water for at least 10-20 minutes.,Burst any blisters.,Cover with a fluffy cotton dressing.,b
What is the first aid for a casualty with a suspected minor sprain of the knee?,Encourage movement.,"Apply RICE (Rest, Ice, Compression, Elevation).",Apply heat immediately.,Tightly bandage without checking circulation.,b
"What is the first aid for a casualty with a suspected minor head bump (no loss of consciousness, alert)?",Send them to bed immediately.,Apply a cold compress and observe.,Give them strong painkillers.,Tell them to continue normal activities.,b
"What is the first aid for a casualty with a suspected minor foreign object in the eye (e.g., eyelash)?",Rub the eye vigorously.,"Try to flush the eye with clean water or saline, or encourage blinking.",Use a dry cotton bud.,Keep the eye tightly closed.,b
What is the first aid for a casualty with a suspected minor cut on the foot that is not bleeding heavily?,Apply a tourniquet.,"Clean the wound, apply antiseptic, and cover with a sterile dressing.",Leave it exposed.,Put soil on the wound.,b
What is the first aid for a casualty with a suspected minor scald from hot soup?,Apply ice directly.,Cool the scald under cool running water for at least 10-20 minutes.,Apply toothpaste.,Wrap tightly in a dry bandage.,b
What is the first aid for a casualty with a suspected minor nosebleed in an older child?,Tilt the head backward.,"Sit them up, lean them forward, and pinch the soft part of the nose for 10-15 minutes.",Pack the nostrils with tissue.,Blow the nose forcefully.,b
What is the first aid for a casualty with a suspected minor insect bite (non-allergic)?,Squeeze the bite site.,"Wash the area, apply a cold compress, and consider antihistamine cream.",Apply heat.,Cover with a non-breathable plaster.,b
What is the first aid for a casualty with a suspected minor splinter in the hand?,Try to dig it out with a non-sterile pin.,"Clean the area, use sterile tweezers to remove it if visible, and clean again.",Leave it in place.,Squeeze the area hard.,b
What is the first aid for a casualty with a suspected minor muscle cramp in the hamstring?,Continue exercising.,Gently stretch and massage the affected muscle.,Take a strong painkiller.,Tightly bandage the muscle.,b
What is the first aid for a casualty with a suspected minor sunburn on the legs?,Apply thick oily cream.,"Cool the skin with cool compresses, apply aloe vera, and drink plenty of fluids.","Cover with tight, dark clothing.",Take a very hot bath.,b
"What is the first aid for a casualty with a suspected minor heat exhaustion (feeling lightheaded, dizzy, thirsty)?","Give them a hot, sugary tea.","Move them to a cool place, give sips of cool water, and loosen clothing.",Tell them to do some light exercise.,Wrap them in a towel soaked in hot water.,b
What is the first aid for a casualty with a suspected minor cut on the finger that is bleeding slightly?,Apply a tourniquet.,"Wash the wound, apply direct pressure, and cover with a sterile dressing.",Leave it exposed.,Put soil on the wound.,b
What is the first aid for a casualty with a suspected minor bruise on the hand?,Apply heat immediately.,Apply a cold compress for 15-20 minutes.,Rub the bruise vigorously.,Pierce the bruise.,b
What is the first aid for a casualty with a suspected minor nosebleed that has stopped but might restart?,Advise them to blow their nose forcefully.,"Advise them to avoid picking their nose, blowing it hard, or strenuous activity.",Tell them to tilt their head back.,Give them a hot drink.,b
What is the first aid for a casualty with a suspected minor burn from a hot light bulb?,Apply butter or oil.,Cool the burn under cool running water for at least 10-20 minutes.,Burst any blisters.,Cover with a fluffy cotton dressing.,b
What is the first aid for a casualty with a suspected minor sprain of the elbow?,Encourage movement.,"Apply RICE (Rest, Ice, Compression, Elevation).",Apply heat immediately.,Tightly bandage without checking circulation.,b
"What is the first aid for a casualty with a suspected minor head bump (no loss of consciousness, alert)?",Send them to bed immediately.,Apply a cold compress and observe.,Give them strong painkillers.,Tell them to continue normal activities.,b
"What is the first aid for a casualty with a suspected minor foreign object in the eye (e.g., small insect)?",Rub the eye vigorously.,"Try to flush the eye with clean water or saline, or encourage blinking.",Use a dry cotton bud.,Keep the eye tightly closed.,b
What is the first aid for a casualty with a suspected minor cut on the chest that is not bleeding heavily?,Apply a tourniquet.,"Clean the wound, apply antiseptic, and cover with a sterile dressing.",Leave it exposed.,Put soil on the wound.,b
What is the first aid for a casualty with a suspected minor scald from hot tea?,Apply ice directly.,Cool the scald under cool running water for at least 10-20 minutes.,Apply toothpaste.,Wrap tightly in a dry bandage.,b
What is the first aid for a casualty with a suspected minor nosebleed in a teenager?,Tilt the head backward.,"Sit them up, lean them forward, and pinch the soft part of the nose for 10-15 minutes.",Pack the nostrils with tissue.,Blow the nose forcefully.,b
What is the first aid for a casualty with a suspected minor insect bite (non-allergic)?,Squeeze the bite site.,"Wash the area, apply a cold compress, and consider antihistamine cream.",Apply heat.,Cover with a non-breathable plaster.,b
What is the first aid for a casualty with a suspected minor splinter in the arm?,Try to dig it out with a non-sterile pin.,"Clean the area, use sterile tweezers to remove it if visible, and clean again.",Leave it in place.,Squeeze the area hard.,b
What is the first aid for a casualty with a suspected minor muscle cramp in the quadriceps?,Continue exercising.,Gently stretch and massage the affected muscle.,Take a strong painkiller.,Tightly bandage the muscle.,b
What is the first aid for a casualty with a suspected minor sunburn on the back?,Apply thick oily cream.,"Cool the skin with cool compresses, apply aloe vera, and drink plenty of fluids.","Cover with tight, dark clothing.",Take a very hot bath.,b
"What is the first aid for a casualty with a suspected minor heat exhaustion (feeling dizzy, nauseous, weak)?","Give them a hot, sugary tea.","Move them to a cool place, give sips of cool water, and loosen clothing.",Tell them to do some light exercise.,Wrap them in a towel soaked in hot water.,b
What is the first aid for a casualty with a suspected minor cut on the leg that is bleeding slightly?,Apply a tourniquet.,"Wash the wound, apply direct pressure, and cover with a sterile dressing.",Leave it exposed.,Put soil on the wound.,b
What is the first aid for a casualty with a suspected minor bruise on the chest?,Apply heat immediately.,Apply a cold compress for 15-20 minutes.,Rub the bruise vigorously.,Pierce the bruise.,b
What is the first aid for a casualty with a suspected minor nosebleed that has stopped but might restart?,Advise them to blow their nose forcefully.,"Advise them to avoid picking their nose, blowing it hard, or strenuous activity.",Tell them to tilt their head back.,Give them a hot drink.,b
What is the first aid for a casualty with a suspected minor burn from a hot curling iron?,Apply butter or oil.,Cool the burn under cool running water for at least 10-20 minutes.,Burst any blisters.,Cover with a fluffy cotton dressing.,b
What is the first aid for a casualty with a suspected minor sprain of the shoulder?,Encourage movement.,"Apply RICE (Rest, Ice, Compression, Elevation).",Apply heat immediately.,Tightly bandage without checking circulation.,b
"What is the first aid for a casualty with a suspected minor head bump (no loss of consciousness, alert)?",Send them to bed immediately.,Apply a cold compress and observe.,Give them strong painkillers.,Tell them to continue normal activities.,b
"What is the first aid for a casualty with a suspected minor foreign object in the eye (e.g., small piece of dirt)?",Rub the eye vigorously.,"Try to flush the eye with clean water or saline, or encourage blinking.",Use a dry cotton bud.,Keep the eye tightly closed.,b
What is the first aid for a casualty with a suspected minor cut on the back that is not bleeding heavily?,Apply a tourniquet.,"Clean the wound, apply antiseptic, and cover with a sterile dressing.",Leave it exposed.,Put soil on the wound.,b
What is the first aid for a casualty with a suspected minor scald from hot water?,Apply ice directly.,Cool the scald under cool running water for at least 10-20 minutes.,Apply toothpaste.,Wrap tightly in a dry bandage.,b
What is the first aid for a casualty with a suspected minor nosebleed in an adult?,Tilt the head backward.,"Sit them up, lean them forward, and pinch the soft part of the nose for 10-15 minutes.",Pack the nostrils with tissue.,Blow the nose forcefully.,b
What is the first aid for a casualty with a suspected minor insect bite (non-allergic)?,Squeeze the bite site.,"Wash the area, apply a cold compress, and consider antihistamine cream.",Apply heat.,Cover with a non-breathable plaster.,b
What is the first aid for a casualty with a suspected minor splinter in the leg?,Try to dig it out with a non-sterile pin.,"Clean the area, use sterile tweezers to remove it if visible, and clean again.",Leave it in place.,Squeeze the area hard.,b
What is the first aid for a casualty with a suspected minor muscle cramp in the calf?,Continue exercising.,Gently stretch and massage the affected muscle.,Take a strong painkiller.,Tightly bandage the muscle.,b
What is the first aid for a casualty with a suspected minor sunburn on the shoulders?,Apply thick oily cream.,"Cool the skin with cool compresses, apply aloe vera, and drink plenty of fluids.","Cover with tight, dark clothing.",Take a very hot bath.,b
"What is the first aid for a casualty with a suspected minor heat exhaustion (feeling faint, nauseous, headache)?","Give them a hot, sugary tea.","Move them to a cool place, give sips of cool water, and loosen clothing.",Tell them to do some light exercise.,Wrap them in a towel soaked in hot water.,b
What is the first aid for a casualty with a suspected minor cut on the foot that is bleeding slightly?,Apply a tourniquet.,"Wash the wound, apply direct pressure, and cover with a sterile dressing.",Leave it exposed.,Put soil on the wound.,b
What is the first aid for a casualty with a suspected minor bruise on the back?,Apply heat immediately.,Apply a cold compress for 15-20 minutes.,Rub the bruise vigorously.,Pierce the bruise.,b
What is the first aid for a casualty with a suspected minor nosebleed that has stopped but might restart?,Advise them to blow their nose forcefully.,"Advise them to avoid picking their nose, blowing it hard, or strenuous activity.",Tell them to tilt their head back.,Give them a hot drink.,b
What is the first aid for a casualty with a suspected minor burn from a hot stove top?,Apply butter or oil.,Cool the burn under cool running water for at least 10-20 minutes.,Burst any blisters.,Cover with a fluffy cotton dressing.,b
What is the first aid for a casualty with a suspected minor sprain of the wrist?,Encourage movement.,"Apply RICE (Rest, Ice, Compression, Elevation).",Apply heat immediately.,Tightly bandage without checking circulation.,b
"What is the first aid for a casualty with a suspected minor head bump (no loss of consciousness, alert)?",Send them to bed immediately.,Apply a cold compress and observe.,Give them strong painkillers.,Tell them to continue normal activities.,b
"What is the first aid for a casualty with a suspected minor foreign object in the eye (e.g., small piece of wood)?",Rub the eye vigorously.,"Try to flush the eye with clean water or saline, or encourage blinking.",Use a dry cotton bud.,Keep the eye tightly closed.,b
What is the first aid for a casualty with a suspected minor cut on the abdomen that is not bleeding heavily?,Apply a tourniquet.,"Clean the wound, apply antiseptic, and cover with a sterile dressing.",Leave it exposed.,Put soil on the wound.,b
What is the first aid for a casualty with a suspected minor scald from hot coffee?,Apply ice directly.,Cool the scald under cool running water for at least 10-20 minutes.,Apply toothpaste.,Wrap tightly in a dry bandage.,b
What is the first aid for a casualty with a suspected minor nosebleed in an adult?,Tilt the head backward.,"Sit them up, lean them forward, and pinch the soft part of the nose for 10-15 minutes.",Pack the nostrils with tissue.,Blow the nose forcefully.,b
What is the first aid for a casualty with a suspected minor insect bite (non-allergic)?,Squeeze the bite site.,"Wash the area, apply a cold compress, and consider antihistamine cream.",Apply heat.,Cover with a non-breathable plaster.,b
What is the first aid for a casualty with a suspected minor splinter in the foot?,Try to dig it out with a non-sterile pin.,"Clean the area, use sterile tweezers to remove it if visible, and clean again.",Leave it in place.,Squeeze the area hard.,b
What is the first aid for a casualty with a suspected minor muscle cramp in the hamstring?,Continue exercising.,Gently stretch and massage the affected muscle.,Take a strong painkiller.,Tightly bandage the muscle.,b
What is the first aid for a casualty with a suspected minor sunburn on the chest?,Apply thick oily cream.,"Cool the skin with cool compresses, apply aloe vera, and drink plenty of fluids.","Cover with tight, dark clothing.",Take a very hot bath.,b
"What is the first aid for a casualty with a suspected minor heat exhaustion (feeling weak, nauseous, headache)?","Give them a hot, sugary tea.","Move them to a cool place, give sips of cool water, and loosen clothing.",Tell them to do some light exercise.,Wrap them in a towel soaked in hot water.,b
What is the first aid for a casualty with a suspected minor cut on the arm that is bleeding slightly?,Apply a tourniquet.,"Wash the wound, apply direct pressure, and cover with a sterile dressing.",Leave it exposed.,Put soil on the wound.,b
What is the first aid for a casualty with a suspected minor bruise on the leg?,Apply heat immediately.,Apply a cold compress for 15-20 minutes.,Rub the bruise vigorously.,Pierce the bruise.,b
What is the first aid for a casualty with a suspected minor nosebleed that has stopped but might restart?,Advise them to blow their nose forcefully.,"Advise them to avoid picking their nose, blowing it hard, or strenuous activity.",Tell them to tilt their head back.,Give them a hot drink.,b
What is the first aid for a casualty with a suspected minor burn from a hot water bottle?,Apply butter or oil.,Cool the burn under cool running water for at least 10-20 minutes.,Burst any blisters.,Cover with a fluffy cotton dressing.,b
What is the first aid for a casualty with a suspected minor sprain of the ankle?,Encourage movement.,"Apply RICE (Rest, Ice, Compression, Elevation).",Apply heat immediately.,Tightly bandage without checking circulation.,b
"What is the first aid for a casualty with a suspected minor head bump (no loss of consciousness, alert)?",Send them to bed immediately.,Apply a cold compress and observe.,Give them strong painkillers.,Tell them to continue normal activities.,b
"What is the first aid for a casualty with a suspected minor foreign object in the eye (e.g., small piece of glass)?",Rub the eye vigorously.,"Try to flush the eye with clean water or saline, or encourage blinking.",Use a dry cotton bud.,Keep the eye tightly closed.,b
What is the first aid for a casualty with a suspected minor cut on the back that is not bleeding heavily?,Apply a tourniquet.,"Clean the wound, apply antiseptic, and cover with a sterile dressing.",Leave it exposed.,Put soil on the wound.,b
What is the first aid for a casualty with a suspected minor scald from hot soup?,Apply ice directly.,Cool the scald under cool running water for at least 10-20 minutes.,Apply toothpaste.,Wrap tightly in a dry bandage.,b
What is the first aid for a casualty with a suspected minor nosebleed in a teenager?,Tilt the head backward.,"Sit them up, lean them forward, and pinch the soft part of the nose for 10-15 minutes.",Pack the nostrils with tissue.,Blow the nose forcefully.,b
What is the first aid for a casualty with a suspected minor insect bite (non-allergic)?,Squeeze the bite site.,"Wash the area, apply a cold compress, and consider antihistamine cream.",Apply heat.,Cover with a non-breathable plaster.,b
What is the first aid for a casualty with a suspected minor splinter in the arm?,Try to dig it out with a non-sterile pin.,"Clean the area, use sterile tweezers to remove it if visible, and clean again.",Leave it in place.,Squeeze the area hard.,b
What is the first aid for a casualty with a suspected minor muscle cramp in the quadriceps?,Continue exercising.,Gently stretch and massage the affected muscle.,Take a strong painkiller.,Tightly bandage the muscle.,b
What is the first aid for a casualty with a suspected minor sunburn on the back?,Apply thick oily cream.,"Cool the skin with cool compresses, apply aloe vera, and drink plenty of fluids.","Cover with tight, dark clothing.",Take a very hot bath.,b
"What is the first aid for a casualty with a suspected minor heat exhaustion (feeling dizzy, nauseous, weak)?","Give them a hot, sugary tea.","Move them to a cool place, give sips of cool water, and loosen clothing.",Tell them to do some light exercise.,Wrap them in a towel soaked in hot water.,b
What is the first aid for a casualty with a suspected minor cut on the leg that is bleeding slightly?,Apply a tourniquet.,"Wash the wound, apply direct pressure, and cover with a sterile dressing.",Leave it exposed.,Put soil on the wound.,b
What is the first aid for a casualty with a suspected minor bruise on the chest?,Apply heat immediately.,Apply a cold compress for 15-20 minutes.,Rub the bruise vigorously.,Pierce the bruise.,b
What is the first aid for a casualty with a suspected minor nosebleed that has stopped but might restart?,Advise them to blow their nose forcefully.,"Advise them to avoid picking their nose, blowing it hard, or strenuous activity.",Tell them to tilt their head back.,Give them a hot drink.,b
What is the first aid for a casualty with a suspected minor burn from a hot stove top?,Apply butter or oil.,Cool the burn under cool running water for at least 10-20 minutes.,Burst any blisters.,Cover with a fluffy cotton dressing.,b
What is the first aid for a casualty with a suspected minor sprain of the wrist?,Encourage movement.,"Apply RICE (Rest, Ice, Compression, Elevation).",Apply heat immediately.,Tightly bandage without checking circulation.,b
"What is the first aid for a casualty with a suspected minor head bump (no loss of consciousness, alert)?",Send them to bed immediately.,Apply a cold compress and observe.,Give them strong painkillers.,Tell them to continue normal activities.,b
"What is the first aid for a casualty with a suspected minor foreign object in the eye (e.g., small piece of wood)?",Rub the eye vigorously.,"Try to flush the eye with clean water or saline, or encourage blinking.",Use a dry cotton bud.,Keep the eye tightly closed.,b
What is the first aid for a casualty with a suspected minor cut on the abdomen that is not bleeding heavily?,Apply a tourniquet.,"Clean the wound, apply antiseptic, and cover with a sterile dressing.",Leave it exposed.,Put soil on the wound.,b
What is the first aid for a casualty with a suspected minor scald from hot coffee?,Apply ice directly.,Cool the scald under cool running water for at least 10-20 minutes.,Apply toothpaste.,Wrap tightly in a dry bandage.,b
What is the first aid for a casualty with a suspected minor nosebleed in an adult?,Tilt the head backward.,"Sit them up, lean them forward, and pinch the soft part of the nose for 10-15 minutes.",Pack the nostrils with tissue.,Blow the nose forcefully.,b
What is the first aid for a casualty with a suspected minor insect bite (non-allergic)?,Squeeze the bite site.,"Wash the area, apply a cold compress, and consider antihistamine cream.",Apply heat.,Cover with a non-breathable plaster.,b
What is the first aid for a casualty with a suspected minor splinter in the foot?,Try to dig it out with a non-sterile pin.,"Clean the area, use sterile tweezers to remove it if visible, and clean again.",Leave it in place.,Squeeze the area hard.,b
What is the first aid for a casualty with a suspected minor muscle cramp in the hamstring?,Continue exercising.,Gently stretch and massage the affected muscle.,Take a strong painkiller.,Tightly bandage the muscle.,b
What is the first aid for a casualty with a suspected minor sunburn on the chest?,Apply thick oily cream.,"Cool the skin with cool compresses, apply aloe vera, and drink plenty of fluids.","Cover with tight, dark clothing.",Take a very hot bath.,b
"What is the first aid for a casualty with a suspected minor heat exhaustion (feeling weak, nauseous, headache)?","Give them a hot, sugary tea.","Move them to a cool place, give sips of cool water, and loosen clothing.",Tell them to do some light exercise.,Wrap them in a towel soaked in hot water.,b
What is the first aid for a casualty with a suspected minor cut on the arm that is bleeding slightly?,Apply a tourniquet.,"Wash the wound, apply direct pressure, and cover with a sterile dressing.",Leave it exposed.,Put soil on the wound.,b
What is the first aid for a casualty with a suspected minor bruise on the leg?,Apply heat immediately.,Apply a cold compress for 15-20 minutes.,Rub the bruise vigorously.,Pierce the bruise.,b
What is the first aid for a casualty with a suspected minor nosebleed that has stopped but might restart?,Advise them to blow their nose forcefully.,"Advise them to avoid picking their nose, blowing it hard, or strenuous activity.",Tell them to tilt their head back.,Give them a hot drink.,b
What is the first aid for a casualty with a suspected minor burn from a hot water bottle?,Apply butter or oil.,Cool the burn under cool running water for at least 10-20 minutes.,Burst any blisters.,Cover with a fluffy cotton dressing.,b
What is the first aid for a casualty with a suspected minor sprain of the ankle?,Encourage movement.,"Apply RICE (Rest, Ice, Compression, Elevation).",Apply heat immediately.,Tightly bandage without checking circulation.,b
"What is the first aid for a casualty with a suspected minor head bump (no loss of consciousness, alert)?",Send them to bed immediately.,Apply a cold compress and observe.,Give them strong painkillers.,Tell them to continue normal activities.,b
"What is the first aid for a casualty with a suspected minor foreign object in the eye (e.g., small piece of glass)?",Rub the eye vigorously.,"Try to flush the eye with clean water or saline, or encourage blinking.",Use a dry cotton bud.,Keep the eye tightly closed.,b
What is the first aid for a casualty with a suspected minor cut on the back that is not bleeding heavily?,Apply a tourniquet.,"Clean the wound, apply antiseptic, and cover with a sterile dressing.",Leave it exposed.,Put soil on the wound.,b
What is the first aid for a casualty with a suspected minor scald from hot soup?,Apply ice directly.,Cool the scald under cool running water for at least 10-20 minutes.,Apply toothpaste.,Wrap tightly in a dry bandage.,b
What is the first aid for a casualty with a suspected minor nosebleed in a teenager?,Tilt the head backward.,"Sit them up, lean them forward, and pinch the soft part of the nose for 10-15 minutes.",Pack the nostrils with tissue.,Blow the nose forcefully.,b
What is the first aid for a casualty with a suspected minor insect bite (non-allergic)?,Squeeze the bite site.,"Wash the area, apply a cold compress, and consider antihistamine cream.",Apply heat.,Cover with a non-breathable plaster.,b
What is the first aid for a casualty with a suspected minor splinter in the arm?,Try to dig it out with a non-sterile pin.,"Clean the area, use sterile tweezers to remove it if visible, and clean again.",Leave it in place.,Squeeze the area hard.,b
What is the first aid for a casualty with a suspected minor muscle cramp in the quadriceps?,Continue exercising.,Gently stretch and massage the affected muscle.,Take a strong painkiller.,Tightly bandage the muscle.,b
What is the first aid for a casualty with a suspected minor sunburn on the back?,Apply thick oily cream.,"Cool the skin with cool compresses, apply aloe vera, and drink plenty of fluids.","Cover with tight, dark clothing.",Take a very hot bath.,b
"What is the first aid for a casualty with a suspected minor heat exhaustion (feeling dizzy, nauseous, weak)?","Give them a hot, sugary tea.","Move them to a cool place, give sips of cool water, and loosen clothing.",Tell them to do some light exercise.,Wrap them in a towel soaked in hot water.,b
What is the first aid for a casualty with a suspected minor cut on the leg that is bleeding slightly?,Apply a tourniquet.,"Wash the wound, apply direct pressure, and cover with a sterile dressing.",Leave it exposed.,Put soil on the wound.,b
What is the first aid for a casualty with a suspected minor bruise on the chest?,Apply heat immediately.,Apply a cold compress for 15-20 minutes.,Rub the bruise vigorously.,Pierce the bruise.,b
What is the first aid for a casualty with a suspected minor nosebleed that has stopped but might restart?,Advise them to blow their nose forcefully.,"Advise them to avoid picking their nose, blowing it hard, or strenuous activity.",Tell them to tilt their head back.,Give them a hot drink.,b
What is the first aid for a casualty with a suspected minor burn from a hot stove top?,Apply butter or oil.,Cool the burn under cool running water for at least 10-20 minutes.,Burst any blisters.,Cover with a fluffy cotton dressing.,b
What is the first aid for a casualty with a suspected minor sprain of the wrist?,Encourage movement.,"Apply RICE (Rest, Ice, Compression, Elevation).",Apply heat immediately.,Tightly bandage without checking circulation.,b
"What is the first aid for a casualty with a suspected minor head bump (no loss of consciousness, alert)?",Send them to bed immediately.,Apply a cold compress and observe.,Give them strong painkillers.,Tell them to continue normal activities.,b
"What is the first aid for a casualty with a suspected minor foreign object in the eye (e.g., small piece of wood)?",Rub the eye vigorously.,"Try to flush the eye with clean water or saline, or encourage blinking.",Use a dry cotton bud.,Keep the eye tightly closed.,b
What is the first aid for a casualty with a suspected minor cut on the abdomen that is not bleeding heavily?,Apply a tourniquet.,"Clean the wound, apply antiseptic, and cover with a sterile dressing.",Leave it exposed.,Put soil on the wound.,b
What is the first aid for a casualty with a suspected minor scald from hot coffee?,Apply ice directly.,Cool the scald under cool running water for at least 10-20 minutes.,Apply toothpaste.,Wrap tightly in a dry bandage.,b
What is the first aid for a casualty with a suspected minor nosebleed in an adult?,Tilt the head backward.,"Sit them up, lean them forward, and pinch the soft part of the nose for 10-15 minutes.",Pack the nostrils with tissue.,Blow the nose forcefully.,b
What is the first aid for a casualty with a suspected minor insect bite (non-allergic)?,Squeeze the bite site.,"Wash the area, apply a cold compress, and consider antihistamine cream.",Apply heat.,Cover with a non-breathable plaster.,b
What is the first aid for a casualty with a suspected minor splinter in the foot?,Try to dig it out with a non-sterile pin.,"Clean the area, use sterile tweezers to remove it if visible, and clean again.",Leave it in place.,Squeeze the area hard.,b
What is the first aid for a casualty with a suspected minor muscle cramp in the hamstring?,Continue exercising.,Gently stretch and massage the affected muscle.,Take a strong painkiller.,Tightly bandage the muscle.,b
What is the first aid for a casualty with a suspected minor sunburn on the chest?,Apply thick oily cream.,"Cool the skin with cool compresses, apply aloe vera, and drink plenty of fluids.","Cover with tight, dark clothing.",Take a very hot bath.,b
"What is the first aid for a casualty with a suspected minor heat exhaustion (feeling weak, nauseous, headache)?","Give them a hot, sugary tea.","Move them to a cool place, give sips of cool water, and loosen clothing.",Tell them to do some light exercise.,Wrap them in a towel soaked in hot water.,b
What is the first aid for a casualty with a suspected minor cut on the arm that is bleeding slightly?,Apply a tourniquet.,"Wash the wound, apply direct pressure, and cover with a sterile dressing.",Leave it exposed.,Put soil on the wound.,b
What is the first aid for a casualty with a suspected minor bruise on the leg?,Apply heat immediately.,Apply a cold compress for 15-20 minutes.,Rub the bruise vigorously.,Pierce the bruise.,b
What is the first aid for a casualty with a suspected minor nosebleed that has stopped but might restart?,Advise them to blow their nose forcefully.,"Advise them to avoid picking their nose, blowing it hard, or strenuous activity.",Tell them to tilt their head back.,Give them a hot drink.,b
What is the first aid for a casualty with a suspected minor burn from a hot water bottle?,Apply butter or oil.,Cool the burn under cool running water for at least 10-20 minutes.,Burst any blisters.,Cover with a fluffy cotton dressing.,b
What is the first aid for a casualty with a suspected minor sprain of the ankle?,Encourage movement.,"Apply RICE (Rest, Ice, Compression, Elevation).",Apply heat immediately.,Tightly bandage without checking circulation.,b
"What is the first aid for a casualty with a suspected minor head bump (no loss of consciousness, alert)?",Send them to bed immediately.,Apply a cold compress and observe.,Give them strong painkillers.,Tell them to continue normal activities.,b
"What is the first aid for a casualty with a suspected minor foreign object in the eye (e.g., small piece of glass)?",Rub the eye vigorously.,"Try to flush the eye with clean water or saline, or encourage blinking.",Use a dry cotton bud.,Keep the eye tightly closed.,b
What is the first aid for a casualty with a suspected minor cut on the back that is not bleeding heavily?,Apply a tourniquet.,"Clean the wound, apply antiseptic, and cover with a sterile dressing.",Leave it exposed.,Put soil on the wound.,b
What is the first aid for a casualty with a suspected minor scald from hot soup?,Apply ice directly.,Cool the scald under cool running water for at least 10-20 minutes.,Apply toothpaste.,Wrap tightly in a dry bandage.,b
What is the first aid for a casualty with a suspected minor nosebleed in a teenager?,Tilt the head backward.,"Sit them up, lean them forward, and pinch the soft part of the nose for 10-15 minutes.",Pack the nostrils with tissue.,Blow the nose forcefully.,b
What is the first aid for a casualty with a suspected minor insect bite (non-allergic)?,Squeeze the bite site.,"Wash the area, apply a cold compress, and consider antihistamine cream.",Apply heat.,Cover with a non-breathable plaster.,b
What is the first aid for a casualty with a suspected minor splinter in the arm?,Try to dig it out with a non-sterile pin.,"Clean the area, use sterile tweezers to remove it if visible, and clean again.",Leave it in place.,Squeeze the area hard.,b
What is the first aid for a casualty with a suspected minor muscle cramp in the quadriceps?,Continue exercising.,Gently stretch and massage the affected muscle.,Take a strong painkiller.,Tightly bandage the muscle.,b
What is the first aid for a casualty with a suspected minor sunburn on the back?,Apply thick oily cream.,"Cool the skin with cool compresses, apply aloe vera, and drink plenty of fluids.","Cover with tight, dark clothing.",Take a very hot bath.,b
"What is the first aid for a casualty with a suspected minor heat exhaustion (feeling dizzy, nauseous, weak)?","Give them a hot, sugary tea.","Move them to a cool place, give sips of cool water, and loosen clothing.",Tell them to do some light exercise.,Wrap them in a towel soaked in hot water.,b
What is the first aid for a casualty with a suspected minor cut on the leg that is bleeding slightly?,Apply a tourniquet.,"Wash the wound, apply direct pressure, and cover with a sterile dressing.",Leave it exposed.,Put soil on the wound.,b
What is the first aid for a casualty with a suspected minor bruise on the chest?,Apply heat immediately.,Apply a cold compress for 15-20 minutes.,Rub the bruise vigorously.,Pierce the bruise.,b
What is the first aid for a casualty with a suspected minor nosebleed that has stopped but might restart?,Advise them to blow their nose forcefully.,"Advise them to avoid picking their nose, blowing it hard, or strenuous activity.",Tell them to tilt their head back.,Give them a hot drink.,b
What is the first aid for a casualty with a suspected minor burn from a hot stove top?,Apply butter or oil.,Cool the burn under cool running water for at least 10-20 minutes.,Burst any blisters.,Cover with a fluffy cotton dressing.,b
What is the first aid for a casualty with a suspected minor sprain of the wrist?,Encourage movement.,"Apply RICE (Rest, Ice, Compression, Elevation).",Apply heat immediately.,Tightly bandage without checking circulation.,b
"What is the first aid for a casualty with a suspected minor head bump (no loss of consciousness, alert)?",Send them to bed immediately.,Apply a cold compress and observe.,Give them strong painkillers.,Tell them to continue normal activities.,b
"What is the first aid for a casualty with a suspected minor foreign object in the eye (e.g., small piece of wood)?",Rub the eye vigorously.,"Try to flush the eye with clean water or saline, or encourage blinking.",Use a dry cotton bud.,Keep the eye tightly closed.,b
What is the first aid for a casualty with a suspected minor cut on the abdomen that is not bleeding heavily?,Apply a tourniquet.,"Clean the wound, apply antiseptic, and cover with a sterile dressing.",Leave it exposed.,Put soil on the wound.,b
What is the first aid for a casualty with a suspected minor scald from hot coffee?,Apply ice directly.,Cool the scald under cool running water for at least 10-20 minutes.,Apply toothpaste.,Wrap tightly in a dry bandage.,b
What is the first aid for a casualty with a suspected minor nosebleed in an adult?,Tilt the head backward.,"Sit them up, lean them forward, and pinch the soft part of the nose for 10-15 minutes.",Pack the nostrils with tissue.,Blow the nose forcefully.,b
What is the first aid for a casualty with a suspected minor insect bite (non-allergic)?,Squeeze the bite site.,"Wash the area, apply a cold compress, and consider antihistamine cream.",Apply heat.,Cover with a non-breathable plaster.,b
What is the first aid for a casualty with a suspected minor splinter in the foot?,Try to dig it out with a non-sterile pin.,"Clean the area, use sterile tweezers to remove it if visible, and clean again.",Leave it in place.,Squeeze the area hard.,b
What is the first aid for a casualty with a suspected minor muscle cramp in the hamstring?,Continue exercising.,Gently stretch and massage the affected muscle.,Take a strong painkiller.,Tightly bandage the muscle.,b
What is the first aid for a casualty with a suspected minor sunburn on the chest?,Apply thick oily cream.,"Cool the skin with cool compresses, apply aloe vera, and drink plenty of fluids.","Cover with tight, dark clothing.",Take a very hot bath.,b
"What is the first aid for a casualty with a suspected minor heat exhaustion (feeling weak, nauseous, headache)?","Give them a hot, sugary tea.","Move them to a cool place, give sips of cool water, and loosen clothing.",Tell them to do some light exercise.,Wrap them in a towel soaked in hot water.,b
What is the first aid for a casualty with a suspected minor cut on the arm that is bleeding slightly?,Apply a tourniquet.,"Wash the wound, apply direct pressure, and cover with a sterile dressing.",Leave it exposed.,Put soil on the wound.,b
What is the first aid for a casualty with a suspected minor bruise on the leg?,Apply heat immediately.,Apply a cold compress for 15-20 minutes.,Rub the bruise vigorously.,Pierce the bruise.,b
What is the first aid for a casualty with a suspected minor nosebleed that has stopped but might restart?,Advise them to blow their nose forcefully.,"Advise them to avoid picking their nose, blowing it hard, or strenuous activity.",Tell them to tilt their head back.,Give them a hot drink.,b
What is the first aid for a casualty with a suspected minor burn from a hot water bottle?,Apply butter or oil.,Cool the burn under cool running water for at least 10-20 minutes.,Burst any blisters.,Cover with a fluffy cotton dressing.,b
What is the first aid for a casualty with a suspected minor sprain of the ankle?,Encourage movement.,"Apply RICE (Rest, Ice, Compression, Elevation).",Apply heat immediately.,Tightly bandage without checking circulation.,b
"What is the first aid for a casualty with a suspected minor head bump (no loss of consciousness, alert)?",Send them to bed immediately.,Apply a cold compress and observe.,Give them strong painkillers.,Tell them to continue normal activities.,b
"What is the first aid for a casualty with a suspected minor foreign object in the eye (e.g., small piece of glass)?",Rub the eye vigorously.,"Try to flush the eye with clean water or saline, or encourage blinking.",Use a dry cotton bud.,Keep the eye tightly closed.,b
What is the first aid for a casualty with a suspected minor cut on the back that is not bleeding heavily?,Apply a tourniquet.,"Clean the wound, apply antiseptic, and cover with a sterile dressing.",Leave it exposed.,Put soil on the wound.,b
What is the first aid for a casualty with a suspected minor scald from hot soup?,Apply ice directly.,Cool the scald under cool running water for at least 10-20 minutes.,Apply toothpaste.,Wrap tightly in a dry bandage.,b
What is the first aid for a casualty with a suspected minor nosebleed in a teenager?,Tilt the head backward.,"Sit them up, lean them forward, and pinch the soft part of the nose for 10-15 minutes.",Pack the nostrils with tissue.,Blow the nose forcefully.,b
What is the first aid for a casualty with a suspected minor insect bite (non-allergic)?,Squeeze the bite site.,"Wash the area, apply a cold compress, and consider antihistamine cream.",Apply heat.,Cover with a non-breathable plaster.,b
What is the first aid for a casualty with a suspected minor splinter in the arm?,Try to dig it out with a non-sterile pin.,"Clean the area, use sterile tweezers to remove it if visible, and clean again.",Leave it in place.,Squeeze the area hard.,b
What is the first aid for a casualty with a suspected minor muscle cramp in the quadriceps?,Continue exercising.,Gently stretch and massage the affected muscle.,Take a strong painkiller.,Tightly bandage the muscle.,b
What is the first aid for a casualty with a suspected minor sunburn on the back?,Apply thick oily cream.,"Cool the skin with cool compresses, apply aloe vera, and drink plenty of fluids.","Cover with tight, dark clothing.",Take a very hot bath.,b
"What is the first aid for a casualty with a suspected minor heat exhaustion (feeling dizzy, nauseous, weak)?","Give them a hot, sugary tea.","Move them to a cool place, give sips of cool water, and loosen clothing.",Tell them to do some light exercise.,Wrap them in a towel soaked in hot water.,b
What is the first aid for a casualty with a suspected minor cut on the leg that is bleeding slightly?,Apply a tourniquet.,"Wash the wound, apply direct pressure, and cover with a sterile dressing.",Leave it exposed.,Put soil on the wound.,b
What is the first aid for a casualty with a suspected minor bruise on the chest?,Apply heat immediately.,Apply a cold compress for 15-20 minutes.,Rub the bruise vigorously.,Pierce the bruise.,b
What is the first aid for a casualty with a suspected minor nosebleed that has stopped but might restart?,Advise them to blow their nose forcefully.,"Advise them to avoid picking their nose, blowing it hard, or strenuous activity.",Tell them to tilt their head back.,Give them a hot drink.,b
What is the first aid for a casualty with a suspected minor burn from a hot stove top?,Apply butter or oil.,Cool the burn under cool running water for at least 10-20 minutes.,Burst any blisters.,Cover with a fluffy cotton dressing.,b
What is the first aid for a casualty with a suspected minor sprain of the wrist?,Encourage movement.,"Apply RICE (Rest, Ice, Compression, Elevation).",Apply heat immediately.,Tightly bandage without checking circulation.,b
"What is the first aid for a casualty with a suspected minor head bump (no loss of consciousness, alert)?",Send them to bed immediately.,Apply a cold compress and observe.,Give them strong painkillers.,Tell them to continue normal activities.,b
"What is the first aid for a casualty with a suspected minor foreign object in the eye (e.g., small piece of wood)?",Rub the eye vigorously.,"Try to flush the eye with clean water or saline, or encourage blinking.",Use a dry cotton bud.,Keep the eye tightly closed.,b
What is the first aid for a casualty with a suspected minor cut on the abdomen that is not bleeding heavily?,Apply a tourniquet.,"Clean the wound, apply antiseptic, and cover with a sterile dressing.",Leave it exposed.,Put soil on the wound.,b
What is the first aid for a casualty with a suspected minor scald from hot coffee?,Apply ice directly.,Cool the scald under cool running water for at least 10-20 minutes.,Apply toothpaste.,Wrap tightly in a dry bandage.,b
What is the first aid for a casualty with a suspected minor nosebleed in an adult?,Tilt the head backward.,"Sit them up, lean them forward, and pinch the soft part of the nose for 10-15 minutes.",Pack the nostrils with tissue.,Blow the nose forcefully.,b
What is the first aid for a casualty with a suspected minor insect bite (non-allergic)?,Squeeze the bite site.,"Wash the area, apply a cold compress, and consider antihistamine cream.",Apply heat.,Cover with a non-breathable plaster.,b
What is the first aid for a casualty with a suspected minor splinter in the foot?,Try to dig it out with a non-sterile pin.,"Clean the area, use sterile tweezers to remove it if visible, and clean again.",Leave it in place.,Squeeze the area hard.,b
What is the first aid for a casualty with a suspected minor muscle cramp in the hamstring?,Continue exercising.,Gently stretch and massage the affected muscle.,Take a strong painkiller.,Tightly bandage the muscle.,b
What is the first aid for a casualty with a suspected minor sunburn on the chest?,Apply thick oily cream.,"Cool the skin with cool compresses, apply aloe vera, and drink plenty of fluids.","Cover with tight, dark clothing.",Take a very hot bath.,b
"What is the first aid for a casualty with a suspected minor heat exhaustion (feeling weak, nauseous, headache)?","Give them a hot, sugary tea.","Move them to a cool place, give sips of cool water, and loosen clothing.",Tell them to do some light exercise.,Wrap them in a towel soaked in hot water.,b
What is the first aid for a casualty with a suspected minor cut on the arm that is bleeding slightly?,Apply a tourniquet.,"Wash the wound, apply direct pressure, and cover with a sterile dressing.",Leave it exposed.,Put soil on the wound.,b
What is the first aid for a casualty with a suspected minor bruise on the leg?,Apply heat immediately.,Apply a cold compress for 15-20 minutes.,Rub the bruise vigorously.,Pierce the bruise.,b
What is the first aid for a casualty with a suspected minor nosebleed that has stopped but might restart?,Advise them to blow their nose forcefully.,"Advise them to avoid picking their nose, blowing it hard, or strenuous activity.",Tell them to tilt their head back.,Give them a hot drink.,b
What is the first aid for a casualty with a suspected minor burn from a hot water bottle?,Apply butter or oil.,Cool the burn under cool running water for at least 10-20 minutes.,Burst any blisters.,Cover with a fluffy cotton dressing.,b
What is the first aid for a casualty with a suspected minor sprain of the ankle?,Encourage movement.,"Apply RICE (Rest, Ice, Compression, Elevation).",Apply heat immediately.,Tightly bandage without checking circulation.,b
"What is the first aid for a casualty with a suspected minor head bump (no loss of consciousness, alert)?",Send them to bed immediately.,Apply a cold compress and observe.,Give them strong painkillers.,Tell them to continue normal activities.,b
"What is the first aid for a casualty with a suspected minor foreign object in the eye (e.g., small piece of glass)?",Rub the eye vigorously.,"Try to flush the eye with clean water or saline, or encourage blinking.",Use a dry cotton bud.,Keep the eye tightly closed.,b
What is the first aid for a casualty with a suspected minor cut on the back that is not bleeding heavily?,Apply a tourniquet.,"Clean the wound, apply antiseptic, and cover with a sterile dressing.",Leave it exposed.,Put soil on the wound.,b
What is the first aid for a casualty with a suspected minor scald from hot soup?,Apply ice directly.,Cool the scald under cool running water for at least 10-20 minutes.,Apply toothpaste.,Wrap tightly in a dry bandage.,b
What is the first aid for a casualty with a suspected minor nosebleed in a teenager?,Tilt the head backward.,"Sit them up, lean them forward, and pinch the soft part of the nose for 10-15 minutes.",Pack the nostrils with tissue.,Blow the nose forcefully.,b
What is the first aid for a casualty with a suspected minor insect bite (non-allergic)?,Squeeze the bite site.,"Wash the area, apply a cold compress, and consider antihistamine cream.",Apply heat.,Cover with a non-breathable plaster.,b
What is the first aid for a casualty with a suspected minor splinter in the arm?,Try to dig it out with a non-sterile pin.,"Clean the area, use sterile tweezers to remove it if visible, and clean again.",Leave it in place.,Squeeze the area hard.,b
What is the first aid for a casualty with a suspected minor muscle cramp in the quadriceps?,Continue exercising.,Gently stretch and massage the affected muscle.,Take a strong painkiller.,Tightly bandage the muscle.,b
What is the first aid for a casualty with a suspected minor sunburn on the back?,Apply thick oily cream.,"Cool the skin with cool compresses, apply aloe vera, and drink plenty of fluids.","Cover with tight, dark clothing.",Take a very hot bath.,b
"What is the first aid for a casualty with a suspected minor heat exhaustion (feeling dizzy, nauseous, weak)?","Give them a hot, sugary tea.","Move them to a cool place, give sips of cool water, and loosen clothing.",Tell them to do some light exercise.,Wrap them in a towel soaked in hot water.,b
What is the first aid for a casualty with a suspected minor cut on the leg that is bleeding slightly?,Apply a tourniquet.,"Wash the wound, apply direct pressure, and cover with a sterile dressing.",Leave it exposed.,Put soil on the wound.,b
What is the first aid for a casualty with a suspected minor bruise on the chest?,Apply heat immediately.,Apply a cold compress for 15-20 minutes.,Rub the bruise vigorously.,Pierce the bruise.,b
What is the first aid for a casualty with a suspected minor nosebleed that has stopped but might restart?,Advise them to blow their nose forcefully.,"Advise them to avoid picking their nose, blowing it hard, or strenuous activity.",Tell them to tilt their head back.,Give them a hot drink.,b
What is the first aid for a casualty with a suspected minor burn from a hot stove top?,Apply butter or oil.,Cool the burn under cool running water for at least 10-20 minutes.,Burst any blisters.,Cover with a fluffy cotton dressing.,b
What is the first aid for a casualty with a suspected minor sprain of the wrist?,Encourage movement.,"Apply RICE (Rest, Ice, Compression, Elevation).",Apply heat immediately.,Tightly bandage without checking circulation.,b
"What is the first aid for a casualty with a suspected minor head bump (no loss of consciousness, alert)?",Send them to bed immediately.,Apply a cold compress and observe.,Give them strong painkillers.,Tell them to continue normal activities.,b
"What is the first aid for a casualty with a suspected minor foreign object in the eye (e.g., small piece of wood)?",Rub the eye vigorously.,"Try to flush the eye with clean water or saline, or encourage blinking.",Use a dry cotton bud.,Keep the eye tightly closed.,b
What is the first aid for a casualty with a suspected minor cut on the abdomen that is not bleeding heavily?,Apply a tourniquet.,"Clean the wound, apply antiseptic, and cover with a sterile dressing.",Leave it exposed.,Put soil on the wound.,b
What is the first aid for a casualty with a suspected minor scald from hot coffee?,Apply ice directly.,Cool the scald under cool running water for at least 10-20 minutes.,Apply toothpaste.,Wrap tightly in a dry bandage.,b
What is the first aid for a casualty with a suspected minor nosebleed in an adult?,Tilt the head backward.,"Sit them up, lean them forward, and pinch the soft part of the nose for 10-15 minutes.",Pack the nostrils with tissue.,Blow the nose forcefully.,b
What is the first aid for a casualty with a suspected minor insect bite (non-allergic)?,Squeeze the bite site.,"Wash the area, apply a cold compress, and consider antihistamine cream.",Apply heat.,Cover with a non-breathable plaster.,b
What is the first aid for a casualty with a suspected minor splinter in the foot?,Try to dig it out with a non-sterile pin.,"Clean the area, use sterile tweezers to remove it if visible, and clean again.",Leave it in place.,Squeeze the area hard.,b
What is the first aid for a casualty with a suspected minor muscle cramp in the hamstring?,Continue exercising.,Gently stretch and massage the affected muscle.,Take a strong painkiller.,Tightly bandage the muscle.,b
What is the first aid for a casualty with a suspected minor sunburn on the chest?,Apply thick oily cream.,"Cool the skin with cool compresses, apply aloe vera, and drink plenty of fluids.","Cover with tight, dark clothing.",Take a very hot bath.,b
"What is the first aid for a casualty with a suspected minor heat exhaustion (feeling weak, nauseous, headache)?","Give them a hot, sugary tea.","Move them to a cool place, give sips of cool water, and loosen clothing.",Tell them to do some light exercise.,Wrap them in a towel soaked in hot water.,b
What is the first aid for a casualty with a suspected minor cut on the arm that is bleeding slightly?,Apply a tourniquet.,"Wash the wound, apply direct pressure, and cover with a sterile dressing.",Leave it exposed.,Put soil on the wound.,b
What is the first aid for a casualty with a suspected minor bruise on the leg?,Apply heat immediately.,Apply a cold compress for 15-20 minutes.,Rub the bruise vigorously.,Pierce the bruise.,b
What is the first aid for a casualty with a suspected minor nosebleed that has stopped but might restart?,Advise them to blow their nose forcefully.,"Advise them to avoid picking their nose, blowing it hard, or strenuous activity.",Tell them to tilt their head back.,Give them a hot drink.,b
What is the first aid for a casualty with a suspected minor burn from a hot water bottle?,Apply butter or oil.,Cool the burn under cool running water for at least 10-20 minutes.,Burst any blisters.,Cover with a fluffy cotton dressing.,b
What is the first aid for a casualty with a suspected minor sprain of the ankle?,Encourage movement.,"Apply RICE (Rest, Ice, Compression, Elevation).",Apply heat immediately.,Tightly bandage without checking circulation.,b
"What is the first aid for a casualty with a suspected minor head bump (no loss of consciousness, alert)?",Send them to bed immediately.,Apply a cold compress and observe.,Give them strong painkillers.,Tell them to continue normal activities.,b
"What is the first aid for a casualty with a suspected minor foreign object in the eye (e.g., small piece of glass)?",Rub the eye vigorously.,"Try to flush the eye with clean water or saline, or encourage blinking.",Use a dry cotton bud.,Keep the eye tightly closed.,b
What is the first aid for a casualty with a suspected minor cut on the back that is not bleeding heavily?,Apply a tourniquet.,"Clean the wound, apply antiseptic, and cover with a sterile dressing.",Leave it exposed.,Put soil on the wound.,b
What is the first aid for a casualty with a suspected minor scald from hot soup?,Apply ice directly.,Cool the scald under cool running water for at least 10-20 minutes.,Apply toothpaste.,Wrap tightly in a dry bandage.,b
What is the first aid for a casualty with a suspected minor nosebleed in a teenager?,Tilt the head backward.,"Sit them up, lean them forward, and pinch the soft part of the nose for 10-15 minutes.",Pack the nostrils with tissue.,Blow the nose forcefully.,b
What is the first aid for a casualty with a suspected minor insect bite (non-allergic)?,Squeeze the bite site.,"Wash the area, apply a cold compress, and consider antihistamine cream.",Apply heat.,Cover with a non-breathable plaster.,b
What is the first aid for a casualty with a suspected minor splinter in the arm?,Try to dig it out with a non-sterile pin.,"Clean the area, use sterile tweezers to remove it if visible, and clean again.",Leave it in place.,Squeeze the area hard.,b
What is the first aid for a casualty with a suspected minor muscle cramp in the quadriceps?,Continue exercising.,Gently stretch and massage the affected muscle.,Take a strong painkiller.,Tightly bandage the muscle.,b
What is the first aid for a casualty with a suspected minor sunburn on the back?,Apply thick oily cream.,"Cool the skin with cool compresses, apply aloe vera, and drink plenty of fluids.","Cover with tight, dark clothing.",Take a very hot bath.,b
"What is the first aid for a casualty with a suspected minor heat exhaustion (feeling dizzy, nauseous, weak)?","Give them a hot, sugary tea.","Move them to a cool place, give sips of cool water, and loosen clothing.",Tell them to do some light exercise.,Wrap them in a towel soaked in hot water.,b
What is the first aid for a casualty with a suspected minor cut on the leg that is bleeding slightly?,Apply a tourniquet.,"Wash the wound, apply direct pressure, and cover with a sterile dressing.",Leave it exposed.,Put soil on the wound.,b
What is the first aid for a casualty with a suspected minor bruise on the chest?,Apply heat immediately.,Apply a cold compress for 15-20 minutes.,Rub the bruise vigorously.,Pierce the bruise.,b
What is the first aid for a casualty with a suspected minor nosebleed that has stopped but might restart?,Advise them to blow their nose forcefully.,"Advise them to avoid picking their nose, blowing it hard, or strenuous activity.",Tell them to tilt their head back.,Give them a hot drink.,b
What is the first aid for a casualty with a suspected minor burn from a hot stove top?,Apply butter or oil.,Cool the burn under cool running water for at least 10-20 minutes.,Burst any blisters.,Cover with a fluffy cotton dressing.,b
What is the first aid for a casualty with a suspected minor sprain of the wrist?,Encourage movement.,"Apply RICE (Rest, Ice, Compression, Elevation).",Apply heat immediately.,Tightly bandage without checking circulation.,b
"What is the first aid for a casualty with a suspected minor head bump (no loss of consciousness, alert)?",Send them to bed immediately.,Apply a cold compress and observe.,Give them strong painkillers.,Tell them to continue normal activities.,b
"What is the first aid for a casualty with a suspected minor foreign object in the eye (e.g., small piece of wood)?",Rub the eye vigorously.,"Try to flush the eye with clean water or saline, or encourage blinking.",Use a dry cotton bud.,Keep the eye tightly closed.,b
What is the first aid for a casualty with a suspected minor cut on the abdomen that is not bleeding heavily?,Apply a tourniquet.,"Clean the wound, apply antiseptic, and cover with a sterile dressing.",Leave it exposed.,Put soil on the wound.,b
What is the first aid for a casualty with a suspected minor scald from hot coffee?,Apply ice directly.,Cool the scald under cool running water for at least 10-20 minutes.,Apply toothpaste.,Wrap tightly in a dry bandage.,b
What is the first aid for a casualty with a suspected minor nosebleed in an adult?,Tilt the head backward.,"Sit them up, lean them forward, and pinch the soft part of the nose for 10-15 minutes.",Pack the nostrils with tissue.,Blow the nose forcefully.,b
What is the first aid for a casualty with a suspected minor insect bite (non-allergic)?,Squeeze the bite site.,"Wash the area, apply a cold compress, and consider antihistamine cream.",Apply heat.,Cover with a non-breathable plaster.,b
What is the first aid for a casualty with a suspected minor splinter in the foot?,Try to dig it out with a non-sterile pin.,"Clean the area, use sterile tweezers to remove it if visible, and clean again.",Leave it in place.,Squeeze the area hard.,b
What is the first aid for a casualty with a suspected minor muscle cramp in the hamstring?,Continue exercising.,Gently stretch and massage the affected muscle.,Take a strong painkiller.,Tightly bandage the muscle.,b
What is the first aid for a casualty with a suspected minor sunburn on the chest?,Apply thick oily cream.,"Cool the skin with cool compresses, apply aloe vera, and drink plenty of fluids.","Cover with tight, dark clothing.",Take a very hot bath.,b
"What is the first aid for a casualty with a suspected minor heat exhaustion (feeling weak, nauseous, headache)?","Give them a hot, sugary tea.","Move them to a cool place, give sips of cool water, and loosen clothing.",Tell them to do some light exercise.,Wrap them in a towel soaked in hot water.,b
What is the first aid for a casualty with a suspected minor cut on the arm that is bleeding slightly?,Apply a tourniquet.,"Wash the wound, apply direct pressure, and cover with a sterile dressing.",Leave it exposed.,Put soil on the wound.,b
What is the first aid for a casualty with a suspected minor bruise on the leg?,Apply heat immediately.,Apply a cold compress for 15-20 minutes.,Rub the bruise vigorously.,Pierce the bruise.,b
What is the first aid for a casualty with a suspected minor nosebleed that has stopped but might restart?,Advise them to blow their nose forcefully.,"Advise them to avoid picking their nose, blowing it hard, or strenuous activity.",Tell them to tilt their head back.,Give them a hot drink.,b
What is the first aid for a casualty with a suspected minor burn from a hot water bottle?,Apply butter or oil.,Cool the burn under cool running water for at least 10-20 minutes.,Burst any blisters.,Cover with a fluffy cotton dressing.,b
What is the first aid for a casualty with a suspected minor sprain of the ankle?,Encourage movement.,"Apply RICE (Rest, Ice, Compression, Elevation).",Apply heat immediately.,Tightly bandage without checking circulation.,b
"What is the first aid for a casualty with a suspected minor head bump (no loss of consciousness, alert)?",Send them to bed immediately.,Apply a cold compress and observe.,Give them strong painkillers.,Tell them to continue normal activities.,b
"What is the first aid for a casualty with a suspected minor foreign object in the eye (e.g., small piece of glass)?",Rub the eye vigorously.,"Try to flush the eye with clean water or saline, or encourage blinking.",Use a dry cotton bud.,Keep the eye tightly closed.,b
What is the first aid for a casualty with a suspected minor cut on the back that is not bleeding heavily?,Apply a tourniquet.,"Clean the wound, apply antiseptic, and cover with a sterile dressing.",Leave it exposed.,Put soil on the wound.,b
What is the first aid for a casualty with a suspected minor scald from hot soup?,Apply ice directly.,Cool the scald under cool running water for at least 10-20 minutes.,Apply toothpaste.,Wrap tightly in a dry bandage.,b
What is the first aid for a casualty with a suspected minor nosebleed in a teenager?,Tilt the head backward.,"Sit them up, lean them forward, and pinch the soft part of the nose for 10-15 minutes.",Pack the nostrils with tissue.,Blow the nose forcefully.,b
What is the first aid for a casualty with a suspected minor insect bite (non-allergic)?,Squeeze the bite site.,"Wash the area, apply a cold compress, and consider antihistamine cream.",Apply heat.,Cover with a non-breathable plaster.,b
What is the first aid for a casualty with a suspected minor splinter in the arm?,Try to dig it out with a non-sterile pin.,"Clean the area, use sterile tweezers to remove it if visible, and clean again.",Leave it in place.,Squeeze the area hard.,b
What is the first aid for a casualty with a suspected minor muscle cramp in the quadriceps?,Continue exercising.,Gently stretch and massage the affected muscle.,Take a strong painkiller.,Tightly bandage the muscle.,b
What is the first aid for a casualty with a suspected minor sunburn on the back?,Apply thick oily cream.,"Cool the skin with cool compresses, apply aloe vera, and drink plenty of fluids.","Cover with tight, dark clothing.",Take a very hot bath.,b
"What is the first aid for a casualty with a suspected minor heat exhaustion (feeling dizzy, nauseous, weak)?","Give them a hot, sugary tea.","Move them to a cool place, give sips of cool water, and loosen clothing.",Tell them to do some light exercise.,Wrap them in a towel soaked in hot water.,b
What is the first aid for a casualty with a suspected minor cut on the leg that is bleeding slightly?,Apply a tourniquet.,"Wash the wound, apply direct pressure, and cover with a sterile dressing.",Leave it exposed.,Put soil on the wound.,b
What is the first aid for a casualty with a suspected minor bruise on the chest?,Apply heat immediately.,Apply a cold compress for 15-20 minutes.,Rub the bruise vigorously.,Pierce the bruise.,b
What is the first aid for a casualty with a suspected minor nosebleed that has stopped but might restart?,Advise them to blow their nose forcefully.,"Advise them to avoid picking their nose, blowing it hard, or strenuous activity.",Tell them to tilt their head back.,Give them a hot drink.,b
What is the first aid for a casualty with a suspected minor burn from a hot stove top?,Apply butter or oil.,Cool the burn under cool running water for at least 10-20 minutes.,Burst any blisters.,Cover with a fluffy cotton dressing.,b
What is the first aid for a casualty with a suspected minor sprain of the wrist?,Encourage movement.,"Apply RICE (Rest, Ice, Compression, Elevation).",Apply heat immediately.,Tightly bandage without checking circulation.,b
"What is the first aid for a casualty with a suspected minor head bump (no loss of consciousness, alert)?",Send them to bed immediately.,Apply a cold compress and observe.,Give them strong painkillers.,Tell them to continue normal activities.,b
"What is the first aid for a casualty with a suspected minor foreign object in the eye (e.g., small piece of wood)?",Rub the eye vigorously.,"Try to flush the eye with clean water or saline, or encourage blinking.",Use a dry cotton bud.,Keep the eye tightly closed.,b
What is the first aid for a casualty with a suspected minor cut on the abdomen that is not bleeding heavily?,Apply a tourniquet.,"Clean the wound, apply antiseptic, and cover with a sterile dressing.",Leave it exposed.,Put soil on the wound.,b
What is the first aid for a casualty with a suspected minor scald from hot coffee?,Apply ice directly.,Cool the scald under cool running water for at least 10-20 minutes.,Apply toothpaste.,Wrap tightly in a dry bandage.,b
What is the first aid for a casualty with a suspected minor nosebleed in an adult?,Tilt the head backward.,"Sit them up, lean them forward, and pinch the soft part of the nose for 10-15 minutes.",Pack the nostrils with tissue.,Blow the nose forcefully.,b
What is the first aid for a casualty with a suspected minor insect bite (non-allergic)?,Squeeze the bite site.,"Wash the area, apply a cold compress, and consider antihistamine cream.",Apply heat.,Cover with a non-breathable plaster.,b
What is the first aid for a casualty with a suspected minor splinter in the foot?,Try to dig it out with a non-sterile pin.,"Clean the area, use sterile tweezers to remove it if visible, and clean again.",Leave it in place.,Squeeze the area hard.,b
What is the first aid for a casualty with a suspected minor muscle cramp in the hamstring?,Continue exercising.,Gently stretch and massage the affected muscle.,Take a strong painkiller.,Tightly bandage the muscle.,b
What is the first aid for a casualty with a suspected minor sunburn on the chest?,Apply thick oily cream.,"Cool the skin with cool compresses, apply aloe vera, and drink plenty of fluids.","Cover with tight, dark clothing.",Take a very hot bath.,b
"What is the first aid for a casualty with a suspected minor heat exhaustion (feeling weak, nauseous, headache)?","Give them a hot, sugary tea.","Move them to a cool place, give sips of cool water, and loosen clothing.",Tell them to do some light exercise.,Wrap them in a towel soaked in hot water.,b
What is the first aid for a casualty with a suspected minor cut on the arm that is bleeding slightly?,Apply a tourniquet.,"Wash the wound, apply direct pressure, and cover with a sterile dressing.",Leave it exposed.,Put soil on the wound.,b
What is the first aid for a casualty with a suspected minor bruise on the leg?,Apply heat immediately.,Apply a cold compress for 15-20 minutes.,Rub the bruise vigorously.,Pierce the bruise.,b
What is the first aid for a casualty with a suspected minor nosebleed that has stopped but might restart?,Advise them to blow their nose forcefully.,"Advise them to avoid picking their nose, blowing it hard, or strenuous activity.",Tell them to tilt their head back.,Give them a hot drink.,b
What is the first aid for a casualty with a suspected minor burn from a hot water bottle?,Apply butter or oil.,Cool the burn under cool running water for at least 10-20 minutes.,Burst any blisters.,Cover with a fluffy cotton dressing.,b
What is the first aid for a casualty with a suspected minor sprain of the ankle?,Encourage movement.,"Apply RICE (Rest, Ice, Compression, Elevation).",Apply heat immediately.,Tightly bandage without checking circulation.,b
"What is the first aid for a casualty with a suspected minor head bump (no loss of consciousness, alert)?",Send them to bed immediately.,Apply a cold compress and observe.,Give them strong painkillers.,Tell them to continue normal activities.,b
"What is the first aid for a casualty with a suspected minor foreign object in the eye (e.g., small piece of glass)?",Rub the eye vigorously.,"Try to flush the eye with clean water or saline, or encourage blinking.",Use a dry cotton bud.,Keep the eye tightly closed.,b
What is the first aid for a casualty with a suspected minor cut on the back that is not bleeding heavily?,Apply a tourniquet.,"Clean the wound, apply antiseptic, and cover with a sterile dressing.",Leave it exposed.,Put soil on the wound.,b
What is the first aid for a casualty with a suspected minor scald from hot soup?,Apply ice directly.,Cool the scald under cool running water for at least 10-20 minutes.,Apply toothpaste.,Wrap tightly in a dry bandage.,b
What is the first aid for a casualty with a suspected minor nosebleed in a teenager?,Tilt the head backward.,"Sit them up, lean them forward, and pinch the soft part of the nose for 10-15 minutes.",Pack the nostrils with tissue.,Blow the nose forcefully.,b
What is the first aid for a casualty with a suspected minor insect bite (non-allergic)?,Squeeze the bite site.,"Wash the area, apply a cold compress, and consider antihistamine cream.",Apply heat.,Cover with a non-breathable plaster.,b
What is the first aid for a casualty with a suspected minor splinter in the arm?,Try to dig it out with a non-sterile pin.,"Clean the area, use sterile tweezers to remove it if visible, and clean again.",Leave it in place.,Squeeze the area hard.,b
What is the first aid for a casualty with a suspected minor muscle cramp in the quadriceps?,Continue exercising.,Gently stretch and massage the affected muscle.,Take a strong painkiller.,Tightly bandage the muscle.,b
What is the first aid for a casualty with a suspected minor sunburn on the back?,Apply thick oily cream.,"Cool the skin with cool compresses, apply aloe vera, and drink plenty of fluids.","Cover with tight, dark clothing.",Take a very hot bath.,b
"What is the first aid for a casualty with a suspected minor heat exhaustion (feeling dizzy, nauseous, weak)?","Give them a hot, sugary tea.","Move them to a cool place, give sips of cool water, and loosen clothing.",Tell them to do some light exercise.,Wrap them in a towel soaked in hot water.,b
What is the first aid for a casualty with a suspected minor cut on the leg that is bleeding slightly?,Apply a tourniquet.,"Wash the wound, apply direct pressure, and cover with a sterile dressing.",Leave it exposed.,Put soil on the wound.,b
What is the first aid for a casualty with a suspected minor bruise on the chest?,Apply heat immediately.,Apply a cold compress for 15-20 minutes.,Rub the bruise vigorously.,Pierce the bruise.,b
What is the first aid for a casualty with a suspected minor nosebleed that has stopped but might restart?,Advise them to blow their nose forcefully.,"Advise them to avoid picking their nose, blowing it hard, or strenuous activity.",Tell them to tilt their head back.,Give them a hot drink.,b
What is the first aid for a casualty with a suspected minor burn from a hot stove top?,Apply butter or oil.,Cool the burn under cool running water for at least 10-20 minutes.,Burst any blisters.,Cover with a fluffy cotton dressing.,b
What is the first aid for a casualty with a suspected minor sprain of the wrist?,Encourage movement.,"Apply RICE (Rest, Ice, Compression, Elevation).",Apply heat immediately.,Tightly bandage without checking circulation.,b
"What is the first aid for a casualty with a suspected minor head bump (no loss of consciousness, alert)?",Send them to bed immediately.,Apply a cold compress and observe.,Give them strong painkillers.,Tell them to continue normal activities.,b
"What is the first aid for a casualty with a suspected minor foreign object in the eye (e.g., small piece of wood)?",Rub the eye vigorously.,"Try to flush the eye with clean water or saline, or encourage blinking.",Use a dry cotton bud.,Keep the eye tightly closed.,b
What is the first aid for a casualty with a suspected minor cut on the abdomen that is not bleeding heavily?,Apply a tourniquet.,"Clean the wound, apply antiseptic, and cover with a sterile dressing.",Leave it exposed.,Put soil on the wound.,b
What is the first aid for a casualty with a suspected minor scald from hot coffee?,Apply ice directly.,Cool the scald under cool running water for at least 10-20 minutes.,Apply toothpaste.,Wrap tightly in a dry bandage.,b
What is the first aid for a casualty with a suspected minor nosebleed in an adult?,Tilt the head backward.,"Sit them up, lean them forward, and pinch the soft part of the nose for 10-15 minutes.",Pack the nostrils with tissue.,Blow the nose forcefully.,b
What is the first aid for a casualty with a suspected minor insect bite (non-allergic)?,Squeeze the bite site.,"Wash the area, apply a cold compress, and consider antihistamine cream.",Apply heat.,Cover with a non-breathable plaster.,b
What is the first aid for a casualty with a suspected minor splinter in the foot?,Try to dig it out with a non-sterile pin.,"Clean the area, use sterile tweezers to remove it if visible, and clean again.",Leave it in place.,Squeeze the area hard.,b
What is the first aid for a casualty with a suspected minor muscle cramp in the hamstring?,Continue exercising.,Gently stretch and massage the affected muscle.,Take a strong painkiller.,Tightly bandage the muscle.,b
What is the first aid for a casualty with a suspected minor sunburn on the chest?,Apply thick oily cream.,"Cool the skin with cool compresses, apply aloe vera, and drink plenty of fluids.","Cover with tight, dark clothing.",Take a very hot bath.,b
"What is the first aid for a casualty with a suspected minor heat exhaustion (feeling weak, nauseous, headache)?","Give them a hot, sugary tea.","Move them to a cool place, give sips of cool water, and loosen clothing.",Tell them to do some light exercise.,Wrap them in a towel soaked in hot water.,b
What is the first aid for a casualty with a suspected minor cut on the arm that is bleeding slightly?,Apply a tourniquet.,"Wash the wound, apply direct pressure, and cover with a sterile dressing.",Leave it exposed.,Put soil on the wound.,b
What is the first aid for a casualty with a suspected minor bruise on the leg?,Apply heat immediately.,Apply a cold compress for 15-20 minutes.,Rub the bruise vigorously.,Pierce the bruise.,b
What is the first aid for a casualty with a suspected minor nosebleed that has stopped but might restart?,Advise them to blow their nose forcefully.,"Advise them to avoid picking their nose, blowing it hard, or strenuous activity.",Tell them to tilt their head back.,Give them a hot drink.,b
What is the first aid for a casualty with a suspected minor burn from a hot water bottle?,Apply butter or oil.,Cool the burn under cool running water for at least 10-20 minutes.,Burst any blisters.,Cover with a fluffy cotton dressing.,b
What is the first aid for a casualty with a suspected minor sprain of the ankle?,Encourage movement.,"Apply RICE (Rest, Ice, Compression, Elevation).",Apply heat immediately.,Tightly bandage without checking circulation.,b
"What is the first aid for a casualty with a suspected minor head bump (no loss of consciousness, alert)?",Send them to bed immediately.,Apply a cold compress and observe.,Give them strong painkillers.,Tell them to continue normal activities.,b
"What is the first aid for a casualty with a suspected minor foreign object in the eye (e.g., small piece of glass)?",Rub the eye vigorously.,"Try to flush the eye with clean water or saline, or encourage blinking.",Use a dry cotton bud.,Keep the eye tightly closed.,b
What is the first aid for a casualty with a suspected minor cut on the back that is not bleeding heavily?,Apply a tourniquet.,"Clean the wound, apply antiseptic, and cover with a sterile dressing.",Leave it exposed.,Put soil on the wound.,b
What is the first aid for a casualty with a suspected minor scald from hot soup?,Apply ice directly.,Cool the scald under cool running water for at least 10-20 minutes.,Apply toothpaste.,Wrap tightly in a dry bandage.,b
What is the first aid for a casualty with a suspected minor nosebleed in a teenager?,Tilt the head backward.,"Sit them up, lean them forward, and pinch the soft part of the nose for 10-15 minutes.",Pack the nostrils with tissue.,Blow the nose forcefully.,b
What is the first aid for a casualty with a suspected minor insect bite (non-allergic)?,Squeeze the bite site.,"Wash the area, apply a cold compress, and consider antihistamine cream.",Apply heat.,Cover with a non-breathable plaster.,b
What is the first aid for a casualty with a suspected minor splinter in the arm?,Try to dig it out with a non-sterile pin.,"Clean the area, use sterile tweezers to remove it if visible, and clean again.",Leave it in place.,Squeeze the area hard.,b
What is the first aid for a casualty with a suspected minor muscle cramp in the quadriceps?,Continue exercising.,Gently stretch and massage the affected muscle.,Take a strong painkiller.,Tightly bandage the muscle.,b
What is the first aid for a casualty with a suspected minor sunburn on the back?,Apply thick oily cream.,"Cool the skin with cool compresses, apply aloe vera, and drink plenty of fluids.","Cover with tight, dark clothing.",Take a very hot bath.,b
"What is the first aid for a casualty with a suspected minor heat exhaustion (feeling dizzy, nauseous, weak)?","Give them a hot, sugary tea.","Move them to a cool place, give sips of cool water, and loosen clothing.",Tell them to do some light exercise.,Wrap them in a towel soaked in hot water.,b
What is the first aid for a casualty with a suspected minor cut on the leg that is bleeding slightly?,Apply a tourniquet.,"Wash the wound, apply direct pressure, and cover with a sterile dressing.",Leave it exposed.,Put soil on the wound.,b
What is the first aid for a casualty with a suspected minor bruise on the chest?,Apply heat immediately.,Apply a cold compress for 15-20 minutes.,Rub the bruise vigorously.,Pierce the bruise.,b
What is the first aid for a casualty with a suspected minor nosebleed that has stopped but might restart?,Advise them to blow their nose forcefully.,"Advise them to avoid picking their nose, blowing it hard, or strenuous activity.",Tell them to tilt their head back.,Give them a hot drink.,b
What is the first aid for a casualty with a suspected minor burn from a hot stove top?,Apply butter or oil.,Cool the burn under cool running water for at least 10-20 minutes.,Burst any blisters.,Cover with a fluffy cotton dressing.,b
What is the first aid for a casualty with a suspected minor sprain of the wrist?,Encourage movement.,"Apply RICE (Rest, Ice, Compression, Elevation).",Apply heat immediately.,Tightly bandage without checking circulation.,b
"What is the first aid for a casualty with a suspected minor head bump (no loss of consciousness, alert)?",Send them to bed immediately.,Apply a cold compress and observe.,Give them strong painkillers.,Tell them to continue normal activities.,b
"What is the first aid for a casualty with a suspected minor foreign object in the eye (e.g., small piece of wood)?",Rub the eye vigorously.,"Try to flush the eye with clean water or saline, or encourage blinking.",Use a dry cotton bud.,Keep the eye tightly closed.,b
What is the first aid for a casualty with a suspected minor cut on the abdomen that is not bleeding heavily?,Apply a tourniquet.,"Clean the wound, apply antiseptic, and cover with a sterile dressing.",Leave it exposed.,Put soil on the wound.,b
What is the first aid for a casualty with a suspected minor scald from hot coffee?,Apply ice directly.,Cool the scald under cool running water for at least 10-20 minutes.,Apply toothpaste.,Wrap tightly in a dry bandage.,b
What is the first aid for a casualty with a suspected minor nosebleed in an adult?,Tilt the head backward.,"Sit them up, lean them forward, and pinch the soft part of the nose for 10-15 minutes.",Pack the nostrils with tissue.,Blow the nose forcefully.,b
What is the first aid for a casualty with a suspected minor insect bite (non-allergic)?,Squeeze the bite site.,"Wash the area, apply a cold compress, and consider antihistamine cream.",Apply heat.,Cover with a non-breathable plaster.,b
What is the first aid for a casualty with a suspected minor splinter in the foot?,Try to dig it out with a non-sterile pin.,"Clean the area, use sterile tweezers to remove it if visible, and clean again.",Leave it in place.,Squeeze the area hard.,b
What is the first aid for a casualty with a suspected minor muscle cramp in the hamstring?,Continue exercising.,Gently stretch and massage the affected muscle.,Take a strong painkiller.,Tightly bandage the muscle.,b
What is the first aid for a casualty with a suspected minor sunburn on the chest?,Apply thick oily cream.,"Cool the skin with cool compresses, apply aloe vera, and drink plenty of fluids.","Cover with tight, dark clothing.",Take a very hot bath.,b
"What is the first aid for a casualty with a suspected minor heat exhaustion (feeling weak, nauseous, headache)?","Give them a hot, sugary tea.","Move them to a cool place, give sips of cool water, and loosen clothing.",Tell them to do some light exercise.,Wrap them in a towel soaked in hot water.,b
