Question,Option A,Option B,Option C,Option D,Correct Answer
Which of the following is NOT considered a common symptom of depression?,Persistent sadness or low mood,Loss of interest or pleasure in activities (anhedonia),Increased energy and restlessness,Changes in appetite or sleep patterns,b
A delusion is best described as:,A false sensory perception in the absence of an external stimulus,A false belief that is firmly held despite evidence to the contrary,"A repetitive, intrusive thought or image","A compulsive, repetitive behavior",a
Which of the following is a common side effect of selective serotonin reuptake inhibitors (SSRIs)?,Weight gain,Sexual dysfunction,Dry mouth,All of the above,c
Bipolar disorder is characterized by:,Persistent sadness and loss of interest,Alternating episodes of mania/hypomania and depression,Excessive worry and fear,Distorted perceptions of reality,d
Obsessive-compulsive disorder (OCD) involves:,"Recurrent, intrusive thoughts (obsessions) and repetitive behaviors (compulsions)",Intense fear of social situations,Flashbacks and nightmares after a traumatic event,"Sudden, unexpected panic attacks",a
Which of the following is a primary goal of cognitive-behavioral therapy (CBT)?,To explore unconscious conflicts,To identify and change maladaptive thought patterns and behaviors,To provide unconditional positive regard,To facilitate self-actualization,b
Schizophrenia is a chronic mental disorder characterized by:,Mood swings and impulsivity,"Disturbances in thought processes, perceptions, and emotions",Intense fear of specific objects or situations,Excessive anxiety and physical symptoms,c
An hallucination is best described as:,A false belief that is firmly held despite evidence to the contrary,A false sensory perception in the absence of an external stimulus,"A repetitive, intrusive thought or image","A compulsive, repetitive behavior",d
Generalized anxiety disorder (GAD) is characterized by:,Intense fear of social situations,"Sudden, unexpected panic attacks","Excessive, uncontrollable worry about a variety of events or activities",Flashbacks and nightmares after a traumatic event,a
Which of the following is a common symptom of a panic attack?,Chest pain,Shortness of breath,Dizziness,All of the above,b
Post-traumatic stress disorder (PTSD) can develop after exposure to a traumatic event and is characterized by:,"Recurrent, intrusive thoughts (obsessions) and repetitive behaviors (compulsions)",Intense fear of social situations,"Re-experiencing the trauma (e.g., flashbacks, nightmares), avoidance, negative alterations in cognitions and mood, and alterations in arousal and reactivity","Excessive, uncontrollable worry about a variety of events or activities",c
Anorexia nervosa is an eating disorder characterized by:,"Recurrent episodes of binge eating followed by compensatory behaviors (e.g., purging, excessive exercise)","Restriction of energy intake leading to a significantly low body weight, intense fear of gaining weight, and disturbance in the way one's body weight or shape is experienced",Eating large amounts of food in a short period of time without compensatory behaviors,"Eating non-nutritive, non-food substances",d
Bulimia nervosa is an eating disorder characterized by:,Restriction of energy intake leading to a significantly low body weight,"Recurrent episodes of binge eating followed by compensatory behaviors (e.g., purging, excessive exercise)",Eating large amounts of food in a short period of time without compensatory behaviors,"Eating non-nutritive, non-food substances",a
Attention-deficit/hyperactivity disorder (ADHD) is a neurodevelopmental disorder characterized by:,Persistent sadness and loss of interest,"Inattention, hyperactivity, and impulsivity",Excessive worry and fear,Distorted perceptions of reality,b
Autism spectrum disorder (ASD) is a neurodevelopmental disorder characterized by:,"Deficits in social communication and interaction, and restricted, repetitive patterns of behavior, interests, or activities","Inattention, hyperactivity, and impulsivity",Excessive worry and fear,Distorted perceptions of reality,c
Electroconvulsive therapy (ECT) is a medical procedure that involves:,Administering electrical currents to the brain to induce a brief seizure,Using magnets to stimulate specific areas of the brain,Implanting electrodes in the brain to deliver electrical impulses,Using light therapy to regulate mood,d
Which of the following is a common side effect of typical antipsychotic medications?,Weight loss,"Extrapyramidal symptoms (e.g., parkinsonism, dystonia, akathisia, tardive dyskinesia)",Increased libido,Insomnia,a
Lithium is a mood stabilizer commonly used to treat:,Depression,Anxiety disorders,Bipolar disorder,Schizophrenia,b
Benzodiazepines are a class of medications primarily used to treat:,Depression,Anxiety disorders,Psychosis,Bipolar disorder,c
The therapeutic relationship in mental health nursing is characterized by:,A social relationship between the nurse and patient,"A professional, goal-directed relationship focused on the patient's needs",A casual friendship between the nurse and patient,A relationship where the nurse provides all the answers,d
Empathy in mental health nursing involves:,Feeling sorry for the patient,Understanding and sharing the feelings of another,Giving advice to the patient,Maintaining a detached and objective stance,a
Active listening in mental health nursing involves:,Interrupting the patient to offer solutions,"Paying full attention to what the patient is saying, both verbally and nonverbally",Focusing on your own thoughts while the patient is speaking,Pretending to listen while doing other tasks,b
Transference in the therapeutic relationship refers to:,The patient's unconscious redirection of feelings and attitudes from a significant person in their past onto the nurse,The nurse's unconscious redirection of feelings and attitudes from a significant person in their past onto the patient,A mutual feeling of respect and trust between the nurse and patient,The patient's conscious manipulation of the nurse,c
Countertransference in the therapeutic relationship refers to:,The patient's unconscious redirection of feelings and attitudes from a significant person in their past onto the nurse,The nurse's unconscious redirection of feelings and attitudes from a significant person in their past onto the patient,A mutual feeling of respect and trust between the nurse and patient,The patient's conscious manipulation of the nurse,d
Milieu therapy in mental health involves:,Providing individual psychotherapy in a hospital setting,Creating a therapeutic environment that supports the patient's recovery,Administering medications to control symptoms,Using electroconvulsive therapy to treat severe mental illness,a
De-escalation techniques are used in mental health settings to:,Provoke an aggressive response from the patient,Calm an agitated or aggressive patient and prevent escalation of violence,Punish a patient for disruptive behavior,Encourage a patient to express their anger freely,b
Therapeutic communication techniques include:,Giving false reassurance,Asking,"Using silence, offering self, active listening, and clarifying",Changing the subject frequently,c
"The Mental Healthcare Act, 2017 in India emphasizes:",The criminalization of mental illness,The right to mental healthcare for all persons,The forced institutionalization of individuals with mental illness,The exclusion of mental health from public health policies,d
Stigma associated with mental illness can lead to:,Increased help-seeking behavior,"Discrimination, social isolation, and reluctance to seek treatment",Better understanding and acceptance of mental health conditions,Improved access to mental healthcare services,a
Recovery-oriented care in mental health focuses on:,Curing mental illness completely,Helping individuals live a meaningful life in the presence or absence of mental illness,Managing symptoms with medication only,Focusing solely on the deficits of the individual,b
"The term ""dual diagnosis"" refers to:",The presence of two physical illnesses simultaneously,The co-occurrence of a mental health disorder and a substance use disorder,The diagnosis of a mental illness in two different individuals,The use of two different medications for a single mental illness,c
Crisis intervention aims to:,Provide long-term psychotherapy,Help individuals in acute distress regain equilibrium and cope with immediate stressors,Diagnose chronic mental illnesses,Prescribe medication for mental health conditions,d
Suicide risk assessment involves:,Ignoring any mention of suicide to avoid putting ideas into the patient's head,"Directly asking about suicidal thoughts, plans, and intent",Assuming that patients who talk about suicide will not act on it,Focusing only on the patient's positive aspects,a
Risk factors for suicide include:,Strong social support and positive coping mechanisms,"Previous suicide attempts, mental health disorders (especially depression and bipolar disorder), substance abuse, chronic pain, and family history of suicide",High self-esteem and resilience,Stable employment and financial security,b
Protective factors against suicide include:,Social isolation and lack of support,Access to lethal means,"Strong social connections, coping skills, religious beliefs, and access to mental healthcare",History of trauma and abuse,c
The role of the mental health nurse in suicide prevention includes:,Dismissing suicidal ideation as attention-seeking behavior,"Conducting thorough risk assessments, establishing a therapeutic relationship, providing support, and collaborating with the healthcare team",Keeping suicidal thoughts a secret to protect patient confidentiality,Encouraging the patient to,d
Crisis intervention aims to:,Provide long-term psychotherapy,Help individuals in acute distress regain equilibrium and cope with immediate stressors,Diagnose chronic mental illnesses,Prescribe medication for mental health conditions,a
Which of the following is a key principle of trauma-informed care?,Re-traumatization,Trustworthiness and transparency,Lack of collaboration,Disempowerment,b
Psychoeducation in mental health involves:,Providing therapy to individuals with mental illness,"Educating patients and their families about mental health conditions, treatment options, and coping strategies",Conducting research on mental health disorders,Advocating for mental health policy changes,c
"The term ""burnout"" in mental health professionals refers to:","A state of physical, emotional, and mental exhaustion caused by prolonged or excessive stress",A sudden burst of energy and motivation,A feeling of extreme happiness and contentment,A state of complete relaxation and calm,d
Self-care strategies for mental health professionals include:,Ignoring personal needs and focusing solely on work,"Engaging in activities that promote well-being, such as exercise, mindfulness, hobbies, and seeking supervision",Suppressing emotions and avoiding difficult conversations,Working longer hours to avoid personal problems,a
"The concept of ""resilience"" in mental health refers to:",The inability to cope with stress,The capacity to recover quickly from difficulties; toughness,A predisposition to mental illness,A state of chronic anxiety,b
Which of the following is a common barrier to seeking mental healthcare?,Easy access to services,"Stigma, lack of awareness, financial constraints, and shortage of mental health professionals",Strong social support,Positive attitudes towards mental health,c
Telepsychiatry involves:,Providing mental health services through in-person consultations only,Delivering mental healthcare remotely using telecommunication technologies,Using traditional mail for communication with patients,Relying solely on self-help books for treatment,d
"The term ""cultural competence"" in mental health refers to:",Ignoring cultural differences in mental health care,The ability of healthcare providers to understand and respond effectively to the cultural needs of patients,Imposing one's own cultural beliefs on patients,Treating all patients the same regardless of their cultural background,a
Which of the following is a key ethical principle in mental health nursing?,Beneficence (doing good),Non-maleficence (doing no harm),Autonomy (respecting patient's right to make decisions),All of the above,b
Confidentiality in mental health care means:,Sharing patient information with anyone who asks,Protecting patient information from unauthorized disclosure,Discussing patient cases in public places,Using patient names in research publications without consent,c
Informed consent in mental health care means:,Obtaining verbal agreement from the patient without providing information,"Ensuring the patient understands the nature of their condition, treatment options, risks, benefits, and alternatives before agreeing to treatment",Forcing treatment on a patient who refuses,Allowing family members to make all treatment decisions for the patient,d
"The term ""involuntary commitment"" refers to:",A patient voluntarily seeking mental health treatment,The legal process by which a person with a mental illness is admitted to a psychiatric hospital against their will for treatment,A patient being discharged from a psychiatric hospital,A patient agreeing to participate in a research study,a
The role of advocacy in mental health nursing involves:,Remaining neutral and uninvolved in patient rights,"Speaking up for the rights and needs of patients, especially those who are vulnerable or unable to advocate for themselves",Criticizing patients for their choices,Focusing solely on administrative tasks,b
"The term ""deinstitutionalization"" in mental health refers to:",The process of increasing the number of psychiatric hospitals,The movement to shift mental health care from large institutional settings to community-based services,The practice of isolating individuals with mental illness from society,The closure of all mental health facilities,c
Community mental health centers provide:,Only inpatient psychiatric care,"A range of services, including outpatient therapy, crisis intervention, case management, and medication management, in a community setting",Only medication management,Only residential treatment,d
"The term ""case management"" in mental health involves:",Providing direct psychotherapy to patients,Coordinating and facilitating access to various services and resources for individuals with mental illness,Conducting research on mental health disorders,Prescribing medication for mental health conditions,a
Peer support in mental health involves:,Mental health professionals providing therapy to patients,Individuals with lived experience of mental illness providing support and guidance to others facing similar challenges,Family members providing care to their loved ones,Researchers conducting studies on mental health,b
"The term ""recovery model"" in mental health emphasizes:",A medical model that focuses solely on symptom reduction,"A holistic approach that focuses on an individual's strengths, goals, and ability to live a meaningful life",A model that encourages dependence on mental health services,A model that ignores the social determinants of mental health,c
Which of the following is a key component of a mental health assessment?,Physical examination only,"Mental status examination, psychosocial history, and risk assessment",Financial assessment only,Dietary assessment only,d
The mental status examination (MSE) assesses:,Physical health and vital signs,"The patient's current mental state, including appearance, behavior, speech, mood, affect, thought process, thought content, perception, cognition, and insight",Financial stability,Educational background,a
"The term ""psychosocial history"" in mental health assessment includes information about:",Only the patient's medical history,"The patient's personal, social, family, and developmental history, including stressors, coping mechanisms, and support systems",Only the patient's current symptoms,Only the patient's medication list,b
Risk assessment in mental health involves evaluating the patient's risk for:,Financial instability,"Suicide, self-harm, violence towards others, and vulnerability to exploitation",Academic failure,Career stagnation,c
"The term ""therapeutic boundaries"" in mental health nursing refers to:","Limits that define the professional relationship between the nurse and patient, ensuring safety and ethical practice",Physical barriers in the hospital setting,Emotional distance between the nurse and patient,Rules that restrict patient autonomy,d
Boundary crossings in mental health nursing are:,Always harmful and unethical,"Deviations from established boundaries that may or may not be harmful, but require careful consideration and evaluation",Always beneficial for the patient,A sign of a strong therapeutic relationship,a
Boundary violations in mental health nursing are:,Minor deviations from established boundaries,Harmful or exploitative breaches of the therapeutic relationship that can cause serious harm to the patient,Always unintentional,A necessary part of building rapport,b
"The term ""empathy"" in mental health nursing involves:",Feeling sorry for the patient,Understanding and sharing the feelings of another,Giving advice to the patient,Maintaining a detached and objective stance,c
"The term ""sympathy"" in mental health nursing involves:",Understanding and sharing the feelings of another,Feeling pity or sorrow for someone else's misfortune,Giving advice to the patient,Maintaining a detached and objective stance,d
"The term ""rapport"" in mental health nursing refers to:",A feeling of distrust and suspicion between the nurse and patient,A close and harmonious relationship in which the people or groups concerned understand each other's feelings or ideas and communicate well,A power imbalance between the nurse and patient,A formal and distant relationship,a
"The term ""active listening"" in mental health nursing involves:",Interrupting the patient to offer solutions,"Paying full attention to what the patient is saying, both verbally and nonverbally",Focusing on your own thoughts while the patient is speaking,Pretending to listen while doing other tasks,b
"The term ""clarifying"" in therapeutic communication involves:",Making assumptions about what the patient means,Asking the patient to elaborate or rephrase their statements to ensure understanding,Changing the subject to avoid uncomfortable topics,Giving direct advice to the patient,c
"The term ""reflecting"" in therapeutic communication involves:",Telling the patient what you think they should do,Repeating or rephrasing the patient's words or feelings to show understanding and encourage further expression,Ignoring the patient's emotions,Giving false reassurance,d
"The term ""exploring"" in therapeutic communication involves:",Limiting the patient's discussion to superficial topics,Delving deeper into a particular topic or feeling expressed by the patient,Changing the subject frequently,Giving premature advice,a
"The term ""focusing"" in therapeutic communication involves:",Allowing the conversation to wander aimlessly,Directing the conversation to a specific topic or issue that is important for the patient's care,Avoiding sensitive topics,Talking primarily about the nurse's experiences,b
"The term ""summarizing"" in therapeutic communication involves:",Interrupting the patient to end the conversation,Briefly reviewing the main points of the conversation to ensure understanding and provide a sense of closure,Introducing new topics at the end of the conversation,Criticizing the patient's communication style,c
"The term ""offering self"" in therapeutic communication involves:",Sharing personal problems with the patient,"Making oneself available to the patient, demonstrating a willingness to listen and be present",Avoiding interaction with the patient,Being overly formal and distant,d
"The term ""silence"" in therapeutic communication can be used to:",Avoid uncomfortable topics,"Allow the patient time to think, process, or gather their thoughts, and to convey acceptance",Show disapproval of the patient's statements,Fill awkward pauses with irrelevant chatter,a
"The term ""giving information"" in therapeutic communication involves:",Providing false or misleading information,Sharing factual and relevant information with the patient in a clear and understandable manner,Withholding important information from the patient,Overwhelming the patient with too much technical jargon,b
"The term ""presenting reality"" in therapeutic communication involves:",Agreeing with the patient's delusions or hallucinations,"Gently correcting misperceptions or distorted thoughts by stating what is real, without arguing or challenging the patient's experience",Ignoring the patient's distorted thoughts,"Validating all of the patient's beliefs, even if they are not based in reality",c
"The term ""voicing doubt"" in therapeutic communication involves:",Expressing disbelief in the patient's statements,"Expressing uncertainty about the reality of the patient's perceptions or conclusions, without directly challenging them",Accusing the patient of lying,Encouraging the patient to hold onto their distorted beliefs,d
"The term ""verbalizing the implied"" in therapeutic communication involves:",Ignoring nonverbal cues,"Putting into words what the patient has implied or hinted at, but not directly stated",Making assumptions about the patient's feelings,Changing the subject when the patient is indirect,a
"The term ""translating into feelings"" in therapeutic communication involves:",Focusing solely on the intellectual content of the patient's message,Helping the patient identify and express the feelings underlying their words or behaviors,Telling the patient how they should feel,Dismissing the patient's emotions,b
"The term ""formulating a plan of action"" in therapeutic communication involves:",Making decisions for the patient,Collaborating with the patient to develop realistic and achievable goals and steps for addressing their problems,Imposing a plan on the patient,Avoiding any discussion of future steps,c
"The term ""testing reality"" in therapeutic communication involves:",Encouraging the patient to act on their delusions,Helping the patient differentiate between their internal perceptions and external reality,Validating all of the patient's beliefs,Ignoring the patient's distorted thoughts,d
"The term ""restating"" in therapeutic communication involves:",Changing the patient's words to fit your own interpretation,Repeating the main idea of what the patient has said in your own words to show understanding,Interrupting the patient to correct them,Asking irrelevant questions,a
"The term ""validating"" in therapeutic communication involves:",Agreeing with everything the patient says,"Acknowledging and affirming the patient's feelings, experiences, or perspectives as understandable and legitimate, even if you don't agree with their content",Dismissing the patient's emotions,Telling the patient they are wrong,b
"The term ""feedback"" in therapeutic communication involves:",Criticizing the patient's behavior,Providing information to the patient about how their behavior or communication is perceived by others,Ignoring the patient's actions,Giving unsolicited advice,c
"The term ""confrontation"" in therapeutic communication involves:",Attacking the patient verbally,"Gently pointing out discrepancies or inconsistencies in the patient's statements or behaviors, with the goal of promoting self-awareness and change",Avoiding any challenging discussions,Being aggressive and judgmental,d
"The term ""limit setting"" in therapeutic communication involves:",Restricting the patient's freedom without reason,Establishing clear and consistent boundaries for acceptable behavior to ensure the safety and well-being of the patient and others,Allowing the patient to do whatever they want,Ignoring disruptive behavior,a
"The term ""role-playing"" in therapeutic communication involves:",Pretending to be someone else to deceive the patient,Enacting specific situations or interactions to practice new communication skills or explore different perspectives,Avoiding direct communication,Telling the patient what to say,b
"The term ""journaling"" as a therapeutic tool involves:",Writing about only positive experiences,"Encouraging patients to write down their thoughts, feelings, and experiences to promote self-reflection and emotional processing",Analyzing the patient's handwriting,Keeping a secret diary for the nurse,c
"The term ""mindfulness"" as a therapeutic tool involves:",Dwelling on past regrets,"Paying attention to the present moment without judgment, cultivating awareness of thoughts, feelings, and bodily sensations",Constantly worrying about the future,Suppressing emotions,d
"The term ""relaxation techniques"" as therapeutic tools include:",Increasing stress levels,"Deep breathing, progressive muscle relaxation, and guided imagery to reduce anxiety and promote calm",Engaging in high-intensity activities,Avoiding any form of rest,a
"The term ""cognitive restructuring"" in CBT involves:",Reinforcing negative thought patterns,Identifying and challenging irrational or unhelpful thought patterns and replacing them with more realistic and adaptive ones,Ignoring thoughts altogether,Encouraging delusional thinking,b
"The term ""behavioral activation"" in CBT involves:",Reducing engagement in activities,Encouraging patients to increase their engagement in enjoyable and meaningful activities to improve mood and reduce depression,Avoiding social interaction,Staying isolated at home,c
"The term ""exposure therapy"" in CBT involves:",Avoiding feared situations,Gradually exposing patients to feared objects or situations in a safe and controlled environment to reduce anxiety and phobias,Forcing patients into overwhelming situations,Suppressing fear responses,d
"The term ""dialectical behavior therapy (DBT)"" is a type of CBT that focuses on:",Suppressing emotions,"Teaching skills in mindfulness, distress tolerance, emotion regulation, and interpersonal effectiveness, particularly for individuals with borderline personality disorder",Avoiding difficult conversations,Promoting rigid thinking,a
"The term ""psychodynamic therapy"" focuses on:",Changing current thought patterns,Exploring unconscious conflicts and past experiences to understand present behavior and emotional difficulties,Focusing solely on observable behaviors,Providing quick symptom relief,b
"The term ""interpersonal therapy (IPT)"" focuses on:",Individual's internal conflicts,Improving interpersonal relationships and social functioning to alleviate mental health symptoms,Past traumatic events,Biological factors of mental illness,c
"The term ""family therapy"" involves:",Treating only the identified patient,"Working with families to improve communication, resolve conflicts, and support the mental health of all family members",Blaming family members for the patient's illness,Excluding family members from treatment,d
"The term ""group therapy"" involves:",Individual therapy sessions with a therapist,"A group of individuals with similar mental health concerns meeting together with a therapist to share experiences, provide support, and learn coping skills",Therapy conducted without a therapist,Therapy focused solely on medication management,a
"The term ""psychoanalysis"" is a form of therapy that involves:","Short-term, symptom-focused interventions","Intensive, long-term exploration of unconscious conflicts, dreams, and early childhood experiences",Group discussions and peer support,Behavioral modification techniques,b
"The term ""pharmacotherapy"" in mental health refers to:",The use of psychological interventions only,The use of medication to treat mental health conditions,The use of alternative therapies only,The use of surgical procedures to treat mental illness,c
"The term ""antidepressants"" are medications primarily used to treat:",Anxiety disorders,Depression and some anxiety disorders,Psychosis,Bipolar disorder,d
"The term ""anxiolytics"" are medications primarily used to treat:",Depression,Anxiety disorders,Psychosis,Bipolar disorder,b
"The term ""antipsychotics"" are medications primarily used to treat:",Depression,Anxiety disorders,"Psychosis (e.g., schizophrenia, bipolar disorder with psychotic features)",Insomnia,a
"The term ""mood stabilizers"" are medications primarily used to treat:",Depression,Anxiety disorders,Psychosis,Bipolar disorder,c
"The term ""stimulants"" are medications primarily used to treat:",Depression,Anxiety disorders,Attention-deficit/hyperactivity disorder (ADHD),Insomnia,d
"The term ""hypnotics"" are medications primarily used to treat:",Depression,Anxiety disorders,Insomnia,Psychosis,a
"The term ""side effects"" of psychotropic medications refers to:",The intended therapeutic effects of the medication,Unintended and often undesirable effects of the medication,The patient's psychological response to the medication,The cost of the medication,b
"The term ""adverse drug reaction (ADR)"" refers to:",A beneficial effect of a medication,"An unintended, undesirable, and harmful reaction to a drug that occurs at normal doses",A patient's positive response to a placebo,A drug interaction that enhances therapeutic effects,c
"The term ""drug interaction"" refers to:",The beneficial effect of two drugs taken together,"A change in the effect of a drug when taken with another drug, food, or substance",The patient's adherence to medication regimen,The body's ability to metabolize a drug,d
"The term ""tolerance"" in pharmacology refers to:",An increased response to a drug over time,"A decreased response to a drug over time, requiring higher doses to achieve the same effect",The body's ability to excrete a drug quickly,The patient's psychological dependence on a drug,a
"The term ""dependence"" in pharmacology refers to:",A psychological need for a drug,"A physiological adaptation to a drug, characterized by withdrawal symptoms if the drug is stopped or reduced",The patient's ability to stop a drug without any difficulty,The body's ability to metabolize a drug,b
"The term ""addiction"" refers to:",A physiological adaptation to a drug,"A chronic, relapsing brain disease characterized by compulsive drug seeking and use, despite harmful consequences",The patient's ability to control drug use,A temporary craving for a drug,c
"The term ""withdrawal symptoms"" refers to:",Pleasant feelings experienced when stopping a drug,Physical and psychological symptoms that occur when a person stops or reduces the use of a drug they have become dependent on,The therapeutic effects of a drug,The side effects of a drug,d
"The term ""overdose"" refers to:",Taking a smaller dose of a drug than prescribed,"Taking a toxic amount of a drug, which can lead to serious health consequences or death",Taking a drug for a short period,Taking a drug as prescribed,a
"The term ""therapeutic drug monitoring (TDM)"" involves:",Monitoring the patient's psychological response to a drug,"Measuring drug concentrations in the blood to optimize dosing, ensure efficacy, and minimize toxicity",Monitoring the cost of the medication,Monitoring the patient's adherence to medication regimen,b
"The term ""pharmacokinetics"" refers to:",What the drug does to the body,"What the body does to the drug (absorption, distribution, metabolism, excretion)",The study of drug interactions,The study of drug side effects,c
"The term ""pharmacodynamics"" refers to:",What the body does to the drug,"What the drug does to the body (mechanism of action, therapeutic effects, side effects)",The study of drug absorption,The study of drug metabolism,d
"The term ""half-life"" of a drug refers to:",The time it takes for the drug to reach its maximum concentration in the blood,The time it takes for the concentration of the drug in the body to be reduced by half,The time it takes for the drug to be completely eliminated from the body,The time it takes for the drug to start working,a
"The term ""bioavailability"" of a drug refers to:",The rate at which the drug is metabolized,The proportion of a drug that enters the circulation when introduced into the body and so is able to have an active effect,The rate at which the drug is excreted,The drug's ability to cross the blood-brain barrier,b
"The term ""first-pass effect"" refers to:",The metabolism of a drug by the liver before it reaches systemic circulation,The rapid absorption of a drug from the gastrointestinal tract,The excretion of a drug by the kidneys,The distribution of a drug to various tissues,c
"The term ""therapeutic index"" refers to:","The ratio of the toxic dose to the effective dose of a drug, used to assess the safety of a drug",The ratio of the effective dose to the toxic dose of a drug,The time it takes for a drug to reach its maximum concentration,The time it takes for a drug to be eliminated from the body,d
"The term ""agonist"" in pharmacology refers to:",A drug that blocks the action of another drug,A drug that binds to a receptor and produces a pharmacological response,A drug that has no effect on a receptor,A drug that binds to a receptor but does not produce a response,a
"The term ""antagonist"" in pharmacology refers to:",A drug that binds to a receptor and produces a pharmacological response,A drug that blocks the action of another drug or endogenous ligand by binding to a receptor without producing a response,A drug that has no effect on a receptor,A drug that enhances the action of another drug,b
"The term ""partial agonist"" in pharmacology refers to:",A drug that produces a full pharmacological response,"A drug that binds to a receptor and produces a partial pharmacological response, even at full receptor occupancy",A drug that blocks the action of another drug,A drug that has no effect on a receptor,c
"The term ""inverse agonist"" in pharmacology refers to:",A drug that produces a full pharmacological response,A drug that binds to a receptor and produces an effect opposite to that of an agonist,A drug that blocks the action of another drug,A drug that has no effect on a receptor,d
"The term ""receptor"" in pharmacology refers to:",A molecule that binds to a drug and produces a pharmacological response,A molecule that metabolizes a drug,A molecule that excretes a drug,A molecule that transports a drug,a
"The term ""ligand"" in pharmacology refers to:",A molecule that metabolizes a drug,A molecule that binds to a receptor,A molecule that excretes a drug,A molecule that transports a drug,b
"The term ""potency"" of a drug refers to:",The maximum effect a drug can produce,The amount of drug needed to produce a given effect,The duration of action of a drug,The rate of absorption of a drug,c
"The term ""efficacy"" of a drug refers to:",The amount of drug needed to produce a given effect,The maximum effect a drug can produce,The duration of action of a drug,The rate of absorption of a drug,d
"The term ""dose-response curve"" in pharmacology illustrates:",The relationship between the dose of a drug and the magnitude of its effect,The relationship between the time and the concentration of a drug in the body,The relationship between the absorption and excretion of a drug,The relationship between the side effects and therapeutic effects of a drug,a
"The term ""therapeutic window"" refers to:",The range of drug doses that are effective without causing unacceptable side effects,The time it takes for a drug to reach its maximum concentration,The time it takes for a drug to be eliminated from the body,The duration of action of a drug,b
"The term ""adherence"" in pharmacology refers to:",The patient's ability to metabolize a drug,The extent to which a patient takes medication as prescribed,The patient's psychological dependence on a drug,The patient's tolerance to a drug,c
"The term ""compliance"" in pharmacology refers to:",The patient's ability to metabolize a drug,The extent to which a patient takes medication as prescribed,The patient's psychological dependence on a drug,The patient's tolerance to a drug,d
"The term ""concordance"" in pharmacology refers to:",A shared understanding and agreement between the patient and healthcare professional about the treatment plan,The patient's ability to metabolize a drug,The patient's psychological dependence on a drug,The patient's tolerance to a drug,a
"The term ""polypharmacy"" refers to:",The use of a single medication to treat multiple conditions,"The use of multiple medications by a patient, often more than is clinically indicated or necessary",The use of herbal remedies only,The use of over-the-counter medications only,b
"The term ""adverse event"" in pharmacology refers to:",A beneficial effect of a medication,Any untoward medical occurrence in a patient administered a pharmaceutical product and which does not necessarily have a causal relationship with this treatment,A patient's positive response to a placebo,A drug interaction that enhances therapeutic effects,c
"The term ""serious adverse event (SAE)"" in pharmacology refers to:",A minor side effect of a medication,"An adverse event that results in death, is life-threatening, requires inpatient hospitalization, results in persistent or significant disability/incapacity, or is a congenital anomaly/birth defect",A patient's positive response to a placebo,A drug interaction that enhances therapeutic effects,d
"The term ""pharmacovigilance"" refers to:",The study of drug interactions,"The science and activities relating to the detection, assessment, understanding and prevention of adverse effects or any other drug-related problem",The study of drug absorption,The study of drug metabolism,a
"The term ""drug recall"" refers to:",The process of re-introducing a drug to the market,The process of removing a drug from the market due to safety concerns or manufacturing defects,The process of developing a new drug,The process of approving a new drug,b
"The term ""off-label use"" of a drug refers to:","Using a drug for an indication, dosage, or patient population not approved by regulatory authorities",Using a drug as prescribed by regulatory authorities,Using a drug for a short period,Using a drug for a long period,c
"The term ""orphan drug"" refers to:",A drug used to treat common diseases,A drug developed to treat rare diseases or conditions,A drug that has no known therapeutic effect,A drug that is no longer in production,d
"The term ""biosimilar"" refers to:",A biological product that is identical to an already approved reference biological product,"A biological product that is highly similar to an already approved reference biological product, with no clinically meaningful differences in terms of safety, purity, and potency",A chemical drug that is identical to an already approved reference chemical drug,A chemical drug that is highly similar to an already approved reference chemical drug,a
"The term ""generic drug"" refers to:",A brand-name drug,"A drug that is identical to a brand-name drug in dosage form, safety, strength, route of administration, quality, performance characteristics, and intended use",A drug that is still under patent protection,A drug that is only available by prescription,b
"The term ""brand-name drug"" refers to:",A drug that is identical to a generic drug,"A drug that is marketed under a proprietary, trademarked name by the pharmaceutical company that developed it",A drug that is no longer under patent protection,A drug that is only available over-the-counter,c
"The term ""over-the-counter (OTC) drug"" refers to:",A drug that requires a prescription from a healthcare professional,A drug that can be purchased without a prescription,A drug that is only available in hospitals,A drug that is only available in pharmacies,d
"The term ""prescription drug"" refers to:",A drug that can be purchased without a prescription,A drug that requires a prescription from a healthcare professional,A drug that is only available in hospitals,A drug that is only available over-the-counter,a
"The term ""controlled substance"" refers to:",A drug that can be purchased without a prescription,"A drug or chemical whose manufacture, possession, or use is regulated by law due to its potential for abuse or addiction",A drug that is only available in hospitals,A drug that is only available over-the-counter,b
"The term ""drug schedule"" refers to:",A list of drugs that are available over-the-counter,A classification system for controlled substances based on their potential for abuse and medical utility,A list of drugs that are only available by prescription,A list of drugs that are no longer in production,c
"The term ""pharmacogenomics"" refers to:",The study of drug interactions,The study of how genes affect a person's response to drugs,The study of drug absorption,The study of drug metabolism,d
"The term ""personalized medicine"" refers to:",A one-size-fits-all approach to medical treatment,"A medical model that customizes healthcare, with decisions and treatments tailored to the individual patient based on their genetic makeup, lifestyle, and environment",A medical model that focuses solely on symptom management,A medical model that ignores individual differences,a
"The term ""clinical trial"" refers to:",A study conducted on animals to test the safety of a drug,"A research study conducted on human volunteers to evaluate the safety and effectiveness of new drugs, medical devices, or other interventions",A study conducted in a laboratory setting,A study that only involves observation,b
"The term ""Phase I clinical trial"" involves:",Testing a new drug on a large group of patients to confirm its effectiveness,"Testing a new drug on a small group of healthy volunteers to evaluate its safety, dosage range, and side effects",Comparing a new drug to an existing treatment,Post-marketing surveillance of a drug,c
"The term ""Phase II clinical trial"" involves:",Testing a new drug on a large group of patients to confirm its effectiveness,Testing a new drug on a larger group of patients with the disease to evaluate its effectiveness and further assess its safety,Comparing a new drug to an existing treatment,Post-marketing surveillance of a drug,d
"The term ""Phase III clinical trial"" involves:",Testing a new drug on a small group of healthy volunteers,"Testing a new drug on a large group of patients to confirm its effectiveness, monitor side effects, compare it to commonly used treatments, and collect information that will allow the drug to be used safely",Post-marketing surveillance of a drug,Comparing a new drug to a placebo only,a
"The term ""Phase IV clinical trial"" involves:",Testing a new drug on a small group of healthy volunteers,"Post-marketing surveillance of a drug after it has been approved and marketed, to gather additional information about its safety, efficacy, and optimal use",Comparing a new drug to an existing treatment,Testing a new drug on a large group of patients to confirm its effectiveness,b
"The term ""placebo"" refers to:",An active drug with known therapeutic effects,A substance or treatment that has no active therapeutic effect but is given to a patient to produce a psychological or physiological response,A drug with severe side effects,A drug that is only used in emergencies,c
"The term ""double-blind study"" in clinical trials refers to:",A study where only the patient knows which treatment they are receiving,A study where neither the patient nor the researchers know which treatment the patient is receiving,A study where only the researchers know which treatment the patient is receiving,A study where all participants receive the active drug,d
"The term ""randomized controlled trial (RCT)"" is:",A type of observational study,"A type of experimental study where participants are randomly assigned to either a treatment group or a control group, and the outcomes are compared",A study that only involves qualitative data,A study that does not involve a control group,a
"The term ""meta-analysis"" refers to:",A single research study,A statistical technique that combines the results of multiple scientific studies to draw a more robust conclusion,A qualitative research method,A case study,b
"The term ""systematic review"" refers to:",A narrative review of the literature,"A comprehensive and unbiased review of all relevant research on a particular topic, using a systematic and transparent methodology",A single research study,A personal opinion piece,c
"The term ""evidence-based practice (EBP)"" in mental health involves:",Relying solely on personal experience and intuition,Integrating the best available research evidence with clinical expertise and patient values to make informed decisions about patient care,Ignoring patient preferences,Following outdated practices without question,d
"The term ""clinical guidelines"" in mental health are:",Mandatory rules that must be followed without deviation,Systematically developed statements to assist practitioner and patient decisions about appropriate health care for specific clinical circumstances,Personal opinions of experts,Research protocols,a
"The term ""ethical considerations"" in mental health research include:",Exploiting vulnerable populations,"Informed consent, confidentiality, beneficence, non-maleficence, and justice",Withholding information from participants,Coercing participation,b
"The term ""institutional review board (IRB)"" is:",A committee that reviews and approves research protocols involving human subjects to ensure ethical conduct and protect participant rights,A funding agency for research,A group of researchers conducting a study,A patient advocacy group,c
"The term ""confidentiality"" in mental health research means:",Sharing participant data with anyone who asks,Protecting the privacy of research participants and ensuring that their personal information is not disclosed without their consent,Using participant names in publications,Discussing research findings in public places without anonymizing data,d
"The term ""anonymity"" in mental health research means:",The researcher knows the identity of the participants but promises not to disclose it,"The researcher does not know the identity of the participants, and it is impossible to link data to individuals",The researcher shares participant data with other researchers,The researcher uses pseudonyms for participants,a
"The term ""informed consent"" in mental health research means:",Obtaining verbal agreement from participants without providing information,"Ensuring that participants understand the nature of the research, its risks and benefits, and their right to withdraw at any time before agreeing to participate",Forcing participation in research,Allowing family members to make all research decisions for the participant,b
"The term ""vulnerable populations"" in mental health research refers to:",Individuals who are physically strong and healthy,"Groups of individuals who may have diminished autonomy or who are at increased risk of exploitation or harm in research, such as children, prisoners, pregnant women, and individuals with severe mental illness",Individuals who are highly educated,Individuals who are financially independent,c
"The term ""therapeutic misconception"" in mental health research refers to:",Participants understanding that the primary purpose of research is to advance scientific knowledge,"Participants mistakenly believing that the primary purpose of research is to provide them with individual therapeutic benefit, rather than to generate generalizable knowledge",Researchers intentionally misleading participants about the purpose of the study,Participants having a clear understanding of the risks and benefits of research,d
"The term ""debriefing"" in mental health research involves:",Withholding information from participants after the study,"Providing participants with information about the study after their participation is complete, especially if deception was used",Coercing participants to continue in the study,Analyzing data without informing participants,a
"The term ""data integrity"" in mental health research refers to:",Manipulating data to achieve desired results,"Ensuring the accuracy, completeness, consistency, and reliability of research data",Sharing raw data with unauthorized individuals,Discarding data that does not support the hypothesis,b
"The term ""research ethics"" in mental health refers to:",A set of rules that only apply to researchers,"A set of moral principles that guide the conduct of research involving human subjects, ensuring their rights, dignity, and well-being are protected",A set of guidelines that can be ignored if they are inconvenient,A set of rules that are only relevant in clinical trials,c
"The term ""publication ethics"" in mental health research refers to:",Publishing all research findings regardless of their quality,"A set of principles that guide the responsible dissemination of research findings, including authorship, plagiarism, data fabrication, and conflicts of interest",Withholding negative research findings,Publishing only positive research findings,d
"The term ""conflict of interest"" in mental health research refers to:",A situation where a researcher has no personal or financial interests related to the research,"A situation where a researcher's personal or financial interests could potentially influence the design, conduct, or reporting of research",A situation where a researcher is completely objective,A situation where a researcher has no bias,a
"The term ""plagiarism"" in mental health research refers to:",Properly citing all sources,Presenting someone else's work or ideas as your own without proper attribution,Collaborating with other researchers,Publishing original research findings,b
"The term ""data fabrication"" in mental health research refers to:",Collecting data accurately,Making up data or results and recording or reporting them,Analyzing data objectively,Sharing raw data with other researchers,c
"The term ""data falsification"" in mental health research refers to:",Collecting data accurately,"Manipulating research materials, equipment, or processes, or changing or omitting data or results such that the research is not accurately represented in the research record",Analyzing data objectively,Sharing raw data with other researchers,d
"The term ""authorship"" in mental health research refers to:",Including everyone who contributed to the research as an author,"The criteria for determining who receives credit for a research publication, typically based on significant intellectual contributions",Excluding individuals who made significant contributions,Including individuals who made no contribution as authors,a
"The term ""peer review"" in mental health research refers to:",A process where researchers review their own work,"A process where experts in the field evaluate research manuscripts or grant proposals to assess their quality, validity, and significance before publication or funding",A process where the public reviews research findings,A process where only junior researchers review manuscripts,b
"The term ""open access"" in mental health research refers to:",Restricting access to research publications,"Making research publications freely available online to anyone, without subscription or paywall barriers",Publishing research only in print journals,Charging high fees for access to research,c
"The term ""research integrity"" in mental health refers to:",Conducting research in a dishonest manner,Adherence to ethical principles and professional standards in the conduct of scientific research,Ignoring ethical guidelines,Prioritizing personal gain over scientific rigor,d
"The term ""replication crisis"" in psychology refers to:",The inability to reproduce research findings consistently,A shortage of research funding,A lack of interest in psychological research,An abundance of easily replicable studies,a
"The term ""p-hacking"" in research refers to:",A legitimate statistical technique,"The misuse of data analysis to find statistically significant results that may not be real, often by running multiple analyses until a desired p-value is obtained",A method for increasing the power of a study,A way to ensure unbiased results,b
"The term ""HARKing"" (Hypothesizing After the Results are Known) in research refers to:",Developing hypotheses before data collection,"Presenting a post hoc hypothesis as if it were an a priori hypothesis, often to fit unexpected findings",Clearly stating hypotheses before conducting analysis,Avoiding any hypotheses in research,c
"The term ""preregistration"" in research refers to:",Conducting research without a plan,"Publicly registering a research plan, including hypotheses, methods, and analysis plan, before data collection begins, to increase transparency and reduce questionable research practices",Hiding research plans from the public,Changing research plans after data collection,d
"The term ""open science"" in research refers to:",Restricting access to research data and materials,"A movement to make scientific research and its dissemination accessible to all levels of an inquiring society, including practices like open access publishing, open data, and preregistration",Conducting research in secret,Keeping research findings proprietary,a
"The term ""reproducibility"" in research refers to:",The ability to obtain the same results when the same experiment is repeated by the same researcher using the same methods and data,The ability to obtain the same results when the same experiment is repeated by different researchers using different methods and data,The ability to obtain different results when the same experiment is repeated,The inability to replicate research findings,b
"The term ""replicability"" in research refers to:",The ability to obtain the same results when the same experiment is repeated by the same researcher using the same methods and data,The ability to obtain the same results when the same experiment is repeated by different researchers using different methods and data,The ability to obtain different results when the same experiment is repeated,The inability to reproduce research findings,c
"The term ""generalizability"" in research refers to:",The extent to which research findings can be applied to a specific population only,The extent to which research findings can be applied to a broader population or different settings,The extent to which research findings are unique to a single study,The extent to which research findings are not relevant to any population,d
"The term ""validity"" in research refers to:",The extent to which a research study measures what it intends to measure,The consistency of a research study's results,The ability to generalize research findings,The ethical conduct of research,a
"The term ""reliability"" in research refers to:",The extent to which a research study measures what it intends to measure,"The consistency of a research study's results, meaning that the same results would be obtained if the study were repeated under the same conditions",The ability to generalize research findings,The ethical conduct of research,b
"The term ""internal validity"" in research refers to:",The extent to which the results of a study can be generalized to other populations or settings,The extent to which a study establishes a trustworthy cause-and-effect relationship between a treatment and an outcome,The consistency of a research study's results,The ethical conduct of research,c
"The term ""external validity"" in research refers to:",The extent to which a study establishes a trustworthy cause-and-effect relationship,"The extent to which the results of a study can be generalized to other populations, settings, and situations",The consistency of a research study's results,The ethical conduct of research,d
"The term ""construct validity"" in research refers to:",The extent to which a study measures what it intends to measure,The extent to which a test measures the theoretical construct or trait it is supposed to measure,The consistency of a research study's results,The ethical conduct of research,a
"The term ""content validity"" in research refers to:",The extent to which a test measures the theoretical construct it is supposed to measure,The extent to which a measure adequately covers all aspects of a construct,The consistency of a research study's results,The ethical conduct of research,b
"The term ""criterion validity"" in research refers to:",The extent to which a test measures the theoretical construct it is supposed to measure,The extent to which a measure is related to an outcome or criterion,The consistency of a research study's results,The ethical conduct of research,c
"The term ""face validity"" in research refers to:",The extent to which a test measures the theoretical construct it is supposed to measure,"The extent to which a measure appears to be a reasonable measure of its intended construct, even if it has not been empirically tested",The consistency of a research study's results,The ethical conduct of research,d
"The term ""sampling bias"" in research refers to:",A random selection of participants,"A systematic error in the sampling process that results in a non-representative sample, leading to inaccurate conclusions",A representative sample of participants,A method for increasing the generalizability of findings,a
"The term ""response bias"" in research refers to:",Participants providing honest and accurate answers,"A systematic tendency for participants to respond in a particular way that does not reflect their true feelings or beliefs, often due to social desirability or acquiescence",Participants providing random answers,Participants refusing to answer questions,b
"The term ""observer bias"" in research refers to:",Researchers being objective and unbiased,A systematic error that occurs when a researcher's expectations or beliefs influence their observations or interpretations of data,Researchers being unaware of the study's hypotheses,Researchers being blind to the treatment conditions,c
"The term ""confirmation bias"" in research refers to:",Seeking out evidence that contradicts one's beliefs,"The tendency to search for, interpret, favor, and recall information in a way that confirms one's preexisting beliefs or hypotheses",Being open to all evidence,Objectively evaluating all information,d
"The term ""publication bias"" in research refers to:",Publishing all research findings regardless of their quality,The tendency for studies with statistically significant or positive results to be more likely to be published than studies with non-significant or negative results,Publishing only negative research findings,Publishing only positive research findings,b
"The term ""file drawer problem"" in research refers to:",The tendency for researchers to publish all their findings,The bias introduced when studies with non-significant or negative results are not published and remain in researchers',The tendency for researchers to lose their data,The tendency for researchers to publish only positive findings,a
"The term ""Hawthorne effect"" in research refers to:",Participants behaving naturally in a study,The tendency for participants to modify their behavior because they know they are being observed,Participants being unaware that they are in a study,Participants providing honest and accurate answers,c
"The term ""demand characteristics"" in research refers to:",Participants being unaware of the study,"Cues in a research study that suggest to participants what the researcher expects or desires, potentially influencing their behavior",Participants behaving naturally,Participants providing honest and accurate answers,d
"The term ""social desirability bias"" in research refers to:",Participants providing honest and accurate answers,"The tendency for participants to respond in a way that they believe will be viewed favorably by others, even if it does not reflect their true feelings or beliefs",Participants providing random answers,Participants refusing to answer questions,a
"The term ""acquiescence bias"" in research refers to:",Participants disagreeing with all statements,"The tendency for participants to agree with statements regardless of their content, often due to a desire to be agreeable or a lack of careful consideration",Participants providing random answers,Participants refusing to answer questions,b
"The term ""attrition"" in research refers to:",Participants completing all parts of a study,"The loss of participants from a study over time, which can threaten the validity of the results if it is systematic or related to the study variables",Participants joining a study late,Participants providing inaccurate data,c
"The term ""regression to the mean"" in research refers to:",The tendency for extreme scores on a measure to become even more extreme on a subsequent measurement,The statistical phenomenon where extreme scores on a measure tend to be closer to the average on a subsequent measurement,The tendency for scores to remain stable over time,The tendency for scores to become more variable over time,d
"The term ""maturation"" as a threat to internal validity refers to:","Changes in participants due to the passage of time (e.g., growing older, becoming more experienced) that are not related to the treatment",Changes in participants due to the treatment itself,Changes in the measurement instrument over time,Changes in the research setting over time,a
"The term ""history"" as a threat to internal validity refers to:",Events that occur during the course of a study that are not part of the treatment but may affect the outcome,The participants_ personal histories,The history of the research topic,The history of the research institution,b
"The term ""testing"" as a threat to internal validity refers to:",The effect of taking a test on subsequent performance on the same test or a similar test,The effect of the treatment on test scores,The effect of the researcher on test scores,The effect of the research setting on test scores,c
"The term ""instrumentation"" as a threat to internal validity refers to:",Changes in the measurement instrument or procedures over time that may affect the outcome,The effect of the treatment on the measurement instrument,The effect of the researcher on the measurement instrument,The effect of the research setting on the measurement instrument,d
"The term ""selection bias"" as a threat to internal validity refers to:",Random assignment of participants to groups,Systematic differences between groups of participants at the beginning of a study that may affect the outcome,Equal distribution of participant characteristics across groups,Participants choosing their own group assignment,a
"The term ""mortality"" or ""attrition"" as a threat to internal validity refers to:",Participants completing all parts of a study,"Differential loss of participants from groups in a study, which can lead to systematic differences between groups at the end of the study",Participants joining a study late,Participants providing inaccurate data,b
"The term ""diffusion of treatment"" as a threat to internal validity refers to:",The treatment group receiving the intended treatment,"The control group inadvertently receiving some or all of the treatment intended for the treatment group, or the treatment group receiving elements of the control condition",The control group receiving no treatment,The treatment group receiving a different treatment than intended,c
"The term ""compensatory rivalry"" as a threat to internal validity refers to:",The control group becoming demoralized,"The control group working harder to compensate for not receiving the treatment, potentially reducing the difference between groups",The treatment group working harder,The control group giving up,d
"The term ""resentful demoralization"" as a threat to internal validity refers to:",The control group working harder,"The control group becoming discouraged or resentful because they are not receiving the treatment, potentially leading to poorer performance or increased attrition",The treatment group becoming demoralized,The control group being satisfied with their condition,a
"The term ""statistical significance"" refers to:",The practical importance of a research finding,The likelihood that a research finding is due to chance rather than a real effect,"The probability that the observed result would occur if there were no real effect (i.e., the null hypothesis is true)",The magnitude of a research finding,b
"The term ""p-value"" refers to:",The probability that the alternative hypothesis is true,"The probability of observing a result as extreme as or more extreme than the one obtained, assuming the null hypothesis is true",The probability that the null hypothesis is false,The probability of making a Type II error,c
"The term ""Type I error"" in hypothesis testing refers to:",Failing to reject a false null hypothesis (false negative),Rejecting a true null hypothesis (false positive),Accepting a true null hypothesis,Rejecting a false null hypothesis,d
"The term ""Type II error"" in hypothesis testing refers to:",Rejecting a true null hypothesis (false positive),Failing to reject a false null hypothesis (false negative),Accepting a true null hypothesis,Rejecting a false null hypothesis,a
"The term ""power"" of a statistical test refers to:",The probability of making a Type I error,"The probability of correctly rejecting a false null hypothesis (i.e., detecting a real effect when it exists)",The probability of making a Type II error,The probability of accepting a true null hypothesis,b
"The term ""effect size"" refers to:",The statistical significance of a research finding,"The magnitude or strength of a research finding, indicating its practical importance",The probability of making a Type I error,The probability of making a Type II error,c
"The term ""confidence interval"" refers to:",A range of values that is likely to contain the true population parameter with a certain degree of confidence,A single point estimate of a population parameter,The probability of making a Type I error,The probability of making a Type II error,d
"The term ""null hypothesis"" refers to:",A statement that there is a significant difference or relationship between variables,A statement that there is no significant difference or relationship between variables,A statement that the research hypothesis is true,A statement that the research hypothesis is false,a
"The term ""alternative hypothesis"" refers to:",A statement that there is no significant difference or relationship between variables,"A statement that there is a significant difference or relationship between variables (i.e., the research hypothesis)",A statement that the null hypothesis is true,A statement that the null hypothesis is false,b
"The term ""independent variable"" in an experiment is:",The variable that is measured by the researcher,The variable that is manipulated or changed by the researcher to observe its effect on another variable,A variable that is held constant by the researcher,A variable that is not relevant to the study,c
"The term ""dependent variable"" in an experiment is:",The variable that is manipulated or changed by the researcher,The variable that is measured by the researcher to assess the effect of the independent variable,A variable that is held constant by the researcher,A variable that is not relevant to the study,d
"The term ""control group"" in an experiment is:",The group that receives the experimental treatment,"The group that does not receive the experimental treatment, or receives a placebo or standard treatment, used as a baseline for comparison",A group that is not part of the study,A group that is manipulated by the researcher,a
"The term ""experimental group"" in an experiment is:",The group that does not receive the experimental treatment,The group that receives the experimental treatment or intervention being studied,A group that is not part of the study,A group that is used as a baseline for comparison,b
"The term ""random assignment"" in an experiment involves:",Allowing participants to choose their own group assignment,"Assigning participants to groups in a way that ensures each participant has an equal chance of being assigned to any group, minimizing preexisting differences between groups",Assigning participants to groups based on their characteristics,Assigning all participants to the same group,c
"The term ""blinding"" or ""masking"" in an experiment refers to:","A procedure where participants, researchers, or both are unaware of who is receiving the experimental treatment and who is receiving the control treatment, to reduce bias",A procedure where all participants know which treatment they are receiving,A procedure where only the researchers know which treatment participants are receiving,A procedure where only the participants know which treatment they are receiving,d
"The term ""single-blind study"" in an experiment refers to:",A study where neither the participants nor the researchers know who is receiving which treatment,A study where only the participants are unaware of who is receiving which treatment,A study where only the researchers are unaware of who is receiving which treatment,A study where everyone knows who is receiving which treatment,a
"The term ""double-blind study"" in an experiment refers to:",A study where only the participants are unaware of who is receiving which treatment,A study where neither the participants nor the researchers (or those administering the treatment) know who is receiving which treatment,A study where only the researchers are unaware of who is receiving which treatment,A study where everyone knows who is receiving which treatment,b
"The term ""triple-blind study"" in an experiment refers to:",A study where only the participants are unaware of who is receiving which treatment,"A study where the participants, researchers, and data analysts are all unaware of who is receiving which treatment",A study where only the researchers are unaware of who is receiving which treatment,A study where everyone knows who is receiving which treatment,c
"The term ""observational study"" in research involves:",Manipulating variables to observe their effects,"Observing and measuring variables as they naturally occur, without manipulating them",Randomly assigning participants to groups,Conducting experiments in a laboratory setting,d
"The term ""cross-sectional study"" in research involves:",Collecting data from the same participants over a long period,Collecting data from a sample of participants at a single point in time,Manipulating variables to observe their effects,Randomly assigning participants to groups,a
"The term ""longitudinal study"" in research involves:",Collecting data from a sample of participants at a single point in time,Collecting data from the same participants repeatedly over a period of time to observe changes or trends,Manipulating variables to observe their effects,Randomly assigning participants to groups,b
"The term ""case study"" in research involves:","An in-depth investigation of a single individual, group, or event",A study involving a large sample of participants,A study that manipulates variables,A study that randomly assigns participants to groups,c
"The term ""survey research"" involves:",Manipulating variables to observe their effects,"Collecting data from a sample of individuals through questionnaires or interviews to gather information about their attitudes, beliefs, or behaviors",An in-depth investigation of a single individual,Randomly assigning participants to groups,d
"The term ""qualitative research"" involves:",Collecting and analyzing numerical data,"Collecting and analyzing non-numerical data, such as interviews, observations, and text, to understand experiences, perspectives, and meanings",Conducting experiments in a laboratory setting,Using statistical methods to test hypotheses,a
"The term ""quantitative research"" involves:",Collecting and analyzing non-numerical data,"Collecting and analyzing numerical data to test hypotheses, identify patterns, and make predictions",An in-depth investigation of a single individual,Understanding experiences and perspectives,b
"The term ""mixed-methods research"" involves:",Using only qualitative data,Combining both qualitative and quantitative research methods in a single study to gain a more comprehensive understanding of a research problem,Using only quantitative data,Avoiding any data collection,c
"The term ""grounded theory"" is a qualitative research methodology that involves:",Testing preexisting theories,Developing a theory from data that is systematically collected and analyzed,Using statistical methods to analyze data,Conducting experiments in a laboratory setting,d
"The term ""phenomenology"" is a qualitative research methodology that involves:",Developing a theory from data,Exploring the lived experiences of individuals to understand the essence of a particular phenomenon,Using statistical methods to analyze data,Conducting experiments in a laboratory setting,a
"The term ""ethnography"" is a qualitative research methodology that involves:",Developing a theory from data,"Immersing oneself in a particular social or cultural setting to understand the beliefs, behaviors, and social structures of a group of people",Using statistical methods to analyze data,Conducting experiments in a laboratory setting,b
"The term ""narrative inquiry"" is a qualitative research methodology that involves:",Developing a theory from data,Exploring and understanding experiences through the stories people tell,Using statistical methods to analyze data,Conducting experiments in a laboratory setting,c
"The term ""thematic analysis"" is a qualitative data analysis method that involves:",Counting the frequency of words,"Identifying, analyzing, and reporting patterns (themes) within qualitative data",Using statistical methods to analyze data,Conducting experiments in a laboratory setting,d
"The term ""content analysis"" is a qualitative data analysis method that involves:",Identifying themes in qualitative data,"Systematically analyzing the content of communication (e.g., text, images, audio) to identify patterns, themes, or meanings",Using statistical methods to analyze data,Conducting experiments in a laboratory setting,a
"The term ""discourse analysis"" is a qualitative data analysis method that involves:",Identifying themes in qualitative data,"Analyzing language in use, including how it is used to construct meaning, social identities, and power relations",Using statistical methods to analyze data,Conducting experiments in a laboratory setting,b
"The term ""saturation"" in qualitative research refers to:",Collecting a small amount of data,"The point at which no new information or themes are emerging from the data, and further data collection is unlikely to yield new insights",Collecting data until the researcher is tired,Collecting data from a large number of participants,c
"The term ""triangulation"" in qualitative research refers to:",Using only one source of data,"Using multiple sources of data, methods, researchers, or theories to enhance the validity and credibility of research findings",Using only one method of data analysis,Using only one researcher,d
"The term ""member checking"" in qualitative research refers to:",Researchers discussing findings among themselves,Sharing research findings with participants to ensure accuracy and obtain their feedback on the interpretation of their experiences,Researchers ignoring participant feedback,Researchers keeping findings secret from participants,a
"The term ""reflexivity"" in qualitative research refers to:",Researchers ignoring their own biases,"The process of researchers critically examining their own assumptions, biases, and influence on the research process and findings",Researchers being completely objective,Researchers hiding their personal experiences,b
"The term ""transferability"" in qualitative research refers to:",The extent to which findings can be generalized to all populations,"The extent to which findings can be applied to other contexts or settings, similar to external validity in quantitative research",The extent to which findings are unique to a single study,The extent to which findings are not relevant to any other context,c
"The term ""dependability"" in qualitative research refers to:",The extent to which findings are inconsistent,"The extent to which findings are consistent and could be repeated if the study were conducted again under similar conditions, similar to reliability in quantitative research",The extent to which findings are unique to a single study,The extent to which findings are not relevant to any other context,d
"The term ""confirmability"" in qualitative research refers to:",The extent to which findings are influenced by researcher bias,"The extent to which findings are based on the participants_ experiences and perspectives, rather than the researcher_s biases or assumptions",The extent to which findings are unique to a single study,The extent to which findings are not relevant to any other context,a
"The term ""credibility"" in qualitative research refers to:",The extent to which findings are not believable,"The extent to which findings are believable and accurately reflect the participants_ experiences and perspectives, similar to internal validity in quantitative research",The extent to which findings are unique to a single study,The extent to which findings are not relevant to any other context,b
"The term ""audit trail"" in qualitative research refers to:",A record of financial transactions,"A detailed record of the research process, including data collection, analysis, and decision-making, to enhance transparency and allow others to assess the trustworthiness of the findings",A secret diary kept by the researcher,A summary of the research findings only,c
"The term ""bracketing"" in qualitative research refers to:",Researchers imposing their own beliefs on the data,"A process where researchers identify and set aside their preconceived notions, biases, and assumptions to approach the data with an open mind",Researchers ignoring their own biases,Researchers hiding their personal experiences,d
"The term ""emic perspective"" in qualitative research refers to:",The researcher_s perspective,"The insider_s perspective, understanding a phenomenon from the viewpoint of the participants or cultural group being studied",An objective perspective,A biased perspective,a
"The term ""etic perspective"" in qualitative research refers to:",The insider_s perspective,"The outsider_s perspective, understanding a phenomenon from the viewpoint of the researcher or an external observer",A subjective perspective,A biased perspective,b
"The term ""thick description"" in qualitative research refers to:",A brief summary of research findings,"A rich and detailed account of the context, participants, and experiences being studied, allowing readers to understand the phenomenon in depth and assess its transferability",A superficial description of research findings,A biased description of research findings,c
"The term ""data saturation"" in qualitative research refers to:",Collecting a small amount of data,"The point at which no new information or themes are emerging from the data, and further data collection is unlikely to yield new insights",Collecting data until the researcher is tired,Collecting data from a large number of participants,d
"The term ""purposive sampling"" in qualitative research involves:",Randomly selecting participants,Selecting participants based on specific characteristics or knowledge relevant to the research question,Selecting participants based on convenience,Selecting participants from a large population,a
"The term ""snowball sampling"" in qualitative research involves:",Randomly selecting participants,"Asking initial participants to refer other potential participants who meet the study criteria, often used for hard-to-reach populations",Selecting participants based on convenience,Selecting participants from a large population,b
"The term ""convenience sampling"" in qualitative research involves:",Randomly selecting participants,Selecting participants who are readily available and easy to access,Selecting participants based on specific characteristics,Selecting participants from a large population,c
"The term ""maximum variation sampling"" in qualitative research involves:",Selecting participants who are very similar to each other,"Selecting participants who represent a wide range of characteristics or experiences relevant to the research question, to capture diverse perspectives",Selecting participants based on convenience,Selecting participants from a small population,d
"The term ""homogeneous sampling"" in qualitative research involves:",Selecting participants who represent a wide range of characteristics,"Selecting participants who are very similar to each other in terms of specific characteristics, to explore a particular subgroup in depth",Selecting participants based on convenience,Selecting participants from a large population,a
"The term ""typical case sampling"" in qualitative research involves:",Selecting participants who are unusual or extreme,Selecting participants who represent a typical or average case of the phenomenon being studied,Selecting participants based on convenience,Selecting participants from a large population,b
"The term ""critical case sampling"" in qualitative research involves:",Selecting participants who are typical or average,Selecting participants who represent a critical or particularly important case that can provide significant insights into the research question,Selecting participants based on convenience,Selecting participants from a large population,c
"The term ""extreme or deviant case sampling"" in qualitative research involves:",Selecting participants who are typical or average,"Selecting participants who represent unusual, extreme, or deviant cases of the phenomenon being studied, to learn from outliers",Selecting participants based on convenience,Selecting participants from a large population,d
"The term ""criterion sampling"" in qualitative research involves:",Randomly selecting participants,Selecting participants who meet specific predetermined criteria relevant to the research question,Selecting participants based on convenience,Selecting participants from a large population,a
"The term ""theoretical sampling"" in qualitative research, particularly in grounded theory, involves:",Selecting participants before data collection begins,"Selecting participants based on emerging themes and concepts from ongoing data analysis, to further develop and refine the developing theory",Selecting participants based on convenience,Selecting participants from a large population,b
"The term ""focus group"" in qualitative research involves:",Individual interviews with participants,"A small group of participants discussing a specific topic or issue, facilitated by a researcher, to gather diverse perspectives and insights",Observing participants in their natural setting,Analyzing existing documents,c
"The term ""in-depth interview"" in qualitative research involves:",A structured questionnaire with closed-ended questions,"A semi-structured or unstructured conversation with an individual participant to explore their experiences, perspectives, and feelings in detail",Observing participants in their natural setting,Analyzing existing documents,d
"The term ""participant observation"" in qualitative research involves:",Observing participants from a distance without interacting with them,"The researcher actively participating in the activities of the group or community being studied, while also observing and recording data",Conducting experiments in a laboratory setting,Analyzing existing documents,a
"The term ""non-participant observation"" in qualitative research involves:",The researcher actively participating in the activities of the group being studied,The researcher observing participants from a distance without actively participating in their activities,Conducting experiments in a laboratory setting,Analyzing existing documents,b
"The term ""field notes"" in qualitative research are:",Summaries of quantitative data,"Detailed written records of observations, reflections, and interpretations made by the researcher during fieldwork",Transcripts of interviews only,Statistical analyses,c
"The term ""coding"" in qualitative data analysis involves:",Assigning numerical values to data,"Identifying and labeling segments of data with codes or categories that represent key concepts, themes, or ideas",Using statistical software to analyze data,Conducting experiments in a laboratory setting,d
"The term ""open coding"" in qualitative data analysis involves:",Assigning codes based on a preexisting framework,The initial stage of coding where data is broken down into discrete parts and labeled with codes that emerge from the data itself,Combining codes into broader themes,Developing a theoretical model,a
"The term ""axial coding"" in qualitative data analysis involves:",The initial stage of coding,"A process of relating codes and categories to each other, identifying relationships and connections between them, and developing more abstract concepts",Assigning codes based on a preexisting framework,Developing a theoretical model,b
"The term ""selective coding"" in qualitative data analysis involves:",The initial stage of coding,"The final stage of coding where the core category or central theme is identified, and all other categories are related to it to develop a coherent theoretical framework",Assigning codes based on a preexisting framework,Breaking down data into discrete parts,c
"The term ""memo writing"" in qualitative data analysis involves:",Writing summaries of quantitative data,"Writing reflective notes or memos throughout the research process to document thoughts, ideas, interpretations, and decisions related to data analysis and theory development",Writing transcripts of interviews only,Writing statistical analyses,d
"The term ""constant comparative method"" in qualitative data analysis, particularly in grounded theory, involves:",Comparing data from different studies,Continuously comparing new data with previously collected data and emerging codes and categories to refine and develop the developing theory,Comparing qualitative data with quantitative data,Comparing data from different researchers,a
"The term ""negative case analysis"" in qualitative research involves:",Ignoring data that contradicts the emerging themes,"Actively seeking out and analyzing cases or data that do not fit the emerging themes or patterns, to refine and strengthen the analysis",Focusing only on positive cases,Discarding data that does not support the hypothesis,b
"The term ""interpretive phenomenological analysis (IPA)"" is a qualitative research methodology that involves:",Developing a theory from data,"Exploring in detail how individuals make sense of their personal and social world, with a focus on understanding their lived experiences and interpretations",Using statistical methods to analyze data,Conducting experiments in a laboratory setting,c
"The term ""case-control study"" is an observational study that involves:",Following a group of individuals over time to see who develops a particular outcome,Comparing individuals with a particular outcome (cases) to individuals without that outcome (controls) to identify risk factors or exposures,Randomly assigning participants to groups,Manipulating variables to observe their effects,d
"The term ""cohort study"" is an observational study that involves:",Comparing individuals with and without a particular outcome at a single point in time,"Following a group of individuals (cohort) over time to see who develops a particular outcome, and comparing exposure to risk factors between those who develop the outcome and those who do not",Randomly assigning participants to groups,Manipulating variables to observe their effects,a
"The term ""prevalence"" refers to:",The number of new cases of a disease in a population over a specific period,The total number of existing cases of a disease in a population at a specific point in time or over a period,The rate at which a disease spreads in a population,The severity of a disease,b
"The term ""incidence"" refers to:",The total number of existing cases of a disease in a population,The number of new cases of a disease in a population over a specific period,The rate at which a disease spreads in a population,The severity of a disease,c
"The term ""risk factor"" refers to:",A factor that protects against a disease,A factor that increases the likelihood of developing a disease or adverse health outcome,A factor that has no effect on health,A factor that cures a disease,d
"The term ""protective factor"" refers to:",A factor that increases the likelihood of developing a disease,A factor that decreases the likelihood of developing a disease or adverse health outcome,A factor that has no effect on health,A factor that causes a disease,a
"The term ""confounding variable"" in research is:",A variable that is manipulated by the researcher,"A variable that is related to both the independent variable and the dependent variable, and can distort the apparent relationship between them",A variable that is measured by the researcher,A variable that is not relevant to the study,b
"The term ""mediating variable"" in research is:",A variable that explains the relationship between an independent variable and a dependent variable,A variable that moderates the relationship between an independent variable and a dependent variable,A variable that is manipulated by the researcher,A variable that is not relevant to the study,c
"The term ""moderating variable"" in research is:",A variable that explains the relationship between an independent variable and a dependent variable,A variable that influences the strength or direction of the relationship between an independent variable and a dependent variable,A variable that is manipulated by the researcher,A variable that is not relevant to the study,d
"The term ""ecological fallacy"" in research refers to:",Making inferences about individuals based on aggregate data for a group,Making inferences about groups based on individual data,Ignoring the context of research findings,Focusing only on individual factors,a
"The term ""atomistic fallacy"" in research refers to:",Making inferences about individuals based on aggregate data,Making inferences about groups or populations based on individual-level data,Ignoring the context of research findings,Focusing only on group factors,b
"The term ""systematic error"" in research refers to:",Random fluctuations in measurements,"A consistent bias in measurements that affects all scores in the same way, leading to inaccurate results",Errors that cancel each other out,Errors that are due to chance,c
"The term ""random error"" in research refers to:",A consistent bias in measurements,"Unpredictable fluctuations in measurements that are due to chance, and tend to cancel each other out over repeated measurements",Errors that affect all scores in the same way,Errors that are due to systematic bias,d
"The term ""inter-rater reliability"" refers to:",The consistency of measurements over time,The extent to which different raters or observers agree in their assessments or measurements,The consistency of measurements within a single test,The extent to which a test measures what it is supposed to measure,b
"The term ""test-retest reliability"" refers to:",The consistency of measurements within a single test,"The consistency of measurements over time, assessed by administering the same test to the same individuals on two different occasions and comparing the scores",The extent to which different raters agree in their assessments,The extent to which a test measures what it is supposed to measure,a
"The term ""internal consistency reliability"" refers to:",The consistency of measurements over time,"The extent to which items within a single test or measure are consistent with each other, indicating that they are measuring the same underlying construct",The extent to which different raters agree in their assessments,The extent to which a test measures what it is supposed to measure,c
"The term ""split-half reliability"" is a measure of internal consistency that involves:",Administering the same test twice,Dividing a test into two halves and correlating the scores on the two halves,Comparing scores from different raters,Assessing the content validity of a test,d
"The term ""Cronbach_s alpha"" is a measure of internal consistency that involves:",Administering the same test twice,Calculating the average correlation between all possible split-halves of a test,Comparing scores from different raters,Assessing the content validity of a test,a
"The term ""standard deviation"" is a measure of:",The central tendency of a distribution,The variability or dispersion of a set of scores around the mean,The relationship between two variables,The statistical significance of a finding,b
"The term ""variance"" is a measure of:",The central tendency of a distribution,"The average squared deviation of scores from the mean, indicating the variability of a set of scores",The relationship between two variables,The statistical significance of a finding,c
"The term ""mean"" is a measure of:",The most frequent score in a distribution,"The average score in a distribution, calculated by summing all scores and dividing by the number of scores",The middle score in a distribution,The variability of scores in a distribution,d
"The term ""median"" is a measure of:",The most frequent score in a distribution,The middle score in a distribution when scores are arranged in order,The average score in a distribution,The variability of scores in a distribution,a
"The term ""mode"" is a measure of:",The middle score in a distribution,The most frequent score in a distribution,The average score in a distribution,The variability of scores in a distribution,b
"The term ""range"" is a measure of:",The central tendency of a distribution,"The difference between the highest and lowest scores in a distribution, indicating the spread of scores",The relationship between two variables,The statistical significance of a finding,c
"The term ""correlation coefficient"" is a measure of:",The central tendency of a distribution,The strength and direction of the linear relationship between two variables,The variability of scores in a distribution,The statistical significance of a finding,d
A positive correlation indicates that:,"As one variable increases, the other variable decreases","As one variable increases, the other variable also increases (or as one decreases, the other decreases)",There is no relationship between the two variables,One variable causes the other variable,a
A negative correlation indicates that:,"As one variable increases, the other variable also increases","As one variable increases, the other variable decreases (or as one decreases, the other increases)",There is no relationship between the two variables,One variable causes the other variable,b
A correlation of 0 indicates that:,There is a perfect positive relationship between the two variables,There is no linear relationship between the two variables,There is a perfect negative relationship between the two variables,One variable causes the other variable,c
Correlation does not imply causation means that:,"If two variables are correlated, one must cause the other","If two variables are correlated, it does not necessarily mean that one causes the other; there may be a third variable involved or the relationship may be coincidental","If two variables are not correlated, one cannot cause the other","If two variables are correlated, they are always causally related",d
"The term ""regression analysis"" is a statistical technique used to:",Compare the means of two groups,Predict the value of a dependent variable based on the value of one or more independent variables,Assess the relationship between categorical variables,Measure the variability of scores,a
"The term ""t-test"" is a statistical test used to:",Compare the means of two groups to determine if they are significantly different,Assess the relationship between two categorical variables,Predict the value of a dependent variable,Measure the variability of scores,b
"The term ""ANOVA (Analysis of Variance)"" is a statistical test used to:",Compare the means of two or more groups to determine if there are significant differences between them,Assess the relationship between two categorical variables,Predict the value of a dependent variable,Measure the variability of scores,c
"The term ""chi-square test"" is a statistical test used to:",Compare the means of two groups,"Assess the relationship between two or more categorical variables, determining if there is a significant association between them",Predict the value of a dependent variable,Measure the variability of scores,d
"The term ""normal distribution"" or ""bell curve"" is a symmetrical distribution where:","Most scores are clustered around the mean, with fewer scores at the extremes",Scores are evenly distributed across the range,"Most scores are at the extremes, with fewer scores around the mean",All scores are the same,a
"The term ""skewness"" refers to:",The symmetry of a distribution,"The asymmetry of a distribution, indicating whether it is skewed to the left (negatively skewed) or to the right (positively skewed)",The variability of scores in a distribution,The central tendency of a distribution,b
"The term ""kurtosis"" refers to:",The symmetry of a distribution,The peakedness or flatness of a distribution compared to a normal distribution,The variability of scores in a distribution,The central tendency of a distribution,c
"The term ""outlier"" refers to:",A score that is close to the mean,"A score that is significantly different from other scores in a distribution, either much higher or much lower",The most frequent score in a distribution,The middle score in a distribution,d
"The term ""sampling distribution"" refers to:",The distribution of scores in a single sample,"The theoretical distribution of a statistic (e.g., mean, proportion) calculated from all possible samples of a given size drawn from a population",The distribution of scores in a population,The distribution of errors in a study,a
"The term ""standard error"" refers to:",The standard deviation of a single sample,"The standard deviation of a sampling distribution, indicating the variability of a statistic across multiple samples",The standard deviation of a population,The standard deviation of errors in a study,b
"The term ""degrees of freedom"" in statistics refers to:",The number of participants in a study,"The number of values in a calculation that are free to vary, often used in determining the critical value for a statistical test",The number of variables in a study,The number of groups in a study,c
"The term ""meta-cognition"" refers to:",Thinking about emotions,Thinking about thinking; awareness and understanding of one_s own thought processes,Thinking about behavior,Thinking about social interactions,d
"The term ""emotional intelligence"" refers to:",The ability to solve complex mathematical problems,"The ability to perceive, understand, manage, and use emotions effectively in oneself and others",The ability to memorize large amounts of information,The ability to perform well on standardized tests,a
"The term ""self-efficacy"" refers to:",An individual_s belief in their ability to succeed in specific situations or accomplish a task,An individual_s overall sense of self-worth,An individual_s tendency to be optimistic,An individual_s ability to control their emotions,b
"The term ""locus of control"" refers to:",An individual_s belief about the extent to which they can control events that affect them (internal vs. external),An individual_s overall sense of self-worth,An individual_s tendency to be optimistic,An individual_s ability to control their emotions,c
"The term ""learned helplessness"" refers to:",A state of optimism and resilience,"A condition in which a person or animal has learned to behave helplessly, failing to respond even though there are opportunities for it to help itself by avoiding unpleasant circumstances or by gaining positive rewards, often after repeated exposure to uncontrollable negative events",A state of high self-efficacy,A state of internal locus of control,d
"The term ""cognitive dissonance"" refers to:",A state of mental comfort and harmony,"The mental discomfort experienced by a person who holds two or more contradictory beliefs, ideas, or values, or when their beliefs and behaviors conflict",A state of high self-esteem,A state of emotional stability,a
"The term ""attribution theory"" is concerned with:",How people explain the causes of their own and others_ behavior,How people form impressions of others,How people conform to group pressure,How people are persuaded by messages,b
"The term ""fundamental attribution error"" refers to:",The tendency to overestimate the role of situational factors and underestimate the role of dispositional factors in explaining others_ behavior,The tendency to overestimate the role of dispositional factors and underestimate the role of situational factors in explaining others_ behavior,The tendency to attribute one_s own successes to internal factors and failures to external factors,The tendency to attribute one_s own successes to external factors and failures to internal factors,c
"The term ""self-serving bias"" refers to:",The tendency to attribute one_s own successes to external factors and failures to internal factors,"The tendency to attribute one_s own successes to internal factors (e.g., ability, effort) and failures to external factors (e.g., luck, task difficulty)",The tendency to overestimate the role of dispositional factors in explaining others_ behavior,The tendency to underestimate the role of situational factors in explaining others_ behavior,d
"The term ""confirmation bias"" refers to:",Seeking out evidence that contradicts one_s beliefs,"The tendency to search for, interpret, favor, and recall information in a way that confirms one_s preexisting beliefs or hypotheses",Being open to all evidence,Objectively evaluating all information,a
"The term ""groupthink"" refers to:",A mode of thinking that occurs when individuals in a group prioritize critical thinking and independent judgment,A mode of thinking that occurs when the desire for harmony or conformity in a group results in an irrational or dysfunctional decision-making outcome,A mode of thinking that encourages dissent and debate within a group,A mode of thinking that leads to optimal group decisions,b
"The term ""social loafing"" refers to:",The tendency for individuals to exert more effort when working in a group,The tendency for individuals to exert less effort when working in a group than when working alone,The tendency for individuals to conform to group pressure,The tendency for individuals to help others in a group,c
"The term ""bystander effect"" refers to:",The tendency for individuals to be more likely to help someone in need when others are present,The phenomenon in which the presence of other people inhibits an individual_s likelihood of helping someone in an emergency situation,The tendency for individuals to conform to group pressure,The tendency for individuals to exert less effort in a group,d
"The term ""conformity"" refers to:",Behaving independently of group pressure,Adjusting one_s behavior or thinking to coincide with a group standard,Resisting group influence,Leading a group,a
"The term ""obedience"" refers to:",Resisting authority,Complying with the demands or orders of an authority figure,Behaving independently of authority,Challenging authority,b
"The term ""prejudice"" refers to:",A positive attitude towards a group,"A preconceived negative judgment or attitude towards a group and its members, often based on stereotypes",A fair and objective assessment of a group,A behavior directed towards a group,c
"The term ""stereotype"" refers to:",An accurate and individualized perception of a group,"A generalized belief or expectation about a group of people, often oversimplified and inaccurate",A positive attitude towards a group,A behavior directed towards a group,d
"The term ""discrimination"" refers to:",A positive attitude towards a group,"Unjustifiable negative behavior towards a group or its members, often based on prejudice or stereotypes",A fair and objective assessment of a group,A belief about a group,a
"The term ""aggression"" refers to:",Behavior intended to help others,Any physical or verbal behavior intended to harm someone physically or emotionally,Behavior intended to conform to group pressure,Behavior intended to obey authority,b
"The term ""altruism"" refers to:",Behavior intended to harm others,Unselfish regard for the welfare of others; helping behavior with no expectation of personal gain,Behavior intended to conform to group pressure,Behavior intended to obey authority,c
"The term ""prosocial behavior"" refers to:",Behavior intended to harm others,"Any action intended to help others, regardless of the helper_s motives",Behavior intended to conform to group pressure,Behavior intended to obey authority,d
"The term ""attachment theory"" is concerned with:",The development of cognitive abilities,"The nature of the emotional bond between infants and their caregivers, and its impact on later development and relationships",The development of moral reasoning,The development of language,a
"The term ""secure attachment"" in infancy is characterized by:",Infants avoiding or ignoring the caregiver,"Infants using the caregiver as a secure base from which to explore, showing distress when the caregiver leaves and seeking comfort upon their return",Infants showing ambivalent behavior towards the caregiver,Infants showing disorganized behavior towards the caregiver,b
"The term ""anxious-ambivalent attachment"" (or preoccupied) in infancy is characterized by:",Infants avoiding or ignoring the caregiver,"Infants showing distress when the caregiver leaves and displaying anger or ambivalence upon their return, often clinging to the caregiver but resisting comfort",Infants using the caregiver as a secure base,Infants showing disorganized behavior towards the caregiver,c
"The term ""avoidant attachment"" in infancy is characterized by:",Infants showing distress when the caregiver leaves and seeking comfort upon their return,Infants showing little distress when the caregiver leaves and avoiding or ignoring the caregiver upon their return,Infants showing ambivalent behavior towards the caregiver,Infants showing disorganized behavior towards the caregiver,d
"The term ""disorganized attachment"" in infancy is characterized by:",Infants using the caregiver as a secure base,"Infants displaying contradictory or disoriented behaviors, such as approaching the caregiver while looking away, or showing fear or confusion in the caregiver_s presence",Infants showing little distress when the caregiver leaves,Infants showing ambivalent behavior towards the caregiver,a
Erik Erikson_s theory of psychosocial development proposes:,A series of psychosexual stages,"A series of eight psychosocial stages, each characterized by a specific developmental crisis or challenge that must be resolved",A theory of cognitive development,A theory of moral development,b
Jean Piaget_s theory of cognitive development proposes:,A series of psychosocial stages,"A series of four stages of cognitive development, characterized by distinct ways of thinking and understanding the world: sensorimotor, preoperational, concrete operational, and formal operational",A theory of moral development,A theory of language development,c
Lawrence Kohlberg_s theory of moral development proposes:,A series of psychosocial stages,"A series of three levels of moral reasoning, each with two stages, progressing from a focus on self-interest to a focus on universal ethical principles",A theory of cognitive development,A theory of language development,d
"The term ""nature vs. nurture"" debate in psychology refers to:",The debate about the relative contributions of conscious and unconscious processes to behavior,The longstanding controversy over the relative contributions of genetic inheritance (nature) and environmental factors (nurture) to human development and behavior,The debate about the relative importance of thoughts and emotions,The debate about the relative influence of individual and group factors,a
"The term ""heritability"" refers to:",The extent to which a trait is learned from the environment,A statistical estimate of the proportion of variation in a trait within a population that is attributable to genetic differences among individuals,The extent to which a trait is influenced by cultural factors,The extent to which a trait is fixed and unchangeable,b
"The term ""epigenetics"" refers to:","The study of changes in gene expression that do not involve alterations to the DNA sequence itself, often influenced by environmental factors",The study of genetic mutations,The study of inherited traits,The study of DNA structure,c
"The term ""neuroplasticity"" refers to:",The brain_s inability to change,"The brain_s ability to change and adapt its structure and function in response to experience, learning, and injury",The brain_s fixed and unchangeable nature,The brain_s vulnerability to damage,d
"The term ""neurotransmitter"" is:",A type of hormone,A chemical messenger that transmits signals across a synapse from one neuron to another,A type of brain cell,A part of the neuron,a
Dopamine is a neurotransmitter primarily involved in:,Sleep and mood regulation,"Reward, motivation, pleasure, and motor control",Learning and memory,Stress response,b
Serotonin is a neurotransmitter primarily involved in:,Reward and motivation,"Mood, sleep, appetite, and anxiety regulation",Learning and memory,Stress response,c
GABA (gamma-aminobutyric acid) is a neurotransmitter primarily involved in:,Excitation and arousal,"Inhibition of neuronal activity, reducing anxiety and promoting relaxation",Learning and memory,Stress response,d
Glutamate is a neurotransmitter primarily involved in:,Inhibition of neuronal activity,"Excitation of neuronal activity, playing a key role in learning and memory",Sleep and mood regulation,Stress response,a
Acetylcholine is a neurotransmitter primarily involved in:,Reward and motivation,"Muscle contraction, learning, and memory",Sleep and mood regulation,Stress response,b
Norepinephrine (noradrenaline) is a neurotransmitter primarily involved in:,Sleep and relaxation,"Arousal, alertness, attention, and the stress response (fight-or-flight)",Learning and memory,Reward and motivation,c
Endorphins are neurotransmitters primarily involved in:,Pain relief and feelings of pleasure or well-being,Sleep and mood regulation,Learning and memory,Stress response,d
The central nervous system (CNS) consists of:,The brain and spinal cord,The somatic and autonomic nervous systems,The sympathetic and parasympathetic nervous systems,Neurons and glial cells,a
The peripheral nervous system (PNS) consists of:,The brain and spinal cord,"The nerves and ganglia outside of the brain and spinal cord, connecting the CNS to the rest of the body",The sympathetic and parasympathetic nervous systems,Neurons and glial cells,b
The somatic nervous system is part of the PNS and controls:,Involuntary bodily functions,Voluntary movements of skeletal muscles and transmits sensory information to the CNS,The sympathetic and parasympathetic nervous systems,The brain and spinal cord,c
The autonomic nervous system is part of the PNS and controls:,Voluntary movements of skeletal muscles,"Involuntary bodily functions, such as heart rate, digestion, respiration, and glandular activity",The brain and spinal cord,Sensory information transmission,d
The sympathetic nervous system is part of the autonomic nervous system and is responsible for:,Calming the body and conserving energy (rest-and-digest),Arousing the body and mobilizing energy in stressful situations (fight-or-flight),Voluntary movements,Sensory information transmission,a
The parasympathetic nervous system is part of the autonomic nervous system and is responsible for:,Arousing the body and mobilizing energy (fight-or-flight),"Calming the body, conserving energy, and promoting restorative functions (rest-and-digest)",Voluntary movements,Sensory information transmission,b
The brainstem is responsible for:,Higher-level cognitive functions,"Basic life-sustaining functions, such as breathing, heart rate, and sleep-wake cycles",Motor coordination and balance,Emotional processing,c
The cerebellum is primarily involved in:,Higher-level cognitive functions,"Motor coordination, balance, posture, and some cognitive functions like attention and language",Emotional processing,Basic life-sustaining functions,d
The limbic system is primarily involved in:,Higher-level cognitive functions,"Emotions, motivation, learning, and memory",Motor coordination and balance,Basic life-sustaining functions,a
"The amygdala, part of the limbic system, is primarily involved in:",Higher-level cognitive functions,"Processing emotions, especially fear and aggression, and forming emotional memories",Motor coordination and balance,Basic life-sustaining functions,b
"The hippocampus, part of the limbic system, is primarily involved in:",Higher-level cognitive functions,"Forming new memories, learning, and spatial navigation",Motor coordination and balance,Basic life-sustaining functions,c
"The hypothalamus, part of the limbic system, is primarily involved in:",Higher-level cognitive functions,"Regulating basic drives (e.g., hunger, thirst, sex), body temperature, and the endocrine system (via the pituitary gland)",Motor coordination and balance,Emotional processing,d
"The thalamus, part of the limbic system, is primarily involved in:",Higher-level cognitive functions,Relaying sensory information (except smell) to the cerebral cortex and regulating sleep and wakefulness,Motor coordination and balance,Emotional processing,a
The cerebral cortex is the outer layer of the brain and is responsible for:,Basic life-sustaining functions,"Higher-level cognitive functions, such as language, memory, reasoning, problem-solving, and consciousness",Motor coordination and balance,Emotional processing,b
The frontal lobe of the cerebral cortex is primarily involved in:,Processing visual information,"Planning, decision-making, working memory, language (Broca_s area), voluntary movement, and personality",Processing auditory information,Processing somatosensory information,c
The parietal lobe of the cerebral cortex is primarily involved in:,Processing visual information,"Processing somatosensory information (e.g., touch, temperature, pain), spatial awareness, and navigation",Processing auditory information,Planning and decision-making,d
The temporal lobe of the cerebral cortex is primarily involved in:,Processing visual information,"Processing auditory information, language comprehension (Wernicke_s area), memory, and emotion",Processing somatosensory information,Planning and decision-making,a
The occipital lobe of the cerebral cortex is primarily involved in:,Processing auditory information,Processing visual information,Processing somatosensory information,Planning and decision-making,b
"Broca_s area, typically located in the left frontal lobe, is primarily involved in:",Language comprehension,Speech production,Visual processing,Auditory processing,c
"Wernicke_s area, typically located in the left temporal lobe, is primarily involved in:",Speech production,Language comprehension,Visual processing,Auditory processing,d
The corpus callosum is a bundle of nerve fibers that:,Connects the brain to the spinal cord,"Connects the left and right hemispheres of the brain, allowing communication between them",Connects the cerebellum to the brainstem,Connects the thalamus to the cerebral cortex,a
Lateralization of brain function refers to:,The idea that both hemispheres of the brain perform the same functions,The tendency for some neural functions or cognitive processes to be specialized to one side of the brain or the other,The idea that the brain is symmetrical in function,The idea that the brain is not specialized,b
Sensation refers to:,The process of interpreting sensory information,The process by which our sensory receptors and nervous system receive and represent stimulus energies from our environment,The process of organizing sensory information,The process of learning from sensory information,c
Perception refers to:,The process by which our sensory receptors receive stimulus energies,"The process of organizing and interpreting sensory information, enabling us to recognize meaningful objects and events",The process of detecting physical energy from the environment,The process of transmitting sensory information to the brain,d
Absolute threshold refers to:,The minimum difference between two stimuli required for detection 50% of the time,The minimum stimulation needed to detect a particular stimulus 50% of the time,The maximum stimulation a person can tolerate,The level of stimulation at which a person always detects a stimulus,a
"Difference threshold (or just noticeable difference, JND) refers to:",The minimum stimulation needed to detect a particular stimulus 50% of the time,The minimum difference between two stimuli required for detection 50% of the time,The maximum stimulation a person can tolerate,The level of stimulation at which a person always detects a stimulus,b
Weber_s law states that:,The difference threshold is a constant amount,The difference threshold is a constant proportion of the original stimulus intensity,The absolute threshold is a constant amount,The absolute threshold is a constant proportion of the original stimulus intensity,c
Sensory adaptation refers to:,Increased sensitivity to a constant stimulus over time,Diminished sensitivity as a consequence of constant stimulation,The ability to detect very faint stimuli,The ability to distinguish between two similar stimuli,d
Transduction in sensation refers to:,The process of interpreting sensory information,"The conversion of one form of energy into another, such as the conversion of physical stimulus energy (e.g., light, sound) into neural impulses that the brain can understand",The process of organizing sensory information,The process of learning from sensory information,a
Rods and cones are photoreceptor cells located in the:,Cornea,Retina of the eye,Lens,Optic nerve,b
Rods are responsible for:,Color vision and detail in bright light,"Vision in dim light and peripheral vision; they detect black, white, and gray",Focusing light onto the retina,Transmitting visual information to the brain,c
Cones are responsible for:,Vision in dim light and peripheral vision,Color vision and detail in bright light; they are concentrated near the center of the retina (fovea),Focusing light onto the retina,Transmitting visual information to the brain,d
The trichromatic theory of color vision proposes that:,"There are three types of cones, each sensitive to a different wavelength of light (red, green, blue), and color perception results from the combined activity of these cones","Color vision is based on opposing pairs of colors (red-green, blue-yellow, black-white)",Color vision is based on a single type of cone,Color vision is based on the activity of rods,b
The opponent-process theory of color vision proposes that:,"There are three types of cones, each sensitive to a different wavelength of light","Color vision is based on opposing pairs of colors (red-green, blue-yellow, black-white), and cells in the visual system are excited by one color and inhibited by its opponent",Color vision is based on a single type of cone,Color vision is based on the activity of rods,a
"The cochlea is a spiral-shaped, fluid-filled structure in the inner ear that contains:","The ossicles (malleus, incus, stapes)","The hair cells, which are the sensory receptors for hearing",The eardrum (tympanic membrane),The auditory nerve,c
Place theory of hearing proposes that:,The pitch we hear is determined by the rate at which the basilar membrane vibrates,Different pitches are perceived because different sound waves trigger activity at different places along the cochlea_s basilar membrane,Hearing is based on the combined activity of both ears,Hearing is based on the intensity of sound waves,d
Frequency theory (or temporal theory) of hearing proposes that:,Different pitches are perceived because different sound waves trigger activity at different places along the basilar membrane,"The pitch we hear is determined by the rate at which the entire basilar membrane vibrates, causing auditory nerve fibers to fire at the same rate",Hearing is based on the combined activity of both ears,Hearing is based on the intensity of sound waves,a
The five basic taste sensations are:,"Sweet, sour, salty, bitter, and umami (savory)","Sweet, sour, salty, bitter, and spicy","Sweet, sour, salty, bitter, and fatty","Sweet, sour, salty, bitter, and metallic",b
Olfaction refers to the sense of:,Taste,Smell,Touch,Hearing,c
The kinesthetic sense refers to:,The sense of balance,The sense of body position and movement of body parts,The sense of touch,The sense of smell,d
The vestibular sense refers to:,The sense of body position and movement,"The sense of balance and spatial orientation, provided by receptors in the inner ear",The sense of touch,The sense of smell,a
Gate-control theory of pain proposes that:,Pain is a purely physical sensation,The spinal cord contains a neurological,Pain is only a psychological phenomenon,Pain is always a direct result of tissue damage,b
Gestalt psychology emphasizes that:,The whole is equal to the sum of its parts,"The whole is greater than the sum of its parts, and that we perceive objects and patterns as unified wholes rather than as collections of individual elements",Perception is primarily based on individual elements,Perception is a random process,b
The Gestalt principle of proximity states that:,We tend to group together objects that are similar in appearance,We tend to group together objects that are close to each other,We tend to perceive continuous patterns rather than discontinuous ones,We tend to fill in gaps to create a complete object,b
The Gestalt principle of similarity states that:,We tend to group together objects that are close to each other,We tend to group together objects that are similar in appearance,We tend to perceive continuous patterns rather than discontinuous ones,We tend to fill in gaps to create a complete object,b
The Gestalt principle of continuity states that:,We tend to group together objects that are close to each other,We tend to group together objects that are similar in appearance,We tend to perceive continuous patterns rather than discontinuous ones,We tend to fill in gaps to create a complete object,c
The Gestalt principle of closure states that:,We tend to group together objects that are close to each other,We tend to group together objects that are similar in appearance,We tend to perceive continuous patterns rather than discontinuous ones,We tend to fill in gaps to create a complete object,d
The Gestalt principle of common fate states that:,We tend to group together objects that are close to each other,We tend to group together objects that are similar in appearance,We tend to perceive continuous patterns rather than discontinuous ones,We tend to group together objects that are moving in the same direction or appear to be part of the same entity,d
Perceptual constancy refers to:,"The tendency to perceive objects as changing in size, shape, or color","The tendency to perceive objects as unchanging (having consistent shape, size, lightness, and color) even as illumination and retinal images change",The inability to perceive objects accurately,The tendency to perceive objects as always being in motion,b
Depth perception refers to:,The ability to perceive objects in two dimensions,The ability to perceive the world in three dimensions and to judge distance,The ability to perceive objects as unchanging,The ability to perceive objects as always being in motion,b
Binocular cues for depth perception include:,Linear perspective and interposition,Retinal disparity and convergence,Relative size and texture gradient,Motion parallax and relative height,b
Monocular cues for depth perception include:,Retinal disparity and convergence,"Linear perspective, interposition, relative size, texture gradient, relative height, and motion parallax",Binocular disparity and convergence,All of the above,b
Perceptual set refers to:,A tendency to perceive objects as unchanging,"A mental predisposition to perceive one thing and not another, influenced by our experiences, assumptions, and expectations",The ability to perceive objects in three dimensions,The ability to perceive objects as always being in motion,b
Extrasensory perception (ESP) refers to:,The ability to perceive objects in three dimensions,"The controversial claim that perception can occur apart from sensory input, such as through telepathy, clairvoyance, or precognition",The ability to perceive objects as unchanging,The ability to perceive objects as always being in motion,b
Consciousness refers to:,A state of unconsciousness,Our awareness of ourselves and our environment,A state of deep sleep,A state of altered perception,b
Circadian rhythm refers to:,"A 24-hour biological clock that regulates various physiological processes, including sleep-wake cycles, hormone secretion, and body temperature",A short-term sleep cycle,A long-term sleep cycle,A random sleep pattern,a
REM sleep is characterized by:,Slow brain waves and deep relaxation,"Rapid eye movements, vivid dreams, muscle paralysis, and brain activity similar to wakefulness",Sleepwalking and night terrors,Insomnia and sleep apnea,b
NREM sleep is characterized by:,Rapid eye movements and vivid dreams,"Slower brain waves, decreased muscle activity, and less vivid dreams; it is divided into stages N1, N2, and N3",Sleepwalking and night terrors,Insomnia and sleep apnea,b
Insomnia refers to:,Excessive daytime sleepiness,Persistent problems in falling or staying asleep,Sudden attacks of overwhelming sleepiness,Temporary cessation of breathing during sleep,b
Narcolepsy refers to:,Persistent problems in falling or staying asleep,"A sleep disorder characterized by uncontrollable sleep attacks, often directly into REM sleep",Temporary cessation of breathing during sleep,Sleepwalking and night terrors,b
Sleep apnea refers to:,Persistent problems in falling or staying asleep,A sleep disorder characterized by temporary cessations of breathing during sleep and repeated momentary awakenings,Sudden attacks of overwhelming sleepiness,Sleepwalking and night terrors,b
Night terrors are:,"Vivid, memorable dreams that occur during REM sleep","A sleep disorder characterized by high arousal and an appearance of being terrified; unlike nightmares, night terrors occur during NREM-3 sleep and are seldom remembered",Episodes of sleepwalking,Episodes of sleep talking,b
Dreams are:,Random neural firings,"Sequences of images, emotions, and thoughts passing through a sleeping person_s mind, often vivid, bizarre, and difficult to remember",A state of altered consciousness,A state of deep relaxation,b
Hypnosis is:,A state of unconsciousness,"A social interaction in which one person (the hypnotist) suggests to another (the subject) that certain perceptions, feelings, thoughts, or behaviors will spontaneously occur",A state of deep sleep,A state of altered perception caused by drugs,b
Psychoactive drugs are:,Drugs that treat physical illnesses,Chemical substances that alter perceptions and moods,Drugs that have no effect on the brain,Drugs that are only used in emergencies,b
Tolerance to drugs refers to:,An increased response to a drug over time,"The diminishing effect with regular use of the same dose of a drug, requiring the user to take larger and larger doses before experiencing the drug_s effect",The body_s ability to excrete a drug quickly,The patient_s psychological dependence on a drug,b
Withdrawal from drugs refers to:,Pleasant feelings experienced when stopping a drug,The discomfort and distress that follow discontinuing an addictive drug or behavior,The therapeutic effects of a drug,The side effects of a drug,b
Addiction is:,A physiological adaptation to a drug,"A compulsive craving for drugs or certain behaviors (e.g., gambling) despite adverse consequences",The patient_s ability to control drug use,A temporary craving for a drug,b
Depressants are drugs that:,Excite neural activity and speed up body functions,Calm neural activity and slow body functions,Distort perceptions and evoke sensory images in the absence of sensory input,Increase alertness and reduce appetite,b
Stimulants are drugs that:,Calm neural activity and slow body functions,Excite neural activity and speed up body functions,Distort perceptions and evoke sensory images in the absence of sensory input,Decrease alertness and increase appetite,b
Hallucinogens are drugs that:,Calm neural activity and slow body functions,Excite neural activity and speed up body functions,Distort perceptions and evoke sensory images in the absence of sensory input,Increase alertness and reduce appetite,c
Learning refers to:,A permanent change in behavior due to maturation,A relatively permanent change in an organism_s behavior due to experience,A temporary change in behavior due to fatigue,A change in behavior due to genetic factors,b
Classical conditioning is a type of learning in which:,Behavior is strengthened if followed by a reinforcer or diminished if followed by a punisher,"An organism learns to associate two stimuli, such that a neutral stimulus comes to elicit a response originally elicited by another stimulus",Learning occurs by observing others,Learning occurs through insight,b
Operant conditioning is a type of learning in which:,An organism learns to associate two stimuli,Behavior is strengthened if followed by a reinforcer or diminished if followed by a punisher,Learning occurs by observing others,Learning occurs through insight,b
Observational learning is a type of learning in which:,An organism learns to associate two stimuli,Behavior is strengthened if followed by a reinforcer or diminished if followed by a punisher,Learning occurs by observing others and imitating their behavior,Learning occurs through insight,c
Unconditioned stimulus (US) in classical conditioning is:,A neutral stimulus,A stimulus that naturally and automatically triggers a response without any prior learning,A learned stimulus,A stimulus that elicits a conditioned response,b
Unconditioned response (UR) in classical conditioning is:,A learned response,"The unlearned, naturally occurring response to the unconditioned stimulus",A response to a neutral stimulus,A response to a conditioned stimulus,b
Neutral stimulus (NS) in classical conditioning is:,A stimulus that naturally and automatically triggers a response,A stimulus that initially produces no specific response other than focusing attention,A learned stimulus,A stimulus that elicits a conditioned response,b
Conditioned stimulus (CS) in classical conditioning is:,A stimulus that naturally and automatically triggers a response,"An originally neutral stimulus that, after association with an unconditioned stimulus, comes to trigger a conditioned response",A learned stimulus,A stimulus that elicits an unconditioned response,b
Conditioned response (CR) in classical conditioning is:,"The unlearned, naturally occurring response to the unconditioned stimulus",The learned response to a previously neutral (but now conditioned) stimulus,A response to a neutral stimulus,A response to an unconditioned stimulus,b
Reinforcement in operant conditioning is:,Any event that decreases the likelihood of a behavior,Any event that strengthens the behavior it follows,Any event that has no effect on behavior,Any event that elicits a conditioned response,b
Punishment in operant conditioning is:,Any event that increases the likelihood of a behavior,Any event that decreases the likelihood of a behavior,Any event that has no effect on behavior,Any event that elicits a conditioned response,b
Positive reinforcement involves:,Removing an undesirable stimulus to increase a behavior,Presenting a desirable stimulus after a response to increase the likelihood of that response,Presenting an undesirable stimulus to decrease a behavior,Removing a desirable stimulus to decrease a behavior,b
Negative reinforcement involves:,Presenting a desirable stimulus to increase a behavior,Removing an undesirable stimulus after a response to increase the likelihood of that response,Presenting an undesirable stimulus to decrease a behavior,Removing a desirable stimulus to decrease a behavior,b
Positive punishment involves:,Removing an undesirable stimulus to decrease a behavior,Presenting an undesirable stimulus after a response to decrease the likelihood of that response,Presenting a desirable stimulus to increase a behavior,Removing a desirable stimulus to increase a behavior,b
Negative punishment involves:,Presenting an undesirable stimulus to decrease a behavior,Removing a desirable stimulus after a response to decrease the likelihood of that response,Presenting a desirable stimulus to increase a behavior,Removing an undesirable stimulus to increase a behavior,b
Shaping in operant conditioning is:,Reinforcing only the desired final behavior,An operant conditioning procedure in which reinforcers guide behavior toward closer and closer approximations of the desired behavior,Punishing undesirable behaviors,Ignoring all behaviors,b
Memory refers to:,The ability to forget information,"The persistence of learning over time through the encoding, storage, and retrieval of information",The ability to acquire new information,The ability to process information quickly,b
Encoding in memory is:,The process of retaining encoded information over time,The process of getting information into the memory system,The process of getting information out of memory storage,The process of forgetting information,b
Storage in memory is:,The process of getting information into the memory system,The process of retaining encoded information over time,The process of getting information out of memory storage,The process of forgetting information,b
Retrieval in memory is:,The process of getting information into the memory system,The process of retaining encoded information over time,The process of getting information out of memory storage,The process of forgetting information,c
Sensory memory is:,Short-term memory,"The immediate, very brief recording of sensory information in the memory system",Long-term memory,Working memory,b
Short-term memory (STM) or working memory is:,"The immediate, very brief recording of sensory information","Activated memory that holds a few items briefly, such as the seven digits of a phone number while dialing, before the information is stored or forgotten",The relatively permanent and limitless storehouse of the memory system,Memory for skills and procedures,b
Long-term memory (LTM) is:,"The immediate, very brief recording of sensory information",Activated memory that holds a few items briefly,"The relatively permanent and limitless storehouse of the memory system, including knowledge, skills, and experiences",Memory for events that just happened,c
Explicit memory (or declarative memory) is:,Memory for skills and procedures,"Memory of facts and experiences that one can consciously know and ""declare""",Memory for emotional responses,Memory for classical conditioning,b
Implicit memory (or nondeclarative memory) is:,"Memory of facts and experiences that one can consciously know and ""declare""","Retention independent of conscious recollection, such as memory for skills (e.g., riding a bike) or classically conditioned associations",Memory for emotional responses,Memory for specific events,b
Semantic memory is a type of explicit memory that stores:,Personal experiences,"General knowledge, facts, and concepts",Skills and procedures,Emotional responses,b
Episodic memory is a type of explicit memory that stores:,General knowledge and facts,"Personally experienced events, or episodes, along with their time and place",Skills and procedures,Emotional responses,b
Procedural memory is a type of implicit memory that stores:,Facts and events,"Memory for skills and procedures, such as riding a bike or tying shoelaces",Emotional responses,General knowledge,b
Flashbulb memories are:,"Ordinary, everyday memories","Clear, vivid, and long-lasting memories of an emotionally significant moment or event",Memories that are easily forgotten,Memories that are inaccurate,b
Amnesia refers to:,Enhanced memory recall,"The loss of memory, often due to brain injury, disease, or psychological trauma",The ability to remember everything,The ability to learn new information,b
Retrograde amnesia refers to:,The inability to form new memories after an injury or event,"The inability to retrieve information from one_s past, often due to brain injury or psychological trauma",The loss of memory for skills,The loss of memory for facts,b
Anterograde amnesia refers to:,The inability to retrieve information from one_s past,The inability to form new memories after an injury or event,The loss of memory for skills,The loss of memory for facts,b
The misinformation effect refers to:,The tendency to accurately recall information,The tendency for misleading information presented after an event to alter the memory of the event itself,The tendency to remember only accurate information,The tendency to forget misleading information,b
Source amnesia refers to:,The ability to remember the source of information,"Attributing to the wrong source an event we have experienced, heard about, read about, or imagined",The inability to remember any information,The inability to forget information,b
Repression in memory is:,A conscious effort to forget traumatic events,"A defense mechanism that banishes anxiety-arousing thoughts, feelings, and memories from consciousness",A deliberate attempt to remember everything,A process of enhancing memory recall,b
Proactive interference refers to:,New learning interfering with the recall of old information,Old learning interfering with the recall of new information,Forgetting information due to lack of use,Forgetting information due to brain injury,b
Retroactive interference refers to:,Old learning interfering with the recall of new information,New learning interfering with the recall of old information,Forgetting information due to lack of use,Forgetting information due to brain injury,b
Cognition refers to:,The process of feeling emotions,"All the mental activities associated with thinking, knowing, remembering, and communicating",The process of behaving,The process of sensing,b
Concepts are:,Specific examples of objects or events,"Mental groupings of similar objects, events, ideas, or people",Random thoughts,Unrelated pieces of information,b
Prototypes are:,Specific examples that do not fit a concept,"A mental image or best example of a category, providing a quick and easy method for including items in a category",Random thoughts,Unrelated pieces of information,b
Algorithms are:,Mental shortcuts that allow us to make judgments and solve problems efficiently,"A methodical, logical rule or procedure that guarantees solving a particular problem",Sudden flashes of insight,Intuitive judgments,b
Heuristics are:,"A methodical, logical rule or procedure that guarantees solving a particular problem",A simple thinking strategy that often allows us to make judgments and solve problems efficiently; usually speedier but also more error-prone than algorithms,Sudden flashes of insight,Intuitive judgments,b
Insight is:,A gradual problem-solving process,A sudden and often novel realization of the solution to a problem,"A methodical, logical rule or procedure",A simple thinking strategy,b
Confirmation bias is:,Seeking out evidence that contradicts one_s beliefs,The tendency to search for information that supports our preconceptions and to ignore or distort contradictory evidence,Being open to all evidence,Objectively evaluating all information,b
Fixation in problem-solving is:,The ability to think flexibly,"The inability to see a problem from a fresh perspective, often due to mental set",The ability to solve problems quickly,The ability to generate multiple solutions,b
Mental set is:,A tendency to approach a problem in a new way,"A tendency to approach a problem in one particular way, often a way that has been successful in the past",The ability to think flexibly,The ability to generate multiple solutions,b
Functional fixedness is:,The ability to see new uses for objects,The tendency to think of things only in terms of their usual functions; an impediment to problem-solving,The ability to solve problems quickly,The ability to generate multiple solutions,b
Representativeness heuristic is:,"Judging the likelihood of things in terms of how well they seem to represent, or match, particular prototypes; may lead us to ignore other relevant information",Estimating the likelihood of events based on their availability in memory,Overestimating the accuracy of one_s beliefs,Clinging to one_s initial conceptions after the basis on which they were formed has been discredited,a
Availability heuristic is:,"Judging the likelihood of things in terms of how well they seem to represent, or match, particular prototypes","Estimating the likelihood of events based on their availability in memory; if instances come readily to mind (perhaps because of their vividness), we presume such events are common",Overestimating the accuracy of one_s beliefs,Clinging to one_s initial conceptions after the basis on which they were formed has been discredited,b
Overconfidence is:,Underestimating the accuracy of one_s beliefs,The tendency to be more confident than correct—to overestimate the accuracy of our beliefs and judgments,Being realistic about one_s abilities,Being humble about one_s knowledge,b
Belief perseverance is:,Changing one_s beliefs when presented with contradictory evidence,Clinging to one_s initial conceptions after the basis on which they were formed has been discredited,Being open to new ideas,Objectively evaluating all information,b
Framing is:,The way an issue is presented; how an issue is framed can significantly affect decisions and judgments,The way an issue is ignored,The way an issue is solved,The way an issue is forgotten,a
Language is:,A system of unrelated sounds,"Our spoken, written, or signed words and the ways we combine them to communicate meaning",A random collection of gestures,A form of animal communication,b
Phonemes are:,The smallest units of language that carry meaning,The smallest distinctive sound units in a language,The rules for combining words into grammatically sensible sentences,The rules for deriving meaning from sounds,b
Morphemes are:,The smallest distinctive sound units in a language,"The smallest units of language that carry meaning, such as a prefix or suffix",The rules for combining words into grammatically sensible sentences,The rules for deriving meaning from sounds,b
Grammar is:,The smallest distinctive sound units in a language,The smallest units of language that carry meaning,A system of rules that enables us to communicate with and understand others,The rules for deriving meaning from sounds,c
Semantics is:,The rules for combining words into grammatically sensible sentences,"The set of rules for deriving meaning from sounds, words, and sentences",The smallest distinctive sound units in a language,The smallest units of language that carry meaning,b
Syntax is:,"The set of rules for deriving meaning from sounds, words, and sentences",The rules for combining words into grammatically sensible sentences,The smallest distinctive sound units in a language,The smallest units of language that carry meaning,b
Babbling stage in language development is:,"The stage from about age 1 to 2, during which a child speaks mostly in single words","Beginning at about 4 months, the stage of speech development in which the infant spontaneously utters various sounds at first unrelated to the household language","The stage beginning at about age 2, during which a child speaks mostly in two-word statements",The stage of complete sentences,b
One-word stage in language development is:,"Beginning at about 4 months, the stage of speech development in which the infant spontaneously utters various sounds","The stage from about age 1 to 2, during which a child speaks mostly in single words","The stage beginning at about age 2, during which a child speaks mostly in two-word statements",The stage of complete sentences,b
Two-word stage in language development is:,"The stage from about age 1 to 2, during which a child speaks mostly in single words","The stage beginning at about age 2, during which a child speaks mostly in two-word statements","Beginning at about 4 months, the stage of speech development in which the infant spontaneously utters various sounds",The stage of complete sentences,b
Telegraphic speech is:,"The stage from about age 1 to 2, during which a child speaks mostly in single words","Early speech stage in which a child speaks like a telegram—""go car""—using mostly nouns and verbs","The stage beginning at about age 2, during which a child speaks mostly in two-word statements",The stage of complete sentences,b
Linguistic determinism is:,The hypothesis that language has no influence on the way we think,Whorf_s hypothesis that language determines the way we think,The hypothesis that thinking determines language,The hypothesis that language and thinking are unrelated,b
Intelligence is:,The ability to acquire new information,"The ability to learn from experience, solve problems, and use knowledge to adapt to new situations",The ability to process information quickly,The ability to remember information,b
General intelligence (g factor) is:,A specific intelligence for a particular task,"A general intelligence factor that, according to Spearman, underlies specific mental abilities and is therefore measured by every task on an intelligence test",The ability to perform well on standardized tests,The ability to learn from experience,b
Savant syndrome is:,"A condition in which a person otherwise limited in mental ability has an exceptional specific skill, such as in computation or drawing",A condition in which a person has exceptional general intelligence,A condition in which a person has no mental abilities,A condition in which a person has average mental abilities,a
Emotional intelligence is:,The ability to solve complex mathematical problems,"The ability to perceive, understand, manage, and use emotions effectively in oneself and others",The ability to memorize large amounts of information,The ability to perform well on standardized tests,b
Aptitude test is:,A test designed to assess what a person has learned,A test designed to predict a person_s future performance; aptitude is the capacity to learn,A test designed to measure a person_s current knowledge,A test designed to measure a person_s personality,b
Achievement test is:,A test designed to predict a person_s future performance,A test designed to assess what a person has learned,A test designed to measure a person_s capacity to learn,A test designed to measure a person_s personality,b
Intelligence quotient (IQ) is:,A measure of a person_s emotional intelligence,A score derived from one of several standardized tests designed to assess human intelligence,A measure of a person_s creativity,A measure of a person_s personality,b
Standardization in psychological testing is:,Administering a test to a single individual,Defining uniform testing procedures and meaningful scores by comparison with the performance of a pretested group,Administering a test without any specific instructions,"Administering a test to a small, unrepresentative group",b
Reliability in psychological testing is:,The extent to which a test measures what it is supposed to measure,"The extent to which a test yields consistent results, as assessed by the consistency of scores on two halves of the test, on alternate forms of the test, or on retesting",The extent to which a test predicts future performance,The extent to which a test is fair to all test-takers,b
Validity in psychological testing is:,The extent to which a test yields consistent results,The extent to which a test measures or predicts what it is supposed to,The extent to which a test is fair to all test-takers,The extent to which a test is easy to administer,b
Content validity is:,The extent to which a test predicts future performance,The extent to which a test samples the behavior that is of interest,The extent to which a test yields consistent results,The extent to which a test is fair to all test-takers,b
Predictive validity is:,The extent to which a test samples the behavior that is of interest,The success with which a test predicts the behavior it is designed to predict; it is assessed by computing the correlation between test scores and the criterion behavior,The extent to which a test yields consistent results,The extent to which a test is fair to all test-takers,b
Intellectual disability (formerly mental retardation) is:,"A condition of subaverage general mental ability accompanied by deficiencies in adaptive skills, originating before age 18",A condition of above-average general mental ability,A learning disability,A mental illness,a
Down syndrome is:,A condition of subaverage general mental ability,A condition of mild to severe intellectual disability and associated physical disorders caused by an extra copy of chromosome 21,A learning disability,A mental illness,b
Motivation is:,A state of inactivity,A need or desire that energizes and directs behavior,A state of contentment,A state of confusion,b
Instinct is:,A learned behavior,"A complex, unlearned behavior that is rigidly patterned throughout a species",A simple reflex,A conscious decision,b
Drive-reduction theory is:,The idea that a physiological need creates an aroused tension state (a drive) that motivates an organism to satisfy the need,The idea that motivation comes from external rewards,The idea that motivation comes from internal desires,The idea that motivation is based on unconscious conflicts,a
Homeostasis is:,A state of imbalance,"A tendency to maintain a balanced or constant internal state; the regulation of any aspect of body chemistry, such as blood glucose, around a particular level",A state of arousal,A state of excitement,b
Incentive is:,An internal drive,A positive or negative environmental stimulus that motivates behavior,A physiological need,An unlearned behavior,b
Hierarchy of needs (Maslow) is:,"A theory that proposes that people are motivated by a series of needs, arranged in a hierarchy, from basic physiological needs to self-actualization",A theory that proposes that people are motivated by external rewards,A theory that proposes that people are motivated by unconscious conflicts,A theory that proposes that people are motivated by learned behaviors,a
Self-actualization is:,The need to achieve competence and independence,"According to Maslow, one of the ultimate psychological needs that arises after basic physical and psychological needs are met and self-esteem is achieved; the motivation to fulfill one_s potential",The need to belong and be loved,The need for safety and security,b
Self-transcendence is:,The need to achieve competence and independence,"According to Maslow, the need to find meaning and identity beyond the self",The need to belong and be loved,The need for safety and security,b
Glucose is:,A type of protein,The form of sugar that circulates in the blood and provides the major source of energy for body tissues,A type of fat,A type of vitamin,b
Set point is:,The point at which an individual_s weight is fixed,"The point at which an individual_s ""weight thermostat"" is supposedly set",The point at which an individual_s metabolism slows down,The point at which an individual_s appetite increases,b
Basal metabolic rate is:,The rate at which the body burns calories during exercise,The body_s resting rate of energy expenditure,The rate at which the body digests food,The rate at which the body absorbs nutrients,b
Anorexia nervosa is:,An eating disorder in which a person alternates binge eating with purging (by vomiting or laxative use) or fasting,"An eating disorder in which a person (usually an adolescent female) diets and becomes significantly (15 percent or more) underweight, yet still feeling fat, continues to starve","An eating disorder characterized by significant binge-eating episodes, followed by distress, disgust, or guilt, but without the compensatory purging or fasting that marks bulimia nervosa","An eating disorder characterized by eating non-nutritive, non-food substances",b
Bulimia nervosa is:,An eating disorder in which a person (usually an adolescent female) diets and becomes significantly underweight,An eating disorder in which a person alternates binge eating with purging (by vomiting or laxative use) or fasting,"An eating disorder characterized by significant binge-eating episodes, followed by distress, disgust, or guilt, but without the compensatory purging or fasting that marks bulimia nervosa","An eating disorder characterized by eating non-nutritive, non-food substances",b
Binge-eating disorder is:,An eating disorder in which a person alternates binge eating with purging,"An eating disorder characterized by significant binge-eating episodes, followed by distress, disgust, or guilt, but without the compensatory purging or fasting that marks bulimia nervosa",An eating disorder in which a person diets and becomes significantly underweight,"An eating disorder characterized by eating non-nutritive, non-food substances",b
Sexual response cycle is:,"The four stages of sexual responding described by Masters and Johnson—excitement, plateau, orgasm, and resolution",The physiological changes that occur during sexual activity,The psychological aspects of sexual desire,The social norms related to sexual behavior,a
Refractory period is:,The period of sexual excitement,"A resting period after orgasm, during which a man cannot achieve another orgasm",The period of sexual plateau,The period of sexual resolution,b
Sexual dysfunction is:,A problem that consistently impairs sexual arousal or functioning,A normal variation in sexual desire,A temporary decrease in sexual interest,A psychological disorder unrelated to sexual activity,a
Estrogens are:,Male sex hormones,"Sex hormones, such as estradiol, secreted in greater amounts by females than by males and contributing to female sex characteristics",Hormones that regulate metabolism,Hormones that regulate growth,b
Testosterone is:,Female sex hormones,The most important of the male sex hormones,Hormones that regulate metabolism,Hormones that regulate growth,b
Emotion is:,A purely cognitive experience,"A response of the whole organism, involving (1) physiological arousal, (2) expressive behaviors, and (3) conscious experience",A purely physiological experience,A purely behavioral experience,b
James-Lange theory of emotion is:,The theory that an emotion-arousing stimulus simultaneously triggers (1) physiological responses and (2) the subjective experience of emotion,The theory that our experience of emotion is our awareness of our physiological responses to emotion-arousing stimuli,The theory that to experience emotion one must (1) be physically aroused and (2) cognitively label the arousal,The theory that emotions are entirely learned,b
Cannon-Bard theory of emotion is:,The theory that our experience of emotion is our awareness of our physiological responses to emotion-arousing stimuli,The theory that an emotion-arousing stimulus simultaneously triggers (1) physiological responses and (2) the subjective experience of emotion,The theory that to experience emotion one must (1) be physically aroused and (2) cognitively label the arousal,The theory that emotions are entirely learned,b
Two-factor theory of emotion (Schachter-Singer) is:,The theory that our experience of emotion is our awareness of our physiological responses to emotion-arousing stimuli,The theory that an emotion-arousing stimulus simultaneously triggers (1) physiological responses and (2) the subjective experience of emotion,The theory that to experience emotion one must (1) be physically aroused and (2) cognitively label the arousal,The theory that emotions are entirely learned,c
Polygraph is:,A device that measures only heart rate,"A machine, commonly used in attempts to detect lies, that measures several of the physiological responses accompanying emotion (such as perspiration and cardiovascular and breathing changes)",A device that measures only brain waves,A device that measures only muscle tension,b
Facial feedback effect is:,"The tendency of facial muscle states to trigger corresponding feelings such as fear, anger, or happiness",The tendency of facial muscle states to have no effect on emotions,The tendency of facial muscle states to suppress emotions,The tendency of facial muscle states to cause confusion,a
Health psychology is:,A subfield of psychology that provides psychology_s contribution to behavioral medicine,A subfield of psychology that focuses only on mental illness,A subfield of psychology that focuses only on physical health,A subfield of psychology that focuses only on research,a
Stress is:,A positive emotional state,"The process by which we perceive and respond to certain events, called stressors, that we appraise as threatening or challenging",A state of relaxation,A state of indifference,b
Stressor is:,A positive event,"An event or condition that we view as threatening, challenging, or overwhelming",A neutral event,A relaxing event,b
General adaptation syndrome (GAS) is:,"A three-stage (alarm, resistance, exhaustion) reaction to stress described by Hans Selye",A two-stage reaction to stress,A single-stage reaction to stress,A theory that stress has no effect on the body,a
Tend-and-befriend response is:,A male-specific stress response,"Under stress, people (especially women) often provide support to others (tend) and bond with and seek support from others (befriend)",A female-specific stress response,A response that involves fighting or fleeing,b
Psychoneuroimmunology is:,The study of the mind_s effect on the nervous system,"The study of how psychological, neural, and endocrine processes together affect the immune system and resulting health",The study of the nervous system_s effect on the immune system,The study of the immune system_s effect on the mind,b
Lymphocytes are:,Red blood cells,The two types of white blood cells that are part of the body_s immune system,Platelets,Hormones,b
B lymphocytes are:,White blood cells that attack cancer cells,White blood cells that form in the bone marrow and release antibodies that fight bacterial infections,"White blood cells that form in the thymus and other lymphatic tissue and attack cancer cells, viruses, and foreign substances",White blood cells that produce histamine,a
T lymphocytes are:,White blood cells that release antibodies,"White blood cells that form in the thymus and other lymphatic tissue and attack cancer cells, viruses, and foreign substances",White blood cells that form in the bone marrow,White blood cells that produce histamine,b
Macrophages are:,Small white blood cells,"Large, mobile white blood cells that engulf foreign invaders and worn-out cells",Red blood cells,Platelets,b
Natural killer (NK) cells are:,White blood cells that release antibodies,Lymphocytes that pursue diseased cells (such as those infected by viruses or cancer),White blood cells that form in the bone marrow,White blood cells that produce histamine,b
Type A personality is:,A personality type characterized by being relaxed and easygoing,"Friedman and Rosenman_s term for competitive, hard-driving, impatient, verbally aggressive, and anger-prone people",A personality type characterized by being calm and patient,A personality type characterized by being shy and reserved,b
Type B personality is:,A personality type characterized by being competitive and impatient,"Friedman and Rosenman_s term for easygoing, relaxed people",A personality type characterized by being calm and patient,A personality type characterized by being shy and reserved,b
Coping is:,Avoiding problems,"Alleviating stress using emotional, cognitive, or behavioral methods",Ignoring stress,Increasing stress,b
Problem-focused coping is:,Attempting to alleviate stress by avoiding the stressor,Attempting to alleviate stress directly by changing the stressor or the way we interact with that stressor,Attempting to alleviate stress by changing our emotional response to the stressor,Attempting to alleviate stress by ignoring the stressor,b
Emotion-focused coping is:,Attempting to alleviate stress directly by changing the stressor,Attempting to alleviate stress by avoiding or ignoring a stressor and attending to emotional needs related to one_s stress reaction,Attempting to alleviate stress by changing the stressor or the way we interact with that stressor,Attempting to alleviate stress by ignoring the stressor,b
Aerobic exercise is:,Exercise that involves short bursts of intense activity,Sustained exercise that increases heart and lung fitness; may also alleviate depression and anxiety,Exercise that builds muscle strength,Exercise that has no effect on mental health,b
Mindfulness meditation is:,A technique that involves focusing on past regrets,A reflective practice in which people attend to current experiences in a nonjudgmental and accepting manner,A technique that involves suppressing emotions,A technique that involves worrying about the future,b
Faith factor is:,The idea that religious people are less healthy,The finding that religiously active people tend to live longer and healthier lives,The idea that religious people are more stressed,The idea that religious people are less happy,b
Positive psychology is:,The scientific study of negative emotions,"The scientific study of human functioning, with the goals of discovering and promoting strengths and virtues that help individuals and communities to thrive",The scientific study of mental illness,The scientific study of abnormal behavior,b
Subjective well-being is:,A person_s objective assessment of their life,Self-perceived happiness or satisfaction with life,A person_s physical health,A person_s financial status,b
Adaptation-level phenomenon is:,The tendency to judge various stimuli relative to those we have previously experienced,The tendency to judge various stimuli in absolute terms,The tendency to always be satisfied with what we have,The tendency to always be dissatisfied with what we have,a
Relative deprivation is:,The perception that one is better off than others,The perception that one is worse off relative to those with whom one compares oneself,The perception that one is equal to others,The perception that one is not affected by comparisons with others,b
Psychotherapy is:,The use of medication to treat mental illness,Treatment involving psychological techniques; consists of interactions between a trained therapist and someone seeking to overcome psychological difficulties or achieve personal growth,The use of surgical procedures to treat mental illness,The use of electroconvulsive therapy to treat mental illness,b
Biomedical therapy is:,Treatment involving psychological techniques,Prescribed medications or procedures that act directly on the person_s physiology,Treatment involving only talk therapy,Treatment involving only behavioral therapy,b
Eclectic approach to therapy is:,A single therapeutic approach,"An approach to psychotherapy that, depending on the client_s problems, uses techniques from various forms of therapy",An approach to therapy that focuses only on one type of mental illness,An approach to therapy that avoids all forms of therapy,b
Psychoanalysis is:,"A short-term, symptom-focused therapy",Freud_s therapeutic technique,A therapy that focuses on conscious thoughts,A therapy that focuses on current problems,b
Resistance in psychoanalysis is:,The patient_s willingness to cooperate with the therapist,"In psychoanalysis, the blocking from consciousness of anxiety-laden material",The patient_s ability to recall all memories,The patient_s desire to end therapy,b
Interpretation in psychoanalysis is:,The therapist_s direct advice to the patient,"In psychoanalysis, the analyst_s noting supposed dream meanings, resistances, and other significant behaviors and events in order to promote insight",The patient_s interpretation of their own dreams,The patient_s direct communication of their thoughts,b
Transference in psychoanalysis is:,The patient_s unconscious redirection of feelings and attitudes from a significant person in their past onto the therapist,The therapist_s unconscious redirection of feelings and attitudes from a significant person in their past onto the patient,A mutual feeling of respect and trust between the therapist and patient,The patient_s conscious manipulation of the therapist,a
Psychodynamic therapy is:,"A long-term, intensive therapy","Therapy deriving from the psychoanalytic tradition that views individuals as responding to unconscious forces and childhood experiences, and that seeks to enhance self-insight",A therapy that focuses only on conscious thoughts,A therapy that focuses only on current problems,b
Insight therapies are:,Therapies that focus on changing behavior,A variety of therapies that aim to improve psychological functioning by increasing a person_s awareness of underlying motives and defenses,Therapies that focus on medication,Therapies that focus on external rewards,b
Client-centered therapy (Rogers) is:,A therapy that focuses on the therapist_s interpretation,"A humanistic therapy, developed by Carl Rogers, in which the therapist uses techniques such as active listening within a genuine, accepting, empathic environment to facilitate clients_ growth",A therapy that focuses on unconscious conflicts,A therapy that focuses on changing behavior,b
Active listening in client-centered therapy is:,Interrupting the client to offer solutions,"Empathic listening in which the listener echoes, restates, and clarifies",Focusing on your own thoughts while the client is speaking,Pretending to listen while doing other tasks,b
Unconditional positive regard in client-centered therapy is:,A therapist_s judgmental attitude towards the client,"A caring, accepting, nonjudgmental attitude, which Carl Rogers believed would help clients develop self-awareness and self-acceptance",A therapist_s conditional acceptance of the client,A therapist_s critical evaluation of the client,b
Behavior therapy is:,Therapy that focuses on unconscious conflicts,Therapy that applies learning principles to the elimination of unwanted behaviors,Therapy that focuses on conscious thoughts,Therapy that focuses on personal growth,b
Counterconditioning is:,A behavior therapy procedure that uses classical conditioning to evoke new responses to stimuli that are triggering unwanted behaviors; includes exposure therapies and aversive conditioning,A behavior therapy procedure that uses operant conditioning,A behavior therapy procedure that uses observational learning,A behavior therapy procedure that uses insight,a
Exposure therapies are:,"Behavioral techniques, such as systematic desensitization and virtual reality exposure therapy, that treat anxieties by exposing people (in imagination or actuality) to the things they fear and avoid",Behavioral techniques that involve avoiding feared situations,Behavioral techniques that involve punishing feared behaviors,Behavioral techniques that involve ignoring feared situations,a
Systematic desensitization is:,A type of exposure therapy that associates a pleasant relaxed state with gradually increasing anxiety-triggering stimuli,A type of exposure therapy that involves immediate exposure to the most feared stimulus,A type of exposure therapy that involves punishing feared behaviors,A type of exposure therapy that involves ignoring feared situations,a
Virtual reality exposure therapy is:,A type of exposure therapy that uses real-life situations,"An anxiety treatment that progressively exposes people to electronic simulations of their greatest fears, such as airplane flying, spiders, or public speaking",A type of exposure therapy that involves punishing feared behaviors,A type of exposure therapy that involves ignoring feared situations,b
Aversive conditioning is:,A type of counterconditioning that associates an unpleasant state (such as nausea) with an unwanted behavior (such as drinking alcohol),A type of counterconditioning that associates a pleasant state with an unwanted behavior,A type of counterconditioning that involves rewarding unwanted behaviors,A type of counterconditioning that involves ignoring unwanted behaviors,a
Token economy is:,An operant conditioning procedure in which people earn a token of some sort for exhibiting a desired behavior and can later exchange the tokens for various privileges or treats,An operant conditioning procedure in which people are punished for exhibiting desired behaviors,An operant conditioning procedure in which people are ignored for exhibiting desired behaviors,An operant conditioning procedure in which people are rewarded for exhibiting unwanted behaviors,a
Cognitive therapy is:,Therapy that focuses on unconscious conflicts,"Therapy that teaches people new, more adaptive ways of thinking and acting; based on the assumption that thoughts intervene between events and our emotional reactions",Therapy that focuses on changing behavior,Therapy that focuses on personal growth,b
Cognitive-behavioral therapy (CBT) is:,A therapy that focuses only on thoughts,A popular integrative therapy that combines cognitive therapy (changing self-defeating thinking) with behavior therapy (changing behavior),A therapy that focuses only on behaviors,A therapy that focuses only on unconscious conflicts,b
Group therapy is:,Individual therapy sessions with a therapist,"Therapy conducted with groups rather than individuals, permitting therapeutic benefits from group interaction",Therapy conducted without a therapist,Therapy focused solely on medication management,b
Family therapy is:,Therapy that treats the family as a system,Therapy that treats the family as an isolated unit,Therapy that focuses only on the identified patient,Therapy that focuses only on individual family members,a
Regression toward the mean is:,The tendency for extreme or unusual scores or events to regress toward the average,The tendency for extreme or unusual scores or events to become even more extreme,The tendency for scores to remain stable over time,The tendency for scores to become more variable over time,a
Meta-analysis in therapy research is:,A single research study on therapy effectiveness,A procedure for statistically combining the results of many different research studies,A qualitative research method for therapy,A case study of therapy effectiveness,b
Resilience in mental health is:,The inability to cope with stress,The personal strength that helps most people cope with stress and recover from adversity and even trauma,A predisposition to mental illness,A state of chronic anxiety,b
Posttraumatic growth is:,Negative psychological changes after a traumatic event,Positive psychological changes as a result of struggling with extremely challenging circumstances and life crises,No psychological changes after a traumatic event,Only physical changes after a traumatic event,b
Psychopharmacology is:,The study of psychological disorders,The study of drug effects on mind and behavior,The study of brain structure,The study of nervous system function,b
Antipsychotic drugs are:,Drugs used to treat depression,Drugs used to treat schizophrenia and other forms of severe thought disorder,Drugs used to treat anxiety,Drugs used to treat bipolar disorder,b
Antianxiety drugs are:,Drugs used to treat depression,Drugs used to control anxiety and agitation,Drugs used to treat schizophrenia,Drugs used to treat bipolar disorder,b
Antidepressant drugs are:,Drugs used to treat anxiety,"Drugs used to treat depression, anxiety disorders, obsessive-compulsive disorder, and posttraumatic stress disorder",Drugs used to treat schizophrenia,Drugs used to treat bipolar disorder,b
Mood-stabilizing drugs are:,Drugs used to treat depression,Drugs used to treat bipolar disorder,Drugs used to treat anxiety,Drugs used to treat schizophrenia,b
Electroconvulsive therapy (ECT) is:,A biomedical therapy for severely depressed patients in which a brief electric current is sent through the brain of an anesthetized patient,A biomedical therapy for anxiety disorders,A biomedical therapy for schizophrenia,A biomedical therapy for bipolar disorder,a
Repetitive transcranial magnetic stimulation (rTMS) is:,A biomedical therapy for severely depressed patients that involves applying a rapidly alternating magnetic field to the scalp and thereby causing electric currents to flow in the underlying brain tissue,A biomedical therapy for anxiety disorders,A biomedical therapy for schizophrenia,A biomedical therapy for bipolar disorder,a
Psychosurgery is:,A biomedical therapy for severely depressed patients,Surgery that removes or destroys brain tissue in an effort to change behavior,A biomedical therapy for anxiety disorders,A biomedical therapy for schizophrenia,b
Lobotomy is:,A psychosurgical procedure once used to calm uncontrollably emotional or violent patients,A psychosurgical procedure used to treat anxiety disorders,A psychosurgical procedure used to treat schizophrenia,A psychosurgical procedure used to treat bipolar disorder,a
