Question,Option A,Option B,Option C,Option D,Correct Answer
Which of the following is NOT a characteristic of bacteria?,Prokaryotic cells,Contain a nucleus,Reproduce by binary fission,Have a cell wall,b
The process by which bacteria divide to produce two identical daughter cells is called:,Mitosis,Meiosis,Binary fission,Budding,c
Which of the following is a common shape of bacteria?,Spherical (cocci),Rod-shaped (bacilli),Spiral (spirilla),All of the above,d
Gram staining is a differential staining technique used to classify bacteria based on their:,Size,Shape,Cell wall composition,Motility,c
Gram-positive bacteria stain _________ due to their thick peptidoglycan layer.,Red or pink,Purple or blue,Green,Yellow,b
Gram-negative bacteria stain _________ due to their thin peptidoglycan layer and outer membrane.,Red or pink,Purple or blue,Green,Yellow,a
Which of the following is an example of a Gram-positive bacterium?,Escherichia coli,Staphylococcus aureus,Salmonella typhi,Pseudomonas aeruginosa,b
Which of the following is an example of a Gram-negative bacterium?,Bacillus anthracis,Clostridium tetani,Neisseria gonorrhoeae,Streptococcus pyogenes,c
Bacteria that require oxygen for growth are called:,Obligate anaerobes,Facultative anaerobes,Obligate aerobes,Microaerophiles,c
Bacteria that cannot grow in the presence of oxygen are called:,Obligate anaerobes,Facultative anaerobes,Obligate aerobes,Microaerophiles,a
Bacteria that can grow with or without oxygen are called:,Obligate anaerobes,Facultative anaerobes,Obligate aerobes,Microaerophiles,b
The transfer of genetic material from one bacterium to another through a bacteriophage is called:,Transformation,Conjugation,Transduction,Mutation,c
The direct transfer of genetic material from one bacterium to another through direct cell-to-cell contact is called:,Transformation,Conjugation,Transduction,Mutation,b
The uptake of naked DNA from the environment by a bacterial cell is called:,Transformation,Conjugation,Transduction,Mutation,a
"Small, circular, extrachromosomal DNA molecules found in bacteria that can carry genes for antibiotic resistance are called:",Chromosomes,Plasmids,Ribosomes,Mitochondria,b
"Viruses are obligate intracellular parasites, meaning they:",Can grow and reproduce independently,Require a host cell to replicate,Can survive in harsh environments without a host,Are capable of photosynthesis,b
The genetic material of viruses can be:,DNA only,RNA only,Both DNA and RNA,Neither DNA nor RNA,c
The protein coat that surrounds the genetic material of a virus is called the:,Envelope,Capsid,Peplomer,Matrix,b
Viruses that infect bacteria are called:,Bacteriophages,Mycoviruses,Plant viruses,Animal viruses,a
The lytic cycle of viral replication involves:,Integration of viral DNA into the host genome,Replication of viral DNA without host cell lysis,Production of new viral particles and lysis of the host cell,Latent infection without active viral replication,c
The lysogenic cycle of viral replication involves:,Production of new viral particles and lysis of the host cell,"Integration of viral DNA into the host genome, where it can remain dormant",Rapid replication of viral particles,Immediate host cell death,b
Fungi are eukaryotic organisms that obtain nutrients by:,Photosynthesis,Ingestion,Absorption,Chemosynthesis,c
The cell walls of fungi are primarily composed of:,Peptidoglycan,Cellulose,Chitin,Lignin,c
Fungi can exist in two main forms:,Bacteria and viruses,Yeasts and molds,Algae and protozoa,Plants and animals,b
Yeasts are _________ fungi that reproduce by budding.,Multicellular,Unicellular,Filamentous,Dimorphic,b
Molds are _________ fungi that grow as filamentous structures called hyphae.,Unicellular,Multicellular,Spherical,Oval,b
Diseases caused by fungi are called:,Bacteremia,Viremia,Mycoses,Parasitemia,c
Protozoa are unicellular eukaryotic organisms that are classified based on their method of:,Reproduction,Nutrition,Locomotion,Respiration,c
Which of the following is a protozoan that moves by means of pseudopods?,Paramecium,Euglena,Amoeba,Trypanosoma,c
Which of the following is a protozoan that moves by means of flagella?,Plasmodium,Giardia,Entamoeba,Balantidium,b
Which of the following is a protozoan that moves by means of cilia?,Toxoplasma,Cryptosporidium,Paramecium,Leishmania,c
Diseases caused by protozoa are called:,Mycoses,Helminthiasis,Protozoal infections,Bacterial infections,c
Helminths are multicellular parasitic worms that include:,"Bacteria, viruses, and fungi","Protozoa, algae, and yeasts","Flatworms, roundworms, and flukes","Insects, spiders, and ticks",c
Which of the following is a type of flatworm?,Ascaris,Taenia (tapeworm),Enterobius (pinworm),Schistosoma (blood fluke),b
Which of the following is a type of roundworm?,Fasciola (liver fluke),Paragonimus (lung fluke),Necator (hookworm),Clonorchis (Chinese liver fluke),c
Diseases caused by helminths are called:,Mycoses,Helminthiasis,Protozoal infections,Bacterial infections,b
"The study of the distribution and determinants of health-related states or events in specified populations, and the application of this study to the control of health problems, is called:",Pathology,Pharmacology,Epidemiology,Immunology,c
The number of new cases of a disease in a population over a specific period of time is called:,Prevalence,Incidence,Mortality,Morbidity,b
The total number of existing cases of a disease in a population at a specific point in time or over a period of time is called:,Prevalence,Incidence,Mortality,Morbidity,a
The number of deaths in a population over a specific period of time is called:,Prevalence,Incidence,Mortality,Morbidity,c
The number of illnesses in a population over a specific period of time is called:,Prevalence,Incidence,Mortality,Morbidity,d
An epidemic is a disease outbreak that:,Occurs regularly in a particular region,Affects a large number of people in a community or region within a short period,Spreads worldwide,Affects only a few individuals,b
A pandemic is a disease outbreak that:,Occurs regularly in a particular region,Affects a large number of people in a community or region within a short period,Spreads worldwide,Affects only a few individuals,c
An endemic disease is a disease that:,Occurs regularly in a particular region or population,Affects a large number of people in a community or region within a short period,Spreads worldwide,Affects only a few individuals,a
The chain of infection includes:,"Infectious agent, reservoir, portal of exit, mode of transmission, portal of entry, susceptible host","Bacteria, viruses, fungi, parasites","Air, water, food, soil","Hands, surfaces, medical equipment",a
Which of the following is a common mode of transmission for infectious diseases?,Direct contact,Indirect contact,Droplet transmission,All of the above,d
Hand hygiene is the single most important measure to prevent the spread of:,Non-communicable diseases,Chronic diseases,Infectious diseases,Genetic disorders,c
Vaccines work by stimulating the body's immune system to produce:,Antigens,Antibodies,Toxins,Enzymes,b
Herd immunity occurs when:,"A large percentage of the population is immune to a disease, providing protection to unvaccinated individuals",Only a few individuals in a population are immune to a disease,Everyone in a population is vaccinated against a disease,A disease spreads rapidly through a population,a
Antibiotics are effective against:,Viruses,Fungi,Bacteria,Protozoa,c
Antimicrobial resistance occurs when:,Microorganisms develop the ability to withstand the effects of antimicrobial drugs,Antimicrobial drugs become more potent,The human immune system becomes stronger,Infectious diseases become less common,a
Sterilization is the process of:,Reducing the number of microorganisms on a surface,"Eliminating all microorganisms, including spores",Inhibiting the growth of microorganisms,Cleaning a surface with soap and water,b
Disinfection is the process of:,"Eliminating all microorganisms, including spores",Reducing the number of pathogenic microorganisms on inanimate objects,Inhibiting the growth of microorganisms,Cleaning a surface with soap and water,b
Antiseptics are antimicrobial agents that are safe for use on:,Inanimate objects,Living tissues,Surgical instruments,Food surfaces,b
The incubation period of an infectious disease is the time between:,Onset of symptoms and recovery,Exposure to the infectious agent and onset of symptoms,Diagnosis and treatment,Transmission and isolation,b
The period of communicability of an infectious disease is the time during which:,The patient is experiencing severe symptoms,The patient can transmit the infectious agent to others,The patient is receiving treatment,The patient is in isolation,b
A nosocomial infection (healthcare-associated infection) is an infection acquired:,In the community,In a healthcare setting,From contaminated food,From insect bites,b
Universal precautions are infection control practices that involve treating all human blood and certain body fluids as if they are known to be infectious for:,HIV only,Hepatitis B only,All bloodborne pathogens,Airborne pathogens,c
Personal protective equipment (PPE) includes:,"Gloves, gowns, masks, and eye protection",Hand sanitizer and soap,Disinfectants and antiseptics,Vaccines and antibiotics,a
Medical waste should be disposed of in:,Regular trash bins,Biohazard bags or containers,Recycling bins,Compost bins,b
The study of the body's defense mechanisms against infectious agents and other foreign substances is called:,Pathology,Pharmacology,Immunology,Microbiology,c
The two main types of immunity are:,Active and passive,Innate and adaptive,Humoral and cell-mediated,Natural and artificial,b
Innate immunity is:,Acquired after exposure to an antigen,Present from birth and provides non-specific defense,Mediated by antibodies,Long-lasting and provides memory,b
Adaptive (acquired) immunity is:,Present from birth and provides non-specific defense,"Acquired after exposure to an antigen and provides specific, long-lasting defense",Mediated by phagocytes,Short-lived and has no memory,b
Antibodies are proteins produced by _________ in response to an antigen.,T cells,B cells,Macrophages,Neutrophils,b
Antigens are substances that:,Fight off infections,Stimulate an immune response,Destroy host cells,Produce toxins,b
The primary immune response occurs upon the first exposure to an antigen and is characterized by:,Rapid and strong antibody production,Slow and weak antibody production,No antibody production,Immediate memory cell formation,b
The secondary immune response occurs upon subsequent exposure to the same antigen and is characterized by:,Slow and weak antibody production,Rapid and strong antibody production due to memory cells,No antibody production,Loss of immunity,b
Vaccines provide _________ immunity by stimulating the production of antibodies and memory cells.,Passive,Active,Natural,Artificial,b
Antitoxins provide _________ immunity by directly providing antibodies to the recipient.,Active,Passive,Natural,Artificial,b
Hypersensitivity reactions (allergies) are:,Normal immune responses to harmless substances,Exaggerated or inappropriate immune responses to harmless substances,Deficiencies in the immune system,Autoimmune diseases,b
Autoimmune diseases occur when the immune system:,Fails to respond to foreign invaders,Attacks the body's own healthy tissues,Becomes overactive in response to allergens,Is suppressed by medications,b
Immunodeficiency diseases occur when the immune system is:,Overactive,Underactive or absent,Attacking healthy tissues,Responding to allergens,b
HIV (Human Immunodeficiency Virus) primarily targets and destroys:,B cells,T helper cells (CD4+ T cells),Macrophages,Neutrophils,b
"AIDS (Acquired Immunodeficiency Syndrome) is the final stage of HIV infection, characterized by:",A strong immune response,A severely compromised immune system and opportunistic infections,Complete eradication of the virus,Mild symptoms and full recovery,b
The process of culturing microorganisms involves:,Growing microorganisms in a controlled environment,Identifying microorganisms using microscopy,Staining microorganisms for visualization,Testing microorganisms for antibiotic sensitivity,a
A culture medium is a:,Device used to sterilize equipment,Nutrient-rich substance used to grow microorganisms,Chemical used to disinfect surfaces,Stain used to visualize bacteria,b
Agar is a common solidifying agent used in culture media because it:,Provides nutrients for microbial growth,Is resistant to microbial degradation and melts at a high temperature,Inhibits the growth of unwanted microorganisms,Changes color in the presence of bacteria,b
Aseptic technique is a set of practices used to:,Promote microbial growth,Prevent contamination of cultures and sterile materials,Increase the spread of microorganisms,Enhance the virulence of pathogens,b
Incubation is the process of:,Storing cultures at low temperatures,Growing cultures at an optimal temperature for microbial growth,Disposing of contaminated cultures,Preparing cultures for microscopy,b
Microscopy is the use of a microscope to:,Grow microorganisms,Visualize microorganisms,Sterilize equipment,Disinfect surfaces,b
The total magnification of a microscope is calculated by multiplying the magnification of the:,Ocular lens by the objective lens,Objective lens by the condenser lens,Ocular lens by the stage,Objective lens by the light source,a
The ability of a microscope to distinguish between two closely spaced objects is called:,Magnification,Resolution,Contrast,Field of view,b
Staining is a technique used in microscopy to:,Kill microorganisms,Increase the visibility and contrast of microorganisms,Promote microbial growth,Sterilize slides,b
The Gram stain differentiates bacteria based on differences in their:,Cell membrane composition,Cell wall composition,Capsule presence,Flagella arrangement,b
"Acid-fast staining is used to identify bacteria with a waxy cell wall, such as:",Staphylococcus aureus,Escherichia coli,Mycobacterium tuberculosis,Streptococcus pneumoniae,c
"Spore staining is used to visualize endospores, which are resistant structures produced by some bacteria, such as:",Neisseria gonorrhoeae,Treponema pallidum,Bacillus anthracis,Vibrio cholerae,c
"Capsule staining is used to visualize the capsule, an outer protective layer found in some bacteria, such as:",Salmonella typhi,Klebsiella pneumoniae,Shigella dysenteriae,Proteus mirabilis,b
"Flagella staining is used to visualize flagella, which are structures used for:",Adhesion,Protection,Motility,Nutrient absorption,c
Biochemical tests are used to identify bacteria based on their:,Morphological characteristics,Metabolic activities,Staining properties,Growth requirements,b
"The catalase test detects the presence of the enzyme catalase, which breaks down:",Glucose,Hydrogen peroxide,Lactose,Urea,b
"The coagulase test detects the presence of the enzyme coagulase, which causes plasma to:",Liquefy,Clot,Hemolyze,Precipitate,b
"The oxidase test detects the presence of cytochrome c oxidase, an enzyme involved in:",Fermentation,Respiration,Photosynthesis,Nitrogen fixation,b
"The urease test detects the presence of the enzyme urease, which breaks down urea into:",Ammonia and carbon dioxide,Glucose and oxygen,Lactic acid and ethanol,Amino acids and water,a
The indole test detects the production of indole from the breakdown of:,Tryptophan,Phenylalanine,Lysine,Arginine,a
The Kirby-Bauer disk diffusion method is used to determine the _________ of bacteria to antibiotics.,Growth rate,Virulence,Susceptibility,Resistance,c
The zone of inhibition in the Kirby-Bauer test indicates:,Bacterial growth,Bacterial death,Susceptibility to the antibiotic,Resistance to the antibiotic,c
The minimum inhibitory concentration (MIC) is the lowest concentration of an antibiotic that:,Kills all bacteria,Inhibits the visible growth of a microorganism,Causes bacterial resistance,Is toxic to human cells,b
The minimum bactericidal concentration (MBC) is the lowest concentration of an antibiotic that:,Inhibits the visible growth of a microorganism,Kills 99.9% of the initial bacterial inoculum,Causes bacterial resistance,Is toxic to human cells,b
Molecular methods in microbiology involve the use of techniques such as PCR (Polymerase Chain Reaction) and DNA sequencing for:,Culturing microorganisms,Identifying and characterizing microorganisms,Staining microorganisms,Testing antibiotic sensitivity,b
PCR is a technique used to:,Separate DNA fragments by size,Amplify specific DNA sequences,Determine the sequence of DNA,Introduce foreign DNA into a cell,b
DNA sequencing is a technique used to:,Amplify specific DNA sequences,Determine the order of nucleotides in a DNA molecule,Separate DNA fragments by size,Introduce foreign DNA into a cell,b
Serological tests are used to detect _________ or _________ in patient samples.,Bacteria or viruses,Antigens or antibodies,DNA or RNA,Toxins or enzymes,b
ELISA (Enzyme-Linked Immunosorbent Assay) is a common serological test used to detect:,Bacterial growth,Viral replication,Antigens or antibodies,Fungal spores,c
Western blot is a laboratory technique used to detect specific _________ in a sample.,DNA,RNA,Proteins,Lipids,c
Immunofluorescence is a technique that uses fluorescently labeled antibodies to visualize:,Bacterial colonies,Viral plaques,Antigens or antibodies in cells or tissues,Fungal hyphae,c
Flow cytometry is a technique used to analyze the physical and chemical characteristics of:,Microorganisms in a culture,Cells in a fluid suspension,DNA sequences,Protein structures,b
The concept of normal flora (microbiota) refers to:,Pathogenic microorganisms that cause disease,Microorganisms that normally reside on or within a healthy host without causing disease,Microorganisms found in contaminated food,Microorganisms used in industrial processes,b
Opportunistic pathogens are microorganisms that:,Always cause disease in healthy individuals,Cause disease only when the host's immune system is compromised or when they gain access to a normally sterile site,Are always beneficial to the host,Cannot cause disease in humans,b
Virulence factors are characteristics of microorganisms that:,Promote their growth,Enhance their ability to cause disease,Make them susceptible to antibiotics,Help them survive in harsh environments,b
Exotoxins are toxins produced by bacteria and:,Are part of the bacterial cell wall,Are secreted outside the bacterial cell,Are released only upon bacterial cell lysis,Are only found in Gram-negative bacteria,b
Endotoxins are toxins produced by Gram-negative bacteria and:,Are secreted outside the bacterial cell,Are part of the bacterial outer membrane (lipopolysaccharide),Are only found in Gram-positive bacteria,Are highly potent and specific in their action,b
The process of phagocytosis involves:,The production of antibodies by B cells,The engulfment and digestion of microorganisms or other foreign particles by phagocytic cells,The lysis of host cells by viruses,The formation of bacterial spores,b
Neutrophils and macrophages are examples of:,Lymphocytes,Phagocytes,Antigen-presenting cells,Mast cells,b
"Inflammation is a protective response of the body to injury or infection, characterized by:","Redness, heat, swelling, pain, and loss of function",Decreased blood flow to the affected area,Suppression of the immune response,Rapid healing without any visible signs,a
"Fever is a systemic response to infection, characterized by:",A decrease in body temperature,An increase in body temperature,Localized swelling,Rash development,b
The complement system is a part of the immune system that:,Produces antibodies,Enhances the ability of antibodies and phagocytic cells to clear microbes and damaged cells from an organism,Directly kills infected cells,Regulates inflammation,b
Interferons are proteins produced by cells in response to viral infections that:,Directly kill viruses,Inhibit viral replication in neighboring cells,Enhance bacterial growth,Suppress the immune system,b
The major histocompatibility complex (MHC) molecules are involved in:,Antibody production,Antigen presentation to T cells,Phagocytosis,Complement activation,b
T cells are lymphocytes that play a central role in:,Humoral immunity (antibody production),Cell-mediated immunity (direct killing of infected cells and regulation of immune responses),Innate immunity,Allergic reactions,b
B cells are lymphocytes that play a central role in:,Cell-mediated immunity,Humoral immunity (antibody production),Innate immunity,Autoimmune diseases,b
Memory cells are long-lived lymphocytes that:,Produce antibodies immediately upon first exposure to an antigen,Provide a rapid and strong immune response upon subsequent exposure to the same antigen,Suppress the immune response,Are involved in allergic reactions,b
The process of vaccination involves:,"Injecting live, virulent pathogens into an individual",Introducing a weakened or inactivated form of a pathogen (or its components) to stimulate an immune response,Administering antibiotics to prevent infection,Suppressing the immune system to prevent autoimmune diseases,b
Live attenuated vaccines contain:,Killed pathogens,Weakened forms of the pathogen that can still replicate but do not cause disease,Toxoids,Subunit antigens,b
Inactivated (killed) vaccines contain:,Weakened forms of the pathogen,Pathogens that have been killed by heat or chemicals,Toxoids,Subunit antigens,b
Toxoid vaccines contain:,Live attenuated pathogens,Inactivated pathogens,Inactivated bacterial toxins,Subunit antigens,c
Subunit vaccines contain:,Whole pathogens,Inactivated toxins,Specific protein or polysaccharide components of a pathogen,Genetic material of a pathogen,c
Conjugate vaccines are a type of subunit vaccine that:,Combine a weak antigen with a strong antigen to elicit a stronger immune response,Contain live attenuated pathogens,Contain inactivated toxins,Contain whole pathogens,a
mRNA vaccines work by:,Introducing a weakened form of the pathogen into the body,"Delivering mRNA instructions to cells to produce a viral protein, which then triggers an immune response",Injecting inactivated viral particles,Administering pre-formed antibodies,b
Viral vector vaccines work by:,Using a modified virus to deliver genetic material from another pathogen into cells,Introducing a weakened form of the pathogen into the body,Injecting inactivated viral particles,Administering pre-formed antibodies,a
The cold chain refers to the system of:,Storing vaccines at room temperature,Maintaining vaccines at a consistently low temperature from manufacturing to administration,Transporting vaccines in warm conditions,Freezing vaccines immediately after production,b
Adverse events following immunization (AEFI) are:,Always serious and life-threatening,Any untoward medical occurrence that follows immunization and that does not necessarily have a causal relationship with the usage of the vaccine,Always caused by vaccine errors,Never reported to health authorities,b
Vaccine hesitancy is the:,Acceptance of all recommended vaccines,Delay in acceptance or refusal of vaccination despite availability of vaccination services,Demand for more vaccines,Complete rejection of all vaccines,b
The study of the interactions between microorganisms and their environment is called:,Microbial genetics,Microbial physiology,Microbial ecology,Microbial pathogenesis,c
Bioremediation is the use of microorganisms to:,Produce antibiotics,Clean up environmental pollutants,Ferment food products,Cause disease,b
"Probiotics are live microorganisms that, when administered in adequate amounts, confer a health benefit on the host. They are often found in:",Antibiotics,Fermented foods like yogurt,Disinfectants,Vaccines,b
Prebiotics are non-digestible food ingredients that:,Contain live microorganisms,Selectively stimulate the growth and/or activity of beneficial bacteria in the colon,Kill harmful bacteria,Are used as preservatives in food,b
The human microbiome refers to the:,Collection of all genes in the human body,Collection of all microorganisms living in or on the human body,Collection of all human cells,Collection of all viruses that infect humans,b
The gut microbiome plays a crucial role in:,Digestion and nutrient absorption,Immune system development,Protection against pathogens,All of the above,d
Fecal microbiota transplantation (FMT) is a procedure that involves:,Transplanting healthy gut bacteria from a donor to a recipient to restore a healthy microbiome,Removing harmful bacteria from the gut,Administering antibiotics to treat gut infections,Performing surgery on the intestines,a
Emerging infectious diseases are diseases that:,Have been around for a long time,Have recently appeared in a population or whose incidence has increased rapidly,Are easily treatable with antibiotics,Affect only animals,b
Re-emerging infectious diseases are diseases that:,Have recently appeared in a population,"Were once a major health problem globally or in a particular country, and then declined, but are now once again becoming health problems",Are easily preventable by vaccination,Affect only plants,b
Zoonotic diseases are infectious diseases that:,Are transmitted only between humans,Are transmitted from animals to humans,Are transmitted only between animals,Are transmitted through contaminated food,b
Vector-borne diseases are infectious diseases that are transmitted by:,Direct contact,Contaminated food or water,"Arthropod vectors (e.g., mosquitoes, ticks)",Airborne droplets,c
Biosafety levels (BSL) are a set of containment precautions used in laboratories to:,Promote microbial growth,Protect laboratory workers and the environment from infectious agents,Increase the virulence of pathogens,Enhance microbial identification,b
BSL-1 laboratories work with agents that:,Pose a high individual and community risk,Pose a moderate individual risk and low community risk,Pose a low individual and community risk,Pose a high individual risk and moderate community risk,c
BSL-2 laboratories work with agents that:,Pose a low individual and community risk,Pose a moderate individual risk and low community risk,Pose a high individual and community risk,Pose a high individual risk and moderate community risk,b
BSL-3 laboratories work with agents that:,Pose a low individual and community risk,Pose a moderate individual risk and low community risk,"Pose a high individual risk and low community risk (e.g., Mycobacterium tuberculosis)",Pose a high individual and community risk,c
BSL-4 laboratories work with agents that:,Pose a low individual and community risk,Pose a moderate individual risk and low community risk,Pose a high individual risk and low community risk,"Pose a high individual and community risk, often with no known treatment or vaccine (e.g., Ebola virus)",d
The process of surveillance in public health involves:,Treating individual patients,"Ongoing systematic collection, analysis, interpretation, and dissemination of health data for public health action",Developing new vaccines,Conducting clinical trials,b
The purpose of surveillance is to:,Identify individual cases of disease,"Monitor disease trends, detect outbreaks, and evaluate public health interventions",Provide medical treatment,Conduct research studies,b
Notification of infectious diseases is important for:,Protecting patient privacy,Enabling public health authorities to track and control disease outbreaks,Avoiding legal consequences,Reducing healthcare costs,b
Contact tracing is a public health intervention that involves:,Identifying individuals who have been in contact with an infected person and monitoring them for symptoms,Tracking the movement of infectious agents,Developing new diagnostic tests,Administering vaccines to the general population,a
Isolation is the separation of:,Healthy individuals from sick individuals,Sick individuals from healthy individuals to prevent the spread of infection,Healthcare workers from patients,Contaminated materials from sterile materials,b
Quarantine is the separation and restriction of movement of:,Sick individuals from healthy individuals,Healthy individuals who have been exposed to an infectious disease to see if they become ill,Healthcare workers from patients,Contaminated materials from sterile materials,b
The concept of,True,False,,,a
Food microbiology is the study of microorganisms that:,Inhabit the human gut,"Inhabit, create, or contaminate food",Cause plant diseases,Are used in industrial fermentation,b
Food spoilage is the process by which food becomes unfit for consumption due to:,Microbial growth and activity,Chemical reactions,Physical damage,All of the above,d
Foodborne illness (food poisoning) is caused by consuming food contaminated with:,Pathogenic microorganisms or their toxins,Pesticides,Heavy metals,Allergens,a
Common foodborne pathogens include:,"Salmonella, Escherichia coli O157:H7, Listeria monocytogenes","Influenza virus, Rhinovirus, Coronavirus","Candida albicans, Aspergillus flavus, Penicillium roqueforti","Plasmodium falciparum, Giardia lamblia, Cryptosporidium parvum",a
Food preservation techniques aim to:,Enhance microbial growth,Prevent or slow down microbial growth and spoilage,Increase the nutritional value of food,Improve the taste and texture of food,b
Pasteurization is a food preservation method that involves:,Heating food to a high temperature to kill all microorganisms,Heating food to a specific temperature for a specific time to kill most pathogenic microorganisms and reduce spoilage organisms,Freezing food to inhibit microbial growth,Drying food to remove moisture,b
Canning is a food preservation method that involves:,Heating food in sealed containers to kill microorganisms and inactivate enzymes,Fermenting food to produce acids that inhibit microbial growth,Adding preservatives to food to prevent spoilage,Irradiating food to kill microorganisms,a
Fermentation is a food preservation method that uses microorganisms to:,Spoil food,"Convert carbohydrates into alcohol or organic acids, which inhibit the growth of spoilage and pathogenic microorganisms",Sterilize food,Remove nutrients from food,b
Examples of fermented foods include:,"Yogurt, cheese, sauerkraut, kimchi, beer, wine","Canned fruits, vegetables, and meats",Pasteurized milk and juice,Frozen meals and desserts,a
Hazard Analysis and Critical Control Points (HACCP) is a systematic approach to:,"Food safety that identifies, evaluates, and controls food safety hazards",Food quality control,Food product development,Food marketing and distribution,a
Industrial microbiology is the use of microorganisms in industrial processes to produce:,"Antibiotics, vaccines, enzymes, organic acids, and other valuable products",Foodborne illnesses,Environmental pollutants,Plant diseases,a
Bioreactors (fermenters) are vessels used to:,Sterilize equipment,Grow microorganisms in large quantities under controlled conditions,Disinfect surfaces,Store food products,b
Genetic engineering in microbiology involves:,Modifying the genetic material of microorganisms to produce desired products or enhance their capabilities,Culturing microorganisms in a laboratory,Staining microorganisms for microscopy,Testing microorganisms for antibiotic sensitivity,a
Recombinant DNA technology is a set of techniques used to:,Combine DNA from different sources,Amplify DNA sequences,Determine the sequence of DNA,Separate DNA fragments by size,a
The Human Genome Project was an international research effort to:,Determine the sequence of the human genome and identify all human genes,Develop new antibiotics,Eradicate infectious diseases,Create genetically modified organisms,a
Metagenomics is the study of:,The genetic material of a single organism,The collective genetic material recovered directly from environmental samples,The proteins produced by an organism,The metabolic pathways of an organism,b
Synthetic biology is an interdisciplinary field that involves:,"Designing and constructing new biological parts, devices, and systems, or re-designing existing, natural biological systems for useful purposes",Studying the evolution of life,Discovering new species of microorganisms,Analyzing the structure of biological molecules,a
Prions are infectious agents composed entirely of:,DNA,RNA,Protein,Lipids,c
"Prion diseases, such as Creutzfeldt-Jakob disease (CJD), are characterized by:",Rapidly progressive neurodegeneration,Respiratory infections,Gastrointestinal illnesses,Skin rashes,a
Viroids are infectious agents that consist of:,Protein only,"Small, circular RNA molecules",DNA and protein,Lipids and carbohydrates,b
Viroids primarily infect:,Humans,Animals,Plants,Bacteria,c
The Koch postulates are a set of criteria used to establish a causal relationship between a microorganism and a disease. Which of the following is NOT one of Koch's postulates?,"The microorganism must be found in abundance in all organisms suffering from the disease, but should not be found in healthy organisms.",The microorganism must be isolated from a diseased organism and grown in pure culture.,The cultured microorganism should cause disease when introduced into a healthy organism.,"The microorganism must be re-isolated from the inoculated, diseased experimental host and identified as being identical to the original specific causative agent.",N/A
"The germ theory of disease, proposed by scientists like Louis Pasteur and Robert Koch, states that:",Diseases are caused by imbalances in bodily humors,Diseases are caused by microorganisms,Diseases are caused by miasmas (bad air),Diseases are caused by supernatural forces,b
"Louis Pasteur is known for his contributions to microbiology, including:",Developing the process of pasteurization,Developing vaccines for rabies and anthrax,Disproving the theory of spontaneous generation,All of the above,d
"Robert Koch is known for his contributions to microbiology, including:","Identifying the causative agents of anthrax, tuberculosis, and cholera",Developing Koch's postulates,Improving techniques for culturing and staining bacteria,All of the above,d
Alexander Fleming is credited with the discovery of:,Penicillin,Streptomycin,Tetracycline,Erythromycin,a
The field of virology is the study of:,Bacteria,Viruses,Fungi,Parasites,b
The field of mycology is the study of:,Bacteria,Viruses,Fungi,Parasites,c
The field of parasitology is the study of:,Bacteria,Viruses,Fungi,Parasites,d
"The term ""sterile"" means:","Free from all living microorganisms, including spores",Free from pathogenic microorganisms,Clean and disinfected,Containing a low number of microorganisms,a
An autoclave is a device used for sterilization that uses:,Dry heat,Steam under pressure,Filtration,Radiation,b
Filtration is a sterilization method used for:,Heat-sensitive liquids and gases,Surgical instruments,Glassware,Culture media,a
"Ionizing radiation, such as gamma rays, can be used for sterilization because it:",Damages microbial DNA,Denatures microbial proteins,Disrupts microbial cell membranes,All of the above,a
"Non-ionizing radiation, such as ultraviolet (UV) light, is used for:",Sterilizing liquids,Sterilizing surgical instruments,Disinfecting surfaces and air,Sterilizing heat-sensitive materials,c
"Chemical sterilants, such as ethylene oxide, are used for:",Sterilizing heat-sensitive materials,Disinfecting skin,Cleaning laboratory benches,Preserving food,a
The decimal reduction time (D-value) is the time required to kill _________ of a microbial population at a specific temperature.,10%,50%,90%,100%,c
The thermal death point (TDP) is the lowest temperature at which all microorganisms in a liquid suspension are killed in _________ minutes.,1,5,10,15,c
The thermal death time (TDT) is the minimum time required to kill all microorganisms in a liquid suspension at a specific _________.,Pressure,pH,Temperature,Concentration,c
Disinfectants are chemical agents used to kill or inhibit the growth of microorganisms on:,Living tissues,Inanimate objects,Food products,Surgical instruments,b
Antiseptics are chemical agents used to kill or inhibit the growth of microorganisms on:,Living tissues,Inanimate objects,Food products,Surgical instruments,a
Factors that influence the effectiveness of antimicrobial agents include:,Concentration of the agent,Contact time,Temperature and pH,All of the above,d
The use-dilution test is a method used to evaluate the effectiveness of:,Antibiotics,Disinfectants,Antiseptics,Sterilants,b
The disk-diffusion method (Kirby-Bauer test) is used to evaluate the effectiveness of:,Antibiotics,Disinfectants,Antiseptics,Sterilants,a
Phenol and phenolics are disinfectants that work by:,Disrupting cell membranes and denaturing proteins,Oxidizing cellular components,Alkylating proteins and nucleic acids,Inhibiting enzyme activity,a
"Halogens, such as chlorine and iodine, are disinfectants that work by:",Disrupting cell membranes,Oxidizing cellular components,Alkylating proteins and nucleic acids,Inhibiting enzyme activity,b
"Alcohols, such as ethanol and isopropanol, are disinfectants that work by:",Denaturing proteins and dissolving lipids,Oxidizing cellular components,Alkylating proteins and nucleic acids,Inhibiting enzyme activity,a
"Heavy metals, such as silver and mercury, are disinfectants that work by:",Denaturing proteins by reacting with sulfhydryl groups,Oxidizing cellular components,Alkylating proteins and nucleic acids,Inhibiting enzyme activity,a
Quaternary ammonium compounds (quats) are disinfectants that work by:,Disrupting cell membranes,Oxidizing cellular components,Alkylating proteins and nucleic acids,Inhibiting enzyme activity,a
"Aldehydes, such as formaldehyde and glutaraldehyde, are disinfectants and sterilants that work by:",Denaturing proteins and inactivating nucleic acids,Oxidizing cellular components,Disrupting cell membranes,Inhibiting enzyme activity,a
"Gaseous sterilants, such as ethylene oxide, are used for:",Sterilizing heat-sensitive materials,Disinfecting skin,Cleaning laboratory benches,Preserving food,a
"Peroxygens, such as hydrogen peroxide and peracetic acid, are disinfectants and sterilants that work by:",Oxidizing cellular components,Disrupting cell membranes,Alkylating proteins and nucleic acids,Inhibiting enzyme activity,a
The mechanism of action of penicillin is to:,Inhibit protein synthesis,Inhibit cell wall synthesis,Inhibit nucleic acid synthesis,Disrupt cell membrane function,b
The mechanism of action of tetracyclines is to:,Inhibit protein synthesis by binding to the 30S ribosomal subunit,Inhibit cell wall synthesis,Inhibit nucleic acid synthesis,Disrupt cell membrane function,a
"The mechanism of action of macrolides (e.g., erythromycin) is to:",Inhibit protein synthesis by binding to the 50S ribosomal subunit,Inhibit cell wall synthesis,Inhibit nucleic acid synthesis,Disrupt cell membrane function,a
"The mechanism of action of fluoroquinolones (e.g., ciprofloxacin) is to:",Inhibit protein synthesis,Inhibit cell wall synthesis,"Inhibit DNA gyrase and topoisomerase IV, enzymes essential for DNA replication",Disrupt cell membrane function,c
The mechanism of action of sulfonamides is to:,Inhibit protein synthesis,Inhibit cell wall synthesis,"Inhibit the synthesis of folic acid, a nutrient essential for bacterial growth",Disrupt cell membrane function,c
Antiviral drugs work by:,Killing viruses directly,Inhibiting viral replication at various stages,Strengthening the host immune system,Preventing viral entry into host cells,b
"Antifungal drugs work by targeting structures or processes unique to fungi, such as:",Peptidoglycan cell walls,Ergosterol in cell membranes,70S ribosomes,DNA gyrase,b
"Antiparasitic drugs work by targeting structures or processes unique to parasites, such as:",Peptidoglycan cell walls,Neuromuscular junctions,70S ribosomes,DNA gyrase,b
"Selective toxicity is an important characteristic of antimicrobial drugs, meaning that they should:",Be toxic to both the host and the microorganism,Be more toxic to the microorganism than to the host,Be toxic only to the host,Be non-toxic to both the host and the microorganism,b
The spectrum of activity of an antimicrobial drug refers to the:,Range of microorganisms it can kill or inhibit,Speed at which it works,Dosage required for effectiveness,Side effects it causes,a
Broad-spectrum antibiotics are effective against:,Only Gram-positive bacteria,Only Gram-negative bacteria,A wide range of both Gram-positive and Gram-negative bacteria,Only viruses,c
Narrow-spectrum antibiotics are effective against:,A wide range of bacteria,"A limited range of bacteria (e.g., only Gram-positive or only specific species)",Only fungi,Only parasites,b
Synergism in antimicrobial therapy occurs when:,Two drugs used together have a greater effect than the sum of their individual effects,Two drugs used together have a lesser effect than the sum of their individual effects,One drug counteracts the effect of another drug,Both drugs have the same mechanism of action,a
Antagonism in antimicrobial therapy occurs when:,Two drugs used together have a greater effect than the sum of their individual effects,"Two drugs used together have a lesser effect than the sum of their individual effects, or one drug interferes with the action of another",Both drugs have the same mechanism of action,Both drugs are equally effective,b
Common mechanisms of antimicrobial resistance include:,Enzymatic inactivation of the drug,Alteration of the drug target site,Decreased drug uptake or increased drug efflux,All of the above,d
Horizontal gene transfer plays a significant role in the spread of antibiotic resistance genes among bacteria. This can occur through:,Transformation,Transduction,Conjugation,All of the above,d
Methicillin-resistant Staphylococcus aureus (MRSA) is a bacterium that is resistant to:,Penicillin,Methicillin and other beta-lactam antibiotics,Vancomycin,Tetracycline,b
Vancomycin-resistant Enterococcus (VRE) is a bacterium that is resistant to:,Penicillin,Methicillin,Vancomycin,Tetracycline,c
Carbapenem-resistant Enterobacteriaceae (CRE) are bacteria that are resistant to:,Penicillin,Methicillin,Vancomycin,"Carbapenems, a class of broad-spectrum antibiotics",d
Strategies to combat antimicrobial resistance include:,Developing new antimicrobial drugs,Prudent use of existing antimicrobial drugs (antimicrobial stewardship),Infection prevention and control measures,All of the above,d
Antimicrobial stewardship is a coordinated program that promotes the appropriate use of antimicrobial agents to:,Improve patient outcomes,Reduce microbial resistance,Decrease the spread of infections caused by multidrug-resistant organisms,All of the above,d
The human oral cavity harbors a diverse microbial community. Which of the following is a common oral bacterium associated with dental caries (cavities)?,Streptococcus mutans,Staphylococcus aureus,Escherichia coli,Pseudomonas aeruginosa,a
The human skin is colonized by various microorganisms. Which of the following is a common skin bacterium?,Streptococcus pyogenes,Staphylococcus epidermidis,Clostridium difficile,Helicobacter pylori,b
The human gastrointestinal tract contains a vast and complex microbial community. Which of the following is a common gut bacterium?,Bacteroides fragilis,Neisseria meningitidis,Haemophilus influenzae,Bordetella pertussis,a
The human respiratory tract can be colonized by various microorganisms. Which of the following is a common respiratory pathogen?,Streptococcus pneumoniae,Candida albicans,Trichomonas vaginalis,Giardia lamblia,a
The human urogenital tract can be colonized by various microorganisms. Which of the following is a common cause of urinary tract infections (UTIs)?,Escherichia coli,Staphylococcus aureus,Streptococcus pyogenes,Pseudomonas aeruginosa,a
Sepsis is a life-threatening condition that arises when the body’s response to an infection injures its own tissues and organs. It is often caused by:,Viral infections,Bacterial infections,Fungal infections,Parasitic infections,b
"Meningitis is an inflammation of the meninges, the membranes that surround the brain and spinal cord. It can be caused by:",Bacteria,Viruses,Fungi,All of the above,d
Pneumonia is an infection that inflames the air sacs in one or both lungs. It can be caused by:,Bacteria,Viruses,Fungi,All of the above,d
Tuberculosis (TB) is an infectious disease usually caused by the bacterium Mycobacterium tuberculosis. It primarily affects the:,Lungs,Liver,Kidneys,Brain,a
"Malaria is a life-threatening disease caused by Plasmodium parasites, which are transmitted to people through the bites of infected female _________ mosquitoes.",Aedes,Anopheles,Culex,Mansonia,b
Influenza (flu) is a contagious respiratory illness caused by influenza viruses. It is primarily spread through:,Contaminated food,Insect bites,Respiratory droplets produced when an infected person coughs or sneezes,Direct contact with infected animals,c
"Measles is a highly contagious viral disease characterized by fever, cough, runny nose, and a rash. It is spread through:",Contaminated water,Sexual contact,Respiratory droplets and direct contact with infected secretions,Insect bites,c
Cholera is an acute diarrheal illness caused by infection of the intestine with the bacterium Vibrio cholerae. It is typically spread through:,Airborne transmission,Contaminated food or water,Direct contact with infected animals,Insect bites,b
Typhoid fever is a life-threatening illness caused by the bacterium Salmonella Typhi. It is usually spread through:,Respiratory droplets,Contaminated food or water,Sexual contact,Insect bites,b
Hepatitis is an inflammation of the liver. Hepatitis B and C viruses are major causes of chronic liver disease and are primarily transmitted through:,Contaminated food or water,Contact with infected blood or body fluids,Respiratory droplets,Insect bites,b
Dengue fever is a mosquito-borne viral infection found in tropical and subtropical regions. It is transmitted by _________ mosquitoes.,Anopheles,Aedes,Culex,Mansonia,b
Zika virus is primarily transmitted by _________ mosquitoes. It can also be transmitted through sexual contact and from mother to fetus during pregnancy.,Anopheles,Aedes,Culex,Mansonia,b
"Ebola virus disease (EVD) is a severe, often fatal illness in humans. It is transmitted to people from wild animals and spreads in the human population through:",Airborne transmission,"Direct contact with the blood, secretions, organs or other bodily fluids of infected people, and with surfaces and materials contaminated with these fluids",Contaminated food or water,Insect bites,b
Lyme disease is a bacterial infection transmitted to humans through the bite of infected _________.,Mosquitoes,Ticks,Fleas,Lice,b
Rabies is a viral disease that affects the central nervous system and is almost always fatal. It is primarily transmitted to humans through:,Contaminated food,"The bite or scratch of an infected animal, usually a dog",Respiratory droplets,Insect bites,b
Anthrax is a serious infectious disease caused by the bacterium Bacillus anthracis. It can be transmitted to humans through:,Contact with infected animals or their products,Inhalation of spores,Ingestion of contaminated food,All of the above,d
Botulism is a rare but serious illness caused by a toxin produced by the bacterium Clostridium botulinum. It can be transmitted through:,Contaminated food (foodborne botulism),Wound infection (wound botulism),Inhalation of spores (inhalational botulism),All of the above,d
"Tetanus (lockjaw) is a serious bacterial infection that affects the nervous system, leading to painful muscle contractions. It is caused by the bacterium Clostridium tetani, whose spores are found in:","Soil, dust, and animal feces",Contaminated water,Respiratory droplets,Infected blood,a
Diphtheria is a serious bacterial infection that affects the mucous membranes of the nose and throat. It is caused by the bacterium Corynebacterium diphtheriae and is spread through:,Contaminated food,Respiratory droplets,Insect bites,Sexual contact,b
Pertussis (whooping cough) is a highly contagious respiratory tract infection caused by the bacterium Bordetella pertussis. It is spread through:,Contaminated water,Respiratory droplets,Insect bites,Direct contact with infected animals,b
Mumps is a viral infection that primarily affects the salivary glands. It is spread through:,Contaminated food,Respiratory droplets and direct contact with infected saliva,Insect bites,Sexual contact,b
Rubella (German measles) is a contagious viral infection best known by its distinctive red rash. It is spread through:,Contaminated water,Respiratory droplets,Insect bites,Direct contact with infected animals,b
"Varicella (chickenpox) is a highly contagious viral infection that causes an itchy rash with small, fluid-filled blisters. It is spread through:",Contaminated food,Respiratory droplets and direct contact with fluid from blisters,Insect bites,Sexual contact,b
"Herpes zoster (shingles) is a viral infection that causes a painful rash. It is caused by the reactivation of the varicella-zoster virus, the same virus that causes:",Measles,Mumps,Chickenpox,Rubella,c
Human papillomavirus (HPV) is a common viral infection that can cause warts and certain types of cancer. It is primarily transmitted through:,Respiratory droplets,Sexual contact,Contaminated food,Insect bites,b
Chlamydia is a common sexually transmitted infection (STI) caused by the bacterium Chlamydia trachomatis. It can infect:,Men and women,Only men,Only women,Only animals,a
Gonorrhea is a sexually transmitted infection (STI) caused by the bacterium Neisseria gonorrhoeae. It can infect:,Men and women,Only men,Only women,Only animals,a
Syphilis is a sexually transmitted infection (STI) caused by the bacterium Treponema pallidum. It can progress through several stages if left untreated. The primary stage is characterized by:,A rash on the palms and soles,A painless sore (chancre) at the site of infection,Neurological problems,Cardiovascular problems,b
Trichomoniasis is a common sexually transmitted infection (STI) caused by a protozoan parasite called Trichomonas vaginalis. It can infect:,Men and women,Only men,Only women,Only animals,a
"Candidiasis (yeast infection) is a fungal infection caused by Candida species, most commonly Candida albicans. It can affect the:",Mouth (thrush),Vagina (vaginal yeast infection),Skin,All of the above,d
Aspergillosis is a fungal infection caused by Aspergillus species. It primarily affects the:,Respiratory system,Gastrointestinal tract,Urinary tract,Skin,a
Cryptococcosis is a fungal infection caused by Cryptococcus species. It can affect the:,Lungs,Brain (meningitis),Skin,All of the above,d
"Pneumocystis pneumonia (PCP) is a serious fungal infection that primarily affects the lungs of individuals with weakened immune systems, such as those with:",Diabetes,HIV/AIDS,Asthma,Hypertension,b
Giardiasis is an intestinal infection caused by the protozoan parasite Giardia lamblia. It is typically spread through:,Respiratory droplets,Contaminated food or water,Sexual contact,Insect bites,b
Amebiasis is an intestinal infection caused by the protozoan parasite Entamoeba histolytica. It is typically spread through:,Airborne transmission,Contaminated food or water,Direct contact with infected animals,Insect bites,b
Toxoplasmosis is an infection caused by the protozoan parasite Toxoplasma gondii. It can be transmitted to humans through:,Contact with infected cat feces,Consumption of undercooked contaminated meat,Mother-to-child transmission during pregnancy,All of the above,d
Leishmaniasis is a parasitic disease transmitted by the bite of infected female _________.,Mosquitoes,Sandflies,Ticks,Fleas,b
Trypanosomiasis (African sleeping sickness) is a parasitic disease transmitted by the bite of infected _________.,Mosquitoes,Tsetse flies,Ticks,Fleas,b
Chagas disease (American trypanosomiasis) is a parasitic disease transmitted by the feces of infected _________ bugs.,Mosquitoes,Triatomine (kissing),Ticks,Fleas,b
Schistosomiasis (bilharzia) is a parasitic disease caused by trematode worms (flukes) of the genus Schistosoma. Infection occurs when people come into contact with freshwater contaminated with:,Mosquito larvae,Snail larvae that release cercariae,Tick larvae,Flea larvae,b
Ascariasis is an infection of the small intestine caused by the roundworm Ascaris lumbricoides. It is typically spread through:,Respiratory droplets,Ingestion of eggs from contaminated soil or food,Sexual contact,Insect bites,b
Hookworm infection is caused by roundworms (Necator americanus and Ancylostoma duodenale) that live in the small intestine. Infection occurs when larvae in contaminated soil penetrate the:,Skin,Eyes,Mouth,Nose,a
Trichuriasis (whipworm infection) is an infection of the large intestine caused by the roundworm Trichuris trichiura. It is typically spread through:,Airborne transmission,Ingestion of eggs from contaminated soil or food,Direct contact with infected animals,Insect bites,b
Enterobiasis (pinworm infection) is an intestinal infection caused by the roundworm Enterobius vermicularis. It is highly contagious and spread through:,Respiratory droplets,"Ingestion of eggs, often through hand-to-mouth contact after touching contaminated surfaces or scratching the anal area",Sexual contact,Insect bites,b
Taeniasis is an intestinal infection caused by tapeworms of the genus Taenia. Humans can become infected by eating raw or undercooked _________ containing tapeworm larvae.,Fish,Beef or pork,Poultry,Vegetables,b
Cysticercosis is a parasitic tissue infection caused by larval cysts of the pork tapeworm Taenia solium. Humans can become infected by:,Eating raw or undercooked pork containing tapeworm larvae,"Ingesting Taenia solium eggs from contaminated food, water, or hands",Both a and b,Neither a nor b,b
Echinococcosis (hydatid disease) is a parasitic disease caused by larval cysts of tapeworms of the genus Echinococcus. Humans can become infected by ingesting eggs from the feces of infected _________.,Cats,Dogs or other canids,Birds,Rodents,b
"Fascioliasis is a parasitic disease caused by liver flukes of the genus Fasciola. Humans can become infected by eating raw freshwater plants (e.g., watercress) contaminated with:",Mosquito larvae,Snail larvae that release metacercariae,Tick larvae,Flea larvae,b
Paragonimiasis is a parasitic disease caused by lung flukes of the genus Paragonimus. Humans can become infected by eating raw or undercooked freshwater _________ or _________ containing metacercariae.,Fish or snails,Crabs or crayfish,Clams or oysters,Shrimp or prawns,b
Clonorchiasis (Chinese liver fluke disease) is a parasitic disease caused by the liver fluke Clonorchis sinensis. Humans can become infected by eating raw or undercooked freshwater _________ containing metacercariae.,Snails,Fish,Crabs,Crayfish,b
Scabies is an itchy skin condition caused by an infestation by the mite Sarcoptes scabiei. It is spread through:,Respiratory droplets,Prolonged skin-to-skin contact with an infected person,Contaminated food,Insect bites,b
"Pediculosis (lice infestation) is an infestation of lice, which are parasitic insects that feed on human blood. The three types of lice that infest humans are:","Head lice, body lice, and pubic lice","Bed bugs, fleas, and ticks","Mosquitoes, flies, and gnats","Ants, bees, and wasps",a
Myiasis is the infestation of live human or animal tissue by fly larvae (maggots). It occurs when flies lay their eggs in:,Open wounds or sores,Contaminated food,Standing water,Decaying organic matter,a
"The term ""pathogen"" refers to a microorganism that:",Is always beneficial to the host,Can cause disease,Is found only in the environment,Is used in food production,b
"The term ""infection"" refers to the:",Presence of microorganisms on a surface,Invasion and multiplication of pathogenic microorganisms in a host,Body’s response to injury,Development of immunity,b
"The term ""disease"" refers to a condition in which:",Microorganisms are present in the body,The normal functioning of the body is impaired,The immune system is activated,Antibodies are produced,b
"The term ""virulence"" refers to the:",Ability of a microorganism to cause disease,Degree of pathogenicity of a microorganism,Ability of a microorganism to survive in the environment,Both a and b,d
"The term ""host"" refers to an organism that:","Harbors another organism (e.g., a parasite or pathogen)",Causes disease,Is resistant to infection,Is used to grow microorganisms in the laboratory,a
"The term ""reservoir"" refers to the:",Site where a pathogen lives and multiplies,Mode of transmission of a pathogen,Susceptible individual,Portal of entry for a pathogen,a
"The term ""portal of exit"" refers to the:",Way a pathogen enters a host,Way a pathogen leaves a reservoir or host,Site where a pathogen multiplies,Susceptible individual,b
"The term ""mode of transmission"" refers to the:",Way a pathogen enters a host,Way a pathogen leaves a reservoir or host,Way a pathogen is transferred from a reservoir or host to a susceptible host,Site where a pathogen multiplies,c
"The term ""portal of entry"" refers to the:",Way a pathogen enters a susceptible host,Way a pathogen leaves a reservoir or host,Way a pathogen is transferred from a reservoir or host to a susceptible host,Site where a pathogen multiplies,a
"The term ""susceptible host"" refers to an individual who is:",Immune to a particular pathogen,At risk of becoming infected with a particular pathogen,Carrying a pathogen without showing symptoms,Transmitting a pathogen to others,b
"The term ""carrier"" refers to an individual who:",Is immune to a particular pathogen,Is actively sick with a disease,"Harbors a pathogen and can transmit it to others, but may not show symptoms of the disease",Has recovered from a disease and is no longer infectious,c
"The term ""fomite"" refers to an inanimate object that can:",Harbor and transmit pathogens,Kill pathogens,Provide nutrients for pathogens,Prevent infection,a
"The term ""vector"" refers to a living organism (e.g., an insect) that can:",Harbor and transmit pathogens,Kill pathogens,Provide nutrients for pathogens,Prevent infection,a
"The term ""zoonosis"" refers to a disease that can be transmitted from:",Humans to animals,Animals to humans,Plants to humans,Insects to humans,b
"The term ""opportunistic infection"" refers to an infection caused by a microorganism that:",Always causes disease in healthy individuals,Typically does not cause disease in healthy individuals but can cause disease in individuals with weakened immune systems,Is always resistant to antibiotics,Is transmitted only through direct contact,b
"The term ""superinfection"" refers to a:","Second infection that occurs during or immediately after an initial infection, often caused by a different microorganism and resulting from the disruption of normal flora by antimicrobial therapy",Very severe infection,Chronic infection,Asymptomatic infection,a
"The term ""bacteremia"" refers to the presence of bacteria in the:",Urine,Blood,Cerebrospinal fluid,Lungs,b
"The term ""septicemia"" refers to a serious bloodstream infection, also known as:",Bacteremia,Blood poisoning,Viremia,Fungemia,b
"The term ""toxemia"" refers to the presence of toxins in the:",Urine,Blood,Cerebrospinal fluid,Lungs,b
"The term ""viremia"" refers to the presence of viruses in the:",Urine,Blood,Cerebrospinal fluid,Lungs,b
"The term ""fungemia"" refers to the presence of fungi in the:",Urine,Blood,Cerebrospinal fluid,Lungs,b
"The term ""parasitemia"" refers to the presence of parasites in the:",Urine,Blood,Cerebrospinal fluid,Lungs,b
"The term ""focal infection"" refers to an infection in which:",The pathogen spreads throughout the body,The pathogen remains localized in a specific area,The pathogen enters the bloodstream,The pathogen causes a secondary infection,b
"The term ""systemic infection"" refers to an infection in which:",The pathogen spreads throughout the body via the bloodstream or lymphatic system,The pathogen remains localized in a specific area,"The pathogen causes a mild, self-limiting illness",The pathogen is easily treated with antibiotics,a
"The term ""primary infection"" refers to the:",Initial infection caused by a pathogen,Secondary infection that occurs after a primary infection,Chronic infection that lasts for a long time,Asymptomatic infection,a
"The term ""secondary infection"" refers to an infection that:",Is the initial infection caused by a pathogen,"Occurs after a primary infection, often due to a weakened immune system or disruption of normal flora",Is always more severe than the primary infection,Is always caused by the same pathogen as the primary infection,b
"The term ""acute infection"" refers to an infection that:","Develops rapidly, lasts for a short time, and is usually severe","Develops slowly, lasts for a long time, and may be less severe",Is asymptomatic,Is resistant to treatment,a
"The term ""chronic infection"" refers to an infection that:","Develops rapidly, lasts for a short time, and is usually severe","Develops slowly, lasts for a long time (months or years), and may be less severe or cause persistent symptoms",Is asymptomatic,Is easily treated with antibiotics,b
"The term ""latent infection"" refers to an infection in which:",The pathogen is actively replicating and causing symptoms,The pathogen remains dormant in the host for a period of time before becoming active and causing symptoms,The pathogen is quickly cleared by the immune system,The pathogen is resistant to treatment,b
"The term ""subclinical infection"" (asymptomatic infection) refers to an infection in which:",The patient experiences severe symptoms,"The patient does not experience any noticeable symptoms, even though the pathogen is present and replicating",The pathogen is dormant,The pathogen is resistant to treatment,b
"The term ""incubation period"" refers to the time between:",Exposure to a pathogen and the onset of symptoms,The onset of symptoms and recovery,The diagnosis of a disease and the start of treatment,The transmission of a pathogen and the development of immunity,a
"The term ""prodromal period"" refers to the stage of an infectious disease characterized by:",Severe symptoms,"Mild, non-specific symptoms that precede the characteristic symptoms of the disease",Recovery from the disease,The absence of symptoms,b
"The term ""period of illness"" (acme) refers to the stage of an infectious disease characterized by:","Mild, non-specific symptoms",The most severe symptoms of the disease,Recovery from the disease,The absence of symptoms,b
"The term ""period of decline"" refers to the stage of an infectious disease characterized by:",The most severe symptoms,A gradual decrease in the severity of symptoms as the immune system or treatment begins to control the infection,The absence of symptoms,The onset of symptoms,b
"The term ""period of convalescence"" refers to the stage of an infectious disease characterized by:",The most severe symptoms,Recovery from the disease and a return to normal health,The absence of symptoms,The onset of symptoms,b
"The term ""etiology"" refers to the:",Study of the cause of a disease,Study of the development of a disease,Study of the spread of a disease,Study of the treatment of a disease,a
"The term ""pathogenesis"" refers to the:",Study of the cause of a disease,Manner in which a disease develops,Study of the spread of a disease,Study of the treatment of a disease,b
"The term ""epidemiology"" refers to the study of the:",Cause of a disease,Development of a disease,"Distribution and determinants of health-related states or events in specified populations, and the application of this study to the control of health problems",Treatment of a disease,c
"The term ""morbidity"" refers to the:",Number of deaths in a population,Number of illnesses or cases of a disease in a population,Rate of new cases of a disease,Total number of existing cases of a disease,b
"The term ""mortality"" refers to the:",Number of deaths in a population,Number of illnesses or cases of a disease in a population,Rate of new cases of a disease,Total number of existing cases of a disease,a
"The term ""incidence"" refers to the:",Number of deaths in a population,Number of illnesses or cases of a disease in a population,Rate of new cases of a disease in a population over a specific period of time,Total number of existing cases of a disease in a population at a specific point in time or over a period of time,c
"The term ""prevalence"" refers to the:",Number of deaths in a population,Number of illnesses or cases of a disease in a population,Rate of new cases of a disease in a population over a specific period of time,Total number of existing cases of a disease in a population at a specific point in time or over a period of time,d
"The term ""sporadic disease"" refers to a disease that:",Occurs occasionally and irregularly in a population,Is constantly present in a population,Affects a large number of people in a short period,Spreads worldwide,a
"The term ""endemic disease"" refers to a disease that:",Occurs occasionally and irregularly in a population,Is constantly present in a particular geographic region or population,Affects a large number of people in a short period,Spreads worldwide,b
"The term ""epidemic"" refers to a disease outbreak that:",Occurs occasionally and irregularly in a population,Is constantly present in a population,Affects a significantly larger number of people than usual in a particular geographic area or population within a short period,Spreads worldwide,c
"The term ""pandemic"" refers to a disease outbreak that:",Occurs occasionally and irregularly in a population,Is constantly present in a population,Affects a large number of people in a short period,"Spreads across multiple countries or continents, affecting a large number of people",d
"The term ""herd immunity"" refers to a form of indirect protection from infectious disease that occurs when a large percentage of a population has become immune to an infection, thereby providing a measure of protection for individuals who are not immune.",True,False,,,a
"The term ""nosocomial infection"" (healthcare-associated infection) refers to an infection acquired in a:",Community setting,Healthcare facility,School or workplace,Foreign country,b
"The term ""iatrogenic infection"" refers to an infection that results from a:",Medical or surgical procedure,Community outbreak,Zoonotic transmission,Foodborne illness,a
"The term ""compromised host"" refers to an individual whose:",Immune system is functioning normally,"Immune system is weakened or impaired, making them more susceptible to infection",Normal flora is overactive,Body temperature is elevated,b
"The term ""emerging infectious disease"" refers to a disease that:",Has been known for a long time and is well-controlled,Has newly appeared in a population or has been known for some time but is rapidly increasing in incidence or geographic range,Is caused by a non-pathogenic microorganism,Is easily treated with existing medications,b
"The term ""re-emerging infectious disease"" refers to a disease that:",Has newly appeared in a population,"Was previously a major public health problem, declined, and is now becoming a problem again",Is caused by a newly discovered pathogen,Is resistant to all known treatments,b
"The term ""bioterrorism"" refers to the intentional use of:",Chemical weapons,"Biological agents (e.g., bacteria, viruses, toxins) to cause harm or death to humans, animals, or plants",Nuclear weapons,Conventional explosives,b
"The term ""biofilm"" refers to a community of microorganisms attached to a surface and encased in a self-produced extracellular matrix. Biofilms can be found on:","Medical devices (e.g., catheters, implants)",Teeth (dental plaque),Industrial pipelines,All of the above,d
Biofilms are often more resistant to antimicrobial agents and host immune responses than planktonic (free-floating) microorganisms.,True,False,,,a
Quorum sensing is a system of stimulus and response correlated to population density. Many species of bacteria use quorum sensing to coordinate gene expression according to the density of their local population. This can be involved in:,Biofilm formation,Virulence factor production,Antibiotic resistance,All of the above,d
"The term ""microbial antagonism"" refers to the ability of normal flora to:",Promote the growth of pathogens,"Inhibit the growth of pathogens by competing for nutrients, producing inhibitory substances, or altering the environment",Cause disease in the host,Become pathogenic under certain conditions,b
"The term ""gnotobiotic animal"" refers to an animal that is:",Germ-free (axenic) or has a completely known microbial flora,Infected with multiple pathogens,Resistant to all infections,Used for food production,a
"The term ""prophylaxis"" refers to measures taken to:",Treat an existing disease,Prevent a disease from occurring,Diagnose a disease,Study the cause of a disease,b
"The term ""chemotherapy"" refers to the use of:",Chemicals to treat disease,Radiation to treat disease,Surgery to treat disease,Physical therapy to treat disease,a
"The term ""antibiotic"" refers to a substance produced by a microorganism that, in small amounts, inhibits another microorganism. Many modern antibiotics are synthetic or semi-synthetic.",True,False,,,a
"The term ""bacteriostatic"" refers to an antimicrobial agent that:",Kills bacteria,Inhibits the growth of bacteria,Kills viruses,Inhibits the growth of viruses,b
"The term ""bactericidal"" refers to an antimicrobial agent that:",Kills bacteria,Inhibits the growth of bacteria,Kills viruses,Inhibits the growth of viruses,a
"The term ""therapeutic index"" of a drug is a measure of its:",Effectiveness,Safety (ratio of the toxic dose to the therapeutic dose),Cost,Spectrum of activity,b
A high therapeutic index indicates that a drug is:,More toxic,Safer,Less effective,More expensive,b
"The term ""superbug"" is a common term used to describe bacteria that are:",Very large in size,Resistant to multiple antibiotics,Easily killed by antibiotics,Beneficial to humans,b
"The term ""phage therapy"" refers to the use of:",Antibiotics to treat bacterial infections,Bacteriophages (viruses that infect bacteria) to treat bacterial infections,Antiviral drugs to treat viral infections,Antifungal drugs to treat fungal infections,b
"The term ""CRISPR-Cas9"" is a gene-editing technology that has potential applications in microbiology, such as:",Modifying bacterial genomes to study gene function,Developing new antimicrobial agents,Engineering bacteria to produce useful compounds,All of the above,d
"The term ""next-generation sequencing (NGS)"" refers to high-throughput DNA sequencing technologies that allow for rapid and cost-effective sequencing of genomes and metagenomes. NGS has revolutionized microbiology by enabling:",Rapid identification of pathogens,Characterization of microbial communities,Tracking of disease outbreaks,All of the above,d
"The term ""bioinformatics"" refers to the use of computational tools to analyze biological data, such as DNA sequences, protein structures, and gene expression profiles. Bioinformatics is essential for:",Managing and interpreting the large datasets generated by NGS,Culturing microorganisms in the laboratory,Staining microorganisms for microscopy,Performing biochemical tests,a
"The term ""systems biology"" is an approach in biology that aims to understand the complex interactions within biological systems, such as cells, organisms, and ecosystems. In microbiology, systems biology can be used to:",Model microbial metabolism,Predict microbial behavior,Identify new drug targets,All of the above,d
"The term ""microbial forensics"" refers to the application of microbiological techniques to investigate:",Food spoilage,"Bioterrorism events, biocrimes, and accidental releases of pathogens",Environmental pollution,Antibiotic resistance,b
"The term ""astrobiology"" (exobiology) is the study of the origin, evolution, distribution, and future of life in the universe. Microorganisms are of particular interest in astrobiology because:",They are the most abundant form of life on Earth,They can survive in extreme environments,They may be the first form of life to be discovered on other planets,All of the above,d
"The term ""extremophile"" refers to a microorganism that thrives in extreme environments, such as:",High temperatures (thermophiles),Low temperatures (psychrophiles),High salinity (halophiles),All of the above,d
Archaea are a domain of single-celled microorganisms that are distinct from bacteria and eukaryotes. Many archaea are extremophiles.,True,False,,,a
"The term ""symbiosis"" refers to a close and long-term interaction between two different biological species. Types of symbiosis include:",Mutualism (both species benefit),"Commensalism (one species benefits, the other is unaffected)","Parasitism (one species benefits, the other is harmed)",All of the above,d
"The nitrogen cycle is a biogeochemical cycle by which nitrogen is converted into multiple chemical forms as it circulates among atmosphere, terrestrial, and marine ecosystems. Microorganisms play a crucial role in the nitrogen cycle through processes such as:",Nitrogen fixation,Nitrification,Denitrification,All of the above,d
"Nitrogen fixation is the process by which atmospheric nitrogen (N2) is converted into ammonia (NH3), a form of nitrogen that can be used by plants. This process is carried out by certain bacteria, such as:",Rhizobium (in symbiosis with legumes),Azotobacter (free-living in soil),Cyanobacteria (in aquatic environments),All of the above,d
"Nitrification is the biological oxidation of ammonia to nitrite, followed by the oxidation of nitrite to nitrate. This process is carried out by nitrifying bacteria, such as:",Nitrosomonas (ammonia to nitrite),Nitrobacter (nitrite to nitrate),Both a and b,Neither a nor b,c
"Denitrification is the microbial process of reducing nitrate and nitrite to gaseous forms of nitrogen, principally nitrous oxide (N2O) and nitrogen gas (N2). This process is carried out by denitrifying bacteria under anaerobic conditions.",True,False,,,a
"The carbon cycle is a biogeochemical cycle by which carbon is exchanged among the biosphere, pedosphere, geosphere, hydrosphere, and atmosphere of the Earth. Microorganisms play a crucial role in the carbon cycle through processes such as:",Photosynthesis (carbon fixation by cyanobacteria and algae),Respiration (release of CO2 by heterotrophic microorganisms),Decomposition (breakdown of organic matter by saprophytic microorganisms),All of the above,d
The sulfur cycle is a biogeochemical cycle that describes the transformations of sulfur and its compounds in the environment. Microorganisms play a crucial role in the sulfur cycle through processes such as:,"Oxidation of reduced sulfur compounds (e.g., H2S to SO4^2-) by sulfur-oxidizing bacteria","Reduction of oxidized sulfur compounds (e.g., SO4^2- to H2S) by sulfate-reducing bacteria",Both a and b,Neither a nor b,c
"The phosphorus cycle is a biogeochemical cycle that describes the movement of phosphorus through the lithosphere, hydrosphere, and biosphere. Microorganisms play a role in the phosphorus cycle by:",Solubilizing inorganic phosphate,Mineralizing organic phosphate,Both a and b,Neither a nor b,c
"Water microbiology is the study of microorganisms in water, including their role in water quality, waterborne diseases, and wastewater treatment.",True,False,,,a
Indicator organisms are microorganisms whose presence in water indicates fecal contamination and the potential presence of pathogens. A common indicator organism is:,Escherichia coli,Staphylococcus aureus,Streptococcus pyogenes,Pseudomonas aeruginosa,a
"Wastewater treatment involves physical, chemical, and biological processes to remove pollutants from wastewater before it is discharged into the environment. The biological processes rely on microorganisms to:",Degrade organic matter,"Remove nutrients (e.g., nitrogen and phosphorus)",Reduce pathogens,All of the above,d
Activated sludge process is a common biological wastewater treatment method that involves:,Aerating wastewater to promote the growth of aerobic microorganisms that degrade organic matter,Using anaerobic microorganisms to digest sludge,Filtering wastewater through sand beds,Disinfecting wastewater with chlorine,a
"Anaerobic digestion is a biological process that breaks down organic matter in the absence of oxygen, producing biogas (methane and carbon dioxide) and digestate (a nutrient-rich solid). It is used for:",Wastewater treatment,Sludge treatment,Production of renewable energy,All of the above,d
"Soil microbiology is the study of microorganisms in soil, including their role in soil fertility, nutrient cycling, and plant health.",True,False,,,a
"Mycorrhizae are symbiotic associations between fungi and plant roots. The fungi help the plant absorb nutrients (especially phosphorus) from the soil, and the plant provides carbohydrates to the fungi.",True,False,,,a
"Biopesticides are pesticides derived from natural materials such as animals, plants, bacteria, and certain minerals. Microbial biopesticides use microorganisms (e.g., Bacillus thuringiensis) to control pests.",True,False,,,a
"The term ""microbial leaching"" (bioleaching) refers to the use of microorganisms to extract metals from ores. This process is used in mining to recover metals such as copper, gold, and uranium.",True,False,,,a
"The term ""microbial enhanced oil recovery (MEOR)"" refers to the use of microorganisms to increase the amount of oil that can be extracted from oil reservoirs.",True,False,,,a
"The term ""biofuel"" refers to fuel that is produced from biological raw materials (biomass). Microorganisms can be used to produce biofuels such as ethanol and biodiesel through fermentation.",True,False,,,a
"The term ""single-cell protein (SCP)"" refers to dried cells of microorganisms (e.g., bacteria, yeasts, algae) used as a protein supplement in human food or animal feed.",True,False,,,a
"The term ""protoplast"" refers to a bacterial, fungal, or plant cell that has had its cell wall completely or partially removed.",True,False,,,a
Protoplast fusion is a technique used to combine the genetic material of two different cells by fusing their protoplasts. This can be used to create hybrid strains of microorganisms with desired characteristics.,True,False,,,a
"The term ""monoclonal antibody"" refers to an antibody produced by a single clone of B cells, meaning that all the antibodies are identical and recognize the same epitope on an antigen. Monoclonal antibodies are used in diagnostics and therapeutics.",True,False,,,a
Hybridoma technology is a method for producing large numbers of identical antibodies (monoclonal antibodies). This process involves fusing an antibody-producing B cell with a myeloma (cancer) cell to create a hybridoma cell that can produce antibodies indefinitely.,True,False,,,a
"The term ""gene therapy"" refers to the introduction of genetic material into cells to treat or prevent disease. Viruses are often used as vectors to deliver genes into cells in gene therapy.",True,False,,,a
"The term ""nanotechnology"" refers to the manipulation of matter on an atomic, molecular, and supramolecular scale. Nanomaterials have potential applications in microbiology, such as:",Antimicrobial agents,Drug delivery systems,Biosensors,All of the above,d
"The term ""biosensor"" refers to an analytical device that combines a biological component with a physicochemical detector to detect the presence or concentration of a specific substance. Microorganisms or their components can be used as biological components in biosensors.",True,False,,,a
"The term ""microarray"" (gene chip) is a collection of microscopic DNA spots attached to a solid surface. Microarrays are used to measure the expression levels of large numbers of genes simultaneously or to genotype multiple regions of a genome.",True,False,,,a
"The term ""proteomics"" is the large-scale study of proteins, particularly their structures and functions. Proteomics can be used to identify proteins that are involved in microbial pathogenesis or antibiotic resistance.",True,False,,,a
"The term ""metabolomics"" is the large-scale study of small molecules (metabolites) within cells, biofluids, tissues, or organisms. Metabolomics can be used to understand microbial metabolism and identify biomarkers for disease.",True,False,,,a
"The term ""transcriptomics"" is the study of the transcriptome, which is the complete set of RNA transcripts (including mRNA, rRNA, tRNA, and other non-coding RNA) produced by an organism or a specific cell type under specific conditions. Transcriptomics can be used to study gene expression in microorganisms.",True,False,,,a
"The term ""genomics"" is the study of genomes, which are the complete set of DNA (including all of its genes) in an organism. Genomics has revolutionized microbiology by enabling the sequencing and analysis of microbial genomes.",True,False,,,a
"The term ""phylogeny"" refers to the evolutionary history and relationships among individuals or groups of organisms. Phylogenetic analysis, often based on DNA sequence data, is used to classify microorganisms and understand their evolutionary relationships.",True,False,,,a
The three domains of life are:,"Bacteria, Archaea, and Eukarya","Prokarya, Eukarya, and Viruses","Plants, Animals, and Fungi","Monera, Protista, and Fungi",a
"Bacteria and Archaea are prokaryotic organisms, meaning their cells lack a nucleus and other membrane-bound organelles.",True,False,,,a
"Eukarya are eukaryotic organisms, meaning their cells contain a nucleus and other membrane-bound organelles. Eukarya include protists, fungi, plants, and animals.",True,False,,,a
Viruses are not considered to be living organisms because they are acellular (not composed of cells) and require a host cell to replicate.,True,False,,,a
The endosymbiotic theory proposes that mitochondria and chloroplasts in eukaryotic cells originated from free-living bacteria that were engulfed by ancestral eukaryotic cells.,True,False,,,a
"Horizontal gene transfer (HGT), also known as lateral gene transfer, is the movement of genetic material between unicellular and/or multicellular organisms other than by the (",True,False,,,a
"The term ""operon"" refers to a functioning unit of DNA containing a cluster of genes under the control of a single promoter. Operons are common in prokaryotes and allow for coordinated regulation of gene expression.",True,False,,,a
The lac operon in Escherichia coli is an example of an inducible operon that controls the metabolism of lactose. The lac operon is turned on (induced) in the presence of lactose and the absence of glucose.,True,False,,,a
The trp operon in Escherichia coli is an example of a repressible operon that controls the synthesis of tryptophan. The trp operon is turned off (repressed) in the presence of tryptophan.,True,False,,,a
"Mutation is a change in the DNA sequence of an organism. Mutations can be spontaneous or induced by mutagens (e.g., radiation, chemicals).",True,False,,,a
Types of mutations include:,Point mutations (changes in a single nucleotide),Insertions or deletions of nucleotides,Chromosomal rearrangements,All of the above,d
"The Ames test is a biological assay used to assess the mutagenic potential of chemical compounds. It uses bacteria (e.g., Salmonella typhimurium) that have mutations in genes involved in histidine synthesis. A positive Ames test indicates that the chemical is mutagenic and may be a carcinogen.",True,False,,,a
"Genetic recombination is the exchange of genetic material between different organisms, leading to the production of offspring with combinations of traits that differ from those found in either parent. In bacteria, genetic recombination can occur through:",Transformation,Transduction,Conjugation,All of the above,d
"Plasmids are small, circular, extrachromosomal DNA molecules found in bacteria and some eukaryotes. Plasmids can replicate independently of the host chromosome and often carry genes for antibiotic resistance, virulence factors, or metabolic enzymes.",True,False,,,a
Transposons (jumping genes) are DNA sequences that can move from one location to another within a genome. Transposons can cause mutations and contribute to genetic diversity.,True,False,,,a
Bacteriophages (phages) are viruses that infect bacteria. Phages can be lytic (causing lysis of the host cell) or lysogenic (integrating their DNA into the host genome).,True,False,,,a
"The term ""lysogeny"" refers to the state in which a bacteriophage (prophage) integrates its DNA into the host bacterial chromosome and replicates along with it, without causing immediate lysis of the host cell.",True,False,,,a
"Lysogenic conversion is a phenomenon in which a lysogenic phage confers new properties to the host bacterium, such as the production of toxins (e.g., diphtheria toxin, cholera toxin).",True,False,,,a
"The term ""restriction enzyme"" (restriction endonuclease) refers to an enzyme that cuts DNA at specific recognition sites. Restriction enzymes are used in recombinant DNA technology to cut DNA molecules into fragments.",True,False,,,a
"The term ""DNA ligase"" refers to an enzyme that joins DNA fragments together. DNA ligase is used in recombinant DNA technology to insert DNA fragments into plasmids or other vectors.",True,False,,,a
"The term ""vector"" in molecular biology refers to a DNA molecule (e.g., plasmid, virus) that is used to carry foreign genetic material into a host cell, where it can be replicated and/or expressed.",True,False,,,a
"The term ""cloning"" in molecular biology refers to the process of creating multiple identical copies of a DNA molecule, cell, or organism.",True,False,,,a
"The term ""gene library"" (DNA library) is a collection of cloned DNA fragments that represent the entire genome of an organism (genomic library) or the DNA copies of the mRNA produced by an organism or cell type (cDNA library).",True,False,,,a
"The term ""Southern blotting"" is a laboratory technique used to detect specific DNA sequences in a sample. It involves separating DNA fragments by gel electrophoresis, transferring them to a membrane, and probing with a labeled DNA probe.",True,False,,,a
"The term ""Northern blotting"" is a laboratory technique used to detect specific RNA sequences in a sample. It is similar to Southern blotting but uses RNA instead of DNA.",True,False,,,a
"The term ""Western blotting"" (immunoblotting) is a laboratory technique used to detect specific proteins in a sample. It involves separating proteins by gel electrophoresis, transferring them to a membrane, and probing with labeled antibodies.",True,False,,,a
"The term ""FISH (Fluorescence In Situ Hybridization)"" is a cytogenetic technique that uses fluorescent probes that bind to only those parts of a nucleic acid sequence with a high degree of sequence complementarity. It is used to detect and localize specific DNA or RNA sequences in cells or tissues.",True,False,,,a
"The term ""G+C content"" (GC content) refers to the percentage of guanine (G) and cytosine (C) bases in a DNA molecule. G+C content can vary among different species and is sometimes used in bacterial taxonomy.",True,False,,,a
"The term ""DNA hybridization"" refers to the process by which two single-stranded DNA molecules with complementary sequences bind to each other to form a double-stranded DNA molecule. DNA hybridization is used in various molecular biology techniques, such as Southern blotting and microarrays.",True,False,,,a
"The term ""DNA fingerprinting"" (DNA profiling) is a laboratory technique used to identify individuals based on their unique DNA sequences. It has applications in forensics, paternity testing, and microbial epidemiology.",True,False,,,a
"The term ""ribotyping"" is a molecular technique used for bacterial identification and characterization that uses rRNA genes as probes.",True,False,,,a
"The term ""serotyping"" is a method of classifying microorganisms based on their surface antigens, which are detected using specific antibodies.",True,False,,,a
"The term ""phage typing"" is a method of differentiating bacterial strains based on their susceptibility to different bacteriophages.",True,False,,,a
"The term ""antibiogram"" is the result of an antibiotic sensitivity test, which shows the susceptibility of a bacterial strain to various antibiotics.",True,False,,,a
"The term ""biovar"" (biotype) is a group of bacterial strains that are distinguishable from other strains of the same species on the basis of physiological or biochemical differences.",True,False,,,a
"The term ""serovar"" (serotype) is a group of microorganisms that are distinguishable from other strains of the same species on the basis of their antigenic characteristics.",True,False,,,a
"The term ""pathovar"" is a bacterial strain or set of strains with the same or similar characteristics, that is differentiated at infraspecific level from other strains of the same species or subspecies on the basis of distinctive pathogenicity to one or more plant hosts.",True,False,,,a
"The term ""type strain"" is a living culture of a microorganism that serves as the nomenclatural type for a particular species or subspecies. It is the reference point for defining the characteristics of that taxon.",True,False,,,a
Bergey’s Manual of Systematic Bacteriology is a comprehensive reference work that provides a classification and description of known prokaryotic species.,True,False,,,a
The International Code of Nomenclature of Prokaryotes (ICNP) governs the naming of prokaryotic taxa.,True,False,,,a
"The term ""culture collection"" is a facility that maintains and distributes authentic cultures of microorganisms for research, education, and industrial applications.",True,False,,,a
Lyophilization (freeze-drying) is a method used for long-term preservation of microbial cultures. It involves freezing the culture and then removing the water by sublimation under vacuum.,True,False,,,a
"Deep-freezing is a method used for long-term preservation of microbial cultures. It involves storing cultures at very low temperatures (e.g., -70°C or -196°C in liquid nitrogen).",True,False,,,a
"The term ""enrichment culture"" is a technique used to isolate specific types of microorganisms from a mixed population by providing growth conditions that favor the desired microorganisms while inhibiting the growth of others.",True,False,,,a
"The term ""selective medium"" is a culture medium that contains ingredients that inhibit the growth of some microorganisms while allowing the growth of others.",True,False,,,a
"The term ""differential medium"" is a culture medium that contains ingredients that allow for the visual differentiation of microorganisms based on their biochemical reactions (e.g., color change).",True,False,,,a
MacConkey agar is a selective and differential medium used for the isolation and differentiation of Gram-negative enteric bacteria. It selects for Gram-negative bacteria (inhibits Gram-positive) and differentiates lactose fermenters (pink colonies) from non-lactose fermenters (colorless colonies).,True,False,,,a
Blood agar is an enriched and differential medium used to grow fastidious microorganisms and to detect hemolysis (lysis of red blood cells). Types of hemolysis include:,"Alpha-hemolysis (partial hemolysis, greenish discoloration)","Beta-hemolysis (complete hemolysis, clear zone)",Gamma-hemolysis (no hemolysis),All of the above,d
"Mannitol salt agar (MSA) is a selective and differential medium used for the isolation and differentiation of Staphylococcus species. It selects for salt-tolerant bacteria (e.g., Staphylococcus) and differentiates mannitol fermenters (yellow colonies, e.g., S. aureus) from non-mannitol fermenters (pink colonies, e.g., S. epidermidis).",True,False,,,a
"Eosin methylene blue (EMB) agar is a selective and differential medium used for the isolation and differentiation of Gram-negative enteric bacteria. It selects for Gram-negative bacteria and differentiates lactose fermenters (e.g., E. coli produces a metallic green sheen) from non-lactose fermenters.",True,False,,,a
"Hektoen enteric (HE) agar is a selective and differential medium used for the isolation and differentiation of Salmonella and Shigella from other Gram-negative enteric bacteria. It differentiates lactose fermenters (orange/yellow colonies) from non-lactose fermenters (blue/green colonies) and detects H2S production (black precipitate, e.g., Salmonella).",True,False,,,a
"Thioglycollate broth is a reducing medium used to grow anaerobic and microaerophilic bacteria. It contains sodium thioglycollate, which reduces oxygen to water, creating an anaerobic environment in the lower part of the tube.",True,False,,,a
The streak plate method is a technique used to isolate pure cultures of bacteria from a mixed population. It involves spreading a small amount of inoculum over the surface of an agar plate in a series of streaks to obtain isolated colonies.,True,False,,,a
The pour plate method and spread plate method are techniques used to enumerate viable bacteria in a sample. They involve diluting the sample and then plating a known volume onto or into an agar medium to obtain countable colonies.,True,False,,,a
The most probable number (MPN) method is a statistical method used to estimate the number of viable microorganisms in a sample by inoculating a series of tubes with dilutions of the sample and observing the number of tubes that show growth.,True,False,,,a
"Direct microscopic count is a method used to enumerate total (viable and non-viable) microorganisms in a sample by counting them under a microscope using a counting chamber (e.g., Petroff-Hausser chamber).",True,False,,,a
"Turbidity measurement (spectrophotometry) is an indirect method used to estimate microbial growth in a liquid culture by measuring the cloudiness of the culture. The higher the turbidity, the greater the microbial population.",True,False,,,a
"The growth curve of a bacterial population in a batch culture typically has four phases: lag phase, log (exponential) phase, stationary phase, and death (decline) phase.",True,False,,,a
Lag phase is the initial phase of bacterial growth in which the bacteria adapt to the new environment and prepare for cell division. There is little or no increase in cell number during this phase.,True,False,,,a
"Log (exponential) phase is the phase of bacterial growth in which the bacteria divide at a constant rate, resulting in an exponential increase in cell number. This is the phase of most rapid growth.",True,False,,,a
"Stationary phase is the phase of bacterial growth in which the growth rate slows down and the number of viable cells remains constant or begins to decline. This is due to the depletion of nutrients, accumulation of toxic waste products, or other limiting factors.",True,False,,,a
"Death (decline) phase is the phase of bacterial growth in which the number of viable cells decreases exponentially due to unfavorable conditions (e.g., nutrient depletion, toxin accumulation).",True,False,,,a
Generation time (doubling time) is the time required for a bacterial population to double in number during the log phase of growth.,True,False,,,a
Factors that affect microbial growth include:,Temperature,pH,Osmotic pressure,Oxygen availability,N/A
"Psychrophiles are microorganisms that grow best at low temperatures (e.g., 0-20°C).",True,False,,,a
"Mesophiles are microorganisms that grow best at moderate temperatures (e.g., 20-45°C). Most human pathogens are mesophiles.",True,False,,,a
"Thermophiles are microorganisms that grow best at high temperatures (e.g., 45-80°C).",True,False,,,a
"Hyperthermophiles are microorganisms that grow best at extremely high temperatures (e.g., >80°C).",True,False,,,a
Acidophiles are microorganisms that grow best at low pH (acidic conditions).,True,False,,,a
Neutrophiles are microorganisms that grow best at neutral pH (around pH 7).,True,False,,,a
Alkaliphiles are microorganisms that grow best at high pH (alkaline conditions).,True,False,,,a
Halophiles are microorganisms that require high salt concentrations for growth.,True,False,,,a
"Osmotolerant microorganisms can tolerate high osmotic pressure (e.g., high salt or sugar concentrations) but do not require it for growth.",True,False,,,a
Obligate aerobes are microorganisms that require oxygen for growth.,True,False,,,a
"Facultative anaerobes are microorganisms that can grow with or without oxygen, but grow better in the presence of oxygen.",True,False,,,a
Obligate anaerobes are microorganisms that cannot grow in the presence of oxygen (oxygen is toxic to them).,True,False,,,a
Aerotolerant anaerobes are microorganisms that do not use oxygen for growth but can tolerate its presence.,True,False,,,a
Microaerophiles are microorganisms that require low concentrations of oxygen for growth (higher concentrations are inhibitory).,True,False,,,a
Capnophiles are microorganisms that require elevated concentrations of carbon dioxide (CO2) for growth.,True,False,,,a
"Macronutrients are nutrients required by microorganisms in large amounts (e.g., carbon, nitrogen, phosphorus, sulfur).",True,False,,,a
"Micronutrients (trace elements) are nutrients required by microorganisms in small amounts (e.g., iron, zinc, copper).",True,False,,,a
"Growth factors are organic compounds (e.g., vitamins, amino acids) that some microorganisms cannot synthesize and must obtain from the environment.",True,False,,,a
"Autotrophs are microorganisms that can synthesize their own organic compounds from inorganic sources (e.g., CO2).",True,False,,,a
Heterotrophs are microorganisms that obtain organic compounds from other organisms.,True,False,,,a
Phototrophs are microorganisms that obtain energy from light.,True,False,,,a
Chemotrophs are microorganisms that obtain energy from chemical compounds.,True,False,,,a
Lithotrophs are microorganisms that use inorganic compounds as electron donors.,True,False,,,a
Organotrophs are microorganisms that use organic compounds as electron donors.,True,False,,,a
Metabolism is the sum of all chemical reactions that occur in a living organism. Metabolism can be divided into two main categories: catabolism and anabolism.,True,False,,,a
"Catabolism is the breakdown of complex molecules into simpler ones, releasing energy.",True,False,,,a
"Anabolism is the synthesis of complex molecules from simpler ones, requiring energy.",True,False,,,a
Enzymes are biological catalysts (usually proteins) that speed up chemical reactions without being consumed in the reaction.,True,False,,,a
ATP (adenosine triphosphate) is the primary energy currency of the cell.,True,False,,,a
"Glycolysis is the metabolic pathway that converts glucose into pyruvate, producing ATP and NADH.",True,False,,,a
"The Krebs cycle (citric acid cycle) is a metabolic pathway that oxidizes acetyl-CoA to CO2, producing ATP, NADH, and FADH2.",True,False,,,a
Oxidative phosphorylation (electron transport chain) is a metabolic pathway that uses the energy released from the oxidation of NADH and FADH2 to produce ATP. Oxygen is the final electron acceptor in aerobic respiration.,True,False,,,a
"Fermentation is an anaerobic metabolic process that converts pyruvate into various end products (e.g., lactic acid, ethanol), regenerating NAD+ for glycolysis. Fermentation produces less ATP than aerobic respiration.",True,False,,,a
"Photosynthesis is the process by which phototrophic organisms convert light energy into chemical energy (ATP and NADPH), which is then used to synthesize organic compounds from CO2.",True,False,,,a
The light-dependent reactions of photosynthesis capture light energy and convert it into chemical energy (ATP and NADPH).,True,False,,,a
The light-independent reactions (Calvin cycle) of photosynthesis use the ATP and NADPH produced in the light-dependent reactions to fix CO2 and synthesize glucose.,True,False,,,a
"Chemosynthesis is the process by which chemotrophic organisms synthesize organic compounds from CO2 using energy derived from the oxidation of inorganic compounds (e.g., H2S, NH3, Fe2+).",True,False,,,a
"The term ""genome"" refers to the complete set of genetic material (DNA or RNA) in an organism.",True,False,,,a
"The term ""gene"" refers to a segment of DNA that codes for a functional product (e.g., protein, RNA).",True,False,,,a
The central dogma of molecular biology describes the flow of genetic information: DNA → RNA → Protein.,True,False,,,a
DNA replication is the process by which a DNA molecule is copied to produce two identical DNA molecules.,True,False,,,a
Transcription is the process by which the information in a DNA sequence is copied into a complementary RNA sequence.,True,False,,,a
Translation is the process by which the information in an mRNA sequence is used to synthesize a protein.,True,False,,,a
Ribosomes are cellular organelles responsible for protein synthesis (translation).,True,False,,,a
mRNA (messenger RNA) carries the genetic code from DNA to the ribosome.,True,False,,,a
tRNA (transfer RNA) brings amino acids to the ribosome during protein synthesis.,True,False,,,a
rRNA (ribosomal RNA) is a component of ribosomes.,True,False,,,a
The genetic code is the set of rules by which information encoded in genetic material (DNA or RNA sequences) is translated into proteins (amino acid sequences) by living cells.,True,False,,,a
A codon is a sequence of three nucleotides in DNA or RNA that codes for a specific amino acid or a stop signal.,True,False,,,a
An anticodon is a sequence of three nucleotides in tRNA that is complementary to a codon in mRNA.,True,False,,,a
The start codon (usually AUG) initiates protein synthesis.,True,False,,,a
"Stop codons (UAA, UAG, UGA) terminate protein synthesis.",True,False,,,a
"The term ""gene expression"" refers to the process by which the information encoded in a gene is used to synthesize a functional gene product (e.g., protein, RNA).",True,False,,,a
"Regulation of gene expression allows cells to control which genes are expressed and when, in response to environmental changes or developmental cues.",True,False,,,a
"The term ""epigenetics"" refers to heritable changes in gene expression that do not involve alterations in the DNA sequence itself. Epigenetic mechanisms include DNA methylation and histone modification.",True,False,,,a
"The term ""microbiome"" refers to the collective genomes of the microorganisms that live in a particular environment, such as the human gut.",True,False,,,a
"The term ""virome"" refers to the collection of all viruses in a particular environment.",True,False,,,a
"The term ""mycobiome"" refers to the collection of all fungi in a particular environment.",True,False,,,a
"The term ""resistome"" refers to the collection of all antibiotic resistance genes in a particular environment.",True,False,,,a
"The term ""pathobiome"" refers to the pathogenic components of a microbiome.",True,False,,,a
"The term ""holobiont"" refers to a host organism and all of its associated microorganisms (microbiome).",True,False,,,a
"The term ""dysbiosis"" refers to an imbalance in the microbial community, often associated with disease.",True,False,,,a
