Question,Option A,Option B,Option C,Option D,Correct Answer
Which of the following is a key function of nursing management?,Diagnosing patient illnesses,Administering medications,Planning and organizing nursing services,Performing surgical procedures,c
The process of setting goals and determining the best way to achieve them is known as:,Leading,Controlling,Organizing,Planning,d
Which leadership style involves the leader making all decisions without input from the team?,Democratic,Laissez-faire,Autocratic,Transformational,c
"The process of monitoring performance, comparing it with goals, and taking corrective action as needed is called:",Planning,Organizing,Leading,Controlling,d
Which of the following is an example of an internal stakeholder in a hospital setting?,Patients,Insurance companies,Nurses,Community members,c
The primary purpose of a performance appraisal in nursing is to:,Discipline underperforming staff,Determine salary increases,Provide feedback and identify areas for development,Compare nurses with each other,c
Which of the following is a characteristic of effective delegation in nursing?,Assigning tasks outside the delegatee's scope of practice,Providing unclear instructions,Maintaining responsibility for the outcome of the task,Avoiding any follow-up,c
"The term ""span of control"" in management refers to:",The number of tasks a manager can perform,The geographical area a manager oversees,The number of subordinates a manager can effectively supervise,The length of time a manager has been in their position,c
Which conflict resolution strategy involves both parties giving up something to reach an agreement?,Avoiding,Competing,Accommodating,Compromising,d
The development of a nursing care plan is an example of which management function?,Planning,Organizing,Staffing,Controlling,a
Which of the following is a critical component of effective team communication in nursing?,Using medical jargon exclusively,Active listening,Interrupting frequently to save time,Avoiding eye contact,b
"The process of attracting, selecting, and hiring qualified individuals to fill job roles is known as:",Performance appraisal,Staffing,Budgeting,Quality improvement,b
"A nurse manager who empowers their team, encourages innovation, and inspires them to achieve a shared vision is demonstrating which leadership style?",Autocratic,Transactional,Laissez-faire,Transformational,d
The primary goal of quality improvement in healthcare is to:,Reduce costs at all expenses,Increase patient volume,Enhance patient outcomes and safety,Minimize staff workload,c
Which of the following is an example of a legal issue in nursing management?,Deciding on the color of the unit's walls,Ensuring adherence to the Nurse Practice Act,Organizing the staff holiday party,Choosing the brand of coffee for the breakroom,b
"The term ""shared governance"" in nursing refers to a model where:",Only top executives make decisions,Nurses are involved in decision-making processes that affect their practice and work environment,Physicians dictate all nursing care,Patients manage their own care entirely,b
Which of the following is a key principle of time management for nurse managers?,Procrastinating on difficult tasks,Prioritizing tasks based on urgency and importance,Handling all tasks personally to ensure quality,Avoiding delegation,b
"The process of guiding, motivating, and overseeing the work of others to achieve organizational goals is known as:",Budgeting,Leading,Auditing,Scheduling,b
Which of the following is a common barrier to effective communication in a healthcare setting?,Clear and concise language,Hierarchical structures,Open-door policies,Regular team meetings,b
A nurse manager is developing the unit's budget. This activity falls under which management function?,Leading,Controlling,Planning,Staffing,c
"The ethical principle of ""beneficence"" in nursing management means:",Doing no harm,Acting in the best interest of others,Treating all individuals fairly,Respecting an individual's autonomy,b
Which of the following is an important aspect of change management in nursing?,Implementing changes without any staff input,Communicating the reasons for change and involving staff in the process,Resisting all changes to maintain stability,Making changes abruptly and frequently,b
The process of assigning tasks and authority to another person to carry out specific activities is called:,Mentoring,Coaching,Delegation,Supervising,c
Which of the following is a characteristic of a healthy work environment in nursing?,High staff turnover,Poor communication,Respectful collaboration and support,Lack of resources,c
"A SWOT analysis (Strengths, Weaknesses, Opportunities, Threats) is a tool used in which management function?",Controlling,Staffing,Planning,Directing,c
The primary responsibility for ensuring patient safety on a nursing unit lies with:,The individual patient,The hospital administrator,The nurse manager and all nursing staff,The risk management department,c
Which of the following is an example of a quantitative measure used in nursing management?,Patient satisfaction scores,Staff morale,Number of medication errors,Quality of patient education,c
"The term ""mentoring"" in nursing involves:",A formal disciplinary process,A developmental relationship where an experienced nurse guides a less experienced nurse,Assigning daily tasks,Conducting performance appraisals,b
Which of the following is a key component of evidence-based practice in nursing management?,Relying solely on tradition and intuition,Using research findings to guide decisions and improve care,Ignoring patient preferences,Avoiding new technologies,b
"A nurse manager who focuses on day-to-day operations, uses rewards and punishments to motivate staff, and ensures tasks are completed is demonstrating which leadership style?",Transformational,Autocratic,Transactional,Laissez-faire,c
The process of creating a work schedule for nursing staff is part of which management function?,Planning,Organizing,Leading,Controlling,b
Which of the following is an effective strategy for managing workplace stress among nursing staff?,Increasing workload and overtime,Providing inadequate resources,Promoting a supportive work environment and offering stress management resources,Ignoring staff concerns,c
"The ethical principle of ""non-maleficence"" in nursing management means:",Doing good,Avoiding harm,Being fair,Respecting autonomy,b
Which of the following is a characteristic of an effective team in healthcare?,Poor communication,Lack of clear goals,Mutual trust and respect among members,Individual accountability only,c
The process of developing policies and procedures for a nursing unit falls under which management function?,Planning,Staffing,Directing,Controlling,a
Which of the following is a common source of conflict in a nursing unit?,Clear roles and responsibilities,Effective communication,Differences in values or personalities,Adequate staffing levels,c
"The term ""resource allocation"" in nursing management refers to:",Ignoring budget constraints,"Distributing available resources (e.g., staff, supplies, equipment) effectively and efficiently",Hoarding resources for personal use,Using outdated equipment,b
Which of the following is an important skill for a nurse manager involved in conflict resolution?,Taking sides immediately,Active listening and empathy,Avoiding the conflict altogether,Imposing a solution without discussion,b
"The concept of ""patient-centered care"" emphasizes:",The convenience of the healthcare provider,"The patient's preferences, values, and needs in care decisions",A standardized approach to all patients,Limiting patient involvement in their care,b
Which of the following is a responsibility of a nurse manager in relation to staff development?,Discouraging further education,Identifying learning needs and providing opportunities for growth,Limiting access to training programs,Focusing only on experienced staff,b
"The term ""organizational culture"" refers to:",The physical layout of the hospital,"The shared values, beliefs, and norms that influence the behavior of members of an organization",The hospital's marketing strategy,The number of employees in the organization,b
Which of the following is an example of a sentinel event in healthcare?,A patient complimenting a nurse,A medication error that results in a patient's death,A staff member arriving late for their shift,A minor equipment malfunction,b
The process of orienting new nursing staff to the unit and hospital policies is part of which management function?,Controlling,Staffing,Budgeting,Leading,b
Which of the following is a characteristic of a manager who uses a laissez-faire leadership style?,Makes all decisions independently,Provides little direction and allows the team to make most decisions,Closely supervises all tasks,Uses rewards and punishments to motivate,b
The primary purpose of risk management in healthcare is to:,Increase hospital profits,"Identify and minimize potential risks to patients, staff, and the organization",Discipline staff involved in errors,Market the hospital's services,b
Which of the following is an example of an ethical dilemma a nurse manager might face?,Deciding on the unit's holiday decorations,"Allocating scarce resources, such as a ventilator, during a crisis",Choosing the vendor for office supplies,Planning the staff meeting agenda,b
"The term ""power"" in management refers to:",The ability to coerce others,The ability to influence the behavior of others,Physical strength,Financial wealth,b
Which of the following is a key element of a successful quality improvement initiative?,Blaming individuals for errors,A culture of continuous learning and improvement,Infrequent data collection,Resistance to change,b
The process of ensuring that nursing care is delivered in accordance with established standards and regulations is part of which management function?,Planning,Organizing,Leading,Controlling,d
Which of the following is an important consideration when delegating a task to a nursing assistant?,The task requires advanced clinical judgment,The nursing assistant has been trained and is competent to perform the task,The patient is highly unstable,The task is outside the nursing assistant's scope of practice,b
Which of the following is a key responsibility of a nurse manager in promoting a positive work environment?,Ignoring staff feedback,Fostering open communication and mutual respect,Creating a highly competitive atmosphere,Micromanaging every task,b
"The concept of ""accountability"" in nursing management means:",Being responsible for one's own actions only,"Being answerable for one's actions and decisions, including those delegated to others",Avoiding responsibility for errors,Blaming others for mistakes,b
Which of the following is a common ethical principle in nursing?,Maleficence,Autonomy,Paternalism,Deception,b
The process of evaluating the effectiveness of nursing care and making adjustments as needed is part of which management function?,Planning,Organizing,Leading,Controlling,d
Which of the following is a characteristic of a transformational leader in nursing?,Focuses on maintaining the status quo,Inspires and motivates followers to achieve extraordinary outcomes,Uses a,Avoids taking risks,b
"The term ""benchmarking"" in nursing management involves:",Setting arbitrary performance targets,Comparing the organization's performance with that of other high-performing organizations,Ignoring external best practices,Focusing solely on internal processes,b
Which of the following is an example of a formal communication channel in a hospital?,Grapevine rumors,Staff meetings with documented minutes,Casual conversations in the hallway,Social media posts by employees,b
The primary purpose of a job description in nursing is to:,Limit the nurse's responsibilities,"Outline the duties, responsibilities, and qualifications for a specific role",Determine salary and benefits,Evaluate employee performance,b
Which of the following is a key factor in successful team building in a nursing unit?,Encouraging competition among team members,Establishing clear goals and roles,Limiting communication,Avoiding social interaction,b
The process of developing a strategic plan for a nursing department involves:,Focusing only on short-term operational issues,Defining long-term goals and the strategies to achieve them,Ignoring external trends and challenges,Making decisions without data,b
Which of the following is an important aspect of managing a diverse nursing workforce?,"Treating everyone exactly the same, ignoring cultural differences",Recognizing and valuing the unique contributions of individuals from different backgrounds,Promoting assimilation into a single dominant culture,Avoiding discussions about diversity,b
"The term ""emotional intelligence"" in leadership refers to the ability to:",Suppress all emotions,Understand and manage one's own emotions and the emotions of others,Manipulate others' emotions,Ignore emotional cues,b
Which of the following is a common challenge in nursing management?,Having too many resources,Managing staff shortages and high turnover rates,Lack of patient diversity,Too much administrative support,b
The process of providing constructive feedback to a nursing staff member should be:,Public and critical,Vague and indirect,"Specific, objective, and timely",Delayed until the annual performance review,c
Which of the following is a characteristic of an effective decision-making process in nursing management?,Relying solely on intuition,Gathering relevant information and considering alternatives,Making decisions in isolation,Avoiding any risk,b
"The term ""advocacy"" in nursing management can involve:",Speaking up for the needs of patients and staff,Ignoring safety concerns,Prioritizing budget over patient care,Avoiding involvement in policy issues,a
Which of the following is an example of a non-punitive approach to error reporting in healthcare?,Immediately terminating staff involved in an error,Creating a culture where staff feel safe to report errors and near misses without fear of blame,Covering up errors to protect the hospital's reputation,Publicly shaming staff who make mistakes,b
The primary goal of staff scheduling in nursing is to:,Ensure all staff get their preferred shifts,Minimize labor costs regardless of patient needs,Ensure adequate and appropriate staffing levels to meet patient care needs safely and effectively,Provide the least experienced nurses with the most challenging assignments,c
Which of the following is a characteristic of a servant leader?,Focuses on their own power and status,Prioritizes the needs of their team members and helps them grow and develop,Makes decisions autocratically,Avoids delegating tasks,b
The process of identifying potential future leaders within the nursing staff and preparing them for leadership roles is known as:,Disciplinary action,Succession planning,Grievance handling,Performance appraisal,b
Which of the following is an important consideration in managing the budget for a nursing unit?,Spending as much as possible to ensure quality,Balancing cost-effectiveness with the provision of quality patient care,Ignoring budget variances,Making budget decisions without staff input,b
"The term ""organizational change"" refers to:",Maintaining the status quo,"Any alteration in an organization's structure, technology, or people",Only changes in leadership,Only minor adjustments to processes,b
Which of the following is a common reason for resistance to change in a healthcare setting?,Clear communication about the change,Fear of the unknown or loss of job security,Staff involvement in the change process,Perceived benefits of the change,b
The process of resolving disputes or disagreements between individuals or groups is known as:,Performance appraisal,Conflict resolution,Staffing,Budgeting,b
Which of the following is a key principle of effective communication during a crisis situation in a hospital?,Withholding information to avoid panic,"Providing clear, concise, and accurate information in a timely manner",Spreading rumors,Communicating only with senior management,b
"The term ""empowerment"" in nursing management refers to:",Controlling all aspects of staff work,"Giving staff the authority, resources, and support to make decisions and take action",Limiting staff autonomy,Micromanaging tasks,b
Which of the following is an example of a professional development activity for nurses?,Attending a conference or workshop,Ignoring new research findings,Avoiding challenging assignments,Refusing to learn new skills,a
The process of setting performance standards and evaluating employee performance against those standards is known as:,Recruitment,Performance management,Budgeting,Strategic planning,b
Which of the following is a characteristic of a positive safety culture in healthcare?,Blaming individuals for errors,Open reporting of errors and near misses,Hiding mistakes,Lack of communication about safety issues,b
"The term ""interprofessional collaboration"" in healthcare refers to:",Nurses working in isolation from other healthcare professionals,Healthcare professionals from different disciplines working together to provide comprehensive patient care,Physicians making all decisions for the healthcare team,Competition between different healthcare professions,b
Which of the following is an important role of a nurse manager in promoting evidence-based practice?,Discouraging nurses from reading research articles,Providing access to research findings and supporting their implementation,Relying solely on personal experience,Resisting changes to current practices,b
The process of developing and implementing strategies to attract and retain qualified nursing staff is known as:,Performance appraisal,Workforce planning and recruitment,Budgeting,Quality improvement,b
Which of the following is a common challenge in delegating tasks in nursing?,Over-delegation of simple tasks,Ensuring the person a task is delegated to is competent and the task is within their scope of practice,Delegating tasks that require no supervision,Never delegating any tasks,b
"The term ""organizational structure"" refers to:",The informal social networks within an organization,"The formal arrangement of roles, responsibilities, and reporting relationships within an organization",The physical layout of the building,The organization's mission statement,b
Which of the following is an example of a legal and ethical responsibility of a nurse manager?,Ensuring patient confidentiality and privacy,Sharing patient information inappropriately,Ignoring reports of unethical conduct,Discriminating against staff members,a
The process of motivating and inspiring individuals to work towards achieving organizational goals is a key aspect of which management function?,Planning,Organizing,Leading,Controlling,c
Which of the following is an effective strategy for a nurse manager to build trust with their team?,Being inconsistent and unpredictable,"Being transparent, fair, and supportive",Micromanaging and controlling,Avoiding communication with staff,b
"The term ""root cause analysis"" is a problem-solving method used to:",Identify who is to blame for an error,Identify the underlying causes of a problem or incident to prevent recurrence,Quickly fix the symptoms of a problem,Ignore minor errors,b
Which of the following is an important component of a nurse manager's role in staff education and training?,Assuming all staff are competent in all areas,Identifying learning needs and facilitating access to educational opportunities,Discouraging staff from attending training,Providing outdated educational materials,b
"The concept of ""just culture"" in healthcare emphasizes:",Punishing all errors sévèrement,Balancing accountability for actions with understanding that errors can occur in complex systems,Ignoring all errors,"Blaming the system for all errors, regardless of individual behavior",b
Which of the following is a key responsibility of a nurse manager in managing resources effectively?,Overstocking supplies to avoid shortages,Using resources efficiently and minimizing waste while ensuring quality care,Ignoring budget limitations,Allowing staff to use supplies without accountability,b
The process of influencing the allocation of resources and shaping policies within an organization or the broader healthcare system is known as:,Clinical care,Health policy and advocacy,Patient education,Medication administration,b
Which of the following is a characteristic of effective feedback provided by a nurse manager?,It is always negative and critical.,"It is specific, constructive, and focused on behavior rather than personality.",It is delivered publicly to embarrass the staff member.,It is vague and unhelpful.,b
"The term ""Magnet Recognition Program®"" is an award given to hospitals that demonstrate:",The highest profitability,Excellence in nursing practice and patient outcomes,The largest number of beds,The newest technology,b
Which of the following is an important strategy for a nurse manager to promote staff retention?,Creating a stressful and unsupportive work environment,"Recognizing and rewarding staff contributions, and providing opportunities for growth",Offering low salaries and minimal benefits,Ignoring staff concerns and feedback,b
The process of establishing clear lines of authority and responsibility within a nursing unit is part of which management function?,Planning,Organizing,Leading,Controlling,b
Which of the following is an example of a proactive approach to risk management in nursing?,Waiting for an adverse event to occur before taking action,Identifying potential hazards and implementing strategies to prevent them,Ignoring near misses,Blaming individuals for system failures,b
"The term ""professionalism"" in nursing management includes:",Maintaining ethical conduct and accountability,Gossiping about colleagues,Arriving late for meetings,Dressing inappropriately for the workplace,a
Which of the following is a key role of a nurse manager in fostering a culture of patient safety?,Discouraging the reporting of errors,"Promoting open communication, teamwork, and a non-punitive approach to error reporting",Blaming individuals for system errors,Ignoring safety protocols,b
"The process of monitoring key performance indicators (KPIs) for a nursing unit, such as patient satisfaction scores or infection rates, is part of which management function?",Planning,Organizing,Leading,Controlling,d
A nurse manager is working with staff to develop new protocols for wound care based on the latest research. This is an example of:,Ignoring evidence-based practice,Implementing evidence-based practice,Resisting change,Focusing only on cost-cutting,b
Which of the following is a characteristic of a bureaucratic leadership style?,Flexibility and innovation,Strict adherence to rules and procedures,Empowerment of staff,Focus on relationships,b
"The term ""critical thinking"" in nursing management involves:",Accepting information at face value,Analyzing information objectively and making reasoned judgments,Avoiding complex problems,Relying on emotions to make decisions,b
Which of the following is an important aspect of managing conflict between two staff nurses?,Taking sides with the nurse who has more seniority,Facilitating a discussion between the nurses to help them find a mutually acceptable solution,Ignoring the conflict and hoping it resolves itself,Disciplining both nurses immediately,b
The development of a unit-specific orientation program for new nurses is primarily the responsibility of the:,Human Resources department,Chief Nursing Officer,Nurse Manager,Staff Development Coordinator,c
Which of the following is an example of an intrinsic motivator for nursing staff?,Salary increase,Sense of accomplishment and recognition,Bonus payment,Preferred parking spot,b
"The term ""lean management"" in healthcare focuses on:",Increasing bureaucracy,Maximizing waste and inefficiency,Eliminating waste and improving efficiency to enhance value for patients,Reducing staff numbers regardless of workload,c
A nurse manager who actively seeks input from staff when making decisions that affect them is demonstrating which leadership behavior?,Autocratic decision-making,Participative leadership,Laissez-faire approach,Ignoring staff opinions,b
Which of the following is a key component of effective disaster preparedness planning for a nursing unit?,Assuming a disaster will never happen,"Developing clear protocols, training staff, and conducting drills",Keeping plans secret from staff,Relying solely on external agencies for help,b
"The ethical principle of ""veracity"" in nursing means:",Being truthful and honest,Withholding information from patients,Deceiving patients for their own good,Avoiding difficult conversations,a
Which of the following is an example of a barrier to effective delegation?,Clear communication of expectations,Nurse manager's fear of losing control or lack of trust in staff,Adequate training and competence of the delegatee,Availability of resources and support,b
The process of regularly reviewing and updating unit policies and procedures is important to:,Ensure they remain current and aligned with best practices and regulations,Create more paperwork for staff,Make it harder for staff to do their jobs,Avoid any changes to established routines,a
Which of the following is a characteristic of a high-reliability organization (HRO) in healthcare?,Tolerance for errors,Preoccupation with failure and a commitment to resilience,Reluctance to simplify processes,Deference to authority regardless of expertise,b
A nurse manager is coaching a staff nurse who is struggling with time management. This is an example of which leadership role?,Disciplinarian,Developer and mentor,Budget controller,Policy enforcer,b
"The term ""variance analysis"" in budget management involves:",Ignoring differences between budgeted and actual expenses,Comparing actual financial performance to the budgeted amounts and investigating significant differences,Spending more than budgeted in all categories,"Only focusing on revenue, not expenses",b
Which of the following is an important strategy for promoting interprofessional teamwork on a nursing unit?,Encouraging silos between professions,Facilitating regular communication and collaboration among all team members,Allowing one profession to dominate decision-making,Limiting opportunities for shared learning,b
The primary purpose of conducting regular staff meetings on a nursing unit is to:,Provide a forum for staff to socialize,"Share important information, discuss unit issues, and facilitate team communication",Criticize staff performance publicly,Make unilateral decisions without staff input,b
Which of the following is an example of a capital budget item for a nursing unit?,Salaries for nursing staff,Purchase of new patient monitoring equipment,Routine medical supplies,Utility costs for the unit,b
"The term ""burnout"" among nursing staff is characterized by:",High energy and enthusiasm,"Emotional exhaustion, depersonalization, and a reduced sense of personal accomplishment",Increased job satisfaction,Strong engagement with work,b
"A nurse manager who sets clear expectations, provides regular feedback, and holds staff accountable for their performance is demonstrating effective:",Neglect of duties,Performance management,Avoidance of conflict,Laissez-faire leadership,b
Which of the following is a key consideration in developing a staffing plan for a nursing unit?,Patient acuity and volume,Staff preferences only,Minimizing labor costs at all costs,The manager's personal convenience,a
"The term ""grapevine"" in organizational communication refers to:","Formal, written communication channels",Informal communication networks that transmit rumors and unofficial information,Official announcements from management,Communication with external stakeholders,b
Which of the following is an important step in the problem-solving process for a nurse manager?,Jumping to conclusions immediately,Clearly defining the problem and gathering relevant data,Ignoring the problem and hoping it goes away,Blaming others for the problem,b
"The concept of ""cultural competence"" in nursing management involves:",Imposing one's own cultural values on staff and patients,Understanding and respecting the diverse cultural backgrounds of staff and patients to provide appropriate care and management,Ignoring cultural differences to treat everyone the same,Believing one's own culture is superior,b
Which of the following is an example of a quality indicator commonly monitored in nursing units?,Number of staff birthdays celebrated,Patient fall rates,Amount of coffee consumed in the breakroom,Staff vacation schedules,b
"The term ""delegation"" in nursing is based on the principles of:","Responsibility, authority, and accountability",Guesswork and assumption,Seniority and favoritism,Avoiding difficult tasks,a
A nurse manager is responsible for ensuring that the nursing staff are competent to use new medical equipment. This falls under the responsibility of:,Staff development and training,Budgeting,Marketing,Patient admissions,a
Which of the following is a characteristic of an effective mentor-mentee relationship in nursing?,The mentor makes all decisions for the mentee.,"Mutual trust, respect, and open communication.",The mentor focuses only on the mentee's weaknesses.,The relationship is short-term and superficial.,b
"The process of systematically reviewing nursing documentation to ensure accuracy, completeness, and compliance with standards is known as:",Budgeting,Staffing,Chart auditing,Performance appraisal,c
Which of the following is an important strategy for a nurse manager to handle a complaint from a patient or family member?,Ignoring the complaint,"Listening empathetically, investigating the concern, and taking appropriate action",Becoming defensive and arguing with the complainant,Blaming the patient or family member,b
"The term ""organizational mission"" refers to:",The day-to-day operational tasks,The fundamental purpose and reason for an organization's existence,The financial goals of the organization,The specific services offered by one department,b
Which of the following is a key component of a successful change initiative in a nursing unit?,Lack of communication,Strong leadership support and clear vision for the change,Resistance from staff,Insufficient resources,b
"The ethical principle of ""fidelity"" in nursing means:",Being loyal and keeping promises,Disclosing confidential information,Prioritizing personal interests,Avoiding difficult ethical decisions,a
Which of the following is an example of a legal constraint on nursing practice?,Hospital policies and procedures,The Nurse Practice Act in the state,Physician's orders,Patient preferences,b
A nurse manager who encourages staff to participate in shared decision-making regarding unit policies is promoting:,Autocratic leadership,Shared governance,Laissez-faire management,Bureaucratic control,b
"The term ""job satisfaction"" among nursing staff is influenced by factors such as:","Workload, autonomy, and relationships with colleagues",Only salary,Only the physical environment,Only the hospital's reputation,a
Which of the following is an important aspect of performance counseling for a staff nurse who is not meeting expectations?,Focusing on blame and punishment,Identifying specific performance issues and developing a plan for improvement collaboratively,Ignoring the performance issues,Comparing the nurse to other staff members,b
The process of developing a budget that aligns with the strategic goals of the nursing department is a key responsibility of the:,Individual staff nurses,Nurse manager,Human Resources department,Patients,b
Which of the following is a characteristic of a well-functioning healthcare team?,Poor communication and lack of trust,"Clear roles, effective communication, and mutual respect",Competition and conflict between team members,Lack of shared goals,b
"The term ""patient advocacy"" by a nurse manager may involve:","Ensuring patients receive safe, quality care and their rights are respected",Making decisions for patients without their input,Prioritizing the hospital's financial interests over patient needs,Ignoring patient complaints,a
Which of the following is an example of a quantitative method for evaluating the effectiveness of a nursing intervention?,Observing patient behavior,Measuring changes in a patient's blood pressure,Conducting patient interviews about their experience,Reviewing narrative notes in the patient's chart,b
"The term ""scope of practice"" for a registered nurse is defined by:",The individual nurse's preferences,The hospital's policies,The Nurse Practice Act of the state in which they practice,The physician's orders,c
A nurse manager is facilitating a quality improvement project to reduce medication errors on the unit. This is an example of focusing on:,Staff discipline,Patient safety and quality of care,Cost reduction only,Increasing staff workload,b
Which of the following is an important leadership skill for managing a multigenerational nursing workforce?,Treating all generations the same way,"Understanding and adapting to the different values, communication styles, and work expectations of each generation",Favoring one generation over others,Ignoring generational differences,b
The process of ensuring that the nursing unit has the necessary supplies and equipment to provide patient care is part of:,Resource management,Performance appraisal,Staff scheduling,Patient education,a
Which of the following is a common symptom of compassion fatigue in nurses?,Increased empathy and engagement,"Emotional and physical exhaustion, and a decreased ability to empathize",High job satisfaction,Strong desire to help others,b
"A nurse manager who provides ongoing support, guidance, and feedback to help staff nurses develop their skills and career is acting as a:",Disciplinarian,Coach and mentor,Budget analyst,Scheduler,b
"The term ""chain of command"" in a hospital refers to:",The informal communication network,The formal hierarchy of authority and reporting relationships,The process for ordering supplies,The patient care planning process,b
Which of the following is an important strategy for a nurse manager to promote a culture of continuous learning on the unit?,Discouraging staff from asking questions,"Encouraging staff to share knowledge, attend educational programs, and reflect on their practice",Limiting access to new information,Punishing mistakes harshly,b
The primary goal of conducting regular unit meetings is to:,Waste staff time,"Facilitate communication, problem-solving, and team cohesion",Allow the manager to dictate all decisions,Discuss staff personal issues,b
Which of the following is a key element in creating a,A focus on individual competition,"Promoting teamwork, respect, and psychological safety",Ignoring staff concerns,Strict adherence to hierarchy,b
"The term ""staffing mix"" in nursing refers to:",The variety of shifts worked by nurses,"The proportion of registered nurses, licensed practical nurses, and unlicensed assistive personnel on a unit",The blend of male and female nurses,The combination of full-time and part-time staff,b
Which of the following is a benefit of effective conflict resolution in a nursing unit?,Increased tension and resentment,Improved team cohesion and problem-solving,Decreased productivity,Higher staff turnover,b
The process of conducting a job analysis for a nursing position involves:,Only reviewing the previous job description,"Systematically collecting information about the duties, responsibilities, and qualifications required for a job",Guessing what the job entails,Asking only one person about the job,b
Which of the following is an example of a leadership challenge in a rapidly changing healthcare environment?,Maintaining the status quo,Adapting to new technologies and care models,Avoiding innovation,Resisting all external pressures,b
"The term ""fiscal responsibility"" in nursing management means:",Spending as much money as possible,Managing financial resources wisely and efficiently,Ignoring budget constraints,Prioritizing profit over patient care,b
Which of the following is a key role of a nurse manager in promoting ethical practice on the unit?,Ignoring ethical dilemmas,Serving as an ethical role model and facilitating ethical decision-making,Making all ethical decisions for staff,Punishing staff for ethical mistakes,b
The process of providing formal recognition and appreciation for staff contributions is important for:,Increasing staff dissatisfaction,Boosting morale and retention,Decreasing productivity,Creating a competitive environment,b
Which of the following is an example of a qualitative measure used in nursing management?,Number of patient falls,Staff perceptions of workload,Patient length of stay,Medication error rates,b
"The term ""change agent"" in nursing management refers to an individual who:",Resists all changes,Initiates and facilitates change within an organization,Is unaffected by change,Only follows orders,b
Which of the following is a key principle of effective communication during a difficult conversation with a staff member?,Being accusatory and judgmental,"Focusing on specific behaviors, using",Dominating the conversation,Avoiding the issue altogether,b
The primary purpose of a nursing unit's philosophy statement is to:,Outline specific procedures,"Define the unit's values, beliefs, and goals regarding nursing care",List staff members' names,Detail the unit's budget,b
Which of the following is an important aspect of managing a unionized nursing workforce?,Ignoring the collective bargaining agreement,Understanding and adhering to the terms of the collective bargaining agreement,Discouraging union membership,Violating labor laws,b
"The term ""situational leadership"" suggests that the most effective leadership style:",Is always autocratic,Is always democratic,Varies depending on the situation and the readiness of the followers,Is always laissez-faire,c
"Which of the following is a key responsibility of a nurse manager in ensuring compliance with regulatory standards (e.g., The Joint Commission)?",Ignoring regulatory requirements,"Understanding the standards, educating staff, and monitoring compliance",Delegating all compliance activities to unlicensed staff,Waiting for an audit to identify deficiencies,b
The process of developing a personal career plan is important for a nurse to:,Limit their career options,Proactively manage their professional growth and development,Rely solely on their manager for career advancement,Avoid new learning opportunities,b
Which of the following is an example of a system-level factor that can contribute to medication errors?,A nurse's individual carelessness,Poorly designed medication administration processes or look-alike/sound-alike medications,A nurse's lack of knowledge,A nurse intentionally violating policy,b
"The term ""horizontal violence"" or ""lateral violence"" in nursing refers to:",Conflict between a nurse and a physician,Aggressive or hostile behavior between nursing colleagues,Conflict between a nurse and a patient,A patient physically assaulting a nurse,b
Which of the following is an important strategy for a nurse manager to address horizontal violence on the unit?,Ignoring the behavior,Promoting a culture of respect and implementing clear policies against such behavior,Blaming the victim,Encouraging staff to resolve it themselves without support,b
The process of evaluating the cost-effectiveness of different nursing interventions or programs is part of:,Financial management and analysis,Staff scheduling,Patient education,Clinical skills assessment,a
Which of the following is a characteristic of an effective team meeting?,No clear agenda,Dominated by one person,"Starts and ends on time, with active participation and clear outcomes",Unrelated discussions and lack of focus,c
"The term ""patient acuity system"" is used in nursing management to:",Determine patient satisfaction,Measure the nursing workload required to care for patients based on their condition and needs,Assign rooms to patients,Bill patients for services,b
Which of the following is an important consideration when a nurse manager is implementing a new technology on the unit?,Providing adequate training and support to staff,Implementing the technology without any staff input,Assuming all staff will adapt easily,Focusing only on the cost of the technology,a
"The ethical principle of ""justice"" in nursing management relates to:",Treating all staff and patients fairly and equitably,Showing favoritism to certain staff members,Unequal distribution of resources,Ignoring issues of discrimination,a
Which of the following is a key component of a successful mentoring program for new nurses?,Assigning mentors randomly without considering compatibility,Providing clear guidelines and support for both mentors and mentees,Lack of structure and goals,Infrequent meetings between mentor and mentee,b
"The term ""organizational politics"" refers to:",Only formal government processes,The informal use of power and influence to achieve personal or organizational goals,Always unethical behavior,Only activities related to elections,b
Which of the following is an important skill for a nurse manager to navigate organizational politics effectively and ethically?,Manipulating others for personal gain,"Building strong relationships, understanding informal networks, and advocating for the unit's needs",Avoiding all interactions with senior management,Spreading rumors to undermine others,b
The process of developing a unit-based quality improvement plan should involve:,Only the nurse manager,Input and participation from frontline nursing staff,Only external consultants,Ignoring data on current performance,b
Which of the following is a characteristic of a leader who is a good communicator?,Uses ambiguous language,"Listens actively, provides clear messages, and seeks feedback",Avoids difficult conversations,Communicates infrequently,b
"The term ""resilience"" in nursing refers to the ability to:",Avoid all stress and adversity,"Bounce back from stress, adversity, and challenging situations",Become easily overwhelmed by stress,Ignore personal well-being,b
Which of the following is an important strategy for a nurse manager to promote staff resilience?,Increasing workload and demands,"Fostering a supportive work environment, promoting self-care, and providing resources for stress management",Ignoring signs of burnout,Discouraging staff from taking breaks,b
The process of evaluating the impact of a new nursing care delivery model on patient outcomes and staff satisfaction is an example of:,Ignoring the need for evaluation,Program evaluation,Staff scheduling,Budget preparation,b
Which of the following is a key responsibility of a nurse manager in relation to patient rights?,Ignoring patient complaints about their rights,"Ensuring that staff are aware of and respect patient rights (e.g., right to informed consent, privacy)",Making decisions for patients without their consent,Limiting patient access to their medical information,b
"The term ""strategic thinking"" in nursing management involves:",Focusing only on immediate operational issues,Considering the long-term implications of decisions and aligning actions with organizational goals,Avoiding planning for the future,Reacting to crises without a plan,b
Which of the following is an example of a legal protection for nurses who report unsafe practices (whistleblower protection)?,Guaranteed promotion,Protection from retaliation by the employer for reporting in good faith,Immunity from all legal action,Financial bonus for reporting,b
The process of developing a unit-specific emergency preparedness plan should consider:,Only common medical emergencies,"A range of potential disasters (e.g., natural disasters, mass casualty incidents, pandemics)","Only the needs of staff, not patients",Assuming external help will always be immediately available,b
Which of the following is an important aspect of creating an inclusive work environment for nursing staff?,"Treating everyone identically, ignoring individual differences","Recognizing, respecting, and valuing the diversity of the workforce (e.g., age, gender, ethnicity, sexual orientation)",Promoting conformity to a single cultural norm,Allowing discriminatory behavior to occur,b
"The term ""succession planning"" in nursing management is important to:",Ensure a smooth transition when key leaders leave and develop future leaders,Prevent any staff from being promoted,Keep leadership roles vacant for extended periods,Hire only external candidates for leadership positions,b
Which of the following is a characteristic of a manager who effectively empowers their staff?,Micromanages all tasks,"Provides staff with the autonomy, resources, and support to take ownership of their work",Makes all decisions without staff input,Discourages staff from taking initiative,b
The process of conducting regular environmental safety rounds on a nursing unit is important to:,Identify and mitigate potential hazards to patients and staff,Increase the risk of accidents,Ignore safety concerns,Only be done after an incident occurs,a
Which of the following is a key principle of effective delegation to unlicensed assistive personnel (UAP)?,Delegating tasks that require nursing judgment,Ensuring the task is within the UAP's scope of practice and they are competent to perform it,Not providing any supervision or follow-up,Delegating responsibility for patient assessment,b
"The term ""organizational learning"" refers to an organization's ability to:",Resist all new information,"Acquire, share, and apply knowledge to improve performance and adapt to change",Repeat past mistakes,Operate in silos without sharing information,b
Which of the following is an important role of a nurse manager in fostering innovation on the unit?,Discouraging new ideas,"Creating a culture that encourages creativity, experimentation, and learning from failures",Punishing staff for trying new approaches that don't work perfectly,Sticking rigidly to old methods,b
The process of developing a professional portfolio is beneficial for a nurse to:,"Showcase their skills, accomplishments, and professional development",Keep their achievements secret,Avoid performance reviews,Limit their career opportunities,a
Which of the following is an example of a legal requirement related to nursing documentation?,Documentation should be subjective and biased,"Documentation should be accurate, timely, complete, and legible",Documentation can be altered or falsified if necessary,Only positive patient outcomes should be documented,b
"The term ""shared mental model"" within a healthcare team refers to:",Each team member having a different understanding of the situation,"A common understanding among team members regarding goals, tasks, and roles",Lack of communication between team members,Individual team members working in isolation,b
Which of the following is an important strategy for a nurse manager to manage their own stress and prevent burnout?,Working excessive hours without breaks,"Practicing self-care, setting boundaries, and seeking support when needed",Neglecting personal well-being,Taking on more responsibilities than can be managed,b
The process of conducting exit interviews with departing nursing staff can provide valuable information about:,Reasons for staff turnover and areas for improvement within the unit or organization,Only negative feedback about the manager,How to prevent staff from ever leaving,Irrelevant personal details,a
Which of the following is a characteristic of a leader with strong ethical principles?,Makes decisions based on personal gain,"Demonstrates integrity, fairness, and honesty in all actions",Is inconsistent in applying ethical standards,Avoids taking responsibility for ethical lapses,b
"The primary purpose of implementing a new patient care technology, such as an electronic health record (EHR), should be to:",Increase staff workload and frustration,"Improve patient safety, quality of care, and efficiency",Make documentation more complex,Reduce communication between healthcare providers,b
A nurse manager observes a staff nurse consistently failing to follow hand hygiene protocols. The most appropriate initial action is to:,Ignore the behavior,Publicly reprimand the nurse,"Privately discuss the observation with the nurse, provide education, and reinforce expectations",Immediately terminate the nurse,c
"The term ""float pool"" in nursing staffing refers to:",Nurses permanently assigned to one unit,A group of nurses who are cross-trained to work on multiple units as needed,Nurses who only work night shifts,Agency nurses hired for short-term assignments,b
Which of the following is an important consideration when developing a unit budget?,Historical spending patterns and projected patient volume/acuity,Only the manager's salary,The preferences of the most senior staff,Ignoring potential cost-saving opportunities,a
The process of providing constructive criticism to a staff member should focus on:,Their personality flaws,"Specific, observable behaviors and their impact, with suggestions for improvement",General complaints without examples,Comparing them unfavorably to other staff,b
Which of the following is a key benefit of having a culturally diverse nursing workforce?,Increased communication barriers,Improved ability to provide culturally competent care to a diverse patient population,More conflict among staff,Difficulty in team cohesion,b
"The term ""negligence"" in nursing is defined as:",Intentionally harming a patient,"Failure to act as a reasonably prudent nurse would under similar circumstances, resulting in harm to the patient",Providing care that exceeds the standard of care,A minor error that causes no harm,b
A nurse manager is responsible for ensuring that all nursing staff have current licensure and certifications. This is part of:,Budget management,Credentialing and regulatory compliance,Marketing,Patient scheduling,b
Which of the following is an effective strategy for a nurse manager to promote a culture of safety?,"Punishing all errors, regardless of intent",Encouraging open reporting of errors and near misses without fear of retribution,Hiding safety data from staff,Discouraging staff from speaking up about safety concerns,b
"The term ""emotional labor"" in nursing refers to:",Physical exertion required for patient care,The process of managing and expressing emotions as part of one's professional role,Avoiding all emotional connection with patients,Only experiencing positive emotions at work,b
A nurse manager who clearly communicates the unit's goals and expectations to staff is demonstrating effective:,Ambiguity,Direction and leadership,Avoidance,Micromanagement,b
Which of the following is an important component of a fair and just disciplinary process for nursing staff?,Inconsistent application of rules,"A clear policy, thorough investigation, and an opportunity for the staff member to respond",Making decisions based on rumors,Immediate termination for all infractions,b
"The term ""patient satisfaction"" is an important indicator of:",Only the quality of food services,The overall quality of care and patient experience,The hospital's profitability,The number of staff employed,b
Which of the following is a key responsibility of a nurse manager in supporting staff well-being?,Ignoring signs of stress and burnout,Promoting a healthy work-life balance and providing access to support resources,Increasing workload without additional support,"Creating a high-pressure, competitive environment",b
The process of developing a unit-specific mission and vision statement should align with:,Only the manager's personal goals,The overall mission and vision of the healthcare organization,The preferences of a few vocal staff members,The practices of competing hospitals,b
Which of the following is an example of a legal issue related to patient consent?,Providing care to a competent adult patient who has refused treatment,Obtaining informed consent before a surgical procedure,Discussing a patient's condition with their family without the patient's permission,Forcing a patient to accept medication,b
"The term ""clinical ladder"" or ""career ladder"" in nursing provides a framework for:",Disciplining underperforming nurses,Recognizing and rewarding nurses for advancing their clinical skills and expertise,Limiting nurses' career progression,Assigning nurses to different units,b
Which of the following is an important skill for a nurse manager when leading team meetings?,Dominating the discussion,"Facilitating participation, keeping the meeting focused, and ensuring clear action items",Allowing the meeting to run indefinitely,Not preparing an agenda,b
The process of evaluating the effectiveness of a staff education program involves:,Assuming the program was effective without any assessment,"Assessing changes in staff knowledge, skills, or patient outcomes as a result of the program",Only asking staff if they enjoyed the program,Focusing only on the cost of the program,b
Which of the following is a characteristic of a leader who inspires trust?,Inconsistency and unpredictability,"Integrity, competence, and benevolence",Lack of transparency,Self-serving behavior,b
"The term ""healthcare informatics"" plays a crucial role in nursing management by:",Making data inaccessible,"Providing data and tools to support decision-making, quality improvement, and efficient operations",Increasing the risk of errors,Complicating communication,b
A nurse manager is addressing a conflict between a nurse and a physician regarding a patient's plan of care. The most constructive approach is to:,Take the physician's side automatically,Facilitate a respectful discussion focused on the patient's best interest and evidence-based practice,Tell the nurse to avoid questioning the physician,Ignore the conflict,b
"The term ""shared leadership"" involves:",One person making all decisions,Distributing leadership responsibilities among team members based on their expertise and the situation,A lack of clear leadership,Only senior staff having leadership roles,b
Which of the following is an important consideration when a nurse manager is planning for organizational change?,The potential impact on staff morale and workload,Implementing the change as quickly as possible without consultation,Ignoring potential resistance,Focusing only on the financial benefits,a
"The ethical principle of ""autonomy"" in patient care means:",The nurse makes all decisions for the patient,The patient has the right to make their own decisions about their healthcare,The physician dictates all patient choices,Family members make all decisions for the patient,b
Which of the following is a key strategy for a nurse manager to improve patient safety on the unit?,Creating a blame culture,Implementing evidence-based practices and fostering a culture of safety,Discouraging error reporting,Reducing staffing levels,b
"The term ""performance metrics"" or ""key performance indicators (KPIs)"" are used in nursing management to:",Track and evaluate the performance of a unit or organization against specific goals,Only assess individual staff performance,Ignore areas that need improvement,Make staff feel constantly scrutinized,a
Which of the following is an important aspect of effective communication with patients and families from diverse cultural backgrounds?,Assuming they understand medical terminology,"Using culturally sensitive language and communication methods, and utilizing interpreters when needed",Speaking loudly and slowly,Avoiding eye contact,b
The process of developing a unit-based budget typically involves:,The nurse manager working in isolation,"Collaboration between the nurse manager, finance department, and potentially staff input",Only the finance department,Guessing future expenses,b
Which of the following is a characteristic of a leader who is adept at managing change?,Resists all new ideas,"Communicates effectively, builds support, and helps staff navigate the transition",Implements changes without a plan,Ignores the impact of change on staff,b
"The term ""evidence-based staffing"" involves using:",Only historical staffing patterns,Research and data to determine appropriate staffing levels based on patient needs and outcomes,Only staff preferences,The lowest possible staffing levels to save costs,b
Which of the following is an important role of a nurse manager in promoting professional growth among staff?,Discouraging nurses from pursuing advanced education or certifications,Encouraging and supporting staff to set career goals and access development opportunities,Limiting opportunities for new experiences,Favoring staff who do not seek advancement,b
The process of conducting a risk assessment for a nursing unit involves:,Identifying potential hazards and evaluating the likelihood and impact of those hazards,Waiting for an adverse event to occur,Ignoring potential risks,Blaming staff for all risks,a
Which of the following is a key principle of effective team communication?,Withholding important information,"Clarity, respect, active listening, and timely feedback",Using jargon that not all team members understand,Interrupting others frequently,b
"The term ""organizational commitment"" refers to a staff member's:",Desire to leave the organization,Psychological attachment and loyalty to the organization,Indifference towards the organization's goals,Focus only on personal gain,b
Which of the following is an important strategy for a nurse manager to enhance organizational commitment among staff?,Creating a negative and unsupportive work environment,"Fostering a positive work culture, providing opportunities for growth, and recognizing contributions",Offering low pay and minimal benefits,Micromanaging and distrusting staff,b
The process of developing and implementing a unit-specific policy on medication administration should be guided by:,Only the manager's preference,"Evidence-based guidelines, regulatory requirements, and organizational policies",Outdated practices,The opinions of the most junior staff,b
Which of the following is a characteristic of a leader who is a strong advocate for their team?,Prioritizes their own interests over the team's needs,Represents the team's interests and concerns to higher management and works to secure necessary resources,Avoids speaking up for the team,"Agrees with everything higher management says, even if it harms the team",b
"The term ""patient flow"" in a hospital refers to:","The movement of patients through the healthcare system, from admission to discharge",Only the process of admitting patients,Only the process of discharging patients,The number of visitors a patient receives,a
Which of the following is an important role of a nurse manager in optimizing patient flow on the unit?,Creating bottlenecks in care,Collaborating with other departments to streamline processes and reduce delays in care,Ignoring issues that cause delays,Focusing only on the tasks of their own unit,b
The process of providing feedback to a staff member during a performance appraisal should be:,Based on specific examples and objective criteria,Vague and subjective,Focused only on negative aspects,Delivered in a rushed and impersonal manner,a
Which of the following is a key element of a successful patient education program?,Using complex medical terminology,Assessing the patient's learning needs and tailoring the education accordingly,Providing information only once,Not allowing patients to ask questions,b
"The term ""healthcare policy"" can influence nursing management by:",Having no impact on unit operations,"Shaping regulations, funding, and standards of care that affect how nursing services are delivered",Only affecting physicians,Being irrelevant to daily nursing practice,b
Which of the following is an important strategy for a nurse manager to promote a healthy work-life balance for staff?,Encouraging excessive overtime,Promoting flexible scheduling options where feasible and discouraging a culture of overwork,Ignoring staff requests for time off,Setting unrealistic workload expectations,b
"The process of developing a contingency plan for unexpected staff absences (e.g., due to illness) is part of:",Workforce planning and management,Budgeting,Patient education,Marketing,a
Which of the following is a characteristic of a leader who effectively manages conflict?,Avoids all conflict,"Addresses conflict constructively, seeking win-win solutions where possible",Escalates conflict unnecessarily,Takes sides without understanding the issue,b
"The term ""standard of care"" in nursing refers to:",The minimum level of care acceptable,The degree of care that a reasonably prudent nurse would exercise under similar circumstances,"The highest possible level of care, regardless of resources",Whatever care the nurse feels is appropriate,b
Which of the following is an important responsibility of a nurse manager in relation to new graduate nurses?,Assigning them the most complex patients immediately,"Providing a supportive orientation, mentorship, and opportunities for skill development",Expecting them to perform at the level of experienced nurses from day one,Ignoring their learning needs,b
"The process of using data to identify trends, monitor performance, and make informed decisions is crucial for:",Effective nursing management,Ignoring problems,Making decisions based on intuition only,Creating more work for staff,a
Which of the following is a key principle of person-centered care?,Treating all patients the same,"Focusing on the patient as an individual with unique needs, preferences, and values",The healthcare provider making all decisions,Limiting family involvement in care,b
"The term ""informatics nurse specialist"" is a nurse who has advanced training and expertise in:",Only direct patient care,Using information technology to improve patient care and healthcare systems,Only hospital administration,Only financial management,b
Which of the following is an important consideration for a nurse manager when implementing a new staffing model?,The potential impact on patient safety and quality of care,Only the cost savings,The preferences of the manager only,Ignoring staff feedback,a
The process of developing a therapeutic relationship with patients is a key aspect of:,Nursing management,Nursing practice,Hospital administration,Financial accounting,b
Which of the following is an example of a legal responsibility of a nurse manager regarding controlled substances on the unit?,Allowing staff to divert medications,"Ensuring proper storage, documentation, and security of controlled substances",Ignoring discrepancies in medication counts,Not providing any oversight of medication administration,b
"The term ""transformational leadership"" is often associated with:",Maintaining the status quo,Inspiring positive change and motivating followers to achieve higher levels of performance,A focus on tasks rather than people,An autocratic approach,b
Which of the following is an important strategy for a nurse manager to promote a culture of lifelong learning among staff?,Discouraging attendance at educational events,"Encouraging participation in continuing education, professional organizations, and evidence-based practice initiatives",Limiting access to journals and research,Punishing staff for not knowing everything,b
The process of conducting a performance improvement plan (PIP) for a staff member is typically initiated when:,The staff member is performing exceptionally well,There are ongoing performance issues that have not been resolved through coaching and feedback,The manager wants to reward the staff member,The staff member requests a promotion,b
Which of the following is a characteristic of a leader who is skilled in systems thinking?,Focuses only on individual parts of a problem,Understands how different parts of a system interact and influence each other,Ignores the broader context of issues,Implements solutions that only address symptoms,b
"The term ""patient handoff"" or ""handover"" refers to the process of:",Transferring responsibility for patient care from one healthcare provider to another,Discharging a patient home,Admitting a new patient,Documenting patient care,a
Which of the following is a key element of a safe and effective patient handoff?,Incomplete or inaccurate information,"Standardized communication tools and processes (e.g., SBAR)",Interruptions and distractions during handoff,Lack of opportunity for questions,b
The process of developing a unit-based disaster response plan should involve collaboration with:,Only the nurse manager,"Other hospital departments, emergency management personnel, and potentially community agencies",Only frontline staff,External vendors only,b
Which of the following is an important ethical consideration when using social media as a nurse?,Sharing confidential patient information online,Maintaining professional boundaries and patient privacy,Posting inappropriate or unprofessional content,Criticizing colleagues or employers publicly,b
"The term ""telehealth"" or ""telemedicine"" involves using technology to:",Provide healthcare services remotely,Only schedule appointments,Only bill for services,Replace all in-person care,a
Which of the following is an important role of a nurse manager in supporting the use of telehealth on the unit?,Discouraging its use,Ensuring staff are trained and have the necessary resources to use telehealth effectively and safely,Ignoring patient privacy concerns related to telehealth,Implementing telehealth without considering workflow implications,b
The process of conducting a needs assessment before implementing a new program or initiative is important to:,Ensure the program is aligned with actual needs and priorities,Waste time and resources,Implement a program that no one wants or needs,Make assumptions about what is needed,a
Which of the following is a characteristic of a leader who is a good role model for professionalism?,"Demonstrates integrity, accountability, and respect in all interactions",Engages in unethical behavior,Is frequently late or absent,Speaks negatively about the organization,a
"The term ""incident report"" or ""occurrence report"" is used in healthcare to:","Document any event that is not consistent with routine operations or patient care, to identify risks and improve safety",Punish staff involved in errors,Only document positive events,Keep information about errors secret,a
Which of the following is an important principle when completing an incident report?,Include personal opinions and blame,"Document factual, objective information about the event",Delay reporting the incident,Only report incidents that cause severe harm,b
The process of developing a unit-based budget requires the nurse manager to consider:,"Only revenue, not expenses","Anticipated patient volume, staffing needs, supply costs, and equipment needs",Only the previous year's budget without adjustments,The personal preferences of the finance department,b
Which of the following is a key strategy for a nurse manager to promote effective teamwork?,Encouraging competition between team members,"Fostering open communication, clear roles, and mutual support among team members",Allowing conflicts to go unresolved,Micromanaging all team activities,b
"The term ""patient acuity"" refers to:",The severity of a patient's illness and the amount of nursing care they require,The patient's age,The patient's insurance status,The patient's room number,a
Which of the following is an important consideration when a nurse manager is developing a staffing schedule?,"Ensuring adequate coverage based on patient acuity and census, while also considering staff needs and requests where possible",Only considering staff preferences,"Always using the minimum number of staff to save costs, regardless of patient needs",Ignoring staff fatigue and burnout,a
The process of providing orientation and training to new nursing staff is crucial for:,Ensuring they are competent and prepared to provide safe and effective patient care,Making them feel unwelcome,Increasing the risk of errors,Wasting unit resources,a
Which of the following is a characteristic of a leader who is effective at motivating staff?,Uses only threats and punishment,Understands individual staff needs and uses a variety of strategies to inspire and engage them,Ignores staff contributions,Provides no feedback,b
"The term ""healthcare disparities"" refers to:",Differences in health outcomes that are equitable and just,"Differences in health outcomes between different groups of people, often linked to social, economic, or environmental disadvantage",Equal access to care for all individuals,The same health status for everyone,b
Which of the following is an important role of a nurse manager in addressing healthcare disparities?,Ignoring them,Promoting culturally competent care and advocating for equitable access to resources for all patients,Perpetuating biases in care delivery,Focusing only on the needs of the majority population,b
The process of developing a professional network is beneficial for a nurse manager to:,Isolate themselves from colleagues,"Share knowledge, gain support, and stay informed about trends in nursing and healthcare",Limit their career opportunities,Avoid learning new things,b
Which of the following is an example of a legal and ethical issue related to end-of-life care?,"Honoring a patient's advance directives (e.g., Do Not Resuscitate order)",Providing futile treatment against a patient's wishes,Not involving the patient or family in decision-making,Withholding pain medication from a terminally ill patient,a
"The term ""quality assurance"" in healthcare focuses on:",Identifying and correcting defects in care after they have occurred,Proactively improving processes to prevent errors and enhance patient outcomes,Only meeting minimum standards,Ignoring patient feedback,a
Which of the following is a key component of a successful staff recognition program?,Infrequent and inconsistent recognition,"Timely, specific, and meaningful recognition of staff contributions",Recognizing only senior staff,Focusing only on monetary rewards,b
The process of managing a nursing unit's budget effectively requires the nurse manager to:,"Monitor expenses, identify variances, and implement corrective actions as needed",Spend without regard to the budget,Ignore financial reports,Delegate all budget responsibilities to staff nurses,a
Which of the following is a characteristic of a leader who is skilled in problem-solving?,Jumps to conclusions,"Gathers data, analyzes the problem, identifies potential solutions, and evaluates outcomes",Avoids making decisions,Blames others for problems,b
"The term ""patient safety culture"" refers to the shared values, beliefs, and norms within an organization that prioritize patient safety.",True,False,It only refers to individual nurse behavior.,It is not relevant to nursing management.,a
Which of the following is an important strategy for a nurse manager to promote a patient safety culture?,Creating a blame-free environment for reporting errors and near misses,Punishing staff harshly for all mistakes,Discouraging staff from speaking up about safety concerns,Hiding information about adverse events,a
The process of developing a unit-based staffing plan should consider:,Only the number of beds on the unit,"Patient acuity, skill mix of staff, and regulatory requirements",Only the preferences of the most experienced nurses,"The lowest possible cost, regardless of patient needs",b
"Which of the following is an example of a legal requirement for maintaining patient confidentiality (e.g., HIPAA in the US)?",Discussing patient information in public areas,Accessing patient records for personal curiosity,Protecting patient health information from unauthorized disclosure,Sharing patient photos on social media without consent,c
"The term ""leadership style"" refers to:","A leader's typical pattern of behavior when guiding, directing, and influencing others",A leader's personality traits only,A leader's job title,A leader's level of education,a
Which of the following is an important aspect of effective time management for a nurse manager?,Procrastinating on important tasks,"Prioritizing tasks, delegating appropriately, and minimizing interruptions",Trying to do everything themselves,Working excessive hours consistently,b
The process of providing ongoing education and training to nursing staff is essential for:,Maintaining clinical competence and adapting to changes in healthcare,Increasing staff dissatisfaction,Wasting unit resources,Keeping staff skills stagnant,a
Which of the following is a characteristic of a leader who is effective at building teams?,Fosters competition and mistrust among team members,"Promotes collaboration, communication, and a shared sense of purpose",Makes all team decisions unilaterally,Ignores team conflicts,b
"The term ""risk assessment"" in healthcare involves identifying potential hazards and evaluating the likelihood and severity of harm.",True,False,It only involves reacting to incidents after they occur.,It is not relevant to patient safety.,a
"Which of the following is an important role of a nurse manager in managing a crisis situation on the unit (e.g., a fire or active shooter)?",Panicking and creating confusion,"Following established emergency protocols, ensuring staff and patient safety, and communicating effectively",Ignoring the crisis,Making decisions without consulting emergency plans,b
The process of developing a personal leadership philosophy can help a nurse manager to:,"Clarify their values, beliefs, and approach to leadership",Become more autocratic,Avoid making difficult decisions,Ignore the needs of their staff,a
Which of the following is an example of a legal and ethical responsibility of a nurse manager regarding informed consent?,"Ensuring that patients understand the risks, benefits, and alternatives of a proposed treatment before consenting",Coercing patients into consenting to treatment,Obtaining consent from a family member when the patient is competent to consent for themselves,Proceeding with treatment without any consent,a
"The term ""organizational climate"" refers to the prevailing atmosphere or mood within an organization, as perceived by its members.",True,False,It is the same as organizational structure.,It has no impact on staff morale.,a
Which of the following is an important strategy for a nurse manager to create a positive organizational climate on the unit?,"Promoting fairness, respect, and open communication",Allowing bullying and incivility to occur,Ignoring staff concerns and feedback,Creating a culture of fear and intimidation,a
The process of developing a unit-based budget requires the nurse manager to balance quality of care with financial constraints.,True,False,Quality of care should always be sacrificed for cost savings.,Financial constraints are not relevant to nursing management.,a
Which of the following is a characteristic of a leader who is effective at delegation?,Delegates tasks without providing clear instructions or support,"Delegates appropriately based on staff competence and scope of practice, and provides necessary guidance and follow-up",Avoids delegation to maintain control,Delegates only unpleasant tasks,b
"The term ""patient- and family-centered care"" emphasizes partnership between healthcare providers, patients, and families.",True,False,It means families make all decisions.,It means providers ignore patient preferences.,a
Which of the following is an important role of a nurse manager in promoting patient- and family-centered care?,Discouraging family involvement,"Fostering a culture that respects patient and family preferences, values, and needs, and involves them in care decisions",Limiting communication with patients and families,Making all care decisions without consulting patients or families,b
The process of evaluating the effectiveness of a new nursing policy or procedure should include:,"Assessing its impact on patient outcomes, staff satisfaction, and efficiency",Assuming it is effective without any evaluation,Only considering the cost of implementation,Ignoring feedback from staff who use the policy or procedure,a
Which of the following is a key characteristic of a successful quality improvement project?,Lack of clear goals,"Data-driven decision making and a systematic approach (e.g., PDSA cycle)",Resistance from staff and management,Infrequent monitoring of progress,b
"The term ""moral distress"" in nursing occurs when:",A nurse is unsure of the ethically correct action to take.,A nurse knows the ethically correct action to take but is constrained from taking it.,A nurse acts unethically without remorse.,A nurse experiences job satisfaction.,b
Which of the following is an important strategy for a nurse manager to support staff experiencing moral distress?,Ignoring their concerns,"Providing a safe space for discussion, offering support resources, and advocating for systemic changes if needed",Telling them to just get over it,Punishing them for expressing distress,b
The process of developing a unit-based staffing schedule must comply with:,Only the manager's preferences,"Labor laws, organizational policies, and any collective bargaining agreements",Only the requests of the most senior nurses,The desires of the newest nurses,b
Which of the following is an example of a legal protection for patient privacy under HIPAA (in the US)?,Nurses can discuss patient information freely in public areas.,Patients have the right to access and request corrections to their health information.,Hospitals can sell patient data without consent.,Employers can access employee health records without restriction.,b
"The term ""leadership competency"" refers to:","A leader's specific skills, knowledge, and abilities required for effective performance",A leader's popularity,A leader's job title,A leader's years of experience only,a
Which of the following is an important leadership competency for a nurse manager?,Inability to communicate effectively,"Strong communication, decision-making, and interpersonal skills",Avoidance of conflict,Lack of vision,b
"The process of providing feedback to staff should be ongoing, not just during formal performance appraisals.",True,False,Feedback should only be given annually.,Feedback is not necessary for experienced staff.,a
Which of the following is a characteristic of a leader who is effective at fostering teamwork?,Creates divisions among team members,"Promotes collaboration, trust, and open communication within the team",Takes credit for all team successes,Blames the team for all failures,b
"The term ""sentinel event"" is defined by The Joint Commission as a patient safety event that results in death, permanent harm, or severe temporary harm.",True,False,It refers to any minor error.,It is not related to patient safety.,a
"Following a sentinel event, a healthcare organization is expected to conduct a:",Celebration,Thorough root cause analysis to prevent recurrence,Cover-up,Blame assignment session,b
Which of the following is an important role of a nurse manager in emergency preparedness?,Ensuring staff are trained on emergency protocols and know their roles during a disaster,Assuming someone else will handle emergencies,Keeping emergency plans confidential,Waiting until a disaster occurs to make a plan,a
The process of developing a personal brand as a nurse leader involves:,"Defining your unique strengths, values, and how you want to be perceived professionally",Copying someone else's leadership style,Being inconsistent in your behavior,Avoiding self-reflection,a
Which of the following is an example of a legal and ethical issue related to staffing levels on a nursing unit?,"Consistently understaffing the unit, potentially compromising patient safety",Providing adequate staffing based on patient acuity,Allowing nurses to choose their own assignments regardless of workload,Overstaffing the unit unnecessarily,a
"The term ""organizational vision"" describes:",The current state of the organization,A desired future state for the organization,The organization's financial performance,The organization's policies and procedures,b
Which of the following is an important strategy for a nurse manager to align unit goals with the organizational vision?,Ignoring the organizational vision,Communicating the organizational vision to staff and developing unit-specific objectives that support it,Creating unit goals that conflict with the organizational vision,Keeping the organizational vision a secret from staff,b
The process of developing a unit budget requires the nurse manager to anticipate future needs and allocate resources accordingly.,True,False,The budget should only reflect past spending.,Future needs are impossible to predict.,a
Which of the following is a characteristic of a leader who is effective at managing performance?,Avoids giving any feedback,"Sets clear expectations, provides regular feedback, and addresses performance issues constructively",Only focuses on negative performance,Is inconsistent in applying performance standards,b
"The term ""patient engagement"" refers to patients being actively involved in their own care and decision-making.",True,False,It means patients dictate all care.,It is not important for good outcomes.,a
Which of the following is an important role of a nurse manager in promoting patient engagement?,Discouraging patients from asking questions,Fostering a culture where staff encourage and support patient involvement in their care,Making all decisions for patients,Limiting patient access to information about their condition,b
The process of evaluating a new technology for use on a nursing unit should consider its potential impact on:,"Patient safety, quality of care, staff workflow, and cost-effectiveness",Only the cost of the technology,Only the preferences of the IT department,Only how new and exciting the technology is,a
Which of the following is a key characteristic of a high-performing nursing team?,Poor communication and lack of trust,"Clear goals, effective communication, mutual respect, and shared accountability",Frequent unresolved conflicts,Lack of leadership,b
"The term ""moral courage"" in nursing involves:",Avoiding ethical challenges,"Standing up for what is ethically right, even in the face of opposition or potential negative consequences","Following orders without question, even if they are unethical",Remaining silent about unethical practices,b
Which of the following is an important strategy for a nurse manager to foster moral courage among staff?,Creating a culture where staff feel safe to speak up about ethical concerns without fear of retaliation,Punishing staff who raise ethical questions,Ignoring ethical dilemmas,Encouraging staff to prioritize self-preservation over ethical action,a
The process of developing a unit-based orientation program for new nurses should include:,Only information about unit policies,"Information about unit routines, equipment, common patient populations, and emergency procedures, along with preceptorship",Only social activities,Minimal information to save time,b
Which of the following is an example of a legal requirement related to documentation of patient care?,Documentation should be done at the end of the week.,"Documentation must be accurate, contemporaneous, and reflect the nursing process.",Only positive outcomes should be documented.,Nurses can delegate all documentation to unlicensed staff.,b
"The term ""leadership development"" refers to activities designed to enhance the skills and abilities of individuals to assume leadership roles.",True,False,It is only for senior executives.,It is not necessary for nurse managers.,a
Which of the following is an important component of a leadership development program for nurse managers?,"Training in areas such as communication, conflict resolution, financial management, and strategic thinking",Only clinical skills training,Only administrative tasks,"No formal training, only on-the-job experience",a
The process of providing feedback to a staff member about their performance should be timely and specific.,True,False,Feedback should be delayed as long as possible.,Feedback should be vague to avoid hurting feelings.,a
Which of the following is a characteristic of a leader who is effective at building relationships?,Is aloof and unapproachable,"Demonstrates empathy, active listening, and respect for others","Focuses only on tasks, not people",Is inconsistent in their interactions,b
"The term ""failure to rescue"" refers to the inability to recognize and respond to a patient's deteriorating condition in a timely manner.",True,False,It only applies to surgical patients.,It is always the physician's fault.,a
Which of the following is an important strategy for a nurse manager to prevent failure to rescue events?,"Ensuring adequate staffing, promoting critical thinking skills, and fostering effective team communication",Discouraging nurses from reporting changes in patient condition,Limiting access to rapid response teams,Blaming individual nurses when events occur,a
The process of developing a unit-based quality improvement initiative should be based on:,The manager's personal preferences,Data identifying areas for improvement and evidence-based practices,Anecdotal information only,"What other hospitals are doing, without considering local context",b
Which of the following is an example of a legal and ethical issue related to patient restraints?,Using restraints for staff convenience,"Using restraints only as a last resort, with proper orders, monitoring, and documentation, to ensure patient safety",Applying restraints without a physician's order,Leaving a restrained patient unattended for long periods,b
"The term ""organizational citizenship behavior"" refers to discretionary behaviors by employees that are not part of their formal job requirements but contribute to the effective functioning of the organization.",True,False,It only refers to mandatory tasks.,It is always detrimental to the organization.,a
Which of the following is an important strategy for a nurse manager to encourage organizational citizenship behavior among staff?,Creating a positive and supportive work environment where staff feel valued and engaged,Punishing staff for going above and beyond,Micromanaging all tasks,Discouraging teamwork,a
The process of developing a budget for a nursing unit requires the manager to consider both fixed and variable costs.,True,False,Only fixed costs are relevant.,Only variable costs are relevant.,a
Which of the following is a characteristic of a leader who is effective at managing change?,Is resistant to new ideas,"Is adaptable, resilient, and able to guide others through transitions",Lacks a clear vision for the future,Communicates poorly about changes,b
"The term ""patient advocacy"" involves speaking up for patients' rights and best interests.",True,False,It means making decisions for patients.,It is not part of a nurse's role.,a
Which of the following is an important role of a nurse manager in promoting patient advocacy among staff?,Discouraging staff from speaking up for patients,Empowering staff to advocate for patients and providing support when they do so,Prioritizing organizational needs over patient rights,Ignoring patient complaints,b
The process of evaluating a new piece of medical equipment for purchase should include input from frontline nursing staff who will be using it.,True,False,Only managers should be involved in equipment selection.,Cost is the only factor to consider.,a
Which of the following is a key characteristic of a healthy work environment that promotes staff retention?,High levels of stress and burnout,"Opportunities for professional growth, recognition, and a supportive culture",Lack of autonomy and control over practice,Poor communication from management,b
"The term ""moral agency"" in nursing refers to a nurse's capacity to act ethically and make moral decisions.",True,False,It means nurses are not responsible for their ethical choices.,It only applies to nurse managers.,a
Which of the following is an important strategy for a nurse manager to support the moral agency of staff?,Creating an environment where ethical concerns can be openly discussed and addressed,Punishing staff for raising ethical questions,Ignoring ethical dilemmas,Making all ethical decisions for staff,a
The process of developing a unit-based policy for managing disruptive behavior from patients or visitors should prioritize the safety of staff and other patients.,True,False,Staff safety is not a concern.,Disruptive behavior should always be tolerated.,a
Which of the following is an example of a legal requirement related to the disposal of medical waste?,Disposing of all waste in regular trash bins,Following specific protocols for segregating and disposing of hazardous and infectious waste,Ignoring waste disposal guidelines,Allowing staff to take medical supplies home,b
"The term ""leadership pipeline"" refers to the process of identifying and developing individuals within an organization to fill future leadership positions.",True,False,It means hiring only external candidates for leadership roles.,It is not relevant for nursing organizations.,a
Which of the following is an important component of developing a leadership pipeline in nursing?,"Providing mentorship, coaching, and leadership development opportunities for promising staff",Discouraging staff from seeking leadership roles,Limiting access to leadership training,Promoting staff based on seniority only,a
The process of providing feedback to a staff member should be done in private to maintain confidentiality and respect.,True,False,Feedback should always be given publicly.,Confidentiality is not important when giving feedback.,a
Which of the following is a characteristic of a leader who is effective at fostering innovation?,Is resistant to new ideas and approaches,"Encourages creativity, risk-taking (within safe boundaries), and learning from mistakes",Punishes failures harshly,Maintains a rigid and unchanging environment,b
"The term ""rounding"" by nurse managers (e.g., leadership rounding, purposeful rounding) is a practice aimed at:",Checking up on staff to catch them making mistakes,"Proactively engaging with staff and patients to identify needs, address concerns, and build relationships",Avoiding interaction with staff and patients,Only socializing with staff,b
Which of the following is a benefit of regular leadership rounding by nurse managers?,Decreased staff morale,"Improved communication, early identification of issues, and increased staff/patient satisfaction",Increased staff anxiety,Wasted manager time,b
The process of developing a unit-based budget requires the nurse manager to understand the unit's revenue sources and cost drivers.,True,False,"Only expenses matter, not revenue.",Understanding finances is not part of a nurse manager's role.,a
Which of the following is a characteristic of a leader who is effective at managing conflict between team members?,Takes sides immediately based on personal preference,"Facilitates open communication, helps identify underlying issues, and guides the team towards a resolution",Ignores the conflict and hopes it goes away,Imposes a solution without listening to either party,b
"The term ""patient acuity tools"" are used to help determine staffing needs based on the complexity of patient care requirements.",True,False,They are only used for billing purposes.,They are not reliable for staffing decisions.,a
Which of the following is an important role of a nurse manager in ensuring fair and equitable patient assignments?,Assigning the heaviest workload to the newest nurses,"Considering patient acuity, staff skill mix, and continuity of care when making assignments",Allowing nurses to choose all their own assignments without oversight,Assigning patients based on favoritism,b
The process of providing ongoing professional development opportunities for nursing staff is crucial for:,Maintaining high standards of care and promoting staff retention,Increasing staff boredom,Ensuring staff skills become outdated,Discouraging critical thinking,a
Which of the following is a characteristic of a leader who effectively empowers their team?,Controls all information and decision-making,"Delegates authority, provides resources, and supports staff in taking ownership of their work",Micromanages every detail,Discourages initiative and autonomy,b
"The term ""just-in-time (JIT) training"" refers to providing training to staff immediately before they need to apply a new skill or knowledge.",True,False,It means providing all training at once during orientation.,It is an ineffective training method.,a
Which of the following is an important consideration when a nurse manager is implementing a new evidence-based practice guideline?,The potential barriers to implementation and strategies to overcome them,Implementing the guideline without educating staff,Ignoring staff concerns about the new guideline,Assuming the guideline will be adopted easily,a
The process of conducting regular performance evaluations for nursing staff should be:,A punitive process focused only on weaknesses,"A constructive process involving feedback, goal setting, and identification of development needs",Done infrequently and inconsistently,Based on subjective opinions rather than objective criteria,b
Which of the following is a key principle of effective communication in a crisis?,Withholding information to prevent panic,"Providing clear, concise, accurate, and timely information from a credible source",Spreading rumors and unconfirmed information,Communicating only with senior leadership,b
"The term ""organizational values"" are the core beliefs that guide an organization's behavior and decision-making.",True,False,They are irrelevant to daily operations.,They are only for marketing purposes.,a
Which of the following is an important role of a nurse manager in upholding organizational values on the unit?,Ignoring behavior that contradicts organizational values,Modeling behavior consistent with organizational values and holding staff accountable to them,Creating unit values that conflict with organizational values,Not communicating organizational values to staff,b
The process of developing a unit-based disaster plan should include provisions for:,"Communication, staffing, supplies, and patient evacuation or shelter-in-place",Only communication,Only staffing,Assuming the hospital's general plan is sufficient,a
Which of the following is an example of a legal and ethical issue related to social media use by nurses?,Posting de-identified patient case studies for educational purposes with appropriate permissions,Sharing identifiable patient information or images online without consent,Using social media to connect with professional colleagues,Accessing reputable health information online,b
"The term ""leadership presence"" refers to a leader's ability to command attention, inspire confidence, and convey credibility.",True,False,It is solely about physical appearance.,It is not important for nurse managers.,a
Which of the following is an important aspect of developing leadership presence for a nurse manager?,Being unassertive and indecisive,"Demonstrating confidence, clear communication, and professional demeanor",Avoiding eye contact and using hesitant language,Dressing inappropriately for a leadership role,b
The process of providing constructive feedback to a peer (another nurse manager) should be done respectfully and professionally.,True,False,It should be done publicly to embarrass them.,It is never appropriate to give feedback to a peer.,a
Which of the following is a characteristic of a leader who is effective at managing stress and promoting well-being in their team?,Ignores signs of staff burnout,"Promotes a supportive work environment, encourages self-care, and provides access to resources",Adds unnecessary stressors to the workplace,Discourages staff from taking breaks or vacations,b
"The term ""healthcare quality indicators"" are measures used to assess the quality of care provided by healthcare organizations.",True,False,They are only used for financial reporting.,They are not relevant to nursing care.,a
Which of the following is an example of a nursing-sensitive quality indicator?,Hospital profit margin,Patient fall rates or pressure ulcer prevalence,Number of surgical procedures performed,Cost of medications,b
The process of developing a unit-based budget requires the nurse manager to advocate for necessary resources to ensure safe and quality patient care.,True,False,The manager should always accept budget cuts without question.,Advocating for resources is not part of the manager's role.,a
Which of the following is a characteristic of a leader who is effective at fostering a culture of continuous improvement?,Is resistant to change and new ideas,"Encourages staff to identify opportunities for improvement, test changes, and learn from results",Punishes staff for suggesting changes,Believes current processes are perfect and cannot be improved,b
"The term ""patient-centered medical home (PCMH)"" is a model of primary care that is patient-centered, comprehensive, team-based, coordinated, accessible, and focused on quality and safety.",True,False,It is a type of hospital.,It is only for pediatric patients.,a
Which of the following is an important role of a nurse manager in a PCMH model?,Working in isolation from other team members,"Facilitating care coordination, team collaboration, and patient engagement",Focusing only on episodic illness care,Limiting patient access to services,b
The process of conducting a,,,,,b
The process of conducting a comprehensive unit orientation for new staff is essential for:,Ensuring they are immediately productive without any support,"Integrating them into the unit culture, familiarizing them with policies and procedures, and ensuring competence",Overwhelming them with too much information at once,Only providing them with a list of rules,b
Which of the following is a key characteristic of a leader who is effective at managing conflict?,Avoids all conflict and hopes it resolves itself,"Addresses conflict directly and constructively, seeking mutually beneficial solutions",Takes sides and fuels the conflict,Imposes solutions without listening to all parties,b
"The term ""staff engagement"" refers to the emotional commitment an employee has to their organization and its goals.",True,False,It is only about job satisfaction.,It is not important for organizational success.,a
Which of the following is an important strategy for a nurse manager to enhance staff engagement?,Ignoring staff feedback and concerns,"Providing opportunities for input, recognition, professional development, and a supportive work environment",Creating a highly competitive and stressful atmosphere,Limiting communication and transparency,b
The process of developing a unit-based quality improvement project should involve:,Only the nurse manager making all decisions,"A multidisciplinary team approach, including frontline staff, to identify problems and develop solutions",External consultants only,Ignoring the input of those directly involved in the process,b
Which of the following is an example of a legal and ethical issue related to patient privacy and social media?,Sharing de-identified patient stories for educational purposes with consent,"Posting identifiable patient information or photos on social media, even if well-intentioned",Using social media to connect with professional nursing organizations,Accessing publicly available health information online,b
"The term ""transformational leadership"" emphasizes:",Maintaining the status quo and focusing on routine tasks,Inspiring and motivating followers to achieve extraordinary outcomes and personal growth,Using rewards and punishments to control behavior,A hands-off approach to management,b
Which of the following is an important role of a nurse manager in fostering a culture of psychological safety on the unit?,Punishing staff for speaking up or making mistakes,"Creating an environment where staff feel safe to express ideas, ask questions, and report errors without fear of humiliation or retaliation",Discouraging open communication,Promoting a blame culture,b
The process of conducting a root cause analysis (RCA) after an adverse event is primarily aimed at:,Assigning blame to individuals,Identifying the underlying systemic factors that contributed to the event to prevent recurrence,Quickly fixing the immediate problem without deeper investigation,Punishing staff involved in the event,b
Which of the following is a key characteristic of a high-reliability organization (HRO) in healthcare?,A focus on individual blame for errors,"A preoccupation with failure, reluctance to simplify interpretations, sensitivity to operations, commitment to resilience, and deference to expertise",Ignoring minor errors,A rigid hierarchy that discourages input from frontline staff,b
"The term ""just culture"" in healthcare promotes:",A culture of blame and punishment for all errors,A balance between accountability for reckless behavior and a system-based approach to understanding human error,Ignoring all errors and mistakes,A culture where staff are afraid to report errors,b
Which of the following is an important strategy for a nurse manager to implement a just culture on the unit?,"Punishing all errors equally, regardless of intent","Differentiating between human error, at-risk behavior, and reckless behavior, and responding appropriately",Encouraging staff to cover up mistakes,Blaming individuals for system failures,b
The process of developing a unit-based staffing plan should consider the impact of staffing levels on:,Only staff satisfaction,"Patient outcomes, staff burnout, and financial sustainability",Only the manager's convenience,The number of available parking spaces,b
Which of the following is an example of a legal and ethical issue related to patient advocacy?,Ignoring a patient's expressed wishes regarding their care,"Speaking up for a patient's right to refuse treatment, even if the nurse disagrees with the decision",Making decisions for a patient without their input,Disclosing confidential patient information to unauthorized individuals,b
"The term ""shared governance"" in nursing empowers nurses to:",Have no say in decision-making,Participate in decision-making processes that affect their practice and work environment,Only follow orders from physicians,Focus solely on direct patient care without broader involvement,b
Which of the following is an important role of a nurse manager in supporting shared governance on the unit?,Centralizing all decision-making authority,Creating structures and processes that enable staff nurses to participate in decision-making councils and committees,Discouraging staff from taking on leadership roles,Ignoring staff input on unit operations,b
The process of conducting regular staff meetings should include:,Only the manager speaking,"An agenda, active participation from staff, and clear action items/follow-up",Unrelated discussions and no clear purpose,Infrequent and unscheduled meetings,b
Which of the following is a characteristic of a leader who is effective at fostering a positive work environment?,Creates a stressful and unsupportive atmosphere,"Promotes respect, collaboration, recognition, and opportunities for growth",Ignores staff concerns and feedback,Encourages competition and conflict among staff,b
"The term ""succession planning"" is crucial for:",Ensuring leadership positions remain vacant,Identifying and developing future leaders to ensure continuity and stability within the organization,Promoting staff based solely on seniority,Avoiding any changes in leadership,b
Which of the following is an important strategy for a nurse manager to engage staff in quality improvement initiatives?,Imposing changes without staff input,"Involving frontline staff in identifying problems, developing solutions, and implementing changes",Blaming staff for quality issues,Keeping quality improvement efforts secret from staff,b
The process of developing a unit-based budget requires the nurse manager to be fiscally responsible while ensuring adequate resources for patient care.,True,False,Financial considerations are secondary to all other concerns.,The manager has no role in budget development.,a
Which of the following is an example of a legal and ethical issue related to patient confidentiality?,Discussing a patient's medical condition with an unauthorized family member,Accessing a patient's medical record for a legitimate care purpose,Sharing patient information on social media for educational purposes without consent,Leaving patient charts open in public areas,a
"The term ""emotional intelligence"" in leadership is the ability to:",Suppress all emotions,Understand and manage one's own emotions and to perceive and influence the emotions of others,Be overly emotional and reactive,Ignore the emotions of others,b
Which of the following is an important skill for a nurse manager with high emotional intelligence?,Lack of empathy,"Self-awareness, self-regulation, motivation, empathy, and social skills",Inability to manage stress,Poor communication skills,b
The process of conducting a performance appraisal should be:,A one-way conversation from manager to employee,"A collaborative discussion that includes self-assessment, feedback, and goal setting",Focused only on past mistakes,Done only when there are problems,b
Which of the following is a key characteristic of a leader who is effective at building trust with their team?,Inconsistency and unpredictability,"Transparency, honesty, reliability, and demonstrating care for staff well-being",Hiding information from staff,Making promises that cannot be kept,b
"The term ""patient safety culture"" emphasizes:",Blaming individuals for errors,"A collective commitment to safety, open communication about errors, and continuous learning from mistakes",Covering up errors to protect the organization's reputation,Punishing staff for reporting near misses,b
Which of the following is an important strategy for a nurse manager to promote a patient safety culture?,Creating a non-punitive environment for error reporting,Discouraging staff from speaking up about safety concerns,"Focusing only on individual errors, not system issues",Ignoring patient feedback on safety,a
The process of developing a unit-based staffing schedule should consider:,Only the number of nurses available,"Patient acuity, skill mix requirements, regulatory guidelines, and staff preferences where possible",Only the lowest cost option,The manager's personal convenience,b
Which of the following is an example of a legal and ethical issue related to informed consent?,Obtaining consent from a patient who is not mentally competent to make decisions,Ensuring the patient receives all necessary information to make an autonomous decision about their care,Coercing a patient into a procedure they do not want,Performing a procedure without any form of consent,b
"The term ""interprofessional collaboration"" in healthcare is essential for:",Creating silos between different healthcare disciplines,"Providing comprehensive, coordinated, and patient-centered care",Increasing competition among healthcare professionals,Limiting communication between team members,b
Which of the following is an important role of a nurse manager in fostering interprofessional collaboration?,Discouraging communication between different disciplines,"Creating opportunities for joint planning, problem-solving, and shared decision-making among healthcare professionals",Promoting a hierarchy where one profession dominates,Ignoring conflicts between different professional groups,b
The process of conducting a unit-based risk assessment should involve:,Only the manager identifying risks,"A systematic review of potential hazards, vulnerabilities, and the likelihood/impact of adverse events",Ignoring minor risks,Blaming staff for all identified risks,b
Which of the following is a characteristic of a leader who is effective at managing change?,Is rigid and resistant to new ideas,"Is adaptable, communicates clearly, and supports staff through the transition process",Implements changes without explanation,Ignores staff concerns about change,b
"The term ""patient advocacy"" is a core responsibility of all nurses, including nurse managers.",True,False,It is only the responsibility of patient advocates.,It is not relevant to nursing management.,a
Which of the following is an important role of a nurse manager in promoting patient advocacy?,Discouraging staff from speaking up for patients,"Empowering staff to advocate for patients' rights and needs, and providing support when they face challenges",Prioritizing organizational interests over patient well-being,Ignoring patient complaints or concerns,b
The process of developing a unit-based budget requires the nurse manager to be knowledgeable about:,Only clinical nursing skills,"Financial principles, resource allocation, and cost-effectiveness",Only patient satisfaction scores,Only staff vacation schedules,b
Which of the following is a characteristic of a leader who is effective at motivating staff?,Uses threats and intimidation,"Inspires, recognizes contributions, provides opportunities for growth, and fosters a positive work environment",Ignores staff efforts,Focuses only on negative performance,b
"The term ""shared decision-making"" in patient care involves:",The healthcare provider making all decisions for the patient,A collaborative process where patients and healthcare providers work together to make healthcare decisions,The patient making all decisions without input from providers,Family members making all decisions for the patient,b
Which of the following is an important role of a nurse manager in promoting shared decision-making?,Discouraging patients from asking questions,Educating staff on how to engage patients in discussions about their care options and preferences,Making decisions for patients without their input,Limiting patient access to information,b
"The process of conducting regular unit audits (e.g., chart audits, medication audits) is important for:",Finding fault with staff,"Monitoring compliance with policies, identifying areas for improvement, and ensuring quality of care",Increasing staff workload unnecessarily,Ignoring potential problems,b
Which of the following is a key characteristic of a healthy work environment in nursing?,High staff turnover and low morale,"Mutual respect, open communication, psychological safety, and opportunities for professional growth",Frequent unresolved conflicts,Lack of resources and support,b
"The term ""emotional labor"" in nursing can lead to burnout if not managed effectively.",True,False,It is always a positive aspect of nursing.,It is not related to burnout.,a
Which of the following is an important strategy for a nurse manager to support staff in managing emotional labor?,Ignoring their emotional needs,"Providing opportunities for debriefing, stress management resources, and promoting self-care",Expecting staff to suppress all emotions,Increasing workload to distract from emotional demands,b
The process of developing a unit-based emergency preparedness plan should be regularly reviewed and updated based on:,Only historical events,"Changes in regulations, new threats, and lessons learned from drills or actual events",The manager's personal preferences,Infrequent and arbitrary schedules,b
Which of the following is a characteristic of a leader who is a good coach and mentor?,Dictates solutions without explanation,"Provides guidance, support, and constructive feedback to help individuals develop their skills and reach their potential",Focuses only on weaknesses,Avoids spending time with staff on development,b
"The term ""nurse-sensitive outcomes"" are patient outcomes that are directly influenced by the quality and quantity of nursing care.",True,False,They are only influenced by physicians.,They are not measurable.,a
Which of the following is an example of a nurse-sensitive outcome?,Hospital revenue,Hospital-acquired pressure injuries or central line-associated bloodstream infections,Number of surgical procedures performed,Length of stay for all patients,b
The process of conducting a comprehensive orientation for new graduate nurses should include:,Throwing them into complex assignments immediately,"A structured program with preceptorship, clinical skill development, and support for transitioning to practice",Only a brief introduction to the unit,Expecting them to know everything from day one,b
Which of the following is a key principle of effective delegation?,Delegating tasks that require advanced nursing judgment,"Delegating tasks that are within the delegatee's scope of practice and for which they are competent, with appropriate supervision",Delegating responsibility without authority,Avoiding all delegation,b
"The term ""clinical governance"" refers to a framework through which healthcare organizations are accountable for continuously improving the quality of their services and safeguarding high standards of care.",True,False,It is only about financial management.,It is not relevant to nursing.,a
Which of the following is an important role of a nurse manager in clinical governance?,Ignoring quality and safety issues,"Participating in quality improvement initiatives, monitoring performance, and ensuring adherence to standards",Delegating all responsibility for quality to external bodies,Resisting any changes to current practice,b
The process of developing a unit-based policy for managing patient complaints should include:,Ignoring complaints or dismissing them quickly,"A clear process for receiving, investigating, and resolving complaints in a timely and respectful manner",Blaming the patient for complaining,Making it difficult for patients to complain,b
Which of the following is a characteristic of a leader who is effective at building a positive team culture?,Fosters negativity and blame,"Promotes psychological safety, mutual support, open communication, and shared purpose",Encourages individual competition over teamwork,Ignores team dynamics,b
"The term ""nurse retention"" refers to the ability of a healthcare organization to keep its nursing staff employed.",True,False,It is not a concern for nursing management.,It only refers to hiring new nurses.,a
Which of the following is an important strategy for a nurse manager to improve nurse retention?,Creating a stressful and unsupportive work environment,"Providing competitive compensation, professional development opportunities, recognition, and a positive work culture",Ignoring staff feedback and concerns,Increasing workload without additional support,b
The process of conducting a performance improvement plan (PIP) should be:,A punitive measure to terminate employment,A constructive process to help an employee improve their performance and meet expectations,Done without the employee's input,Focused only on past failures,b
Which of the following is a key characteristic of a leader who is skilled in strategic thinking?,"Focuses only on immediate, day-to-day tasks","Considers the long-term implications of decisions, anticipates future trends, and aligns actions with organizational goals",Reacts to events without a plan,Is unable to see the big picture,b
"The term ""patient experience"" encompasses the sum of all interactions, shaped by an organization's culture, that influence patient perceptions across the continuum of care.",True,False,It only refers to clinical care.,It is not important for patient outcomes.,a
Which of the following is an important role of a nurse manager in enhancing patient experience?,Ignoring patient feedback,"Fostering a culture of empathy, respect, and responsiveness, and actively seeking patient input to improve care",Focusing only on clinical tasks,Limiting communication with patients and families,b
The process of developing a unit-based policy for managing workplace violence should include:,Ignoring incidents of violence,"Clear protocols for reporting, responding to, and preventing incidents of violence, and supporting affected staff",Blaming staff for being victims of violence,Discouraging staff from reporting violence,b
Which of the following is an example of a legal and ethical issue related to end-of-life care decisions?,Providing aggressive treatment against a patient's documented wishes,Respecting a patient's right to self-determination and their advance directives,Making decisions for a patient without their input when they are competent,Withholding comfort care from a dying patient,b
"The term ""nurse residency program"" is designed to support new graduate nurses in their transition from academia to professional practice.",True,False,It is only for experienced nurses.,It is not necessary for new graduates.,a
Which of the following is a key benefit of a nurse residency program?,Increased stress and burnout for new graduates,"Improved retention, confidence, and clinical competence for new graduate nurses",Decreased job satisfaction,Longer orientation periods without structured support,b
The process of conducting regular environmental safety rounds on a nursing unit is important to:,Increase the risk of accidents,Proactively identify and mitigate potential hazards to patients and staff,Only react to safety incidents after they occur,Blame staff for unsafe conditions,b
Which of the following is a characteristic of a leader who is effective at delegation?,Micromanages delegated tasks,"Clearly communicates expectations, provides necessary resources, and offers support while allowing autonomy",Avoids delegation to maintain control,Delegates tasks that are outside the delegatee's scope of practice,b
"The term ""shared leadership"" in nursing promotes:","A top-down, autocratic approach",A collaborative model where leadership responsibilities are distributed among team members based on expertise,A lack of clear direction,Only formal leaders making decisions,b
Which of the following is an important role of a nurse manager in fostering shared leadership?,Discouraging staff from taking initiative,"Empowering staff to take on leadership roles, participate in decision-making, and contribute to unit goals",Maintaining strict control over all aspects of unit operations,Ignoring staff ideas and suggestions,b
The process of developing a unit-based budget requires the nurse manager to be an advocate for their unit's needs.,True,False,The manager should always accept whatever budget is given without question.,Advocacy is not part of a manager's role.,a
Which of the following is a characteristic of a leader who is effective at managing performance?,Avoids difficult conversations about performance,"Provides timely, specific, and constructive feedback, sets clear goals, and supports staff in achieving them",Focuses only on negative performance and ignores strengths,Is inconsistent in applying performance standards,b
"The term ""patient-centered care"" is a philosophy of care that respects and values the patient's preferences, needs, and values.",True,False,"It means the patient always gets what they want, regardless of clinical appropriateness.",It is only about patient satisfaction surveys.,a
Which of the following is an important role of a nurse manager in promoting patient-centered care?,Discouraging patient and family involvement in care decisions,Fostering a culture where staff prioritize the patient's individual needs and preferences,Implementing standardized care plans without individualization,Limiting communication with patients and families,b
The process of conducting a comprehensive unit orientation for new staff should include:,Only a brief tour of the unit,"Information on unit-specific policies, procedures, equipment, patient population, and emergency protocols",Expecting new staff to learn everything on their own,Focusing only on administrative tasks,b
Which of the following is a key characteristic of a leader who is effective at fostering innovation?,Resists new ideas and changes,"Encourages creativity, experimentation, and learning from both successes and failures",Punishes staff for trying new approaches that don't work perfectly,Maintains a rigid and unchanging environment,b
"The term ""clinical pathway"" or ""care pathway"" is a multidisciplinary plan of care that outlines the expected course of treatment for patients with specific diagnoses or conditions.",True,False,It is only for financial tracking.,It limits individualized patient care.,a
Which of the following is an important role of a nurse manager in implementing clinical pathways?,Discouraging staff from following pathways,"Educating staff on the pathway, monitoring adherence, and identifying opportunities for improvement",Allowing staff to deviate from pathways without justification,Implementing pathways without staff input,b
The process of developing a unit-based policy for managing patient complaints should ensure that complaints are:,Ignored or dismissed quickly,"Taken seriously, investigated thoroughly, and resolved fairly and transparently",Blamed on individual staff members,Kept confidential from the patient,b
Which of the following is a characteristic of a leader who is effective at building relationships?,Is aloof and unapproachable,"Demonstrates empathy, active listening, and builds rapport with staff and colleagues","Focuses only on tasks, not people",Is inconsistent in their interactions,b
"The term ""moral courage"" in nursing is the willingness to stand up for what is right, even when it is difficult or unpopular.",True,False,It is only for ethical dilemmas with clear answers.,It is not a necessary trait for nurses.,a
Which of the following is an important strategy for a nurse manager to foster moral courage among staff?,Punishing staff who speak up about ethical concerns,Creating a supportive environment where staff feel empowered to voice concerns and act ethically,Ignoring ethical issues,Encouraging staff to prioritize self-preservation over ethical action,b
The process of developing a unit-based staffing plan should be flexible enough to adapt to changes in patient volume and acuity.,True,False,Staffing plans should be rigid and never change.,Patient volume and acuity are not relevant to staffing.,a
Which of the following is an example of a legal and ethical issue related to patient privacy and electronic health records (EHRs)?,Accessing EHRs for patients not under one's care out of curiosity,Ensuring secure access to EHRs and protecting patient data from unauthorized breaches,Sharing EHR login credentials with colleagues,Discussing patient information from the EHR in public areas,b
"The term ""leadership development"" is an ongoing process that benefits individuals at all levels of an organization.",True,False,It is only for those in formal leadership positions.,It is a one-time training event.,a
Which of the following is an important component of a leadership development program for nurse managers?,Avoiding any practical application of skills,"Experiential learning, mentorship, coaching, and opportunities to lead projects",Only theoretical knowledge without practical application,Focusing only on individual weaknesses,b
The process of providing feedback to staff should be:,Infrequent and unscheduled,"Regular, timely, specific, and balanced (addressing both strengths and areas for improvement)",Only negative and critical,Vague and general,b
Which of the following is a characteristic of a leader who is effective at building and maintaining a positive team culture?,Fosters internal competition and mistrust,"Promotes psychological safety, mutual respect, open communication, and shared accountability",Ignores team conflicts and dynamics,Takes credit for all team successes and blames the team for failures,b
"The term ""patient safety event"" refers to any event, incident, or condition that could have resulted in or did result in harm to a patient.",True,False,It only refers to events that cause severe harm.,It is not relevant to nursing practice.,a
Which of the following is an important strategy for a nurse manager to learn from patient safety events?,Punishing individuals involved in the event,"Conducting thorough investigations (e.g., RCA), implementing corrective actions, and sharing lessons learned across the organization",Hiding information about events from staff,Ignoring near misses,b
The process of developing a unit-based emergency preparedness plan should be tested regularly through drills and simulations.,True,False,"Plans should only be developed, not tested.",Drills are a waste of time.,a
Which of the following is an example of a legal and ethical issue related to mandatory reporting?,Reporting suspected child abuse or neglect to the appropriate authorities,Ignoring suspected abuse or neglect,Reporting patient information to the media without consent,Reporting minor staff disagreements to external agencies,a
"The term ""transformational leadership"" is often contrasted with ""transactional leadership.""",True,False,They are the same thing.,Only one is effective.,a
Which of the following is a characteristic of a transactional leader?,Inspires and motivates followers to achieve extraordinary outcomes,"Focuses on exchanges, rewards, and punishments to motivate staff to meet established goals",Delegates all authority and provides little direction,Is primarily concerned with personal growth of staff,b
The process of developing a unit-based budget requires the nurse manager to understand the relationship between staffing levels and patient outcomes.,True,False,Staffing levels have no impact on patient outcomes.,Patient outcomes are not relevant to budget decisions.,a
Which of the following is a characteristic of a leader who is effective at managing resources?,Wastes supplies and equipment,"Uses resources efficiently, minimizes waste, and advocates for necessary resources",Hoards resources for personal use,Ignores budget constraints,b
"The term ""patient engagement"" is a key component of patient-centered care.",True,False,It is not related to patient-centered care.,It only applies to patients who are easy to engage.,a
Which of the following is an important role of a nurse manager in promoting patient engagement?,Discouraging patients from asking questions or participating in their care,"Creating an environment where patients feel empowered to ask questions, express preferences, and participate in care decisions",Making all decisions for patients without their input,Limiting patient access to information about their condition,b
The process of conducting a comprehensive unit orientation for new staff should be tailored to the individual's learning needs and prior experience.,True,False,"All new staff should receive the exact same orientation, regardless of background.",Individual learning needs are not important.,a
Which of the following is a key characteristic of a leader who is effective at fostering a culture of accountability?,Avoids holding staff accountable for their actions,"Sets clear expectations, provides regular feedback, and ensures consequences for both positive and negative performance",Blames others for failures,Is inconsistent in applying standards,b
"The term ""moral distress"" can lead to negative consequences for nurses, such as burnout and decreased job satisfaction.",True,False,It always leads to positive outcomes.,It has no impact on nurses.,a
Which of the following is an important strategy for a nurse manager to mitigate moral distress among staff?,Ignoring their concerns and feelings,"Providing opportunities for ethical discussions, offering support, and advocating for systemic changes that address ethical conflicts",Telling staff to just deal with it,Punishing staff for expressing moral distress,b
The process of developing a unit-based policy for managing disruptive behavior from patients or visitors should be communicated clearly to all staff.,True,False,Policies should be kept secret from staff.,Disruptive behavior policies are not necessary.,a
Which of the following is an example of a legal and ethical issue related to patient consent for research?,Enrolling a patient in a research study without their informed consent,Ensuring a patient fully understands the risks and benefits of participating in a research study before consenting,Coercing a patient to participate in research,Conducting research on patients without their knowledge,b
"The term ""leadership succession planning"" is essential for the long-term stability and success of a nursing organization.",True,False,It is only for large organizations.,It is not a priority for nursing management.,a
Which of the following is an important component of leadership succession planning in nursing?,Avoiding the development of internal talent,"Identifying high-potential individuals, providing them with development opportunities, and mentoring them for future leadership roles",Only hiring external candidates for leadership positions,Keeping leadership development a secret,b
"The process of providing feedback to staff should be a continuous process, not just an annual event.",True,False,Annual feedback is sufficient.,Feedback is not necessary if staff are performing well.,a
Which of the following is a characteristic of a leader who is effective at fostering a culture of continuous learning?,Discourages staff from seeking new knowledge,"Encourages staff to pursue professional development, learn from mistakes, and stay current with best practices",Believes staff already know everything they need to know,Limits access to educational resources,b
"The term ""patient safety culture"" is a proactive approach to preventing errors and improving patient outcomes.",True,False,It is a reactive approach.,It is only about individual blame.,a
Which of the following is an important strategy for a nurse manager to promote a proactive patient safety culture?,Waiting for errors to occur before taking action,"Implementing proactive risk assessments, near-miss reporting, and safety huddles",Ignoring potential hazards,Blaming staff for all safety incidents,b
The process of developing a unit-based staffing plan should consider the impact of staffing on:,Only the manager's workload,"Patient safety, quality of care, and staff well-being",Only the cost of labor,The number of vacation days staff can take,b
Which of the following is an example of a legal and ethical issue related to patient autonomy and refusal of treatment?,Forcing a competent patient to accept treatment they do not want,"Respecting a competent patient's right to refuse medical treatment, even if it may lead to negative health outcomes",Making decisions for a patient who is capable of making their own choices,Ignoring a patient's advance directives,b
"The term ""interprofessional education"" involves healthcare students from different professions learning together to improve collaboration and patient outcomes.",True,False,It is only for medical students.,It is not relevant to nursing education.,a
Which of the following is an important role of a nurse manager in supporting interprofessional education?,Discouraging collaboration between different student groups,Creating opportunities for nursing students to learn alongside students from other healthcare professions,Promoting a siloed approach to education,Ignoring the benefits of interprofessional learning,b
"The process of conducting a unit-based risk assessment should be a continuous process, not a one-time event.",True,False,Risk assessments are only done once.,Continuous assessment is too time-consuming.,a
Which of the following is a characteristic of a leader who is effective at managing conflict?,Avoids conflict at all costs,"Mediates disputes, facilitates communication, and helps parties find common ground",Takes sides and exacerbates conflict,Imposes solutions without discussion,b
"The term ""patient satisfaction"" is a key indicator of the quality of care and patient experience.",True,False,It is only about how happy the patient is.,It is not related to quality of care.,a
Which of the following is an important role of a nurse manager in improving patient satisfaction?,Ignoring patient feedback and complaints,"Actively soliciting patient feedback, addressing concerns, and implementing improvements based on patient input",Focusing only on clinical outcomes,Limiting communication with patients,b
The process of developing a unit-based policy for managing patient complaints should be transparent and accessible to patients and families.,True,False,Complaint policies should be kept secret.,Patients should not know how to complain.,a
Which of the following is a characteristic of a leader who is effective at building relationships?,Is distant and unapproachable,"Builds rapport, fosters trust, and maintains open lines of communication with staff and colleagues","Focuses only on tasks, not people",Is inconsistent in their interactions,b
"The term ""moral courage"" is essential for nurses to advocate for patients and uphold ethical standards.",True,False,It is not necessary for ethical practice.,It only applies to extreme situations.,a
Which of the following is an important strategy for a nurse manager to foster moral courage among staff?,Punishing staff for raising ethical concerns,"Creating a supportive environment where staff feel safe to speak up, and providing resources for ethical decision-making",Ignoring ethical dilemmas and conflicts,Encouraging staff to prioritize self-interest over ethical principles,b
The process of developing a unit-based staffing plan should consider the impact of staffing on:,Only the hospital's financial bottom line,"Patient safety, quality of care, staff well-being, and organizational efficiency",Only staff preferences for shifts,The manager's personal convenience,b
"Which of the following is an example of a legal and ethical issue related to the use of technology in nursing (e.g., EHRs, telehealth)?",Ensuring patient data privacy and security,Using technology to bypass informed consent,Sharing patient information via unsecured personal devices,Ignoring cybersecurity risks,a
"The term ""leadership development"" is a continuous journey of learning and growth for nurse managers.",True,False,It is a one-time event.,It is not necessary after initial training.,a
Which of the following is an important component of a leadership development program for nurse managers?,Avoiding self-reflection and personal growth,"Opportunities for self-assessment, feedback, coaching, and continuous learning",Focusing only on technical skills,Discouraging participation in professional organizations,b
The process of providing feedback to staff should be:,Only negative to ensure improvement,"Balanced, constructive, and focused on specific behaviors and their impact",Vague and general to avoid confrontation,Infrequent and only when problems arise,b
Which of the following is a characteristic of a leader who is effective at building and maintaining a positive team culture?,Fosters a competitive and individualistic environment,"Promotes psychological safety, mutual respect, open communication, and shared goals",Ignores team conflicts and dynamics,Takes credit for all team successes and blames individuals for failures,b
"The term ""patient safety event"" reporting is crucial for:",Punishing staff involved in errors,Identifying system vulnerabilities and learning from mistakes to prevent future harm,Hiding information about errors from the public,Blaming individuals for all incidents,b
Which of the following is an important strategy for a nurse manager to encourage patient safety event reporting?,Creating a culture of fear and blame,Implementing a non-punitive reporting system and providing feedback on actions taken as a result of reports,Discouraging staff from reporting near misses,Ignoring reported events,b
The process of developing a unit-based emergency preparedness plan should be comprehensive and address various types of emergencies.,True,False,Only natural disasters need to be planned for.,Emergency plans are not necessary for nursing units.,a
Which of the following is an example of a legal and ethical issue related to patient rights in research?,Coercing vulnerable patients to participate in research,"Ensuring voluntary informed consent, protecting privacy, and minimizing risks to research participants",Conducting research without ethical review,Publishing identifiable patient data without consent,b
"The term ""transformational leadership"" is characterized by:",A focus on maintaining the status quo,"Idealized influence, inspirational motivation, intellectual stimulation, and individualized consideration",A transactional approach to motivation,"A hands-off, laissez-faire style",b
Which of the following is a characteristic of a leader who is effective at fostering innovation?,Resists new ideas and changes,"Encourages creativity, critical thinking, and a willingness to experiment with new approaches",Punishes staff for trying new things that don't work perfectly,Maintains a rigid and unchanging environment,b
The process of developing a unit-based budget requires the nurse manager to be a good steward of financial resources.,True,False,Financial management is not a nursing responsibility.,Spending as much as possible is always best.,a
Which of the following is a characteristic of a leader who is effective at managing resources?,Wastes supplies and equipment,"Optimizes resource utilization, identifies cost-saving opportunities, and advocates for necessary investments",Hoards resources for personal use,Ignores budget constraints and overspends,b
"The term ""patient engagement"" leads to improved patient outcomes and satisfaction.",True,False,It has no impact on outcomes.,It only increases patient demands.,a
Which of the following is an important role of a nurse manager in promoting patient engagement?,Discouraging patients from asking questions,Creating a culture where staff actively involve patients in their care planning and decision-making,Making all decisions for patients without their input,Limiting patient access to information about their condition,b
The process of conducting a comprehensive unit orientation for new staff should include:,Only a brief introduction to the unit,"A structured program that covers clinical skills, unit policies, emergency procedures, and cultural integration",Expecting new staff to learn everything on their own,Focusing only on administrative tasks,b
Which of the following is a key characteristic of a leader who is effective at fostering a culture of accountability?,Avoids holding staff accountable for their actions,"Sets clear expectations, provides regular feedback, and ensures fair and consistent consequences for performance",Blames others for failures without addressing systemic issues,Is inconsistent in applying standards,b
"The term ""moral distress"" is a common experience for nurses and requires supportive interventions.",True,False,It is a sign of weakness.,It should be ignored.,a
Which of the following is an important strategy for a nurse manager to support staff experiencing moral distress?,Dismissing their feelings as overreactions,"Providing a safe space for open discussion, offering ethical resources, and advocating for organizational changes",Telling staff to just deal with it on their own,Punishing staff for expressing distress,b
The process of developing a unit-based policy for managing disruptive behavior from patients or visitors should be developed collaboratively with staff.,True,False,Policies should be developed only by management.,Staff input is not necessary for policy development.,a
Which of the following is an example of a legal and ethical issue related to patient privacy and social media?,Using social media to share de-identified patient success stories with consent,"Posting patient information or images on social media, even if privacy settings are used",Connecting with professional colleagues on social media platforms,Accessing publicly available health information for research purposes,b
"The term ""leadership development"" is essential for creating a strong and sustainable nursing workforce.",True,False,"It is a luxury, not a necessity.","It only benefits individuals, not the organization.",a
Which of the following is an important component of a leadership development program for nurse managers?,Avoiding opportunities for practical application of skills,"Mentorship, coaching, formal education, and opportunities to lead projects and initiatives",Focusing only on theoretical knowledge,Discouraging networking and collaboration,b
The process of providing feedback to staff should be:,Only formal and annual,"Ongoing, informal, and integrated into daily interactions",Avoided to prevent conflict,Only given when performance is poor,b
Which of the following is a characteristic of a leader who is effective at building and maintaining a positive team culture?,Fosters a competitive and individualistic environment,"Promotes psychological safety, mutual respect, open communication, and shared goals",Ignores team conflicts and dynamics,Takes credit for all team successes and blames individuals for failures,b
"The term ""patient safety event"" reporting is crucial for:",Punishing staff involved in errors,Identifying system vulnerabilities and learning from mistakes to prevent future harm,Hiding information about errors from the public,Blaming individuals for all incidents,b
Which of the following is an important strategy for a nurse manager to encourage patient safety event reporting?,Creating a culture of fear and blame,Implementing a non-punitive reporting system and providing feedback on actions taken as a result of reports,Discouraging staff from reporting near misses,Ignoring reported events,b
The process of developing a unit-based emergency preparedness plan should be comprehensive and address various types of emergencies.,True,False,Only natural disasters need to be planned for.,Emergency plans are not necessary for nursing units.,a
Which of the following is an example of a legal and ethical issue related to patient rights in research?,Coercing vulnerable patients to participate in research,"Ensuring voluntary informed consent, protecting privacy, and minimizing risks to research participants",Conducting research without ethical review,Publishing identifiable patient data without consent,b
"The term ""transformational leadership"" is characterized by:",A focus on maintaining the status quo,"Idealized influence, inspirational motivation, intellectual stimulation, and individualized consideration",A transactional approach to motivation,"A hands-off, laissez-faire style",b
Which of the following is a characteristic of a leader who is effective at fostering innovation?,Resists new ideas and changes,"Encourages creativity, critical thinking, and a willingness to experiment with new approaches",Punishes staff for trying new things that don't work perfectly,Maintains a rigid and unchanging environment,b
The process of developing a unit-based budget requires the nurse manager to be a good steward of financial resources.,True,False,Financial management is not a nursing responsibility.,Spending as much as possible is always best.,a
Which of the following is a characteristic of a leader who is effective at managing resources?,Wastes supplies and equipment,"Optimizes resource utilization, identifies cost-saving opportunities, and advocates for necessary investments",Hoards resources for personal use,Ignores budget constraints and overspends,b
"The term ""patient engagement"" leads to improved patient outcomes and satisfaction.",True,False,It has no impact on outcomes.,It only increases patient demands.,a
Which of the following is an important role of a nurse manager in promoting patient engagement?,Discouraging patients from asking questions,Creating a culture where staff actively involve patients in their care planning and decision-making,Making all decisions for patients without their input,Limiting patient access to information about their condition,b
The process of conducting a comprehensive unit orientation for new staff should include:,Only a brief introduction to the unit,"A structured program that covers clinical skills, unit policies, emergency procedures, and cultural integration",Expecting new staff to learn everything on their own,Focusing only on administrative tasks,b
Which of the following is a key characteristic of a leader who is effective at fostering a culture of accountability?,Avoids holding staff accountable for their actions,"Sets clear expectations, provides regular feedback, and ensures fair and consistent consequences for performance",Blames others for failures without addressing systemic issues,Is inconsistent in applying standards,b
"The term ""moral distress"" is a common experience for nurses and requires supportive interventions.",True,False,It is a sign of weakness.,It should be ignored.,a
Which of the following is an important strategy for a nurse manager to support staff experiencing moral distress?,Dismissing their feelings as overreactions,"Providing a safe space for open discussion, offering ethical resources, and advocating for organizational changes",Telling staff to just deal with it on their own,Punishing staff for expressing distress,b
The process of developing a unit-based policy for managing disruptive behavior from patients or visitors should be developed collaboratively with staff.,True,False,Policies should be developed only by management.,Staff input is not necessary for policy development.,a
Which of the following is an example of a legal and ethical issue related to patient privacy and social media?,Using social media to share de-identified patient success stories with consent,"Posting patient information or images on social media, even if privacy settings are used",Connecting with professional colleagues on social media platforms,Accessing publicly available health information for research purposes,b
"The term ""leadership development"" is essential for creating a strong and sustainable nursing workforce.",True,False,"It is a luxury, not a necessity.","It only benefits individuals, not the organization.",a
Which of the following is an important component of a leadership development program for nurse managers?,Avoiding opportunities for practical application of skills,"Mentorship, coaching, formal education, and opportunities to lead projects and initiatives",Focusing only on theoretical knowledge,Discouraging networking and collaboration,b
The process of providing feedback to staff should be:,Only formal and annual,"Ongoing, informal, and integrated into daily interactions",Avoided to prevent conflict,Only given when performance is poor,b
Which of the following is a characteristic of a leader who is effective at building and maintaining a positive team culture?,Fosters a competitive and individualistic environment,"Promotes psychological safety, mutual respect, open communication, and shared goals",Ignores team conflicts and dynamics,Takes credit for all team successes and blames individuals for failures,b
"The term ""patient safety event"" reporting is crucial for:",Punishing staff involved in errors,Identifying system vulnerabilities and learning from mistakes to prevent future harm,Hiding information about errors from the public,Blaming individuals for all incidents,b
Which of the following is an important strategy for a nurse manager to encourage patient safety event reporting?,Creating a culture of fear and blame,Implementing a non-punitive reporting system and providing feedback on actions taken as a result of reports,Discouraging staff from reporting near misses,Ignoring reported events,b
The process of developing a unit-based emergency preparedness plan should be comprehensive and address various types of emergencies.,True,False,Only natural disasters need to be planned for.,Emergency plans are not necessary for nursing units.,a
Which of the following is an example of a legal and ethical issue related to patient rights in research?,Coercing vulnerable patients to participate in research,"Ensuring voluntary informed consent, protecting privacy, and minimizing risks to research participants",Conducting research without ethical review,Publishing identifiable patient data without consent,b
"The term ""transformational leadership"" is characterized by:",A focus on maintaining the status quo,"Idealized influence, inspirational motivation, intellectual stimulation, and individualized consideration",A transactional approach to motivation,"A hands-off, laissez-faire style",b
Which of the following is a characteristic of a leader who is effective at fostering innovation?,Resists new ideas and changes,"Encourages creativity, critical thinking, and a willingness to experiment with new approaches",Punishes staff for trying new things that don't work perfectly,Maintains a rigid and unchanging environment,b
The process of developing a unit-based budget requires the nurse manager to be a good steward of financial resources.,True,False,Financial management is not a nursing responsibility.,Spending as much as possible is always best.,a
Which of the following is a characteristic of a leader who is effective at managing resources?,Wastes supplies and equipment,"Optimizes resource utilization, identifies cost-saving opportunities, and advocates for necessary investments",Hoards resources for personal use,Ignores budget constraints and overspends,b
"The term ""patient engagement"" leads to improved patient outcomes and satisfaction.",True,False,It has no impact on outcomes.,It only increases patient demands.,a
Which of the following is an important role of a nurse manager in promoting patient engagement?,Discouraging patients from asking questions,Creating a culture where staff actively involve patients in their care planning and decision-making,Making all decisions for patients without their input,Limiting patient access to information about their condition,b
The process of conducting a comprehensive unit orientation for new staff should include:,Only a brief introduction to the unit,"A structured program that covers clinical skills, unit policies, emergency procedures, and cultural integration",Expecting new staff to learn everything on their own,Focusing only on administrative tasks,b
Which of the following is a key characteristic of a leader who is effective at fostering a culture of accountability?,Avoids holding staff accountable for their actions,"Sets clear expectations, provides regular feedback, and ensures fair and consistent consequences for performance",Blames others for failures without addressing systemic issues,Is inconsistent in applying standards,b
"The term ""moral distress"" is a common experience for nurses and requires supportive interventions.",True,False,It is a sign of weakness.,It should be ignored.,a
Which of the following is an important strategy for a nurse manager to support staff experiencing moral distress?,Dismissing their feelings as overreactions,"Providing a safe space for open discussion, offering ethical resources, and advocating for organizational changes",Telling staff to just deal with it on their own,Punishing staff for expressing distress,b
The process of developing a unit-based policy for managing disruptive behavior from patients or visitors should be developed collaboratively with staff.,True,False,Policies should be developed only by management.,Staff input is not necessary for policy development.,a
Which of the following is an example of a legal and ethical issue related to patient privacy and social media?,Using social media to share de-identified patient success stories with consent,"Posting patient information or images on social media, even if privacy settings are used",Connecting with professional colleagues on social media platforms,Accessing publicly available health information for research purposes,b
"The term ""leadership development"" is essential for creating a strong and sustainable nursing workforce.",True,False,"It is a luxury, not a necessity.","It only benefits individuals, not the organization.",a
Which of the following is an important component of a leadership development program for nurse managers?,Avoiding opportunities for practical application of skills,"Mentorship, coaching, formal education, and opportunities to lead projects and initiatives",Focusing only on theoretical knowledge,Discouraging networking and collaboration,b
The process of providing feedback to staff should be:,Only formal and annual,"Ongoing, informal, and integrated into daily interactions",Avoided to prevent conflict,Only given when performance is poor,b
Which of the following is a characteristic of a leader who is effective at building and maintaining a positive team culture?,Fosters a competitive and individualistic environment,"Promotes psychological safety, mutual respect, open communication, and shared goals",Ignores team conflicts and dynamics,Takes credit for all team successes and blames individuals for failures,b
"The term ""patient safety event"" reporting is crucial for:",Punishing staff involved in errors,Identifying system vulnerabilities and learning from mistakes to prevent future harm,Hiding information about errors from the public,Blaming individuals for all incidents,b
Which of the following is an important strategy for a nurse manager to encourage patient safety event reporting?,Creating a culture of fear and blame,Implementing a non-punitive reporting system and providing feedback on actions taken as a result of reports,Discouraging staff from reporting near misses,Ignoring reported events,b
The process of developing a unit-based emergency preparedness plan should be comprehensive and address various types of emergencies.,True,False,Only natural disasters need to be planned for.,Emergency plans are not necessary for nursing units.,a
Which of the following is an example of a legal and ethical issue related to patient rights in research?,Coercing vulnerable patients to participate in research,"Ensuring voluntary informed consent, protecting privacy, and minimizing risks to research participants",Conducting research without ethical review,Publishing identifiable patient data without consent,b
"The term ""transformational leadership"" is characterized by:",A focus on maintaining the status quo,"Idealized influence, inspirational motivation, intellectual stimulation, and individualized consideration",A transactional approach to motivation,"A hands-off, laissez-faire style",b
Which of the following is a characteristic of a leader who is effective at fostering innovation?,Resists new ideas and changes,"Encourages creativity, critical thinking, and a willingness to experiment with new approaches",Punishes staff for trying new things that don't work perfectly,Maintains a rigid and unchanging environment,b
The process of developing a unit-based budget requires the nurse manager to be a good steward of financial resources.,True,False,Financial management is not a nursing responsibility.,Spending as much as possible is always best.,a
Which of the following is a characteristic of a leader who is effective at managing resources?,Wastes supplies and equipment,"Optimizes resource utilization, identifies cost-saving opportunities, and advocates for necessary investments",Hoards resources for personal use,Ignores budget constraints and overspends,b
"The term ""patient engagement"" leads to improved patient outcomes and satisfaction.",True,False,It has no impact on outcomes.,It only increases patient demands.,a
Which of the following is an important role of a nurse manager in promoting patient engagement?,Discouraging patients from asking questions,Creating a culture where staff actively involve patients in their care planning and decision-making,Making all decisions for patients without their input,Limiting patient access to information about their condition,b
The process of conducting a comprehensive unit orientation for new staff should include:,Only a brief introduction to the unit,"A structured program that covers clinical skills, unit policies, emergency procedures, and cultural integration",Expecting new staff to learn everything on their own,Focusing only on administrative tasks,b
Which of the following is a key characteristic of a leader who is effective at fostering a culture of accountability?,Avoids holding staff accountable for their actions,"Sets clear expectations, provides regular feedback, and ensures fair and consistent consequences for performance",Blames others for failures without addressing systemic issues,Is inconsistent in applying standards,b
"The term ""moral distress"" is a common experience for nurses and requires supportive interventions.",True,False,It is a sign of weakness.,It should be ignored.,a
Which of the following is an important strategy for a nurse manager to support staff experiencing moral distress?,Dismissing their feelings as overreactions,"Providing a safe space for open discussion, offering ethical resources, and advocating for organizational changes",Telling staff to just deal with it on their own,Punishing staff for expressing distress,b
The process of developing a unit-based policy for managing disruptive behavior from patients or visitors should be developed collaboratively with staff.,True,False,Policies should be developed only by management.,Staff input is not necessary for policy development.,a
Which of the following is an example of a legal and ethical issue related to patient privacy and social media?,Using social media to share de-identified patient success stories with consent,"Posting patient information or images on social media, even if privacy settings are used",Connecting with professional colleagues on social media platforms,Accessing publicly available health information for research purposes,b
"The term ""leadership development"" is essential for creating a strong and sustainable nursing workforce.",True,False,"It is a luxury, not a necessity.","It only benefits individuals, not the organization.",a
Which of the following is an important component of a leadership development program for nurse managers?,Avoiding opportunities for practical application of skills,"Mentorship, coaching, formal education, and opportunities to lead projects and initiatives",Focusing only on theoretical knowledge,Discouraging networking and collaboration,b
The process of providing feedback to staff should be:,Only formal and annual,"Ongoing, informal, and integrated into daily interactions",Avoided to prevent conflict,Only given when performance is poor,b
Which of the following is a characteristic of a leader who is effective at building and maintaining a positive team culture?,Fosters a competitive and individualistic environment,"Promotes psychological safety, mutual respect, open communication, and shared goals",Ignores team conflicts and dynamics,Takes credit for all team successes and blames individuals for failures,b
"The term ""patient safety event"" reporting is crucial for:",Punishing staff involved in errors,Identifying system vulnerabilities and learning from mistakes to prevent future harm,Hiding information about errors from the public,Blaming individuals for all incidents,b
Which of the following is an important strategy for a nurse manager to encourage patient safety event reporting?,Creating a culture of fear and blame,Implementing a non-punitive reporting system and providing feedback on actions taken as a result of reports,Discouraging staff from reporting near misses,Ignoring reported events,b
The process of developing a unit-based emergency preparedness plan should be comprehensive and address various types of emergencies.,True,False,Only natural disasters need to be planned for.,Emergency plans are not necessary for nursing units.,a
Which of the following is an example of a legal and ethical issue related to patient rights in research?,Coercing vulnerable patients to participate in research,"Ensuring voluntary informed consent, protecting privacy, and minimizing risks to research participants",Conducting research without ethical review,Publishing identifiable patient data without consent,b
"The term ""transformational leadership"" is characterized by:",A focus on maintaining the status quo,"Idealized influence, inspirational motivation, intellectual stimulation, and individualized consideration",A transactional approach to motivation,"A hands-off, laissez-faire style",b
Which of the following is a characteristic of a leader who is effective at fostering innovation?,Resists new ideas and changes,"Encourages creativity, critical thinking, and a willingness to experiment with new approaches",Punishes staff for trying new things that don't work perfectly,Maintains a rigid and unchanging environment,b
The process of developing a unit-based budget requires the nurse manager to be a good steward of financial resources.,True,False,Financial management is not a nursing responsibility.,Spending as much as possible is always best.,a
Which of the following is a characteristic of a leader who is effective at managing resources?,Wastes supplies and equipment,"Optimizes resource utilization, identifies cost-saving opportunities, and advocates for necessary investments",Hoards resources for personal use,Ignores budget constraints and overspends,b
"The term ""patient engagement"" leads to improved patient outcomes and satisfaction.",True,False,It has no impact on outcomes.,It only increases patient demands.,a
Which of the following is an important role of a nurse manager in promoting patient engagement?,Discouraging patients from asking questions,Creating a culture where staff actively involve patients in their care planning and decision-making,Making all decisions for patients without their input,Limiting patient access to information about their condition,b
The process of conducting a comprehensive unit orientation for new staff should include:,Only a brief introduction to the unit,"A structured program that covers clinical skills, unit policies, emergency procedures, and cultural integration",Expecting new staff to learn everything on their own,Focusing only on administrative tasks,b
Which of the following is a key characteristic of a leader who is effective at fostering a culture of accountability?,Avoids holding staff accountable for their actions,"Sets clear expectations, provides regular feedback, and ensures fair and consistent consequences for performance",Blames others for failures without addressing systemic issues,Is inconsistent in applying standards,b
"The term ""moral distress"" is a common experience for nurses and requires supportive interventions.",True,False,It is a sign of weakness.,It should be ignored.,a
Which of the following is an important strategy for a nurse manager to support staff experiencing moral distress?,Dismissing their feelings as overreactions,"Providing a safe space for open discussion, offering ethical resources, and advocating for organizational changes",Telling staff to just deal with it on their own,Punishing staff for expressing distress,b
The process of developing a unit-based policy for managing disruptive behavior from patients or visitors should be developed collaboratively with staff.,True,False,Policies should be developed only by management.,Staff input is not necessary for policy development.,a
Which of the following is an example of a legal and ethical issue related to patient privacy and social media?,Using social media to share de-identified patient success stories with consent,"Posting patient information or images on social media, even if privacy settings are used",Connecting with professional colleagues on social media platforms,Accessing publicly available health information for research purposes,b
"The term ""leadership development"" is essential for creating a strong and sustainable nursing workforce.",True,False,"It is a luxury, not a necessity.","It only benefits individuals, not the organization.",a
Which of the following is an important component of a leadership development program for nurse managers?,Avoiding opportunities for practical application of skills,"Mentorship, coaching, formal education, and opportunities to lead projects and initiatives",Focusing only on theoretical knowledge,Discouraging networking and collaboration,b
