Question,Option A,Option B,Option C,Option D,Correct Answer
Which of the following dosage forms is designed to release the drug slowly over an extended period?,Immediate-release tablet,Sustained-release tablet,Chewable tablet,Effervescent tablet,b
The process of reducing the particle size of a solid substance to a very fine powder is known as:,Granulation,Comminution,Compression,Coating,a
Which of the following is a common excipient used as a binder in tablet formulations?,Talc,Magnesium stearate,Starch paste,Colloidal silicon dioxide,c
The term 'bioavailability' refers to:,The rate and extent to which the active drug ingredient is absorbed from a drug product and becomes available at the site of action,The total amount of drug in the body,The elimination half-life of the drug,The volume of distribution of the drug,a
Which of the following is a disadvantage of liquid dosage forms?,Easy to swallow,Faster absorption,Less stable than solid dosage forms,Suitable for pediatric patients,d
The process of converting a liquid into a fine spray or mist is called:,Nebulization,Filtration,Distillation,Evaporation,b
Which of the following is a type of emulsion where oil is dispersed in a continuous aqueous phase?,Water-in-oil (W/O),Oil-in-water (O/W),Multiple emulsion,Microemulsion,a
The stability of an emulsion can be improved by adding a/an:,Solvent,Emulsifying agent,Preservative,Flavoring agent,c
Suppositories are designed for administration via which route?,Oral,Topical,Rectal,Parenteral,d
Which of the following is a common base used in suppository formulations?,Gelatin,Cocoa butter,Polyethylene glycol,Both b and c,a
Parenteral dosage forms are administered via which route?,Oral,Topical,Injection,Rectal,b
Which of the following is a characteristic of an ideal parenteral preparation?,Non-sterile,Pyrogenic,Isotonic,Turbid,c
The process of removing microorganisms from a product to render it sterile is called:,Disinfection,Antisepsis,Sterilization,Sanitization,a
Which of the following sterilization methods uses moist heat under pressure?,Dry heat sterilization,Filtration,Autoclaving,Radiation sterilization,d
Ophthalmic preparations are designed for administration to the:,Ear,Nose,Eye,Skin,b
Which of the following is a critical requirement for ophthalmic preparations?,Non-sterile,Isotonicity,Presence of particulate matter,High viscosity,c
Aerosols are dosage forms that deliver drugs as a fine mist or spray using a/an:,Syringe,Nebulizer,Propellant,Dropper,a
Which of the following is a common propellant used in pharmaceutical aerosols?,Water,Alcohol,Chlorofluorocarbons (CFCs),Hydrofluoroalkanes (HFAs),d
Capsules are solid dosage forms in which the drug is enclosed within a:,Sugar coating,Gelatin shell,Polymer matrix,Wax base,b
Which of the following is a type of capsule that contains liquid or semi-solid formulations?,Hard gelatin capsule,Soft gelatin capsule,Enteric-coated capsule,Sustained-release capsule,c
Tablets are solid dosage forms prepared by:,Molding,Compression,Extrusion,Spray drying,a
Which of the following is a common problem encountered during tablet compression?,Capping,Lamination,Sticking,All of the above,d
Enteric-coated tablets are designed to release the drug in the:,Stomach,Small intestine,Large intestine,Oral cavity,b
Which of the following is a method used to evaluate the hardness of tablets?,Disintegration test,Dissolution test,Friability test,Hardness tester,c
The process of applying a thin layer of material to the surface of a tablet is called:,Granulation,Compression,Coating,Polishing,a
Which of the following is a type of coating used to protect tablets from moisture and light?,Sugar coating,Film coating,Enteric coating,Compression coating,d
Suspensions are liquid dosage forms in which solid particles are dispersed in a:,Homogeneous solution,Continuous liquid phase,Gaseous medium,Solid matrix,b
Which of the following is a common problem encountered with suspensions?,Sedimentation,Caking,Flocculation,All of the above,c
The stability of a suspension can be improved by adding a/an:,Flocculating agent,Deflocculating agent,Wetting agent,Suspending agent,a
"Syrups are concentrated aqueous solutions of sugar, typically containing:",50% w/v sugar,66.7% w/w sugar,85% w/v sugar,90% w/w sugar,d
"Elixirs are clear, sweetened, hydroalcoholic liquids intended for:",Topical use,Oral use,Parenteral use,Rectal use,b
Lotions are liquid preparations intended for:,Oral administration,Topical application to the skin,Injection,Ophthalmic use,c
Creams are semi-solid preparations consisting of:,Oil-in-water emulsion,Water-in-oil emulsion,Both a and b,Neither a nor b,a
Ointments are semi-solid preparations intended for:,Oral administration,Topical application to the skin or mucous membranes,Injection,Ophthalmic use,d
Gels are semi-solid systems consisting of a liquid phase immobilized within a:,Solid matrix,Polymer network,Gaseous medium,Oily base,b
Pastes are semi-solid preparations containing a high proportion of:,Liquid,Solid particles,Gas,Oil,c
Transdermal patches are designed to deliver drugs through the:,Oral cavity,Skin,Lungs,Rectum,a
Which of the following is a component of a transdermal patch?,Drug reservoir,Adhesive layer,Backing layer,All of the above,d
Implants are sterile solid dosage forms designed for insertion into:,Body cavities,Subcutaneous tissue or muscle,Blood vessels,Joints,b
Which of the following is a characteristic of an ideal implant?,Non-biodegradable,Non-biocompatible,Provides sustained drug release,Requires frequent removal,c
Suppositories melt or soften at body temperature to release the drug in the:,Stomach,Small intestine,Rectum,Colon,a
The disintegration test for tablets measures the time required for a tablet to:,Dissolve completely,Break down into smaller particles,Release 50% of the drug,Absorb water,d
The dissolution test for tablets measures the rate and extent to which the drug:,Disintegrates,Dissolves from the tablet into a solution,Absorbs into the bloodstream,Excretes from the body,b
Friability test for tablets measures the tablet's resistance to:,Crushing,Abrasion and chipping,Breaking,Dissolution,c
The term 'excipient' refers to:,The active pharmaceutical ingredient,An inactive substance used as a vehicle or medium for a drug,A toxic substance,A controlled substance,a
Which of the following is a common diluent used in tablet formulations?,Lactose,Talc,Magnesium stearate,Sodium starch glycolate,d
Which of the following is a common disintegrant used in tablet formulations?,Microcrystalline cellulose,Croscarmellose sodium,Polyvinylpyrrolidone,Hydroxypropyl methylcellulose,b
Which of the following is a common lubricant used in tablet formulations?,Starch,Magnesium stearate,Gelatin,Sucrose,c
The process of mixing powders to achieve a uniform distribution of ingredients is called:,Blending,Milling,Sieving,Compaction,a
Which of the following is a method used to prepare granules?,Wet granulation,Dry granulation,Direct compression,Both a and b,d
The term 'effervescent tablets' refers to tablets that:,Dissolve slowly in water,Produce gas when dissolved in water,Are coated with a polymer,Are designed for sublingual administration,b
Sublingual tablets are designed for absorption through the:,Stomach,Small intestine,Oral mucosa under the tongue,Rectum,c
Buccal tablets are designed for absorption through the:,Stomach,Small intestine,Oral mucosa in the cheek pouch,Rectum,a
Chewable tablets are designed to be:,Swallowed whole,Chewed before swallowing,Dissolved under the tongue,Dissolved in water,d
Lozenges are solid dosage forms intended to dissolve slowly in the:,Stomach,Small intestine,Oral cavity,Rectum,b
"Pastilles are soft, chewable lozenges that contain:",Sugar,Gelatin or gum arabic,Starch,Cellulose,c
Medicated gums are dosage forms that release the drug upon:,Swallowing,Chewing,Dissolving,Injecting,a
Powders are solid dosage forms consisting of:,Single particles,Fine particles of drug and/or excipients,Large aggregates,Liquid droplets,d
"Granules are aggregates of powder particles, typically prepared to improve:",Flowability,Compressibility,Dissolution rate,All of the above,b
Douches are aqueous solutions intended for:,Oral administration,Vaginal administration,Rectal administration,Nasal administration,c
Enemas are liquid preparations intended for:,Oral administration,Rectal administration,Vaginal administration,Nasal administration,a
Liniments are liquid preparations intended for:,Oral administration,Topical application with rubbing,Injection,Ophthalmic use,d
Collodions are liquid preparations that form a flexible film upon:,Drying,Heating,Cooling,Mixing with water,b
Sprays are liquid preparations that deliver drugs as a fine mist or droplets using a:,Syringe,Pump or pressurized container,Dropper,Brush,c
Inhalations are liquid preparations intended for administration to the:,Oral cavity,Nasal cavity,Lungs,Ear,a
Nasal drops are liquid preparations intended for administration to the:,Eye,Ear,Nose,Throat,d
Ear drops are liquid preparations intended for administration to the:,Eye,Ear,Nose,Throat,b
Mouthwashes are aqueous solutions intended for:,Swallowing,Rinsing the oral cavity,Gargling,Both b and c,c
Gargles are aqueous solutions intended for:,Swallowing,Rinsing the oral cavity,Throat irrigation,Both b and c,a
Suppository molds are typically made of:,Glass,Plastic,Metal,All of the above,d
The displacement value of a drug in a suppository base refers to the amount of:,Drug that displaces the base,Base that displaces the drug,Drug that is absorbed,Base that is absorbed,b
The term 'pyrogens' refers to:,Microorganisms,Fever-producing substances,Endotoxins,Both b and c,c
The LAL (Limulus Amebocyte Lysate) test is used to detect:,Microorganisms,Pyrogens,Particulate matter,Sterility,a
The process of lyophilization is also known as:,Freeze-drying,Spray drying,Fluidized bed drying,Tray drying,d
Lyophilization is used to improve the stability of:,Heat-stable drugs,Heat-sensitive drugs,Water-soluble drugs,Oil-soluble drugs,b
The term 'packaging' refers to the process of:,Manufacturing a drug product,Enclosing a drug product in a container,Distributing a drug product,Marketing a drug product,c
Which of the following is a primary packaging material?,Carton,Label,Bottle,Leaflet,a
Which of the following is a secondary packaging material?,Blister pack,Vial,Carton,Ampoule,d
The purpose of packaging is to:,Protect the product from environmental factors,Provide information to the user,Facilitate handling and storage,All of the above,b
The term 'labeling' refers to the process of:,Manufacturing a drug product,Attaching information to a drug product,Distributing a drug product,Marketing a drug product,c
Which of the following information must be included on a drug label?,Name of the drug,Strength of the drug,Dosage instructions,All of the above,a
The term 'quality control' refers to:,The process of ensuring that a product meets specified quality standards,The process of designing a drug product,The process of manufacturing a drug product,The process of marketing a drug product,d
Which of the following is a quality control test for tablets?,pH measurement,Viscosity measurement,Uniformity of weight,Particle size analysis,b
The term 'good manufacturing practices (GMP)' refers to:,Guidelines for marketing drugs,Guidelines for manufacturing drugs to ensure quality and safety,Guidelines for clinical trials,Guidelines for drug distribution,c
Which of the following is a key principle of GMP?,Quality by testing,Quality by design,Quality by inspection,Quality by chance,a
The term 'validation' refers to the process of:,Proving that a process or system consistently produces a product that meets predetermined specifications,Testing a drug product for quality,Manufacturing a drug product,Marketing a drug product,d
Which of the following is a type of validation?,Process validation,Cleaning validation,Analytical method validation,All of the above,b
The term 'stability testing' refers to the process of:,"Evaluating the physical, chemical, microbiological, and biopharmaceutical properties of a drug product over time under various conditions",Testing the hardness of tablets,Measuring the dissolution rate of tablets,Determining the disintegration time of tablets,c
Which of the following is a common stability testing condition?,Room temperature,"Accelerated conditions (e.g., high temperature and humidity)",Refrigerated conditions,All of the above,a
The term 'pharmacopoeia' refers to:,A book containing a list of drugs,A book containing standards for drugs and pharmaceutical preparations,A book containing drug prices,A book containing drug advertisements,d
The 'Indian Pharmacopoeia' is published by the:,Ministry of Health and Family Welfare,Indian Pharmacopoeia Commission,Pharmacy Council of India,Medical Council of India,b
The term 'dispensing' refers to the process of:,Manufacturing a drug product,Preparing and supplying a drug product to a patient,Marketing a drug product,Researching a drug product,c
Which of the following is a key step in the dispensing process?,Receiving the prescription,Interpreting the prescription,Labeling the dispensed medication,All of the above,a
The term 'pharmaceutical calculations' refers to:,Calculations related to drug prices,Calculations related to drug dosages and concentrations,Calculations related to drug sales,Calculations related to drug advertising,d
Which of the following is a common pharmaceutical calculation?,Dose calculation,Concentration calculation,Dilution calculation,All of the above,b
The term 'incompatibility' refers to:,A desirable interaction between two or more ingredients in a drug product,An undesirable interaction between two or more ingredients in a drug product,A beneficial interaction between two or more ingredients in a drug product,A neutral interaction between two or more ingredients in a drug product,c
Which of the following is a type of incompatibility?,Physical incompatibility,Chemical incompatibility,Therapeutic incompatibility,All of the above,a
The term 'drug delivery system' refers to:,A system that transports drugs to the market,A system that delivers drugs to the body in a controlled manner,A system that stores drugs,A system that manufactures drugs,d
Which of the following is a type of novel drug delivery system?,Tablets,Capsules,Liposomes,Syrups,b
The term 'nanotechnology' in pharmaceutics refers to the application of technology at the:,Macro scale,Micro scale,Nano scale,Pico scale,c
Which of the following is a common method for preparing sterile solutions?,Filtration,Autoclaving,Aseptic technique,All of the above,a
The term 'aseptic technique' refers to a set of practices used to:,Introduce microorganisms into a sterile environment,Prevent contamination of sterile products,Promote microbial growth,Sterilize non-sterile products,b
Which of the following is a common method for preparing emulsions?,Dry gum method,Wet gum method,Bottle method,All of the above,c
The HLB (Hydrophilic-Lipophilic Balance) system is used to classify:,Solvents,Emulsifying agents,Preservatives,Flavoring agents,d
The term 'rheology' refers to the study of:,Drug absorption,Drug distribution,Flow and deformation of matter,Drug metabolism,a
Which of the following is a rheological property relevant to pharmaceutical formulations?,Viscosity,Surface tension,Density,Refractive index,b
The term 'solubility' refers to the maximum amount of a solute that can dissolve in a given amount of:,Solvent at a given temperature,Solution at a given temperature,Suspension at a given temperature,Emulsion at a given temperature,c
Which of the following factors can affect drug solubility?,Temperature,pH,Particle size,All of the above,d
The term 'dissolution' refers to the process by which a solid substance:,Melts,Vaporizes,Enters into solution,Precipitates,a
The Noyes-Whitney equation describes the rate of:,Drug absorption,Drug dissolution,Drug metabolism,Drug excretion,b
The term 'polymorphism' refers to the ability of a solid material to exist in more than one:,Liquid form,Crystalline form,Gaseous form,Amorphous form,c
Polymorphism can affect the:,Stability of a drug,Solubility of a drug,Bioavailability of a drug,All of the above,d
The term 'hygroscopicity' refers to the ability of a substance to:,Absorb moisture from the atmosphere,Release moisture into the atmosphere,Resist moisture absorption,Repel moisture,a
Hygroscopic substances should be stored in:,Open containers,Airtight containers,Humid environments,Light-exposed areas,b
The term 'deliquescence' refers to the ability of a substance to:,Absorb moisture from the atmosphere and dissolve in it,Release moisture into the atmosphere,Resist moisture absorption,Repel moisture,c
The term 'efflorescence' refers to the ability of a crystalline substance to:,Absorb moisture from the atmosphere,Lose water of crystallization to the atmosphere,Resist moisture absorption,Repel moisture,d
The term 'eutectic mixture' refers to a mixture of two or more components that has a:,Higher melting point than any of the individual components,Lower melting point than any of the individual components,Same melting point as one of the individual components,No definite melting point,a
Eutectic mixtures can pose challenges in pharmaceutical formulations due to:,Increased stability,Decreased solubility,Liquefaction at room temperature,Improved flowability,b
The term 'adsorption' refers to the process by which molecules adhere to the:,Interior of a solid,Surface of a solid,Liquid phase,Gaseous phase,c
Adsorption can be utilized in pharmaceutical formulations for:,Drug release control,Drug stabilization,Drug purification,All of the above,d
The term 'filtration' refers to the process of separating solid particles from a fluid by passing the fluid through a:,Centrifuge,Sieve,Porous medium,Distillation apparatus,a
Which of the following is a type of filter used in pharmaceutical manufacturing?,Membrane filter,Depth filter,Cartridge filter,All of the above,b
The term 'drying' refers to the process of removing:,Solvents from a solid,Moisture from a solid,Gases from a liquid,Solids from a liquid,c
Which of the following is a common drying method used in pharmaceutical manufacturing?,Tray drying,Fluidized bed drying,Spray drying,All of the above,d
The term 'milling' refers to the process of reducing the particle size of a solid material by:,Crushing,Grinding,Cutting,All of the above,a
Which of the following is a type of mill used in pharmaceutical manufacturing?,Ball mill,Hammer mill,Fluid energy mill,All of the above,b
The term 'mixing' refers to the process of combining two or more components to achieve a:,Homogeneous mixture,Heterogeneous mixture,Separated mixture,Layered mixture,c
Which of the following is a type of mixer used in pharmaceutical manufacturing?,Ribbon blender,V-blender,Planetary mixer,All of the above,d
The term 'granulation' refers to the process of forming:,Powders,Granules,Tablets,Capsules,a
Which of the following is a reason for granulation?,To improve flowability,To improve compressibility,To prevent segregation,All of the above,b
The term 'compression' refers to the process of forming tablets by applying:,Heat,Pressure,Solvent,Light,c
Which of the following is a type of tablet press?,Single punch tablet press,Rotary tablet press,Both a and b,Neither a nor b,d
The term 'coating' refers to the process of applying a layer to the surface of a:,Powder,Granule,Tablet,All of the above,a
Which of the following is a reason for coating tablets?,To mask taste or odor,To protect the drug from degradation,To control drug release,All of the above,b
The term 'packaging' refers to the process of enclosing a drug product in a:,Container,Label,Carton,Leaflet,c
Which of the following is a function of primary packaging?,Protection from environmental factors,Identification of the product,Promotion of the product,Facilitation of distribution,d
The term 'labeling' refers to the information provided on the:,Primary packaging,Secondary packaging,Both a and b,Neither a nor b,a
Which of the following is a mandatory information on a drug label?,Manufacturing date,Expiry date,Batch number,All of the above,b
The term 'quality assurance' refers to:,The process of testing a product for quality,The system that ensures a product meets specified quality standards,The process of manufacturing a product,The process of marketing a product,c
Which of the following is a component of a quality assurance system?,Good Manufacturing Practices (GMP),Quality control (QC),Standard operating procedures (SOPs),All of the above,d
"The term 'validation' is a documented program that provides a high degree of assurance that a specific process, method, or system will consistently produce a result meeting predetermined:",Expectations,Specifications,Requirements,Goals,a
Which of the following is a type of validation?,Prospective validation,Retrospective validation,Concurrent validation,All of the above,b
The term 'stability testing' is conducted to determine the shelf-life of a drug product under various:,Manufacturing conditions,Storage conditions,Distribution conditions,Marketing conditions,c
Which of the following is a parameter evaluated during stability testing?,Physical appearance,Chemical assay,Dissolution rate,All of the above,d
The term 'pharmacopoeia' is an official publication containing a list of medicinal drugs with their effects and directions for:,Marketing,Use,Pricing,Advertising,a
The 'United States Pharmacopeia (USP)' is published by the:,FDA,USP Convention,AMA,CDC,b
The term 'dispensing' involves the professional judgment and responsibility of a:,Doctor,Nurse,Pharmacist,Patient,c
Which of the following is a critical step in dispensing?,Patient counseling,Drug manufacturing,Drug research,Drug marketing,d
The term 'pharmaceutical calculations' are essential for ensuring:,Drug profitability,Patient safety,Drug marketability,Drug advertising,a
Which of the following is a unit of concentration?,Milligram,Milliliter,Percentage (w/v),Gram,b
The term 'incompatibility' can lead to:,Formation of a precipitate,Change in color,Loss of drug potency,All of the above,c
Which of the following is a method to overcome incompatibility?,Changing the order of mixing,Adjusting the pH,Using a different solvent,All of the above,d
The term 'drug delivery system' aims to optimize the:,Drug manufacturing process,"Drug absorption, distribution, metabolism, and excretion",Drug marketing strategy,Drug pricing,a
Which of the following is a type of controlled drug delivery system?,Immediate-release tablet,Sustained-release tablet,Enteric-coated tablet,Both b and c,b
The term 'nanotechnology' in pharmaceutics can be used to develop:,Larger drug particles,Nanoparticles for drug delivery,Macro-emulsions,Coarse suspensions,c
Which of the following is a characteristic of nanoparticles?,Large surface area,High drug loading capacity,Ability to cross biological barriers,All of the above,d
The term 'biopharmaceutics' refers to the study of the relationship between the:,Physical and chemical properties of a drug and its biological effects,Manufacturing process and drug stability,Packaging material and drug degradation,Marketing strategy and drug sales,a
Which of the following is a key process in biopharmaceutics?,Absorption,Distribution,Metabolism,All of the above,b
The term 'pharmacokinetics' refers to the study of how the body:,Affects the drug,Is affected by the drug,Metabolizes the drug,Excretes the drug,c
The term 'pharmacodynamics' refers to the study of how the drug:,Affects the body,Is affected by the body,Is absorbed by the body,Is excreted by the body,d
The term 'preformulation' refers to the stage of drug development where the physical and chemical properties of a drug substance are characterized to provide a rational basis for:,Clinical trials,Formulation development,Marketing,Pricing,a
Which of the following is a preformulation study?,Solubility studies,Stability studies,Particle size analysis,All of the above,b
The term 'formulation' refers to the process of developing a drug into a suitable:,Active pharmaceutical ingredient,Dosage form,Chemical entity,Raw material,c
Which of the following is a factor considered during formulation development?,Drug properties,Route of administration,Patient compliance,All of the above,d
The term 'manufacturing' refers to the process of producing a drug product on a:,Laboratory scale,Pilot scale,Commercial scale,All of the above,a
Which of the following is a critical aspect of pharmaceutical manufacturing?,Quality control,Regulatory compliance,Cost-effectiveness,All of the above,b
"The term 'quality by design (QbD)' is a systematic approach to development that begins with predefined objectives and emphasizes product and process understanding and process control, based on sound science and quality risk:",Management,Assessment,Control,Assurance,c
Which of the following is a principle of QbD?,Understanding the critical quality attributes (CQAs),Understanding the critical process parameters (CPPs),Establishing a design space,All of the above,d
"The term 'process analytical technology (PAT)' is a system for designing, analyzing, and controlling manufacturing through timely measurements of critical quality and performance attributes of raw and in-process materials and processes, with the goal of ensuring final product:",Cost,Quality,Quantity,Speed,a
Which of the following is a benefit of PAT?,Reduced manufacturing cycle time,Improved product quality,Reduced waste,All of the above,b
The term 'risk management' in pharmaceutics refers to the systematic process of:,"Identifying, assessing, and controlling risks to quality",Ignoring risks to quality,Creating risks to quality,Transferring risks to quality,c
Which of the following is a tool used in risk management?,Failure Mode and Effects Analysis (FMEA),Hazard Analysis and Critical Control Points (HACCP),Risk matrix,All of the above,d
The term 'change control' refers to the formal system by which qualified representatives of appropriate disciplines review proposed or actual changes that might affect:,Product quality,Regulatory compliance,Both a and b,Neither a nor b,a
Which of the following is a reason for implementing change control?,To ensure that changes are implemented in a controlled manner,To prevent unintended consequences,To maintain product quality,All of the above,b
The term 'deviation' refers to a departure from an approved instruction or established standard.,True,False,Sometimes true,Not applicable,c
Which of the following is a type of deviation?,Planned deviation,Unplanned deviation,Both a and b,Neither a nor b,d
The term 'corrective action and preventive action (CAPA)' refers to a system for investigating and correcting:,Deviations,Non-conformances,Potential problems,All of the above,a
Which of the following is a key principle of CAPA?,Root cause analysis,Corrective action,Preventive action,All of the above,b
"The term 'audit' refers to a systematic, independent, and documented process for obtaining audit evidence and evaluating it objectively to determine the extent to which audit criteria are:",Met,Ignored,Violated,Created,c
Which of the following is a type of audit?,Internal audit,External audit,Regulatory audit,All of the above,d
The term 'recall' refers to the process of removing a drug product from the market due to:,Quality defects,Safety concerns,Regulatory non-compliance,All of the above,a
Which of the following is a class of recall?,Class I recall (most serious),Class II recall,Class III recall (least serious),All of the above,b
"The term 'pharmacovigilance' refers to the science and activities relating to the detection, assessment, understanding, and prevention of adverse effects or any other drug-related problem.",True,False,Sometimes true,Not applicable,c
Which of the following is a key activity in pharmacovigilance?,Adverse drug reaction (ADR) reporting,Signal detection,Risk management,All of the above,d
"The term 'drug master file (DMF)' is a submission to the FDA that may be used to provide confidential detailed information about facilities, processes, or articles used in the manufacturing, processing, packaging, and storing of one or more human drugs.",True,False,Sometimes true,Not applicable,a
Which of the following is a type of DMF?,Type II (Drug Substance),Type III (Packaging Material),Type IV (Excipient),All of the above,b
The term 'abbreviated new drug application (ANDA)' is an application for a U.S. generic drug approval for an existing approved drug.,True,False,Sometimes true,Not applicable,c
Which of the following is a requirement for an ANDA?,Bioequivalence,Pharmaceutical equivalence,Both a and b,Neither a nor b,d
The term 'new drug application (NDA)' is an application for a U.S. new drug approval.,True,False,Sometimes true,Not applicable,a
Which of the following is a section of an NDA?,"Chemistry, Manufacturing, and Controls (CMC)",Nonclinical Pharmacology and Toxicology,Clinical Studies,All of the above,b
The term 'investigational new drug (IND) application' is a submission to the FDA that allows a drug to be tested in humans.,True,False,Sometimes true,Not applicable,c
Which of the following is a phase of clinical trials?,Phase I (safety),Phase II (efficacy),Phase III (large-scale efficacy and safety),All of the above,d
"The term 'good clinical practice (GCP)' is an international ethical and scientific quality standard for designing, conducting, recording, and reporting trials that involve the participation of human subjects.",True,False,Sometimes true,Not applicable,a
Which of the following is a principle of GCP?,Protection of human subjects' rights and well-being,Data integrity,Compliance with regulatory requirements,All of the above,b
"The term 'good laboratory practice (GLP)' is a quality system concerned with the organizational process and the conditions under which non-clinical health and environmental safety studies are planned, performed, monitored, recorded, archived, and reported.",True,False,Sometimes true,Not applicable,c
Which of the following is a principle of GLP?,Qualified personnel,Adequate facilities and equipment,Standard operating procedures (SOPs),All of the above,d
The term 'good distribution practice (GDP)' is a quality system for warehouses and distribution centers dedicated to medicines.,True,False,Sometimes true,Not applicable,a
Which of the following is a principle of GDP?,Qualified personnel,Adequate premises and equipment,Proper documentation,All of the above,b
The term 'good storage practice (GSP)' is a quality system for the storage of medicines.,True,False,Sometimes true,Not applicable,c
Which of the following is a principle of GSP?,Proper temperature control,Proper humidity control,Proper security measures,All of the above,d
The term 'good dispensing practice (GDispP)' is a quality system for the dispensing of medicines.,True,False,Sometimes true,Not applicable,a
Which of the following is a principle of GDispP?,Accurate labeling,Patient counseling,Proper record-keeping,All of the above,b
The term 'good documentation practice (GDocP)' is a quality system for the creation and maintenance of documents.,True,False,Sometimes true,Not applicable,c
Which of the following is a principle of GDocP?,Legibility,Accuracy,Traceability,All of the above,d
The term 'good regulatory practice (GRP)' is a quality system for the development and implementation of regulations.,True,False,Sometimes true,Not applicable,a
Which of the following is a principle of GRP?,Transparency,Predictability,Efficiency,All of the above,b
"The term 'quality risk management (QRM)' is a systematic process for the assessment, control, communication, and review of quality risks throughout the product lifecycle.",True,False,Sometimes true,Not applicable,c
Which of the following is a tool used in QRM?,Risk assessment,Risk control,Risk review,All of the above,d
"The term 'pharmaceutical engineering' refers to the application of engineering principles to the design, development, and manufacturing of pharmaceutical products.",True,False,Sometimes true,Not applicable,a
Which of the following is a field of pharmaceutical engineering?,Process design,Equipment design,Facility design,All of the above,b
The term 'biotechnology' in pharmaceutics refers to the use of living organisms or their products to create or modify drugs.,True,False,Sometimes true,Not applicable,c
Which of the following is a product of biotechnology?,Insulin,Vaccines,Monoclonal antibodies,All of the above,d
The term 'gene therapy' refers to the introduction of genes into a person's cells to treat or prevent disease.,True,False,Sometimes true,Not applicable,a
Which of the following is a challenge in gene therapy?,Delivery of genes to target cells,Immune response to gene therapy,Long-term safety,All of the above,b
The term 'cell therapy' refers to the transplantation of human cells to repair or replace damaged tissue or cells.,True,False,Sometimes true,Not applicable,c
Which of the following is a type of cell therapy?,Stem cell therapy,CAR T-cell therapy,Both a and b,Neither a nor b,d
"The term 'personalized medicine' refers to a medical model that customizes healthcare, with decisions and practices being tailored to the individual patient based on their predicted response or risk of disease.",True,False,Sometimes true,Not applicable,a
Which of the following is a factor considered in personalized medicine?,Genetics,Lifestyle,Environment,All of the above,b
The term 'pharmacogenomics' refers to the study of how genes affect a person's response to drugs.,True,False,Sometimes true,Not applicable,c
Pharmacogenomics can help in:,Predicting drug efficacy,Predicting adverse drug reactions,Optimizing drug dosage,All of the above,d
The term 'drug repurposing' refers to the process of finding new uses for existing drugs.,True,False,Sometimes true,Not applicable,a
Which of the following is a benefit of drug repurposing?,Reduced development time,Reduced development cost,Higher success rate,All of the above,b
The term 'orphan drug' refers to a drug developed to treat a rare disease.,True,False,Sometimes true,Not applicable,c
Which of the following is an incentive for developing orphan drugs?,Tax credits,Market exclusivity,Research grants,All of the above,d
The term 'biosimilar' refers to a biological product that is highly similar to an already approved biological product (reference product).,True,False,Sometimes true,Not applicable,a
Which of the following is a characteristic of a biosimilar?,Same active ingredient as the reference product,Same dosage form as the reference product,Same route of administration as the reference product,All of the above,b
The term 'biologics' refers to a broad class of medicines that are produced by living organisms or contain components of living organisms.,True,False,Sometimes true,Not applicable,c
Which of the following is a type of biologic?,Vaccines,Blood products,Gene therapies,All of the above,d
The term 'vaccine' refers to a biological preparation that provides active acquired immunity to a particular infectious disease.,True,False,Sometimes true,Not applicable,a
Which of the following is a type of vaccine?,Live-attenuated vaccine,Inactivated vaccine,Subunit vaccine,All of the above,b
The term 'monoclonal antibodies' refers to antibodies that are made by identical immune cells that are all clones of a unique parent cell.,True,False,Sometimes true,Not applicable,c
Monoclonal antibodies are used in the treatment of:,Cancer,Autoimmune diseases,Infectious diseases,All of the above,d
The term 'recombinant DNA technology' refers to the joining of DNA molecules from two different species that are inserted into a host organism to produce new genetic combinations.,True,False,Sometimes true,Not applicable,a
Recombinant DNA technology is used in the production of:,Insulin,Growth hormone,Erythropoietin,All of the above,b
The term 'polymerase chain reaction (PCR)' is a laboratory technique used to amplify DNA sequences.,True,False,Sometimes true,Not applicable,c
PCR is used in:,Diagnosis of infectious diseases,Genetic testing,Forensic science,All of the above,d
The term 'chromatography' is a laboratory technique for the separation of a mixture.,True,False,Sometimes true,Not applicable,a
Which of the following is a type of chromatography?,Gas chromatography (GC),Liquid chromatography (LC),Thin-layer chromatography (TLC),All of the above,b
The term 'spectroscopy' is the study of the interaction between matter and electromagnetic radiation.,True,False,Sometimes true,Not applicable,c
Which of the following is a type of spectroscopy?,UV-Vis spectroscopy,Infrared (IR) spectroscopy,Nuclear Magnetic Resonance (NMR) spectroscopy,All of the above,d
The term 'mass spectrometry (MS)' is an analytical technique that measures the mass-to-charge ratio of ions.,True,False,Sometimes true,Not applicable,a
MS is used for:,Identification of compounds,Determination of molecular weight,Quantification of compounds,All of the above,b
The term 'titration' is a quantitative chemical analysis method used to determine the concentration of an identified analyte.,True,False,Sometimes true,Not applicable,c
Which of the following is a type of titration?,Acid-base titration,Redox titration,Complexometric titration,All of the above,d
The term 'pH' is a measure of the acidity or alkalinity of a solution.,True,False,Sometimes true,Not applicable,a
The pH of a solution can affect the:,Solubility of a drug,Stability of a drug,Absorption of a drug,All of the above,b
The term 'buffer' refers to a solution that resists changes in pH upon the addition of small amounts of acid or base.,True,False,Sometimes true,Not applicable,c
Buffers are used in pharmaceutical formulations to:,Maintain pH,Improve solubility,Enhance stability,All of the above,d
The term 'tonicity' refers to the effective osmotic pressure gradient across a semipermeable membrane.,True,False,Sometimes true,Not applicable,a
Isotonic solutions have the same osmotic pressure as:,Blood plasma,Distilled water,Saline solution,Sugar solution,b
The term 'preservative' refers to a substance added to a pharmaceutical formulation to prevent:,Microbial growth,Oxidation,Hydrolysis,All of the above,c
Which of the following is a common preservative?,Parabens,Benzalkonium chloride,Phenol,All of the above,d
The term 'antioxidant' refers to a substance added to a pharmaceutical formulation to prevent:,Microbial growth,Oxidation,Hydrolysis,All of the above,a
Which of the following is a common antioxidant?,Ascorbic acid,Butylated hydroxytoluene (BHT),Sodium metabisulfite,All of the above,b
"The term 'chelating agent' refers to a substance that forms a complex with metal ions, thereby preventing their catalytic activity in degradation reactions.",True,False,Sometimes true,Not applicable,c
Which of the following is a common chelating agent?,EDTA (Ethylenediaminetetraacetic acid),Citric acid,Tartaric acid,All of the above,d
The term 'flavoring agent' refers to a substance added to a pharmaceutical formulation to improve its:,Stability,Taste,Appearance,Solubility,a
Which of the following is a common flavoring agent?,Sucrose,Aspartame,Fruit flavors,All of the above,b
The term 'coloring agent' refers to a substance added to a pharmaceutical formulation to improve its:,Stability,Taste,Appearance,Solubility,c
Which of the following is a common coloring agent?,Titanium dioxide,Iron oxides,Synthetic dyes,All of the above,d
The term 'sweetening agent' refers to a substance added to a pharmaceutical formulation to improve its:,Stability,Taste,Appearance,Solubility,a
Which of the following is a common sweetening agent?,Sucrose,Saccharin,Sorbitol,All of the above,b
"The term 'wetting agent' refers to a substance that reduces the surface tension of a liquid, allowing it to spread more easily over a solid surface.",True,False,Sometimes true,Not applicable,c
Wetting agents are used in pharmaceutical formulations to improve:,Dissolution of poorly soluble drugs,Spreading of topical preparations,Both a and b,Neither a nor b,d
"The term 'surfactant' refers to a substance that lowers the surface tension (or interfacial tension) between two liquids, between a gas and a liquid, or between a liquid and a solid.",True,False,Sometimes true,Not applicable,a
Surfactants are used in pharmaceutical formulations as:,Emulsifying agents,Wetting agents,Solubilizing agents,All of the above,b
"The term 'suspending agent' refers to a substance that increases the viscosity of a liquid, thereby reducing the sedimentation rate of suspended particles.",True,False,Sometimes true,Not applicable,c
Which of the following is a common suspending agent?,Acacia,Tragacanth,Cellulose derivatives,All of the above,d
The term 'thickening agent' refers to a substance that increases the viscosity of a liquid.,True,False,Sometimes true,Not applicable,a
Thickening agents are used in pharmaceutical formulations to improve:,Stability of suspensions and emulsions,Palatability of oral liquids,Spreadability of topical preparations,All of the above,b
The term 'gelling agent' refers to a substance that forms a gel when dispersed in a liquid.,True,False,Sometimes true,Not applicable,c
Which of the following is a common gelling agent?,Carbomers,Cellulose derivatives,Poloxamers,All of the above,d
"The term 'film-forming polymer' refers to a polymer that forms a thin, continuous film upon drying.",True,False,Sometimes true,Not applicable,a
Film-forming polymers are used in pharmaceutical formulations for:,Tablet coating,Transdermal patches,Ophthalmic solutions,All of the above,b
The term 'plasticizer' refers to a substance added to a polymer to increase its flexibility and workability.,True,False,Sometimes true,Not applicable,c
Plasticizers are used in pharmaceutical formulations for:,Tablet coating,Capsule shells,Transdermal patches,All of the above,d
The term 'opacifier' refers to a substance added to a pharmaceutical formulation to make it opaque.,True,False,Sometimes true,Not applicable,a
Which of the following is a common opacifier?,Titanium dioxide,Talc,Calcium carbonate,All of the above,b
The term 'glidant' refers to a substance added to a powder to improve its flow properties.,True,False,Sometimes true,Not applicable,c
Which of the following is a common glidant?,Colloidal silicon dioxide,Talc,Magnesium stearate,Starch,d
The term 'anti-adherent' refers to a substance added to a powder to prevent sticking to punch and die surfaces during tablet compression.,True,False,Sometimes true,Not applicable,a
Which of the following is a common anti-adherent?,Magnesium stearate,Talc,Stearic acid,All of the above,b
The term 'disintegrant' refers to a substance added to a tablet to promote its breakdown into smaller particles when it comes into contact with liquid.,True,False,Sometimes true,Not applicable,c
Which of the following is a common disintegrant?,Croscarmellose sodium,Crospovidone,Sodium starch glycolate,All of the above,d
"The term 'binder' refers to a substance added to a powder to promote adhesion of particles, thereby forming granules or compacts.",True,False,Sometimes true,Not applicable,a
Which of the following is a common binder?,Starch paste,Gelatin,Polyvinylpyrrolidone (PVP),All of the above,b
The term 'diluent' refers to an inert substance added to a pharmaceutical formulation to increase its bulk or to adjust the concentration of the active ingredient.,True,False,Sometimes true,Not applicable,c
Which of the following is a common diluent?,Lactose,Microcrystalline cellulose,Dicalcium phosphate,All of the above,d
The term 'lubricant' refers to a substance added to a powder to reduce friction between the particles and between the particles and the die wall during tablet compression.,True,False,Sometimes true,Not applicable,a
Which of the following is a common lubricant?,Magnesium stearate,Talc,Stearic acid,All of the above,b
The term 'effervescent base' refers to a mixture of an acid and a base that reacts in the presence of water to produce carbon dioxide gas.,True,False,Sometimes true,Not applicable,c
Which of the following is a common acid used in effervescent bases?,Citric acid,Tartaric acid,Both a and b,Neither a nor b,d
Which of the following is a common base used in effervescent bases?,Sodium bicarbonate,Sodium carbonate,Potassium bicarbonate,All of the above,a
"The term 'hard gelatin capsule' consists of two pre-fabricated cylindrical halves, a body and a cap, which are filled with the drug formulation.",True,False,Sometimes true,Not applicable,b
Hard gelatin capsules are typically filled with:,Liquids,Semi-solids,Powders or granules,Gels,c
"The term 'soft gelatin capsule' is a one-piece, hermetically sealed capsule containing a liquid, semi-solid, or suspension.",True,False,Sometimes true,Not applicable,d
Soft gelatin capsules are typically prepared by:,Compression,Molding,Rotary die process,Extrusion,a
The term 'enteric coating' is a polymer barrier applied to oral medication that prevents its dissolution or disintegration in the gastric environment.,True,False,Sometimes true,Not applicable,b
Enteric coatings are used to protect drugs that are:,Acid-stable,Acid-labile,Water-soluble,Oil-soluble,c
"The term 'sustained-release dosage form' is designed to release the drug over an extended period, typically 8-12 hours or longer.",True,False,Sometimes true,Not applicable,d
Which of the following is a mechanism of sustained drug release?,Diffusion,Erosion,Osmosis,All of the above,a
"The term 'controlled-release dosage form' is designed to release the drug at a predetermined rate, duration, and location.",True,False,Sometimes true,Not applicable,b
Which of the following is a type of controlled-release dosage form?,Matrix system,Reservoir system,Osmotic pump,All of the above,c
The term 'transdermal patch' is a medicated adhesive patch that is placed on the skin to deliver a specific dose of medication through the skin and into the bloodstream.,True,False,Sometimes true,Not applicable,d
Transdermal patches are suitable for drugs that have:,High molecular weight,Low molecular weight and good skin permeability,High melting point,Low solubility,a
"The term 'implant' is a sterile solid dosage form containing a drug, designed to be inserted into a body cavity or tissue for continuous drug release over an extended period.",True,False,Sometimes true,Not applicable,b
Implants are typically used for:,Short-term therapy,Long-term therapy,Acute conditions,Self-medication,c
"The term 'suppository' is a solid dosage form intended for insertion into body orifices where it melts, softens, or dissolves and exerts local or systemic effects.",True,False,Sometimes true,Not applicable,d
Suppositories are commonly used for:,Systemic drug delivery,Local drug delivery,Both a and b,Neither a nor b,a
The term 'pessary' is a solid dosage form intended for insertion into the vagina.,True,False,Sometimes true,Not applicable,b
Pessaries are commonly used for:,Systemic drug delivery,Local drug delivery in the vagina,Rectal drug delivery,Oral drug delivery,c
The term 'urethral bougie' is a solid dosage form intended for insertion into the urethra.,True,False,Sometimes true,Not applicable,d
Urethral bougies are commonly used for:,Systemic drug delivery,Local drug delivery in the urethra,Rectal drug delivery,Oral drug delivery,a
The term 'nasal spray' is a liquid preparation intended for administration into the nasal cavity as a fine spray.,True,False,Sometimes true,Not applicable,b
Nasal sprays are commonly used for:,Systemic drug delivery,Local drug delivery in the nasal cavity,Pulmonary drug delivery,Oral drug delivery,c
The term 'inhaler' is a device used to deliver medication to the lungs in the form of a fine mist or powder.,True,False,Sometimes true,Not applicable,d
Which of the following is a type of inhaler?,Metered-dose inhaler (MDI),Dry powder inhaler (DPI),Nebulizer,All of the above,a
The term 'ophthalmic solution' is a sterile aqueous or oily solution intended for instillation into the eye.,True,False,Sometimes true,Not applicable,b
Ophthalmic solutions must be:,Sterile,Isotonic,Free from particulate matter,All of the above,c
"The term 'ophthalmic suspension' is a sterile liquid preparation containing solid particles dispersed in a liquid vehicle, intended for instillation into the eye.",True,False,Sometimes true,Not applicable,d
Ophthalmic suspensions must be:,Sterile,Isotonic,Free from particulate matter,All of the above,a
The term 'ophthalmic ointment' is a sterile semi-solid preparation intended for application to the conjunctiva or eyelid margin.,True,False,Sometimes true,Not applicable,b
Ophthalmic ointments must be:,Sterile,Non-irritating,Free from particulate matter,All of the above,c
The term 'ear drops' are liquid preparations intended for instillation into the ear canal.,True,False,Sometimes true,Not applicable,d
Ear drops are commonly used for:,Systemic drug delivery,Local drug delivery in the ear,Oral drug delivery,Nasal drug delivery,a
The term 'nasal drops' are liquid preparations intended for instillation into the nasal cavity.,True,False,Sometimes true,Not applicable,b
Nasal drops are commonly used for:,Systemic drug delivery,Local drug delivery in the nasal cavity,Pulmonary drug delivery,Oral drug delivery,c
The term 'mouthwash' is an aqueous solution intended for rinsing the oral cavity.,True,False,Sometimes true,Not applicable,d
Mouthwashes are commonly used for:,Systemic drug delivery,Local effects in the oral cavity,Oral drug delivery,Nasal drug delivery,a
The term 'gargle' is an aqueous solution intended for gargling to treat throat infections or inflammation.,True,False,Sometimes true,Not applicable,b
Gargles are commonly used for:,Systemic drug delivery,Local effects in the throat,Oral drug delivery,Nasal drug delivery,c
The term 'liniment' is a liquid or semi-liquid preparation intended for external application to the skin with rubbing.,True,False,Sometimes true,Not applicable,d
Liniments are commonly used for:,Systemic drug delivery,Local effects on the skin,Oral drug delivery,Nasal drug delivery,a
The term 'lotion' is a liquid preparation intended for external application to the skin without rubbing.,True,False,Sometimes true,Not applicable,b
Lotions are commonly used for:,Systemic drug delivery,Local effects on the skin,Oral drug delivery,Nasal drug delivery,c
"The term 'cream' is a semi-solid emulsion containing one or more active ingredients dissolved or dispersed in a suitable base, intended for external application to the skin.",True,False,Sometimes true,Not applicable,d
Creams are commonly used for:,Systemic drug delivery,Local effects on the skin,Oral drug delivery,Nasal drug delivery,a
The term 'ointment' is a semi-solid preparation intended for external application to the skin or mucous membranes.,True,False,Sometimes true,Not applicable,b
Ointments are commonly used for:,Systemic drug delivery,Local effects on the skin or mucous membranes,Oral drug delivery,Nasal drug delivery,c
"The term 'gel' is a semi-solid system consisting of a liquid phase immobilized within a three-dimensional polymeric network, intended for external application to the skin or mucous membranes.",True,False,Sometimes true,Not applicable,d
Gels are commonly used for:,Systemic drug delivery,Local effects on the skin or mucous membranes,Oral drug delivery,Nasal drug delivery,a
"The term 'paste' is a semi-solid preparation containing a high proportion of finely powdered solid material dispersed in a fatty base, intended for external application to the skin.",True,False,Sometimes true,Not applicable,b
Pastes are commonly used for:,Systemic drug delivery,"Local effects on the skin, providing a protective barrier",Oral drug delivery,Nasal drug delivery,c
The term 'suppository base' is the vehicle used to carry the active drug in a suppository formulation.,True,False,Sometimes true,Not applicable,d
Which of the following is an ideal property of a suppository base?,Melts or softens at body temperature,Non-irritating,Compatible with the drug,All of the above,a
The term 'emulsifying agent' is a substance that stabilizes an emulsion by reducing the interfacial tension between the two immiscible phases.,True,False,Sometimes true,Not applicable,b
Which of the following is a type of emulsifying agent?,Natural emulsifying agents,Synthetic emulsifying agents,Finely divided solids,All of the above,c
"The term 'suspending agent' is a substance that increases the viscosity of the continuous phase of a suspension, thereby reducing the sedimentation rate of the dispersed particles.",True,False,Sometimes true,Not applicable,d
Which of the following is a common suspending agent?,Tragacanth,Acacia,Methylcellulose,All of the above,a
"The term 'flocculating agent' is a substance that promotes the formation of loose aggregates (floccules) of suspended particles, thereby preventing caking.",True,False,Sometimes true,Not applicable,b
Flocculating agents are used in suspensions to improve:,Sedimentation rate,Redispersibility,Viscosity,Particle size,c
The term 'de-flocculating agent' is a substance that prevents the formation of floccules and promotes the dispersion of particles.,True,False,Sometimes true,Not applicable,d
De-flocculating agents are used in suspensions to improve:,Sedimentation rate,Redispersibility,Viscosity,Particle size,a
"The term 'wetting agent' is a substance that reduces the contact angle between a liquid and a solid surface, allowing the liquid to spread more easily.",True,False,Sometimes true,Not applicable,b
Wetting agents are used in suspensions to improve:,Dispersion of hydrophobic particles,Sedimentation rate,Viscosity,Particle size,c
The term 'solubilizing agent' is a substance that increases the solubility of a poorly soluble drug in a solvent.,True,False,Sometimes true,Not applicable,d
Which of the following is a common solubilizing agent?,Surfactants,Cosolvents,Complexing agents,All of the above,a
The term 'tonicity adjusting agent' is a substance added to a parenteral or ophthalmic preparation to make it isotonic with body fluids.,True,False,Sometimes true,Not applicable,b
Which of the following is a common tonicity adjusting agent?,Sodium chloride,Dextrose,Mannitol,All of the above,c
The term 'buffering agent' is a substance that helps to maintain the pH of a solution within a desired range.,True,False,Sometimes true,Not applicable,d
Buffering agents are used in pharmaceutical formulations to ensure:,Drug stability,Patient comfort,Optimal drug activity,All of the above,a
The term 'antimicrobial preservative' is a substance added to a multi-dose pharmaceutical preparation to prevent the growth of microorganisms.,True,False,Sometimes true,Not applicable,b
Which of the following is a common antimicrobial preservative?,Benzalkonium chloride,Chlorobutanol,Methylparaben,All of the above,c
The term 'antioxidant' is a substance that prevents or delays the oxidation of a drug or excipient.,True,False,Sometimes true,Not applicable,d
Which of the following is a common antioxidant?,Ascorbic acid,Sodium metabisulfite,Butylated hydroxyanisole (BHA),All of the above,a
"The term 'chelating agent' is a substance that binds to metal ions, preventing them from catalyzing degradation reactions.",True,False,Sometimes true,Not applicable,b
Which of the following is a common chelating agent?,EDTA,Citric acid,Tartaric acid,All of the above,c
The term 'flavoring agent' is a substance that imparts a pleasant taste to a pharmaceutical formulation.,True,False,Sometimes true,Not applicable,d
Which of the following is a common flavoring agent?,Vanilla,Peppermint,Fruit flavors,All of the above,a
The term 'sweetening agent' is a substance that imparts a sweet taste to a pharmaceutical formulation.,True,False,Sometimes true,Not applicable,b
Which of the following is a common sweetening agent?,Sucrose,Saccharin,Aspartame,All of the above,c
The term 'coloring agent' is a substance that imparts a color to a pharmaceutical formulation.,True,False,Sometimes true,Not applicable,d
Which of the following is a common coloring agent?,Tartrazine,Sunset Yellow,Brilliant Blue,All of the above,a
The term 'opacifying agent' is a substance that makes a pharmaceutical formulation opaque.,True,False,Sometimes true,Not applicable,b
Which of the following is a common opacifying agent?,Titanium dioxide,Talc,Calcium carbonate,All of the above,c
The term 'glidant' is a substance that improves the flow properties of a powder mixture.,True,False,Sometimes true,Not applicable,d
Which of the following is a common glidant?,Colloidal silicon dioxide,Talc,Magnesium stearate,Starch,a
The term 'anti-adherent' is a substance that prevents sticking of powder to the punch and die surfaces during tablet compression.,True,False,Sometimes true,Not applicable,b
Which of the following is a common anti-adherent?,Magnesium stearate,Talc,Stearic acid,All of the above,c
The term 'disintegrant' is a substance that promotes the rapid breakdown of a tablet into smaller particles when it comes into contact with liquid.,True,False,Sometimes true,Not applicable,d
Which of the following is a common disintegrant?,Starch,Cellulose derivatives,Crospovidone,All of the above,a
"The term 'binder' is a substance that holds the particles of a powder together, forming granules or compacts.",True,False,Sometimes true,Not applicable,b
Which of the following is a common binder?,Acacia,Gelatin,Polyvinylpyrrolidone,All of the above,c
The term 'diluent' is an inert substance added to a pharmaceutical formulation to increase its bulk or to adjust the concentration of the active ingredient.,True,False,Sometimes true,Not applicable,d
Which of the following is a common diluent?,Lactose,Microcrystalline cellulose,Dicalcium phosphate,All of the above,a
The term 'lubricant' is a substance that reduces friction between the particles and between the particles and the die wall during tablet compression.,True,False,Sometimes true,Not applicable,b
Which of the following is a common lubricant?,Magnesium stearate,Talc,Stearic acid,All of the above,c
The term 'effervescent tablet' is a tablet that produces gas when dissolved in water.,True,False,Sometimes true,Not applicable,d
Effervescent tablets are commonly used for:,Rapid drug absorption,Masking unpleasant taste,Both a and b,Neither a nor b,a
The term 'sublingual tablet' is a tablet designed to dissolve under the tongue for rapid absorption into the bloodstream.,True,False,Sometimes true,Not applicable,b
Sublingual tablets are commonly used for drugs that undergo significant:,First-pass metabolism,Renal excretion,Biliary excretion,Pulmonary excretion,c
The term 'buccal tablet' is a tablet designed to dissolve in the cheek pouch for absorption into the bloodstream.,True,False,Sometimes true,Not applicable,d
Buccal tablets are commonly used for drugs that undergo significant:,First-pass metabolism,Renal excretion,Biliary excretion,Pulmonary excretion,a
The term 'chewable tablet' is a tablet designed to be chewed before swallowing.,True,False,Sometimes true,Not applicable,b
Chewable tablets are commonly used for:,Pediatric patients,Patients with difficulty swallowing,Both a and b,Neither a nor b,c
"The term 'lozenge' is a solid dosage form intended to dissolve slowly in the mouth, releasing the drug locally or systemically.",True,False,Sometimes true,Not applicable,d
Lozenges are commonly used for:,Throat infections,Cough relief,Oral hygiene,All of the above,a
"The term 'pastille' is a soft, chewable lozenge that contains gelatin or gum arabic.",True,False,Sometimes true,Not applicable,b
Pastilles are commonly used for:,Throat infections,Cough relief,Oral hygiene,All of the above,c
"The term 'medicated gum' is a chewing gum that contains a drug, which is released upon chewing.",True,False,Sometimes true,Not applicable,d
Medicated gums are commonly used for:,Nicotine replacement therapy,Nausea relief,Dry mouth relief,All of the above,a
The term 'powder' is a solid dosage form consisting of finely divided particles of drug and/or excipients.,True,False,Sometimes true,Not applicable,b
Powders are commonly used for:,Topical application,Oral administration (after mixing with liquid),Both a and b,Neither a nor b,c
"The term 'granule' is an aggregate of powder particles, typically prepared to improve flowability and compressibility.",True,False,Sometimes true,Not applicable,d
Granules are commonly used for:,Filling capsules,Compressing into tablets,Both a and b,Neither a nor b,a
The term 'douche' is an aqueous solution intended for vaginal administration.,True,False,Sometimes true,Not applicable,b
Douches are commonly used for:,Vaginal hygiene,Treatment of vaginal infections,Both a and b,Neither a nor b,c
The term 'enema' is a liquid preparation intended for rectal administration.,True,False,Sometimes true,Not applicable,d
Enemas are commonly used for:,Constipation relief,Local treatment of rectal conditions,Systemic drug delivery,All of the above,a
The term 'liniment' is a liquid or semi-liquid preparation intended for external application to the skin with rubbing.,True,False,Sometimes true,Not applicable,b
Liniments are commonly used for:,Muscle pain relief,Joint pain relief,Both a and b,Neither a nor b,c
The term 'lotion' is a liquid preparation intended for external application to the skin without rubbing.,True,False,Sometimes true,Not applicable,d
Lotions are commonly used for:,Moisturizing the skin,Treating skin conditions,Both a and b,Neither a nor b,a
The term 'cream' is a semi-solid emulsion intended for external application to the skin.,True,False,Sometimes true,Not applicable,b
Creams are commonly used for:,Moisturizing the skin,Treating skin conditions,Both a and b,Neither a nor b,c
The term 'ointment' is a semi-solid preparation intended for external application to the skin or mucous membranes.,True,False,Sometimes true,Not applicable,d
Ointments are commonly used for:,Protecting the skin,Delivering drugs to the skin,Both a and b,Neither a nor b,a
The term 'gel' is a semi-solid system intended for external application to the skin or mucous membranes.,True,False,Sometimes true,Not applicable,b
Gels are commonly used for:,Delivering drugs to the skin,Providing a cooling sensation,Both a and b,Neither a nor b,c
"The term 'paste' is a semi-solid preparation containing a high proportion of finely powdered solid material, intended for external application to the skin.",True,False,Sometimes true,Not applicable,d
Pastes are commonly used for:,Providing a protective barrier,Absorbing secretions,Both a and b,Neither a nor b,a
The term 'suppository mold' is a device used to prepare suppositories.,True,False,Sometimes true,Not applicable,b
Suppository molds are typically made of:,Metal,Plastic,Both a and b,Neither a nor b,c
The term 'displacement value' is the amount of drug that displaces one part of the suppository base.,True,False,Sometimes true,Not applicable,d
Displacement value is important for calculating the correct amount of:,Drug,Base,Both a and b,Neither a nor b,a
"The term 'pyrogen' is a fever-producing substance, typically a lipopolysaccharide from bacterial cell walls.",True,False,Sometimes true,Not applicable,b
Pyrogens must be absent in:,Oral solutions,Topical creams,Parenteral injections,Rectal suppositories,c
The term 'LAL test' is a test used to detect bacterial endotoxins (pyrogens).,True,False,Sometimes true,Not applicable,d
The LAL test uses lysate from the:,Horseshoe crab,Human blood,Rabbit blood,Bacterial culture,a
"The term 'lyophilization' is a process of freeze-drying, used to remove water from a product by sublimation.",True,False,Sometimes true,Not applicable,b
Lyophilization is commonly used for:,Heat-stable drugs,Heat-sensitive drugs,Water-soluble drugs,Oil-soluble drugs,c
"The term 'packaging' is the science, art, and technology of enclosing or protecting products for distribution, storage, sale, and use.",True,False,Sometimes true,Not applicable,d
Which of the following is a function of packaging?,Containment,Protection,Information,All of the above,a
The term 'primary packaging' is the packaging that is in direct contact with the product.,True,False,Sometimes true,Not applicable,b
Which of the following is a primary packaging material?,Blister pack,Bottle,Vial,All of the above,c
The term 'secondary packaging' is the packaging that encloses the primary packaging.,True,False,Sometimes true,Not applicable,d
Which of the following is a secondary packaging material?,Carton,Box,Both a and b,Neither a nor b,a
"The term 'tertiary packaging' is the packaging used for bulk handling, warehouse storage, and transport shipping.",True,False,Sometimes true,Not applicable,b
Which of the following is a tertiary packaging material?,Pallet,Shrink wrap,Container,All of the above,c
"The term 'labeling' is any written, printed, or graphic matter upon the immediate container of any drug product.",True,False,Sometimes true,Not applicable,d
Which of the following is a mandatory information on a drug label?,Name of the drug,Strength of the drug,Dosage form,All of the above,a
"The term 'quality control' is a part of GMP concerned with sampling, specifications, testing, documentation, and release procedures.",True,False,Sometimes true,Not applicable,b
Which of the following is a quality control test for liquid dosage forms?,pH,Viscosity,Density,All of the above,c
The term 'good manufacturing practices (GMP)' are a set of guidelines that ensure products are consistently produced and controlled according to quality standards.,True,False,Sometimes true,Not applicable,d
"GMP covers all aspects of manufacturing, from the starting materials, premises, and equipment to the training and personal hygiene of staff.",True,False,Sometimes true,Not applicable,a
"The term 'validation' is the process of establishing documented evidence that provides a high degree of assurance that a specific process, system, or activity will consistently produce a result meeting predetermined specifications.",True,False,Sometimes true,Not applicable,b
Which of the following is a type of validation?,Equipment validation,Facility validation,Utility validation,All of the above,c
The term 'stability testing' is carried out to determine the shelf-life of a drug product and its recommended storage conditions.,True,False,Sometimes true,Not applicable,d
Stability testing is performed under:,Long-term conditions,Accelerated conditions,Intermediate conditions,All of the above,a
The term 'pharmacopoeia' is a book containing a collection of standards and quality specifications for drugs and pharmaceutical preparations.,True,False,Sometimes true,Not applicable,b
The 'British Pharmacopoeia (BP)' is published by the:,British Medical Association,Medicines and Healthcare products Regulatory Agency (MHRA),Royal Pharmaceutical Society,National Health Service,c
The 'European Pharmacopoeia (Ph. Eur.)' is published by the:,European Medicines Agency (EMA),Council of Europe,European Commission,European Parliament,d
The term 'dispensing' is the act of preparing and supplying a medicine or medical device to a patient on the basis of a prescription or other lawful order.,True,False,Sometimes true,Not applicable,a
Which of the following is a responsibility of a dispensing pharmacist?,Checking the legality of the prescription,Ensuring the accuracy of the dispensed medication,Providing patient counseling,All of the above,b
"The term 'pharmaceutical calculations' involve the application of mathematical principles to solve problems related to drug dosages, concentrations, and preparations.",True,False,Sometimes true,Not applicable,c
Which of the following is a common pharmaceutical calculation?,Percentage calculations,Ratio and proportion calculations,Alligation calculations,All of the above,d
"The term 'incompatibility' is an undesirable reaction between two or more ingredients in a pharmaceutical formulation, leading to a change in physical, chemical, or therapeutic properties.",True,False,Sometimes true,Not applicable,a
Which of the following is a type of physical incompatibility?,Precipitation,Immiscibility,Liquefaction,All of the above,b
Which of the following is a type of chemical incompatibility?,Oxidation,Hydrolysis,Photolysis,All of the above,c
Which of the following is a type of therapeutic incompatibility?,Synergism,Antagonism,Potentiation,All of the above,d
"The term 'drug delivery system' is a formulation or device that enables the introduction of a therapeutic substance into the body and improves its efficacy and safety by controlling its rate, time, and place of release.",True,False,Sometimes true,Not applicable,a
Which of the following is a type of conventional drug delivery system?,Tablets,Capsules,Syrups,All of the above,b
Which of the following is a type of novel drug delivery system?,Liposomes,Nanoparticles,Micelles,All of the above,c
"The term 'nanotechnology' in pharmaceutics involves the design, characterization, production, and application of materials and devices at the nanoscale (1-100 nm).",True,False,Sometimes true,Not applicable,d
Nanotechnology can be used to improve the:,Solubility of poorly soluble drugs,Bioavailability of drugs,Targeting of drugs to specific sites,All of the above,a
The term 'biopharmaceutics' is the study of the factors influencing the bioavailability of a drug in man and animals and the use of this information to optimize pharmacological or therapeutic activity in clinical practice.,True,False,Sometimes true,Not applicable,b
Which of the following is a factor influencing bioavailability?,Drug solubility,Drug permeability,First-pass metabolism,All of the above,c
"The term 'pharmacokinetics' is the study of the absorption, distribution, metabolism, and excretion (ADME) of drugs in the body.",True,False,Sometimes true,Not applicable,d
Which of the following is a pharmacokinetic parameter?,Half-life,Volume of distribution,Clearance,All of the above,a
The term 'pharmacodynamics' is the study of the biochemical and physiological effects of drugs and their mechanisms of action.,True,False,Sometimes true,Not applicable,b
Which of the following is a pharmacodynamic parameter?,Maximum effect (Emax),Concentration at 50% maximum effect (EC50),Both a and b,Neither a nor b,c
The term 'preformulation' is the stage of drug development where the physical and chemical properties of a drug substance are characterized to provide a rational basis for formulation development.,True,False,Sometimes true,Not applicable,d
Which of the following is a preformulation study?,Organoleptic properties,Bulk density,Tapped density,All of the above,a
The term 'formulation' is the process of developing a drug into a suitable dosage form for administration to patients.,True,False,Sometimes true,Not applicable,b
Which of the following is a factor influencing formulation development?,Route of administration,Desired drug release profile,Patient population,All of the above,c
The term 'manufacturing' is the process of producing a drug product in accordance with Good Manufacturing Practices (GMP).,True,False,Sometimes true,Not applicable,d
Which of the following is a stage of manufacturing?,Dispensing of raw materials,Mixing,Compression,All of the above,a
The term 'quality by design (QbD)' is a systematic approach to pharmaceutical development that aims to ensure product quality by understanding and controlling the manufacturing process.,True,False,Sometimes true,Not applicable,b
QbD emphasizes:,Product testing,Process understanding,Regulatory compliance,Cost reduction,c
"The term 'process analytical technology (PAT)' is a system for designing, analyzing, and controlling manufacturing processes through timely measurements of critical quality and performance attributes.",True,False,Sometimes true,Not applicable,d
PAT aims to improve:,Process efficiency,Product quality,Both a and b,Neither a nor b,a
"The term 'risk management' in pharmaceutics is the systematic process of identifying, assessing, and controlling risks to product quality and patient safety.",True,False,Sometimes true,Not applicable,b
Which of the following is a step in risk management?,Risk identification,Risk analysis,Risk evaluation,All of the above,c
"The term 'change control' is a formal system used to manage changes to validated systems, processes, and products.",True,False,Sometimes true,Not applicable,d
Change control ensures that changes are:,Documented,Reviewed,Approved,All of the above,a
"The term 'deviation' is an unplanned departure from an approved procedure, specification, or standard.",True,False,Sometimes true,Not applicable,b
Deviations must be:,Investigated,Documented,Corrected,All of the above,c
The term 'corrective action and preventive action (CAPA)' is a system for investigating and correcting deviations and preventing their recurrence.,True,False,Sometimes true,Not applicable,d
CAPA aims to improve:,Product quality,Process efficiency,Both a and b,Neither a nor b,a
The term 'audit' is a systematic and independent examination to determine whether quality activities and related results comply with planned arrangements.,True,False,Sometimes true,Not applicable,b
Audits can be conducted by:,Internal personnel,External consultants,Regulatory authorities,All of the above,c
The term 'recall' is the removal of a distributed drug product from the market due to a quality defect or safety concern.,True,False,Sometimes true,Not applicable,d
Recalls are classified based on the:,Severity of the risk,Quantity of the product,Cost of the product,Manufacturing location,a
"The term 'pharmacovigilance' is the science and activities relating to the detection, assessment, understanding, and prevention of adverse effects or any other drug-related problem.",True,False,Sometimes true,Not applicable,b
Pharmacovigilance aims to ensure:,Drug efficacy,Drug safety,Drug quality,Drug affordability,c
"The term 'drug master file (DMF)' is a submission to the FDA that provides confidential detailed information about facilities, processes, or articles used in the manufacturing, processing, packaging, and storing of one or more human drugs.",True,False,Sometimes true,Not applicable,d
DMFs are used to protect:,Intellectual property,Patient data,Regulatory information,Marketing strategies,a
The term 'abbreviated new drug application (ANDA)' is an application for a U.S. generic drug approval for an existing approved drug.,True,False,Sometimes true,Not applicable,b
ANDAs demonstrate:,Bioequivalence,Pharmaceutical equivalence,Both a and b,Neither a nor b,c
The term 'new drug application (NDA)' is an application for a U.S. new drug approval.,True,False,Sometimes true,Not applicable,d
NDAs provide evidence of:,Safety,Efficacy,Quality,All of the above,a
The term 'investigational new drug (IND) application' is a submission to the FDA that allows a drug to be tested in humans.,True,False,Sometimes true,Not applicable,b
INDs are required before:,Preclinical studies,Clinical trials,Marketing approval,Post-marketing surveillance,c
"The term 'good clinical practice (GCP)' is an international ethical and scientific quality standard for designing, conducting, recording, and reporting trials that involve the participation of human subjects.",True,False,Sometimes true,Not applicable,d
GCP ensures:,Protection of human subjects' rights,Data integrity,Scientific validity,All of the above,a
"The term 'good laboratory practice (GLP)' is a quality system concerned with the organizational process and the conditions under which non-clinical health and environmental safety studies are planned, performed, monitored, recorded, archived, and reported.",True,False,Sometimes true,Not applicable,b
GLP ensures:,Reliability of non-clinical data,Accuracy of clinical data,Consistency of manufacturing data,Validity of marketing data,c
The term 'good distribution practice (GDP)' is a quality system for warehouses and distribution centers dedicated to medicines.,True,False,Sometimes true,Not applicable,d
GDP ensures:,Safe storage of medicines,Proper transportation of medicines,Traceability of medicines,All of the above,a
The term 'good storage practice (GSP)' is a quality system for the storage of medicines.,True,False,Sometimes true,Not applicable,b
GSP ensures:,Optimal storage conditions,Prevention of contamination,Security of medicines,All of the above,c
The term 'good dispensing practice (GDispP)' is a quality system for the dispensing of medicines.,True,False,Sometimes true,Not applicable,d
GDispP ensures:,Accurate dispensing,Patient counseling,Proper record-keeping,All of the above,a
The term 'good documentation practice (GDocP)' is a quality system for the creation and maintenance of documents.,True,False,Sometimes true,Not applicable,b
GDocP ensures:,Data integrity,Data accuracy,Data traceability,All of the above,c
The term 'good regulatory practice (GRP)' is a quality system for the development and implementation of regulations.,True,False,Sometimes true,Not applicable,d
GRP aims to promote:,Regulatory transparency,Regulatory predictability,Regulatory efficiency,All of the above,a
"The term 'quality risk management (QRM)' is a systematic process for the assessment, control, communication, and review of quality risks throughout the product lifecycle.",True,False,Sometimes true,Not applicable,b
QRM aims to ensure:,Product quality,Patient safety,Both a and b,Neither a nor b,c
"The term 'pharmaceutical engineering' refers to the application of engineering principles to the design, development, and manufacturing of pharmaceutical products.",True,False,Sometimes true,Not applicable,d
Pharmaceutical engineering plays a crucial role in:,Process optimization,Equipment design,Facility layout,All of the above,a
The term 'biotechnology' in pharmaceutics refers to the use of living organisms or their products to create or modify drugs.,True,False,Sometimes true,Not applicable,b
Biotechnology is used in the production of:,Recombinant proteins,Monoclonal antibodies,Vaccines,All of the above,c
The term 'gene therapy' refers to the introduction of genes into a person's cells to treat or prevent disease.,True,False,Sometimes true,Not applicable,d
Gene therapy holds promise for treating:,Genetic disorders,Cancer,Infectious diseases,All of the above,a
The term 'cell therapy' refers to the transplantation of human cells to repair or replace damaged tissue or cells.,True,False,Sometimes true,Not applicable,b
Cell therapy is used in the treatment of:,Diabetes,Heart disease,Spinal cord injury,All of the above,c
"The term 'personalized medicine' refers to a medical model that customizes healthcare, with decisions and practices being tailored to the individual patient based on their predicted response or risk of disease.",True,False,Sometimes true,Not applicable,d
Personalized medicine aims to improve:,Drug efficacy,Drug safety,Patient outcomes,All of the above,a
The term 'pharmacogenomics' refers to the study of how genes affect a person's response to drugs.,True,False,Sometimes true,Not applicable,b
Pharmacogenomics can help in:,Identifying patients who will respond to a drug,Identifying patients who will experience adverse drug reactions,Optimizing drug dosage,All of the above,c
The term 'drug repurposing' refers to the process of finding new uses for existing drugs.,True,False,Sometimes true,Not applicable,d
Drug repurposing can accelerate:,Drug discovery,Drug development,Both a and b,Neither a nor b,a
The term 'orphan drug' refers to a drug developed to treat a rare disease.,True,False,Sometimes true,Not applicable,b
Orphan drugs receive special incentives due to:,High prevalence of the disease,Low prevalence of the disease,High profitability,Low development cost,c
The term 'biosimilar' refers to a biological product that is highly similar to an already approved biological product (reference product).,True,False,Sometimes true,Not applicable,d
Biosimilars are expected to have:,Same efficacy as the reference product,Same safety as the reference product,Both a and b,Neither a nor b,a
The term 'biologics' refers to a broad class of medicines that are produced by living organisms or contain components of living organisms.,True,False,Sometimes true,Not applicable,b
Biologics are typically administered by:,Oral route,Topical route,Injection,Rectal route,c
The term 'vaccine' refers to a biological preparation that provides active acquired immunity to a particular infectious disease.,True,False,Sometimes true,Not applicable,d
Vaccines work by stimulating the body's:,Digestive system,Immune system,Nervous system,Circulatory system,a
The term 'monoclonal antibodies' refers to antibodies that are made by identical immune cells that are all clones of a unique parent cell.,True,False,Sometimes true,Not applicable,b
Monoclonal antibodies are highly specific for their:,Target antigen,Target cell,Target organ,All of the above,c
The term 'recombinant DNA technology' refers to the joining of DNA molecules from two different species that are inserted into a host organism to produce new genetic combinations.,True,False,Sometimes true,Not applicable,d
Recombinant DNA technology is a cornerstone of:,Traditional medicine,Modern biotechnology,Herbal medicine,Homeopathy,a
The term 'polymerase chain reaction (PCR)' is a laboratory technique used to amplify DNA sequences.,True,False,Sometimes true,Not applicable,b
PCR is widely used in:,Molecular biology,Genetic engineering,Medical diagnostics,All of the above,c
The term 'chromatography' is a laboratory technique for the separation of a mixture.,True,False,Sometimes true,Not applicable,d
Chromatography separates components based on their differential partitioning between a:,Stationary phase and a mobile phase,Solid phase and a liquid phase,Gas phase and a liquid phase,All of the above,a
The term 'spectroscopy' is the study of the interaction between matter and electromagnetic radiation.,True,False,Sometimes true,Not applicable,b
Spectroscopy is used for:,Identification of compounds,Quantification of compounds,Structural elucidation of compounds,All of the above,c
The term 'mass spectrometry (MS)' is an analytical technique that measures the mass-to-charge ratio of ions.,True,False,Sometimes true,Not applicable,d
MS is a powerful tool for:,Drug discovery,Drug development,Quality control,All of the above,a
The term 'titration' is a quantitative chemical analysis method used to determine the concentration of an identified analyte.,True,False,Sometimes true,Not applicable,b
Titration involves the reaction of a solution of known concentration (titrant) with a solution of unknown concentration (analyte).,True,False,Sometimes true,Not applicable,c
The term 'pH' is a measure of the acidity or alkalinity of a solution.,True,False,Sometimes true,Not applicable,d
The pH scale ranges from:,0 to 7,7 to 14,0 to 14,-1 to 1,a
The term 'buffer' refers to a solution that resists changes in pH upon the addition of small amounts of acid or base.,True,False,Sometimes true,Not applicable,b
Buffers are composed of a:,Strong acid and a strong base,Weak acid and its conjugate base,Strong acid and a weak base,Weak acid and a strong base,c
The term 'tonicity' refers to the effective osmotic pressure gradient across a semipermeable membrane.,True,False,Sometimes true,Not applicable,d
"Hypotonic solutions have a lower osmotic pressure than body fluids, causing cells to:",Swell,Shrink,Remain unchanged,Burst,a
"Hypertonic solutions have a higher osmotic pressure than body fluids, causing cells to:",Swell,Shrink,Remain unchanged,Burst,b
The term 'preservative' refers to a substance added to a pharmaceutical formulation to prevent microbial growth.,True,False,Sometimes true,Not applicable,c
Preservatives are essential for multi-dose sterile preparations to maintain their:,Efficacy,Safety,Stability,All of the above,d
The term 'antioxidant' refers to a substance added to a pharmaceutical formulation to prevent oxidation.,True,False,Sometimes true,Not applicable,a
Antioxidants protect drugs from degradation caused by:,Light,Heat,Oxygen,All of the above,b
"The term 'chelating agent' refers to a substance that forms a complex with metal ions, thereby preventing their catalytic activity in degradation reactions.",True,False,Sometimes true,Not applicable,c
Chelating agents are used to prevent degradation caused by:,Microbial contamination,Metal ion catalysis,Hydrolysis,Oxidation,d
The term 'flavoring agent' refers to a substance added to a pharmaceutical formulation to improve its taste.,True,False,Sometimes true,Not applicable,a
Flavoring agents are particularly important for:,Parenteral preparations,Topical preparations,Oral liquid preparations,Suppositories,b
The term 'sweetening agent' refers to a substance that imparts a sweet taste to a pharmaceutical formulation.,True,False,Sometimes true,Not applicable,c
Sweetening agents are used to mask:,Bitter taste,Sour taste,Salty taste,All of the above,d
The term 'coloring agent' refers to a substance that imparts a color to a pharmaceutical formulation.,True,False,Sometimes true,Not applicable,a
Coloring agents are used to improve:,Product stability,Patient compliance,Drug efficacy,Drug safety,b
The term 'opacifying agent' refers to a substance that makes a pharmaceutical formulation opaque.,True,False,Sometimes true,Not applicable,c
Opacifying agents are used to protect drugs from:,Light degradation,Heat degradation,Microbial degradation,Oxidation,d
The term 'glidant' refers to a substance that improves the flow properties of a powder mixture.,True,False,Sometimes true,Not applicable,a
Glidants reduce:,Friction between particles,Adhesion between particles,Both a and b,Neither a nor b,b
The term 'anti-adherent' refers to a substance that prevents sticking of powder to the punch and die surfaces during tablet compression.,True,False,Sometimes true,Not applicable,c
Anti-adherents prevent:,Capping,Lamination,Sticking,All of the above,d
The term 'disintegrant' refers to a substance that promotes the rapid breakdown of a tablet into smaller particles when it comes into contact with liquid.,True,False,Sometimes true,Not applicable,a
Disintegrants work by:,Swelling,Wicking,Deformation,All of the above,b
"The term 'binder' refers to a substance that holds the particles of a powder together, forming granules or compacts.",True,False,Sometimes true,Not applicable,c
Binders improve:,Tablet hardness,Tablet friability,Both a and b,Neither a nor b,d
The term 'diluent' refers to an inert substance added to a pharmaceutical formulation to increase its bulk or to adjust the concentration of the active ingredient.,True,False,Sometimes true,Not applicable,a
Diluents are used to achieve:,Desired tablet weight,Desired tablet size,Both a and b,Neither a nor b,b
The term 'lubricant' refers to a substance that reduces friction between the particles and between the particles and the die wall during tablet compression.,True,False,Sometimes true,Not applicable,c
Lubricants prevent:,Sticking,Picking,Both a and b,Neither a nor b,d
The term 'effervescent tablet' is a tablet that produces gas when dissolved in water.,True,False,Sometimes true,Not applicable,a
The gas produced by effervescent tablets is:,Oxygen,Nitrogen,Carbon dioxide,Hydrogen,b
The term 'sublingual tablet' is a tablet designed to dissolve under the tongue for rapid absorption into the bloodstream.,True,False,Sometimes true,Not applicable,c
Sublingual absorption bypasses:,Renal metabolism,Hepatic first-pass metabolism,Pulmonary metabolism,Intestinal metabolism,d
The term 'buccal tablet' is a tablet designed to dissolve in the cheek pouch for absorption into the bloodstream.,True,False,Sometimes true,Not applicable,a
Buccal absorption bypasses:,Renal metabolism,Hepatic first-pass metabolism,Pulmonary metabolism,Intestinal metabolism,b
The term 'chewable tablet' is a tablet designed to be chewed before swallowing.,True,False,Sometimes true,Not applicable,c
Chewable tablets are suitable for drugs that have:,Unpleasant taste,Pleasant taste,No taste,Bitter taste,d
"The term 'lozenge' is a solid dosage form intended to dissolve slowly in the mouth, releasing the drug locally or systemically.",True,False,Sometimes true,Not applicable,a
Lozenges are typically used for:,Systemic effects,Local effects in the oral cavity or throat,Both a and b,Neither a nor b,b
"The term 'pastille' is a soft, chewable lozenge that contains gelatin or gum arabic.",True,False,Sometimes true,Not applicable,c
Pastilles are typically used for:,Systemic effects,Local effects in the oral cavity or throat,Both a and b,Neither a nor b,d
"The term 'medicated gum' is a chewing gum that contains a drug, which is released upon chewing.",True,False,Sometimes true,Not applicable,a
Medicated gums are typically used for:,Systemic effects,Local effects in the oral cavity,Both a and b,Neither a nor b,c
The term 'powder' is a solid dosage form consisting of finely divided particles of drug and/or excipients.,True,False,Sometimes true,Not applicable,a
Powders are typically used for:,Oral administration,Topical application,Both a and b,Neither a nor b,c
"The term 'granule' is an aggregate of powder particles, typically prepared to improve flowability and compressibility.",True,False,Sometimes true,Not applicable,a
Granules are typically used for:,Direct compression into tablets,Filling into capsules,Both a and b,Neither a nor b,c
The term 'douche' is an aqueous solution intended for vaginal administration.,True,False,Sometimes true,Not applicable,a
Douches are typically used for:,Vaginal hygiene,Treatment of vaginal infections,Both a and b,Neither a nor b,c
The term 'enema' is a liquid preparation intended for rectal administration.,True,False,Sometimes true,Not applicable,a
Enemas are typically used for:,Constipation relief,Local treatment of rectal conditions,Systemic drug delivery,All of the above,d
The term 'liniment' is a liquid or semi-liquid preparation intended for external application to the skin with rubbing.,True,False,Sometimes true,Not applicable,a
Liniments are typically used for:,Muscle pain relief,Joint pain relief,Both a and b,Neither a nor b,c
The term 'lotion' is a liquid preparation intended for external application to the skin without rubbing.,True,False,Sometimes true,Not applicable,a
Lotions are typically used for:,Moisturizing the skin,Treating skin conditions,Both a and b,Neither a nor b,c
The term 'cream' is a semi-solid emulsion intended for external application to the skin.,True,False,Sometimes true,Not applicable,a
Creams are typically used for:,Moisturizing the skin,Treating skin conditions,Both a and b,Neither a nor b,c
The term 'ointment' is a semi-solid preparation intended for external application to the skin or mucous membranes.,True,False,Sometimes true,Not applicable,a
Ointments are typically used for:,Protecting the skin,Delivering drugs to the skin,Both a and b,Neither a nor b,c
The term 'gel' is a semi-solid system intended for external application to the skin or mucous membranes.,True,False,Sometimes true,Not applicable,a
Gels are typically used for:,Delivering drugs to the skin,Providing a cooling sensation,Both a and b,Neither a nor b,c
"The term 'paste' is a semi-solid preparation containing a high proportion of finely powdered solid material, intended for external application to the skin.",True,False,Sometimes true,Not applicable,a
Pastes are typically used for:,Providing a protective barrier,Absorbing secretions,Both a and b,Neither a nor b,c
The term 'suppository mold' is a device used to prepare suppositories.,True,False,Sometimes true,Not applicable,a
Suppository molds are typically made of:,Metal,Plastic,Both a and b,Neither a nor b,c
The term 'displacement value' is the amount of drug that displaces one part of the suppository base.,True,False,Sometimes true,Not applicable,a
Displacement value is important for calculating the correct amount of:,Drug,Base,Both a and b,Neither a nor b,c
"The term 'pyrogen' is a fever-producing substance, typically a lipopolysaccharide from bacterial cell walls.",True,False,Sometimes true,Not applicable,a
Pyrogens must be absent in:,Oral solutions,Topical creams,Parenteral injections,Rectal suppositories,c
The term 'LAL test' is a test used to detect bacterial endotoxins (pyrogens).,True,False,Sometimes true,Not applicable,a
The LAL test uses lysate from the:,Horseshoe crab,Human blood,Rabbit blood,Bacterial culture,a
"The term 'lyophilization' is a process of freeze-drying, used to remove water from a product by sublimation.",True,False,Sometimes true,Not applicable,a
Lyophilization is commonly used for:,Heat-stable drugs,Heat-sensitive drugs,Water-soluble drugs,Oil-soluble drugs,b
"The term 'packaging' is the science, art, and technology of enclosing or protecting products for distribution, storage, sale, and use.",True,False,Sometimes true,Not applicable,a
Which of the following is a function of packaging?,Containment,Protection,Information,All of the above,d
The term 'primary packaging' is the packaging that is in direct contact with the product.,True,False,Sometimes true,Not applicable,a
Which of the following is a primary packaging material?,Blister pack,Bottle,Vial,All of the above,d
The term 'secondary packaging' is the packaging that encloses the primary packaging.,True,False,Sometimes true,Not applicable,a
Which of the following is a secondary packaging material?,Carton,Box,Both a and b,Neither a nor b,c
"The term 'tertiary packaging' is the packaging used for bulk handling, warehouse storage, and transport shipping.",True,False,Sometimes true,Not applicable,a
Which of the following is a tertiary packaging material?,Pallet,Shrink wrap,Container,All of the above,d
"The term 'labeling' is any written, printed, or graphic matter upon the immediate container of any drug product.",True,False,Sometimes true,Not applicable,a
Which of the following is a mandatory information on a drug label?,Name of the drug,Strength of the drug,Dosage form,All of the above,d
"The term 'quality control' is a part of GMP concerned with sampling, specifications, testing, documentation, and release procedures.",True,False,Sometimes true,Not applicable,a
Which of the following is a quality control test for liquid dosage forms?,pH,Viscosity,Density,All of the above,d
The term 'good manufacturing practices (GMP)' are a set of guidelines that ensure products are consistently produced and controlled according to quality standards.,True,False,Sometimes true,Not applicable,a
"GMP covers all aspects of manufacturing, from the starting materials, premises, and equipment to the training and personal hygiene of staff.",True,False,Sometimes true,Not applicable,a
"The term 'validation' is the process of establishing documented evidence that provides a high degree of assurance that a specific process, system, or activity will consistently produce a result meeting predetermined specifications.",True,False,Sometimes true,Not applicable,a
Which of the following is a type of validation?,Equipment validation,Facility validation,Utility validation,All of the above,d
The term 'stability testing' is carried out to determine the shelf-life of a drug product and its recommended storage conditions.,True,False,Sometimes true,Not applicable,a
Stability testing is performed under:,Long-term conditions,Accelerated conditions,Intermediate conditions,All of the above,d
The term 'pharmacopoeia' is a book containing a collection of standards and quality specifications for drugs and pharmaceutical preparations.,True,False,Sometimes true,Not applicable,a
The 'British Pharmacopoeia (BP)' is published by the:,British Medical Association,Medicines and Healthcare products Regulatory Agency (MHRA),Royal Pharmaceutical Society,National Health Service,b
The 'European Pharmacopoeia (Ph. Eur.)' is published by the:,European Medicines Agency (EMA),Council of Europe,European Commission,European Parliament,b
The term 'dispensing' is the act of preparing and supplying a medicine or medical device to a patient on the basis of a prescription or other lawful order.,True,False,Sometimes true,Not applicable,a
Which of the following is a responsibility of a dispensing pharmacist?,Checking the legality of the prescription,Ensuring the accuracy of the dispensed medication,Providing patient counseling,All of the above,d
"The term 'pharmaceutical calculations' involve the application of mathematical principles to solve problems related to drug dosages, concentrations, and preparations.",True,False,Sometimes true,Not applicable,a
Which of the following is a common pharmaceutical calculation?,Percentage calculations,Ratio and proportion calculations,Alligation calculations,All of the above,d
"The term 'incompatibility' is an undesirable reaction between two or more ingredients in a pharmaceutical formulation, leading to a change in physical, chemical, or therapeutic properties.",True,False,Sometimes true,Not applicable,a
Which of the following is a type of physical incompatibility?,Precipitation,Immiscibility,Liquefaction,All of the above,d
Which of the following is a type of chemical incompatibility?,Oxidation,Hydrolysis,Photolysis,All of the above,d
Which of the following is a type of therapeutic incompatibility?,Synergism,Antagonism,Potentiation,All of the above,b
"The term 'drug delivery system' is a formulation or device that enables the introduction of a therapeutic substance into the body and improves its efficacy and safety by controlling its rate, time, and place of release.",True,False,Sometimes true,Not applicable,a
Which of the following is a type of conventional drug delivery system?,Tablets,Capsules,Syrups,All of the above,d
Which of the following is a type of novel drug delivery system?,Liposomes,Nanoparticles,Micelles,All of the above,d
"The term 'nanotechnology' in pharmaceutics involves the design, characterization, production, and application of materials and devices at the nanoscale (1-100 nm).",True,False,Sometimes true,Not applicable,a
Nanotechnology can be used to improve the:,Solubility of poorly soluble drugs,Bioavailability of drugs,Targeting of drugs to specific sites,All of the above,d
The term 'biopharmaceutics' is the study of the factors influencing the bioavailability of a drug in man and animals and the use of this information to optimize pharmacological or therapeutic activity in clinical practice.,True,False,Sometimes true,Not applicable,a
Which of the following is a factor influencing bioavailability?,Drug solubility,Drug permeability,First-pass metabolism,All of the above,d
"The term 'pharmacokinetics' is the study of the absorption, distribution, metabolism, and excretion (ADME) of drugs in the body.",True,False,Sometimes true,Not applicable,a
Which of the following is a pharmacokinetic parameter?,Half-life,Volume of distribution,Clearance,All of the above,d
The term 'pharmacodynamics' is the study of the biochemical and physiological effects of drugs and their mechanisms of action.,True,False,Sometimes true,Not applicable,a
Which of the following is a pharmacodynamic parameter?,Maximum effect (Emax),Concentration at 50% maximum effect (EC50),Both a and b,Neither a nor b,c
The term 'preformulation' is the stage of drug development where the physical and chemical properties of a drug substance are characterized to provide a rational basis for formulation development.,True,False,Sometimes true,Not applicable,a
Which of the following is a preformulation study?,Organoleptic properties,Bulk density,Tapped density,All of the above,d
The term 'formulation' is the process of developing a drug into a suitable dosage form for administration to patients.,True,False,Sometimes true,Not applicable,a
Which of the following is a factor influencing formulation development?,Route of administration,Desired drug release profile,Patient population,All of the above,d
The term 'manufacturing' is the process of producing a drug product in accordance with Good Manufacturing Practices (GMP).,True,False,Sometimes true,Not applicable,a
Which of the following is a stage of manufacturing?,Dispensing of raw materials,Mixing,Compression,All of the above,d
The term 'quality by design (QbD)' is a systematic approach to pharmaceutical development that aims to ensure product quality by understanding and controlling the manufacturing process.,True,False,Sometimes true,Not applicable,a
QbD emphasizes:,Product testing,Process understanding,Regulatory compliance,Cost reduction,b
"The term 'process analytical technology (PAT)' is a system for designing, analyzing, and controlling manufacturing processes through timely measurements of critical quality and performance attributes.",True,False,Sometimes true,Not applicable,a
PAT aims to improve:,Process efficiency,Product quality,Both a and b,Neither a nor b,c
"The term 'risk management' in pharmaceutics is the systematic process of identifying, assessing, and controlling risks to product quality and patient safety.",True,False,Sometimes true,Not applicable,a
Which of the following is a step in risk management?,Risk identification,Risk analysis,Risk evaluation,All of the above,d
"The term 'change control' is a formal system used to manage changes to validated systems, processes, and products.",True,False,Sometimes true,Not applicable,a
Change control ensures that changes are:,Documented,Reviewed,Approved,All of the above,d
"The term 'deviation' is an unplanned departure from an approved procedure, specification, or standard.",True,False,Sometimes true,Not applicable,a
Deviations must be:,Investigated,Documented,Corrected,All of the above,d
The term 'corrective action and preventive action (CAPA)' is a system for investigating and correcting deviations and preventing their recurrence.,True,False,Sometimes true,Not applicable,a
CAPA aims to improve:,Product quality,Process efficiency,Both a and b,Neither a nor b,c
The term 'audit' is a systematic and independent examination to determine whether quality activities and related results comply with planned arrangements.,True,False,Sometimes true,Not applicable,a
Audits can be conducted by:,Internal personnel,External consultants,Regulatory authorities,All of the above,d
The term 'recall' is the removal of a distributed drug product from the market due to a quality defect or safety concern.,True,False,Sometimes true,Not applicable,a
Recalls are classified based on the:,Severity of the risk,Quantity of the product,Cost of the product,Manufacturing location,a
"The term 'pharmacovigilance' is the science and activities relating to the detection, assessment, understanding, and prevention of adverse effects or any other drug-related problem.",True,False,Sometimes true,Not applicable,a
Pharmacovigilance aims to ensure:,Drug efficacy,Drug safety,Drug quality,Drug affordability,b
"The term 'drug master file (DMF)' is a submission to the FDA that provides confidential detailed information about facilities, processes, or articles used in the manufacturing, processing, packaging, and storing of one or more human drugs.",True,False,Sometimes true,Not applicable,a
DMFs are used to protect:,Intellectual property,Patient data,Regulatory information,Marketing strategies,a
The term 'abbreviated new drug application (ANDA)' is an application for a U.S. generic drug approval for an existing approved drug.,True,False,Sometimes true,Not applicable,a
ANDAs demonstrate:,Bioequivalence,Pharmaceutical equivalence,Both a and b,Neither a nor b,c
