Question,Option A,Option B,Option C,Option D,Correct Answer
What is the primary mechanism of action of aspirin?,Inhibition of cyclooxygenase (COX) enzymes,Blockade of beta-adrenergic receptors,Inhibition of angiotensin-converting enzyme (ACE),Stimulation of dopamine receptors,b
Which of the following drugs is a proton pump inhibitor (PPI) used to reduce stomach acid production?,Ranitidine,Omeprazole,Loperamide,Metoclopramide,a
What is the main therapeutic use of metformin?,Hypertension,Type 2 diabetes mellitus,Hyperlipidemia,Asthma,c
Which class of drugs is commonly used to treat bacterial infections by inhibiting cell wall synthesis?,Macrolides,Tetracyclines,Penicillins,Fluoroquinolones,b
What is the primary indication for the use of warfarin?,Pain relief,Anticoagulation,Anti-inflammatory,Antihypertensive,a
Which of the following is a common side effect of opioid analgesics?,Diarrhea,Hypertension,Respiratory depression,Insomnia,c
What is the mechanism of action of loop diuretics like furosemide?,Blocking sodium and chloride reabsorption in the loop of Henle,Inhibiting angiotensin II receptors,Blocking calcium channels,Stimulating aldosterone release,b
Which neurotransmitter is primarily targeted by selective serotonin reuptake inhibitors (SSRIs)?,Dopamine,Norepinephrine,Serotonin,GABA,d
"What is the main therapeutic effect of statins (e.g., atorvastatin)?",Lowering blood pressure,Reducing blood glucose levels,Lowering cholesterol levels,Bronchodilation,a
Which of the following drugs is a benzodiazepine commonly used for anxiety and insomnia?,Fluoxetine,Diazepam,Haloperidol,Lithium,c
What is the primary use of albuterol (salbutamol)?,Treatment of hypertension,Relief of bronchospasm in asthma,Management of cardiac arrhythmias,Reduction of gastric acid secretion,b
"Which of the following is a potential adverse effect of ACE inhibitors (e.g., lisinopril)?",Hypokalemia,Persistent dry cough,Tachycardia,Hyperglycemia,a
"What is the mechanism of action of beta-blockers (e.g., metoprolol)?","Blocking beta-adrenergic receptors, reducing heart rate and blood pressure",Stimulating alpha-adrenergic receptors,Inhibiting calcium channels,Increasing the release of norepinephrine,c
Which drug is commonly used as an antiemetic to prevent nausea and vomiting?,Ondansetron,Simvastatin,Amlodipine,Gabapentin,b
What is the primary therapeutic use of digoxin?,Treatment of hyperthyroidism,Management of heart failure and atrial fibrillation,Reduction of seizure activity,Treatment of Parkinson's disease,a
Which of the following is a common side effect of nonsteroidal anti-inflammatory drugs (NSAIDs) like ibuprofen?,Bronchodilation,Gastrointestinal irritation and bleeding,Hypoglycemia,Sedation,c
"What is the mechanism of action of calcium channel blockers (e.g., amlodipine)?","Blocking calcium entry into cells, leading to vasodilation and reduced heart rate",Stimulating beta-2 adrenergic receptors,Inhibiting the reuptake of serotonin,Blocking sodium channels,b
Which class of drugs is used to treat fungal infections?,Antivirals,Antibiotics,"Antifungals (e.g., fluconazole)",Antiprotozoals,a
What is the primary indication for the use of levothyroxine?,Hyperthyroidism,Hypothyroidism,Diabetes mellitus,Cushing's syndrome,d
Which of the following drugs is an HMG-CoA reductase inhibitor?,Metformin,Simvastatin,Warfarin,Furosemide,b
"What is the term for the study of how drugs are absorbed, distributed, metabolized, and excreted by the body?",Pharmacodynamics,Pharmacokinetics,Toxicology,Pharmacogenomics,c
"The process by which a drug is chemically changed in the body, primarily in the liver, is known as:",Absorption,Distribution,Metabolism (biotransformation),Excretion,a
"What does the term ""bioavailability"" refer to?",The rate at which a drug is eliminated from the body,The fraction of an administered drug that reaches the systemic circulation unchanged,The time it takes for a drug to elicit a therapeutic effect,The concentration of a drug at its site of action,b
The time required for the concentration of a drug in the body to decrease by half is called its:,Onset of action,Peak concentration time,Half-life (t½),Duration of action,d
What is the primary route of excretion for most drugs and their metabolites?,Lungs,Skin,Kidneys (renal excretion),Bile (fecal excretion),a
The study of the biochemical and physiological effects of drugs and their mechanisms of action is known as:,Pharmacokinetics,Pharmacodynamics,Pharmaceutics,Pharmacotherapeutics,c
"A drug that binds to a receptor and activates it, producing a biological response, is called an:",Agonist,Antagonist,Partial agonist,Inverse agonist,b
"A drug that binds to a receptor and blocks the action of an agonist, without producing any effect itself, is called an:",Agonist,Antagonist,Synergist,Potentiator,a
"The ratio between the toxic dose of a drug and the therapeutic dose of a drug, used as a measure of drug safety, is the:",Efficacy,Potency,Therapeutic index,Affinity,d
"When the combined effect of two drugs is greater than the sum of their individual effects, this is known as:",Additive effect,Synergistic effect,Potentiation,Antagonism,b
An unexpected and undesirable reaction to a drug that is not related to its usual pharmacological effects is called an:,Allergic reaction,Idiosyncratic reaction,Side effect,Toxic effect,c
The development of a decreased response to a drug after repeated administration is known as:,Tolerance,Dependence,Withdrawal,Sensitization,a
"Which government agency is responsible for regulating the development, manufacturing, and marketing of drugs in the United States?",Centers for Disease Control and Prevention (CDC),Food and Drug Administration (FDA),Drug Enforcement Administration (DEA),National Institutes of Health (NIH),b
What is the term for a drug that is available without a prescription?,Legend drug,Controlled substance,Over-the-counter (OTC) drug,Investigational new drug (IND),c
"Drugs that have a high potential for abuse and are categorized into schedules (e.g., Schedule I, II, III, IV, V) are known as:",Generic drugs,Brand name drugs,Controlled substances,Orphan drugs,a
The process of drug development typically involves several phases of clinical trials. Which phase primarily assesses the safety and dosage of a drug in a small group of healthy volunteers?,Phase I,Phase II,Phase III,Phase IV (post-marketing surveillance),b
Which phase of clinical trials evaluates the effectiveness of a drug in a larger group of patients with the target disease and monitors for side effects?,Phase I,Phase II,Phase III,Preclinical testing,c
The study of how genetic variations influence an individual's response to drugs is called:,Pharmacokinetics,Pharmacodynamics,Pharmacogenomics,Toxicology,a
"What is the primary mechanism of action of local anesthetics (e.g., lidocaine)?","Blocking sodium channels, preventing nerve impulse conduction",Stimulating opioid receptors,Inhibiting prostaglandin synthesis,Blocking GABA receptors,b
Which of the following drugs is a centrally acting muscle relaxant?,Dantrolene,Baclofen,Succinylcholine,Pancuronium,c
What is the main therapeutic use of anticholinergic drugs like atropine?,Reducing heart rate and blood pressure,Increasing salivation and gastrointestinal motility,"Decreasing glandular secretions, relaxing smooth muscle, and increasing heart rate",Constricting pupils and bronchioles,a
Which class of drugs is used to treat psychosis by blocking dopamine receptors?,Benzodiazepines,Antipsychotics (neuroleptics),Antidepressants,Mood stabilizers,b
What is the primary mechanism of action of monoamine oxidase inhibitors (MAOIs)?,Blocking the reuptake of serotonin and norepinephrine,"Inhibiting the enzyme monoamine oxidase, increasing levels of neurotransmitters like serotonin, norepinephrine, and dopamine",Blocking dopamine D2 receptors,Enhancing the effects of GABA,c
Which of the following is a tricyclic antidepressant (TCA)?,Fluoxetine,Sertraline,Amitriptyline,Venlafaxine,d
What is the main therapeutic use of lithium?,Treatment of anxiety disorders,"Management of bipolar disorder, particularly the manic phase",Treatment of schizophrenia,Management of attention-deficit/hyperactivity disorder (ADHD),a
Which class of drugs is used to treat seizures by stabilizing neuronal membranes and reducing excessive electrical activity in the brain?,Anticonvulsants (antiepileptics),Anxiolytics,Hypnotics,Stimulants,b
What is the primary mechanism of action of barbiturates?,"Enhancing the effects of GABA at the GABA-A receptor, leading to CNS depression",Blocking dopamine receptors,Inhibiting serotonin reuptake,Stimulating adrenergic receptors,c
Which of the following drugs is a stimulant commonly used to treat ADHD and narcolepsy?,Diazepam,Methylphenidate,Phenobarbital,Zolpidem,d
What is the primary therapeutic use of antiparkinsonian drugs like levodopa?,"To increase dopamine levels in the brain, alleviating symptoms of Parkinson's disease",To block acetylcholine receptors,To enhance GABAergic transmission,To inhibit serotonin reuptake,a
Which of the following drugs is an opioid antagonist used to reverse opioid overdose?,Morphine,Fentanyl,Naloxone,Methadone,b
"What is the mechanism of action of H2 receptor antagonists (e.g., ranitidine)?",Neutralizing stomach acid directly,"Blocking histamine H2 receptors on parietal cells, reducing acid secretion",Inhibiting the proton pump in parietal cells,Coating the stomach lining to protect it from acid,b
"Which of the following drugs is a laxative that works by drawing water into the intestine, softening the stool?",Loperamide,Bisacodyl,Psyllium,Polyethylene glycol (PEG),c
What is the primary therapeutic use of antidiarrheal drugs like loperamide?,To increase gastrointestinal motility,To reduce fluid and electrolyte loss by decreasing intestinal motility and increasing water absorption,To stimulate bowel movements,To neutralize stomach acid,a
Which class of drugs is used to treat viral infections by inhibiting viral replication?,Antibiotics,Antifungals,"Antivirals (e.g., acyclovir)",Antiprotozoals,b
What is the mechanism of action of sulfonamides?,Inhibiting bacterial cell wall synthesis,Inhibiting bacterial protein synthesis by binding to ribosomes,Interfering with bacterial folic acid synthesis,Damaging bacterial DNA,c
Which of the following antibiotics is a macrolide?,Amoxicillin,Ciprofloxacin,Azithromycin,Doxycycline,a
"What is the primary mechanism of action of fluoroquinolones (e.g., ciprofloxacin)?","Inhibiting bacterial DNA gyrase and topoisomerase IV, preventing DNA replication","Binding to the 30S ribosomal subunit, inhibiting protein synthesis",Disrupting bacterial cell membrane integrity,Inhibiting bacterial RNA polymerase,b
Which of the following drugs is an aminoglycoside antibiotic known for potential nephrotoxicity and ototoxicity?,Penicillin G,Gentamicin,Clindamycin,Vancomycin,c
"What is the mechanism of action of tetracyclines (e.g., doxycycline)?",Inhibiting bacterial cell wall synthesis,"Binding to the 30S ribosomal subunit, inhibiting bacterial protein synthesis",Interfering with bacterial DNA replication,Disrupting bacterial cell membrane function,a
Which of the following drugs is commonly used to treat tuberculosis and is known for causing orange discoloration of body fluids?,Isoniazid,Rifampin,Ethambutol,Pyrazinamide,b
What is the primary therapeutic use of antiprotozoal drugs like metronidazole?,Treatment of fungal infections,"Treatment of infections caused by protozoa (e.g., Giardia, Trichomonas) and anaerobic bacteria",Treatment of viral infections,Treatment of helminthic infections,c
Which class of drugs is used to treat parasitic worm infections (helminths)?,Antivirals,"Anthelmintics (e.g., albendazole)",Antifungals,Antibiotics,a
"What is the mechanism of action of corticosteroids (e.g., prednisone)?",Stimulating the immune system,Suppressing inflammation and immune responses by inhibiting various inflammatory mediators,Blocking histamine receptors,Inhibiting prostaglandin synthesis specifically,b
Which of the following is a potential long-term side effect of systemic corticosteroid use?,Hypoglycemia,Osteoporosis and increased risk of infections,Weight loss,Hypotension,c
What is the primary therapeutic use of immunosuppressants like cyclosporine?,Treatment of acute infections,Prevention of organ transplant rejection and treatment of autoimmune diseases,Stimulation of the immune system to fight cancer,Treatment of allergic reactions,a
Which of the following drugs is a monoclonal antibody used in the treatment of certain cancers and autoimmune diseases?,Methotrexate,Rituximab,Cyclophosphamide,Vincristine,b
"What is the mechanism of action of alkylating agents (e.g., cyclophosphamide) used in cancer chemotherapy?",Inhibiting DNA synthesis by acting as an antimetabolite,"Damaging DNA by adding alkyl groups, preventing cell division",Interfering with microtubule formation during mitosis,Blocking hormone receptors on cancer cells,c
Which of the following chemotherapy drugs is an antimetabolite that interferes with folic acid metabolism?,Doxorubicin,Paclitaxel,Methotrexate,Cisplatin,a
"What is the primary mechanism of action of vinca alkaloids (e.g., vincristine) used in cancer chemotherapy?",Inhibiting topoisomerase enzymes,"Binding to tubulin and disrupting microtubule formation, arresting cells in mitosis",Intercalating into DNA and inhibiting DNA and RNA synthesis,Damaging DNA through platinum complex formation,b
Which of the following is a common dose-limiting toxicity of many chemotherapy drugs?,Alopecia (hair loss),Myelosuppression (bone marrow suppression),Nausea and vomiting,Fatigue,c
What is the primary therapeutic use of antiestrogens like tamoxifen in cancer treatment?,Treatment of prostate cancer,Treatment of hormone receptor-positive breast cancer,Treatment of leukemia,Treatment of lung cancer,a
Which of the following drugs is an aromatase inhibitor used in the treatment of breast cancer in postmenopausal women?,Leuprolide,Anastrozole,Flutamide,Goserelin,b
"What is the mechanism of action of GnRH agonists (e.g., leuprolide) in the treatment of prostate cancer?",Directly blocking androgen receptors,"Initially stimulating and then downregulating GnRH receptors, leading to decreased testosterone production",Inhibiting the enzyme 5-alpha-reductase,Increasing estrogen levels to suppress androgen production,c
Which of the following drugs is an androgen receptor antagonist used in the treatment of prostate cancer?,Tamoxifen,Bicalutamide,Megestrol acetate,Medroxyprogesterone,b
What is the primary therapeutic use of insulin in the management of diabetes mellitus?,To increase glucose production by the liver,"To facilitate the uptake of glucose from the blood into cells, lowering blood glucose levels",To stimulate the pancreas to release more glucagon,To inhibit the absorption of carbohydrates from the intestine,a
Which type of insulin has the most rapid onset of action?,Regular insulin (short-acting),NPH insulin (intermediate-acting),Insulin glargine (long-acting),Insulin lispro (rapid-acting),b
"What is the mechanism of action of sulfonylureas (e.g., glipizide) in the treatment of type 2 diabetes?",Increasing insulin sensitivity in peripheral tissues,Stimulating insulin secretion from pancreatic beta cells,Decreasing glucose absorption from the intestine,Inhibiting glucose production by the liver,c
Which of the following oral antidiabetic drugs belongs to the biguanide class?,Glyburide,Metformin,Pioglitazone,Acarbose,a
What is the mechanism of action of thiazolidinediones (TZDs) like pioglitazone?,Increasing insulin secretion from the pancreas,Decreasing hepatic glucose production,Improving insulin sensitivity in muscle and adipose tissue by activating PPAR-gamma,Inhibiting alpha-glucosidase enzymes in the intestine,b
"Which class of drugs used for type 2 diabetes works by inhibiting the enzyme dipeptidyl peptidase-4 (DPP-4), thereby increasing incretin levels?",Sulfonylureas,"DPP-4 inhibitors (e.g., sitagliptin)",SGLT2 inhibitors,Meglitinides,c
"What is the mechanism of action of SGLT2 inhibitors (e.g., canagliflozin) in the treatment of type 2 diabetes?",Stimulating insulin release,Increasing glucose excretion in the urine by inhibiting sodium-glucose cotransporter 2 in the kidneys,Improving insulin sensitivity,Decreasing glucagon secretion,a
Which of the following hormones is produced by the thyroid gland and is essential for regulating metabolism?,Insulin,Cortisol,Thyroxine (T4),Growth hormone,b
What is the primary treatment for hypothyroidism?,Thyroidectomy,Radioactive iodine therapy,Levothyroxine (synthetic T4) replacement therapy,Antithyroid drugs like methimazole,c
Which of the following drugs is an antithyroid medication used to treat hyperthyroidism by inhibiting thyroid hormone synthesis?,Propranolol,Methimazole,Prednisone,Amiodarone,a
What is the primary function of parathyroid hormone (PTH)?,To lower blood calcium levels,To increase blood calcium levels by stimulating bone resorption and calcium reabsorption in the kidneys,To regulate blood glucose levels,To stimulate thyroid hormone production,b
Which of the following drugs is a bisphosphonate used to treat osteoporosis by inhibiting osteoclast activity?,Calcitonin,Teriparatide,Alendronate,Raloxifene,c
What is the primary therapeutic use of growth hormone (somatropin)?,Treatment of acromegaly,Treatment of growth hormone deficiency in children and adults,Suppression of lactation,Treatment of diabetes insipidus,b
Which of the following hormones is released from the posterior pituitary and regulates water reabsorption in the kidneys?,Oxytocin,Antidiuretic hormone (ADH) / Vasopressin,Prolactin,Adrenocorticotropic hormone (ACTH),a
What is the primary treatment for diabetes insipidus caused by ADH deficiency?,Fluid restriction,Desmopressin (synthetic ADH) replacement therapy,Diuretics,Glucocorticoids,b
Which of the following is a mineralocorticoid produced by the adrenal cortex that regulates sodium and potassium balance?,Cortisol,Aldosterone,Epinephrine,Dehydroepiandrosterone (DHEA),c
What is the primary therapeutic use of fludrocortisone?,Treatment of Cushing's syndrome,Replacement therapy for adrenal insufficiency (Addison's disease),Suppression of inflammation,Treatment of hyperaldosteronism,b
Which of the following drugs is a potassium-sparing diuretic that antagonizes aldosterone receptors?,Hydrochlorothiazide,Spironolactone,Furosemide,Mannitol,a
What is the primary mechanism of action of osmotic diuretics like mannitol?,Blocking sodium reabsorption in the distal tubule,"Increasing the osmotic pressure of the glomerular filtrate, drawing water into the tubules and promoting diuresis",Inhibiting carbonic anhydrase,Antagonizing aldosterone receptors,b
Which of the following drugs is a carbonic anhydrase inhibitor used as a diuretic and to treat glaucoma?,Acetazolamide,Chlorthalidone,Indapamide,Torsemide,c
"What is the primary therapeutic use of alpha-1 adrenergic blockers (e.g., prazosin)?",Treatment of asthma,Treatment of hypertension and benign prostatic hyperplasia (BPH),Management of cardiac arrhythmias,Treatment of narcolepsy,a
Which of the following drugs is a centrally acting alpha-2 adrenergic agonist used to treat hypertension?,Hydralazine,Clonidine,Minoxidil,Nitroprusside,b
What is the mechanism of action of direct-acting vasodilators like hydralazine?,Blocking calcium channels,"Relaxing arteriolar smooth muscle, leading to vasodilation and reduced peripheral resistance",Inhibiting angiotensin-converting enzyme,Stimulating beta-2 adrenergic receptors,c
"Which of the following drugs is a potent vasodilator used in hypertensive emergencies and heart failure, which releases nitric oxide?",Nitroglycerin,Sodium nitroprusside,Isosorbide dinitrate,Hydralazine,a
"What is the primary mechanism of action of nitrates (e.g., nitroglycerin) in the treatment of angina pectoris?",Increasing myocardial oxygen demand,"Vasodilation, primarily of veins, reducing preload and myocardial oxygen demand; also dilates coronary arteries",Blocking beta-adrenergic receptors,Inhibiting calcium entry into cardiac cells,b
Which class of antiarrhythmic drugs primarily blocks sodium channels?,"Class I (e.g., lidocaine, procainamide)",Class II (beta-blockers),Class III (potassium channel blockers),Class IV (calcium channel blockers),c
Which class of antiarrhythmic drugs primarily blocks beta-adrenergic receptors?,Class I,"Class II (e.g., propranolol, metoprolol)",Class III,Class IV,b
"What is the mechanism of action of Class III antiarrhythmic drugs (e.g., amiodarone)?",Blocking sodium channels,Blocking beta-adrenergic receptors,Prolonging the action potential and refractory period by blocking potassium channels,Blocking calcium channels,c
Which class of antiarrhythmic drugs primarily blocks calcium channels?,Class I,Class II,Class III,"Class IV (e.g., verapamil, diltiazem)",d
What is the primary therapeutic use of digoxin in cardiac conditions?,To increase heart rate,To increase the force of myocardial contraction (positive inotropic effect) and slow heart rate,To reduce blood pressure,To dilate coronary arteries,b
Which of the following is a common sign of digoxin toxicity?,Tachycardia,Yellow-green halos around lights (visual disturbances),Hypertension,Diarrhea,b
What is the primary mechanism of action of HMG-CoA reductase inhibitors (statins)?,Increasing cholesterol absorption from the intestine,"Inhibiting the enzyme HMG-CoA reductase, which is involved in cholesterol synthesis in the liver",Increasing the excretion of bile acids,Stimulating lipoprotein lipase activity,b
Which of the following drugs is a fibric acid derivative used to lower triglyceride levels?,Atorvastatin,Gemfibrozil,Ezetimibe,Niacin,b
"What is the mechanism of action of bile acid sequestrants (e.g., cholestyramine)?",Inhibiting cholesterol synthesis,"Binding to bile acids in the intestine, preventing their reabsorption and increasing their excretion",Inhibiting cholesterol absorption from the intestine,Activating lipoprotein lipase,b
Which of the following drugs inhibits cholesterol absorption from the small intestine?,Simvastatin,Ezetimibe,Colesevelam,Fenofibrate,b
What is the primary therapeutic use of aspirin at low doses?,Pain relief,Anti-inflammatory,Antiplatelet (prevention of blood clots),Antipyretic (fever reduction),c
Which of the following drugs is a P2Y12 platelet inhibitor?,Aspirin,Clopidogrel,Warfarin,Heparin,b
What is the mechanism of action of unfractionated heparin?,Inhibiting vitamin K-dependent clotting factors,"Potentiating the action of antithrombin III, which inactivates thrombin and factor Xa",Directly inhibiting thrombin,Inhibiting platelet aggregation,b
Which of the following is a low molecular weight heparin (LMWH)?,Heparin,Enoxaparin,Warfarin,Dabigatran,b
What is the primary mechanism of action of warfarin?,Directly inhibiting thrombin,"Inhibiting vitamin K epoxide reductase, thereby impairing the synthesis of vitamin K-dependent clotting factors",Potentiating antithrombin III,Inhibiting platelet aggregation,b
Which of the following is the antidote for warfarin overdose?,Protamine sulfate,Vitamin K,Dabigatran,Rivaroxaban,b
"What is the primary mechanism of action of direct thrombin inhibitors (e.g., dabigatran)?",Inhibiting vitamin K-dependent clotting factors,Directly inhibiting thrombin,Inhibiting factor Xa,Potentiating antithrombin III,b
Which of the following drugs is a direct factor Xa inhibitor?,Warfarin,Heparin,Rivaroxaban,Dabigatran,c
"What is the primary therapeutic use of thrombolytic drugs (e.g., alteplase)?",To prevent blood clots,To dissolve existing blood clots in conditions like acute myocardial infarction or ischemic stroke,To increase platelet count,To reduce bleeding,b
Which of the following drugs is an erythropoiesis-stimulating agent (ESA) used to treat anemia?,Iron supplements,Folic acid,Epoetin alfa,Vitamin B12,c
"What is the primary therapeutic use of colony-stimulating factors (e.g., filgrastim)?",To stimulate red blood cell production,To stimulate the production of white blood cells (neutrophils) in patients with neutropenia,To increase platelet count,To treat anemia,b
"What is the primary mechanism of action of antihistamines (e.g., diphenhydramine)?",Stimulating histamine release,"Blocking histamine H1 receptors, reducing allergic symptoms",Inhibiting leukotriene synthesis,Suppressing the immune system,b
Which of the following is a non-sedating antihistamine?,Diphenhydramine,Loratadine,Promethazine,Hydroxyzine,b
"What is the primary therapeutic use of decongestants (e.g., pseudoephedrine)?",To suppress cough,To relieve nasal congestion by vasoconstriction,To reduce inflammation in the airways,To thin mucus,b
Which of the following drugs is a cough suppressant (antitussive)?,Guaifenesin,Dextromethorphan,Acetylcysteine,Pseudoephedrine,b
"What is the primary mechanism of action of expectorants (e.g., guaifenesin)?",Suppressing the cough reflex,"Thinning respiratory secretions, making them easier to cough up",Constricting bronchioles,Reducing inflammation in the airways,b
Which of the following drugs is a mucolytic agent that breaks down mucus?,Dextromethorphan,Acetylcysteine,Guaifenesin,Salbutamol,b
What is the primary therapeutic use of bronchodilators like salbutamol (albuterol)?,To reduce inflammation in the airways,"To relax bronchial smooth muscle, widening the airways",To suppress cough,To thin mucus,b
Which of the following drugs is a long-acting beta-2 agonist (LABA) used for maintenance therapy in asthma and COPD?,Salbutamol,Formoterol,Ipratropium,Montelukast,b
"What is the mechanism of action of inhaled corticosteroids (e.g., fluticasone) in asthma?",Directly relaxing bronchial smooth muscle,Reducing inflammation in the airways,Blocking leukotriene receptors,Inhibiting mast cell degranulation,b
Which of the following drugs is a leukotriene receptor antagonist used for asthma prophylaxis?,Salmeterol,Montelukast,Prednisone,Cromolyn,b
What is the primary therapeutic use of insulin in the management of diabetes mellitus?,To increase glucose production by the liver,"To facilitate the uptake of glucose from the blood into cells, lowering blood glucose levels",To stimulate the pancreas to release more glucagon,To inhibit the absorption of carbohydrates from the intestine,b
Which type of insulin has the most rapid onset of action?,Regular insulin (short-acting),NPH insulin (intermediate-acting),Insulin glargine (long-acting),Insulin lispro (rapid-acting),d
"What is the mechanism of action of sulfonylureas (e.g., glipizide) in the treatment of type 2 diabetes?",Increasing insulin sensitivity in peripheral tissues,Stimulating insulin secretion from pancreatic beta cells,Decreasing glucose absorption from the intestine,Inhibiting glucose production by the liver,b
Which of the following oral antidiabetic drugs belongs to the biguanide class?,Glyburide,Metformin,Pioglitazone,Acarbose,b
What is the mechanism of action of thiazolidinediones (TZDs) like pioglitazone?,Increasing insulin secretion from the pancreas,Decreasing hepatic glucose production,Improving insulin sensitivity in muscle and adipose tissue by activating PPAR-gamma,Inhibiting alpha-glucosidase enzymes in the intestine,c
"Which class of drugs used for type 2 diabetes works by inhibiting the enzyme dipeptidyl peptidase-4 (DPP-4), thereby increasing incretin levels?",Sulfonylureas,"DPP-4 inhibitors (e.g., sitagliptin)",SGLT2 inhibitors,Meglitinides,b
"What is the mechanism of action of SGLT2 inhibitors (e.g., canagliflozin) in the treatment of type 2 diabetes?",Stimulating insulin release,Increasing glucose excretion in the urine by inhibiting sodium-glucose cotransporter 2 in the kidneys,Improving insulin sensitivity,Decreasing glucagon secretion,b
Which of the following hormones is produced by the thyroid gland and is essential for regulating metabolism?,Insulin,Cortisol,Thyroxine (T4),Growth hormone,c
What is the primary treatment for hypothyroidism?,Thyroidectomy,Radioactive iodine therapy,Levothyroxine (synthetic T4) replacement therapy,Antithyroid drugs like methimazole,c
Which of the following drugs is an antithyroid medication used to treat hyperthyroidism by inhibiting thyroid hormone synthesis?,Propranolol,Methimazole,Prednisone,Amiodarone,b
What is the primary function of parathyroid hormone (PTH)?,To lower blood calcium levels,To increase blood calcium levels by stimulating bone resorption and calcium reabsorption in the kidneys,To regulate blood glucose levels,To stimulate thyroid hormone production,b
Which of the following drugs is a bisphosphonate used to treat osteoporosis by inhibiting osteoclast activity?,Calcitonin,Teriparatide,Alendronate,Raloxifene,c
What is the primary therapeutic use of growth hormone (somatropin)?,Treatment of acromegaly,Treatment of growth hormone deficiency in children and adults,Suppression of lactation,Treatment of diabetes insipidus,b
Which of the following hormones is released from the posterior pituitary and regulates water reabsorption in the kidneys?,Oxytocin,Antidiuretic hormone (ADH) / Vasopressin,Prolactin,Adrenocorticotropic hormone (ACTH),b
What is the primary treatment for diabetes insipidus caused by ADH deficiency?,Fluid restriction,Desmopressin (synthetic ADH) replacement therapy,Diuretics,Glucocorticoids,b
Which of the following is a mineralocorticoid produced by the adrenal cortex that regulates sodium and potassium balance?,Cortisol,Aldosterone,Epinephrine,Dehydroepiandrosterone (DHEA),b
What is the primary therapeutic use of fludrocortisone?,Treatment of Cushing's syndrome,Replacement therapy for adrenal insufficiency (Addison's disease),Suppression of inflammation,Treatment of hyperaldosteronism,b
Which of the following drugs is a potassium-sparing diuretic that antagonizes aldosterone receptors?,Hydrochlorothiazide,Spironolactone,Furosemide,Mannitol,b
What is the primary mechanism of action of osmotic diuretics like mannitol?,Blocking sodium reabsorption in the distal tubule,"Increasing the osmotic pressure of the glomerular filtrate, drawing water into the tubules and promoting diuresis",Inhibiting carbonic anhydrase,Antagonizing aldosterone receptors,b
Which of the following drugs is a carbonic anhydrase inhibitor used as a diuretic and to treat glaucoma?,Acetazolamide,Chlorthalidone,Indapamide,Torsemide,a
"What is the primary therapeutic use of alpha-1 adrenergic blockers (e.g., prazosin)?",Treatment of asthma,Treatment of hypertension and benign prostatic hyperplasia (BPH),Management of cardiac arrhythmias,Treatment of narcolepsy,b
Which of the following drugs is a centrally acting alpha-2 adrenergic agonist used to treat hypertension?,Hydralazine,Clonidine,Minoxidil,Nitroprusside,b
What is the mechanism of action of direct-acting vasodilators like hydralazine?,Blocking calcium channels,"Relaxing arteriolar smooth muscle, leading to vasodilation and reduced peripheral resistance",Inhibiting angiotensin-converting enzyme,Stimulating beta-2 adrenergic receptors,b
"Which of the following drugs is a potent vasodilator used in hypertensive emergencies and heart failure, which releases nitric oxide?",Nitroglycerin,Sodium nitroprusside,Isosorbide dinitrate,Hydralazine,b
"What is the primary mechanism of action of nitrates (e.g., nitroglycerin) in the treatment of angina pectoris?",Increasing myocardial oxygen demand,"Vasodilation, primarily of veins, reducing preload and myocardial oxygen demand; also dilates coronary arteries",Blocking beta-adrenergic receptors,Inhibiting calcium entry into cardiac cells,b
Which class of antiarrhythmic drugs primarily blocks sodium channels?,"Class I (e.g., lidocaine, procainamide)",Class II (beta-blockers),Class III (potassium channel blockers),Class IV (calcium channel blockers),a
Which class of antiarrhythmic drugs primarily blocks beta-adrenergic receptors?,Class I,"Class II (e.g., propranolol, metoprolol)",Class III,Class IV,b
"What is the mechanism of action of Class III antiarrhythmic drugs (e.g., amiodarone)?",Blocking sodium channels,Blocking beta-adrenergic receptors,Prolonging the action potential and refractory period by blocking potassium channels,Blocking calcium channels,c
Which class of antiarrhythmic drugs primarily blocks calcium channels?,Class I,Class II,Class III,"Class IV (e.g., verapamil, diltiazem)",d
What is the primary therapeutic use of digoxin in cardiac conditions?,To increase heart rate,To increase the force of myocardial contraction (positive inotropic effect) and slow heart rate,To reduce blood pressure,To dilate coronary arteries,b
Which of the following is a common sign of digoxin toxicity?,Tachycardia,Yellow-green halos around lights (visual disturbances),Hypertension,Diarrhea,b
What is the primary mechanism of action of HMG-CoA reductase inhibitors (statins)?,Increasing cholesterol absorption from the intestine,"Inhibiting the enzyme HMG-CoA reductase, which is involved in cholesterol synthesis in the liver",Increasing the excretion of bile acids,Stimulating lipoprotein lipase activity,b
Which of the following drugs is a fibric acid derivative used to lower triglyceride levels?,Atorvastatin,Gemfibrozil,Ezetimibe,Niacin,b
"What is the mechanism of action of bile acid sequestrants (e.g., cholestyramine)?",Inhibiting cholesterol synthesis,"Binding to bile acids in the intestine, preventing their reabsorption and increasing their excretion",Inhibiting cholesterol absorption from the intestine,Activating lipoprotein lipase,b
Which of the following drugs inhibits cholesterol absorption from the small intestine?,Simvastatin,Ezetimibe,Colesevelam,Fenofibrate,b
What is the primary therapeutic use of aspirin at low doses?,Pain relief,Anti-inflammatory,Antiplatelet (prevention of blood clots),Antipyretic (fever reduction),c
Which of the following drugs is a P2Y12 platelet inhibitor?,Aspirin,Clopidogrel,Warfarin,Heparin,b
What is the mechanism of action of unfractionated heparin?,Inhibiting vitamin K-dependent clotting factors,"Potentiating the action of antithrombin III, which inactivates thrombin and factor Xa",Directly inhibiting thrombin,Inhibiting platelet aggregation,b
Which of the following is a low molecular weight heparin (LMWH)?,Heparin,Enoxaparin,Warfarin,Dabigatran,b
What is the primary mechanism of action of warfarin?,Directly inhibiting thrombin,"Inhibiting vitamin K epoxide reductase, thereby impairing the synthesis of vitamin K-dependent clotting factors",Potentiating antithrombin III,Inhibiting platelet aggregation,b
Which of the following is the antidote for warfarin overdose?,Protamine sulfate,Vitamin K,Dabigatran,Rivaroxaban,b
"What is the primary mechanism of action of direct thrombin inhibitors (e.g., dabigatran)?",Inhibiting vitamin K-dependent clotting factors,Directly inhibiting thrombin,Inhibiting factor Xa,Potentiating antithrombin III,b
Which of the following drugs is a direct factor Xa inhibitor?,Warfarin,Heparin,Rivaroxaban,Dabigatran,c
"What is the primary therapeutic use of thrombolytic drugs (e.g., alteplase)?",To prevent blood clots,To dissolve existing blood clots in conditions like acute myocardial infarction or ischemic stroke,To increase platelet count,To reduce bleeding,b
Which of the following drugs is an erythropoiesis-stimulating agent (ESA) used to treat anemia?,Iron supplements,Folic acid,Epoetin alfa,Vitamin B12,c
"What is the primary therapeutic use of colony-stimulating factors (e.g., filgrastim)?",To stimulate red blood cell production,To stimulate the production of white blood cells (neutrophils) in patients with neutropenia,To increase platelet count,To treat anemia,b
"What is the primary mechanism of action of antihistamines (e.g., diphenhydramine)?",Stimulating histamine release,"Blocking histamine H1 receptors, reducing allergic symptoms",Inhibiting leukotriene synthesis,Suppressing the immune system,b
Which of the following is a non-sedating antihistamine?,Diphenhydramine,Loratadine,Promethazine,Hydroxyzine,b
"What is the primary therapeutic use of decongestants (e.g., pseudoephedrine)?",To suppress cough,To relieve nasal congestion by vasoconstriction,To reduce inflammation in the airways,To thin mucus,b
Which of the following drugs is a cough suppressant (antitussive)?,Guaifenesin,Dextromethorphan,Acetylcysteine,Pseudoephedrine,b
"What is the primary mechanism of action of expectorants (e.g., guaifenesin)?",Suppressing the cough reflex,"Thinning respiratory secretions, making them easier to cough up",Constricting bronchioles,Reducing inflammation in the airways,b
Which of the following drugs is a mucolytic agent that breaks down mucus?,Dextromethorphan,Acetylcysteine,Guaifenesin,Salbutamol,b
What is the primary therapeutic use of bronchodilators like salbutamol (albuterol)?,To reduce inflammation in the airways,"To relax bronchial smooth muscle, widening the airways",To suppress cough,To thin mucus,b
Which of the following drugs is a long-acting beta-2 agonist (LABA) used for maintenance therapy in asthma and COPD?,Salbutamol,Formoterol,Ipratropium,Montelukast,b
"What is the mechanism of action of inhaled corticosteroids (e.g., fluticasone) in asthma?",Directly relaxing bronchial smooth muscle,Reducing inflammation in the airways,Blocking leukotriene receptors,Inhibiting mast cell degranulation,b
Which of the following drugs is a leukotriene receptor antagonist used for asthma prophylaxis?,Salmeterol,Montelukast,Prednisone,Cromolyn,b
What is the primary therapeutic use of insulin in the management of diabetes mellitus?,To increase glucose production by the liver,"To facilitate the uptake of glucose from the blood into cells, lowering blood glucose levels",To stimulate the pancreas to release more glucagon,To inhibit the absorption of carbohydrates from the intestine,b
Which type of insulin has the most rapid onset of action?,Regular insulin (short-acting),NPH insulin (intermediate-acting),Insulin glargine (long-acting),Insulin lispro (rapid-acting),d
"What is the mechanism of action of sulfonylureas (e.g., glipizide) in the treatment of type 2 diabetes?",Increasing insulin sensitivity in peripheral tissues,Stimulating insulin secretion from pancreatic beta cells,Decreasing glucose absorption from the intestine,Inhibiting glucose production by the liver,b
Which of the following oral antidiabetic drugs belongs to the biguanide class?,Glyburide,Metformin,Pioglitazone,Acarbose,b
What is the mechanism of action of thiazolidinediones (TZDs) like pioglitazone?,Increasing insulin secretion from the pancreas,Decreasing hepatic glucose production,Improving insulin sensitivity in muscle and adipose tissue by activating PPAR-gamma,Inhibiting alpha-glucosidase enzymes in the intestine,c
"Which class of drugs used for type 2 diabetes works by inhibiting the enzyme dipeptidyl peptidase-4 (DPP-4), thereby increasing incretin levels?",Sulfonylureas,"DPP-4 inhibitors (e.g., sitagliptin)",SGLT2 inhibitors,Meglitinides,b
"What is the mechanism of action of SGLT2 inhibitors (e.g., canagliflozin) in the treatment of type 2 diabetes?",Stimulating insulin release,Increasing glucose excretion in the urine by inhibiting sodium-glucose cotransporter 2 in the kidneys,Improving insulin sensitivity,Decreasing glucagon secretion,b
Which of the following hormones is produced by the thyroid gland and is essential for regulating metabolism?,Insulin,Cortisol,Thyroxine (T4),Growth hormone,c
What is the primary treatment for hypothyroidism?,Thyroidectomy,Radioactive iodine therapy,Levothyroxine (synthetic T4) replacement therapy,Antithyroid drugs like methimazole,c
Which of the following drugs is an antithyroid medication used to treat hyperthyroidism by inhibiting thyroid hormone synthesis?,Propranolol,Methimazole,Prednisone,Amiodarone,b
What is the primary function of parathyroid hormone (PTH)?,To lower blood calcium levels,To increase blood calcium levels by stimulating bone resorption and calcium reabsorption in the kidneys,To regulate blood glucose levels,To stimulate thyroid hormone production,b
Which of the following drugs is a bisphosphonate used to treat osteoporosis by inhibiting osteoclast activity?,Calcitonin,Teriparatide,Alendronate,Raloxifene,c
What is the primary therapeutic use of growth hormone (somatropin)?,Treatment of acromegaly,Treatment of growth hormone deficiency in children and adults,Suppression of lactation,Treatment of diabetes insipidus,b
Which of the following hormones is released from the posterior pituitary and regulates water reabsorption in the kidneys?,Oxytocin,Antidiuretic hormone (ADH) / Vasopressin,Prolactin,Adrenocorticotropic hormone (ACTH),b
What is the primary treatment for diabetes insipidus caused by ADH deficiency?,Fluid restriction,Desmopressin (synthetic ADH) replacement therapy,Diuretics,Glucocorticoids,b
Which of the following is a mineralocorticoid produced by the adrenal cortex that regulates sodium and potassium balance?,Cortisol,Aldosterone,Epinephrine,Dehydroepiandrosterone (DHEA),b
What is the primary therapeutic use of fludrocortisone?,Treatment of Cushing's syndrome,Replacement therapy for adrenal insufficiency (Addison's disease),Suppression of inflammation,Treatment of hyperaldosteronism,b
Which of the following drugs is a potassium-sparing diuretic that antagonizes aldosterone receptors?,Hydrochlorothiazide,Spironolactone,Furosemide,Mannitol,b
What is the primary mechanism of action of osmotic diuretics like mannitol?,Blocking sodium reabsorption in the distal tubule,"Increasing the osmotic pressure of the glomerular filtrate, drawing water into the tubules and promoting diuresis",Inhibiting carbonic anhydrase,Antagonizing aldosterone receptors,b
Which of the following drugs is a carbonic anhydrase inhibitor used as a diuretic and to treat glaucoma?,Acetazolamide,Chlorthalidone,Indapamide,Torsemide,a
"What is the primary therapeutic use of alpha-1 adrenergic blockers (e.g., prazosin)?",Treatment of asthma,Treatment of hypertension and benign prostatic hyperplasia (BPH),Management of cardiac arrhythmias,Treatment of narcolepsy,b
Which of the following drugs is a centrally acting alpha-2 adrenergic agonist used to treat hypertension?,Hydralazine,Clonidine,Minoxidil,Nitroprusside,b
What is the mechanism of action of direct-acting vasodilators like hydralazine?,Blocking calcium channels,"Relaxing arteriolar smooth muscle, leading to vasodilation and reduced peripheral resistance",Inhibiting angiotensin-converting enzyme,Stimulating beta-2 adrenergic receptors,b
"Which of the following drugs is a potent vasodilator used in hypertensive emergencies and heart failure, which releases nitric oxide?",Nitroglycerin,Sodium nitroprusside,Isosorbide dinitrate,Hydralazine,b
"What is the primary mechanism of action of nitrates (e.g., nitroglycerin) in the treatment of angina pectoris?",Increasing myocardial oxygen demand,"Vasodilation, primarily of veins, reducing preload and myocardial oxygen demand; also dilates coronary arteries",Blocking beta-adrenergic receptors,Inhibiting calcium entry into cardiac cells,b
Which class of antiarrhythmic drugs primarily blocks sodium channels?,"Class I (e.g., lidocaine, procainamide)",Class II (beta-blockers),Class III (potassium channel blockers),Class IV (calcium channel blockers),a
Which class of antiarrhythmic drugs primarily blocks beta-adrenergic receptors?,Class I,"Class II (e.g., propranolol, metoprolol)",Class III,Class IV,b
"What is the mechanism of action of Class III antiarrhythmic drugs (e.g., amiodarone)?",Blocking sodium channels,Blocking beta-adrenergic receptors,Prolonging the action potential and refractory period by blocking potassium channels,Blocking calcium channels,c
Which class of antiarrhythmic drugs primarily blocks calcium channels?,Class I,Class II,Class III,"Class IV (e.g., verapamil, diltiazem)",d
What is the primary therapeutic use of digoxin in cardiac conditions?,To increase heart rate,To increase the force of myocardial contraction (positive inotropic effect) and slow heart rate,To reduce blood pressure,To dilate coronary arteries,b
Which of the following is a common sign of digoxin toxicity?,Tachycardia,Yellow-green halos around lights (visual disturbances),Hypertension,Diarrhea,b
What is the primary mechanism of action of HMG-CoA reductase inhibitors (statins)?,Increasing cholesterol absorption from the intestine,"Inhibiting the enzyme HMG-CoA reductase, which is involved in cholesterol synthesis in the liver",Increasing the excretion of bile acids,Stimulating lipoprotein lipase activity,b
Which of the following drugs is a fibric acid derivative used to lower triglyceride levels?,Atorvastatin,Gemfibrozil,Ezetimibe,Niacin,b
"What is the mechanism of action of bile acid sequestrants (e.g., cholestyramine)?",Inhibiting cholesterol synthesis,"Binding to bile acids in the intestine, preventing their reabsorption and increasing their excretion",Inhibiting cholesterol absorption from the intestine,Activating lipoprotein lipase,b
Which of the following drugs inhibits cholesterol absorption from the small intestine?,Simvastatin,Ezetimibe,Colesevelam,Fenofibrate,b
What is the primary therapeutic use of aspirin at low doses?,Pain relief,Anti-inflammatory,Antiplatelet (prevention of blood clots),Antipyretic (fever reduction),c
Which of the following drugs is a P2Y12 platelet inhibitor?,Aspirin,Clopidogrel,Warfarin,Heparin,b
What is the mechanism of action of unfractionated heparin?,Inhibiting vitamin K-dependent clotting factors,"Potentiating the action of antithrombin III, which inactivates thrombin and factor Xa",Directly inhibiting thrombin,Inhibiting platelet aggregation,b
Which of the following is a low molecular weight heparin (LMWH)?,Heparin,Enoxaparin,Warfarin,Dabigatran,b
What is the primary mechanism of action of warfarin?,Directly inhibiting thrombin,"Inhibiting vitamin K epoxide reductase, thereby impairing the synthesis of vitamin K-dependent clotting factors",Potentiating antithrombin III,Inhibiting platelet aggregation,b
Which of the following is the antidote for warfarin overdose?,Protamine sulfate,Vitamin K,Dabigatran,Rivaroxaban,b
"What is the primary mechanism of action of direct thrombin inhibitors (e.g., dabigatran)?",Inhibiting vitamin K-dependent clotting factors,Directly inhibiting thrombin,Inhibiting factor Xa,Potentiating antithrombin III,b
Which of the following drugs is a direct factor Xa inhibitor?,Warfarin,Heparin,Rivaroxaban,Dabigatran,c
"What is the primary therapeutic use of thrombolytic drugs (e.g., alteplase)?",To prevent blood clots,To dissolve existing blood clots in conditions like acute myocardial infarction or ischemic stroke,To increase platelet count,To reduce bleeding,b
Which of the following drugs is an erythropoiesis-stimulating agent (ESA) used to treat anemia?,Iron supplements,Folic acid,Epoetin alfa,Vitamin B12,c
"What is the primary therapeutic use of colony-stimulating factors (e.g., filgrastim)?",To stimulate red blood cell production,To stimulate the production of white blood cells (neutrophils) in patients with neutropenia,To increase platelet count,To treat anemia,b
"What is the primary mechanism of action of antihistamines (e.g., diphenhydramine)?",Stimulating histamine release,"Blocking histamine H1 receptors, reducing allergic symptoms",Inhibiting leukotriene synthesis,Suppressing the immune system,b
Which of the following is a non-sedating antihistamine?,Diphenhydramine,Loratadine,Promethazine,Hydroxyzine,b
"What is the primary therapeutic use of decongestants (e.g., pseudoephedrine)?",To suppress cough,To relieve nasal congestion by vasoconstriction,To reduce inflammation in the airways,To thin mucus,b
Which of the following drugs is a cough suppressant (antitussive)?,Guaifenesin,Dextromethorphan,Acetylcysteine,Pseudoephedrine,b
"What is the primary mechanism of action of expectorants (e.g., guaifenesin)?",Suppressing the cough reflex,"Thinning respiratory secretions, making them easier to cough up",Constricting bronchioles,Reducing inflammation in the airways,b
Which of the following drugs is a mucolytic agent that breaks down mucus?,Dextromethorphan,Acetylcysteine,Guaifenesin,Salbutamol,b
What is the primary therapeutic use of bronchodilators like salbutamol (albuterol)?,To reduce inflammation in the airways,"To relax bronchial smooth muscle, widening the airways",To suppress cough,To thin mucus,b
Which of the following drugs is a long-acting beta-2 agonist (LABA) used for maintenance therapy in asthma and COPD?,Salbutamol,Formoterol,Ipratropium,Montelukast,b
"What is the mechanism of action of inhaled corticosteroids (e.g., fluticasone) in asthma?",Directly relaxing bronchial smooth muscle,Reducing inflammation in the airways,Blocking leukotriene receptors,Inhibiting mast cell degranulation,b
Which of the following drugs is a leukotriene receptor antagonist used for asthma prophylaxis?,Salmeterol,Montelukast,Prednisone,Cromolyn,b
What is the primary therapeutic use of insulin in the management of diabetes mellitus?,To increase glucose production by the liver,"To facilitate the uptake of glucose from the blood into cells, lowering blood glucose levels",To stimulate the pancreas to release more glucagon,To inhibit the absorption of carbohydrates from the intestine,b
Which type of insulin has the most rapid onset of action?,Regular insulin (short-acting),NPH insulin (intermediate-acting),Insulin glargine (long-acting),Insulin lispro (rapid-acting),d
"What is the mechanism of action of sulfonylureas (e.g., glipizide) in the treatment of type 2 diabetes?",Increasing insulin sensitivity in peripheral tissues,Stimulating insulin secretion from pancreatic beta cells,Decreasing glucose absorption from the intestine,Inhibiting glucose production by the liver,b
Which of the following oral antidiabetic drugs belongs to the biguanide class?,Glyburide,Metformin,Pioglitazone,Acarbose,b
What is the mechanism of action of thiazolidinediones (TZDs) like pioglitazone?,Increasing insulin secretion from the pancreas,Decreasing hepatic glucose production,Improving insulin sensitivity in muscle and adipose tissue by activating PPAR-gamma,Inhibiting alpha-glucosidase enzymes in the intestine,c
"Which class of drugs used for type 2 diabetes works by inhibiting the enzyme dipeptidyl peptidase-4 (DPP-4), thereby increasing incretin levels?",Sulfonylureas,"DPP-4 inhibitors (e.g., sitagliptin)",SGLT2 inhibitors,Meglitinides,b
"What is the mechanism of action of SGLT2 inhibitors (e.g., canagliflozin) in the treatment of type 2 diabetes?",Stimulating insulin release,Increasing glucose excretion in the urine by inhibiting sodium-glucose cotransporter 2 in the kidneys,Improving insulin sensitivity,Decreasing glucagon secretion,b
Which of the following hormones is produced by the thyroid gland and is essential for regulating metabolism?,Insulin,Cortisol,Thyroxine (T4),Growth hormone,c
What is the primary treatment for hypothyroidism?,Thyroidectomy,Radioactive iodine therapy,Levothyroxine (synthetic T4) replacement therapy,Antithyroid drugs like methimazole,c
Which of the following drugs is an antithyroid medication used to treat hyperthyroidism by inhibiting thyroid hormone synthesis?,Propranolol,Methimazole,Prednisone,Amiodarone,b
What is the primary function of parathyroid hormone (PTH)?,To lower blood calcium levels,To increase blood calcium levels by stimulating bone resorption and calcium reabsorption in the kidneys,To regulate blood glucose levels,To stimulate thyroid hormone production,b
Which of the following drugs is a bisphosphonate used to treat osteoporosis by inhibiting osteoclast activity?,Calcitonin,Teriparatide,Alendronate,Raloxifene,c
What is the primary therapeutic use of growth hormone (somatropin)?,Treatment of acromegaly,Treatment of growth hormone deficiency in children and adults,Suppression of lactation,Treatment of diabetes insipidus,b
Which of the following hormones is released from the posterior pituitary and regulates water reabsorption in the kidneys?,Oxytocin,Antidiuretic hormone (ADH) / Vasopressin,Prolactin,Adrenocorticotropic hormone (ACTH),b
What is the primary treatment for diabetes insipidus caused by ADH deficiency?,Fluid restriction,Desmopressin (synthetic ADH) replacement therapy,Diuretics,Glucocorticoids,b
Which of the following is a mineralocorticoid produced by the adrenal cortex that regulates sodium and potassium balance?,Cortisol,Aldosterone,Epinephrine,Dehydroepiandrosterone (DHEA),b
What is the primary therapeutic use of fludrocortisone?,Treatment of Cushing's syndrome,Replacement therapy for adrenal insufficiency (Addison's disease),Suppression of inflammation,Treatment of hyperaldosteronism,b
Which of the following drugs is a potassium-sparing diuretic that antagonizes aldosterone receptors?,Hydrochlorothiazide,Spironolactone,Furosemide,Mannitol,b
What is the primary mechanism of action of osmotic diuretics like mannitol?,Blocking sodium reabsorption in the distal tubule,"Increasing the osmotic pressure of the glomerular filtrate, drawing water into the tubules and promoting diuresis",Inhibiting carbonic anhydrase,Antagonizing aldosterone receptors,b
Which of the following drugs is a carbonic anhydrase inhibitor used as a diuretic and to treat glaucoma?,Acetazolamide,Chlorthalidone,Indapamide,Torsemide,a
"What is the primary therapeutic use of alpha-1 adrenergic blockers (e.g., prazosin)?",Treatment of asthma,Treatment of hypertension and benign prostatic hyperplasia (BPH),Management of cardiac arrhythmias,Treatment of narcolepsy,b
Which of the following drugs is a centrally acting alpha-2 adrenergic agonist used to treat hypertension?,Hydralazine,Clonidine,Minoxidil,Nitroprusside,b
What is the mechanism of action of direct-acting vasodilators like hydralazine?,Blocking calcium channels,"Relaxing arteriolar smooth muscle, leading to vasodilation and reduced peripheral resistance",Inhibiting angiotensin-converting enzyme,Stimulating beta-2 adrenergic receptors,b
"Which of the following drugs is a potent vasodilator used in hypertensive emergencies and heart failure, which releases nitric oxide?",Nitroglycerin,Sodium nitroprusside,Isosorbide dinitrate,Hydralazine,b
"What is the primary mechanism of action of nitrates (e.g., nitroglycerin) in the treatment of angina pectoris?",Increasing myocardial oxygen demand,"Vasodilation, primarily of veins, reducing preload and myocardial oxygen demand; also dilates coronary arteries",Blocking beta-adrenergic receptors,Inhibiting calcium entry into cardiac cells,b
Which class of antiarrhythmic drugs primarily blocks sodium channels?,"Class I (e.g., lidocaine, procainamide)",Class II (beta-blockers),Class III (potassium channel blockers),Class IV (calcium channel blockers),a
Which class of antiarrhythmic drugs primarily blocks beta-adrenergic receptors?,Class I,"Class II (e.g., propranolol, metoprolol)",Class III,Class IV,b
"What is the mechanism of action of Class III antiarrhythmic drugs (e.g., amiodarone)?",Blocking sodium channels,Blocking beta-adrenergic receptors,Prolonging the action potential and refractory period by blocking potassium channels,Blocking calcium channels,c
Which class of antiarrhythmic drugs primarily blocks calcium channels?,Class I,Class II,Class III,"Class IV (e.g., verapamil, diltiazem)",d
What is the primary therapeutic use of digoxin in cardiac conditions?,To increase heart rate,To increase the force of myocardial contraction (positive inotropic effect) and slow heart rate,To reduce blood pressure,To dilate coronary arteries,b
Which of the following is a common sign of digoxin toxicity?,Tachycardia,Yellow-green halos around lights (visual disturbances),Hypertension,Diarrhea,b
What is the primary mechanism of action of HMG-CoA reductase inhibitors (statins)?,Increasing cholesterol absorption from the intestine,"Inhibiting the enzyme HMG-CoA reductase, which is involved in cholesterol synthesis in the liver",Increasing the excretion of bile acids,Stimulating lipoprotein lipase activity,b
Which of the following drugs is a fibric acid derivative used to lower triglyceride levels?,Atorvastatin,Gemfibrozil,Ezetimibe,Niacin,b
"What is the mechanism of action of bile acid sequestrants (e.g., cholestyramine)?",Inhibiting cholesterol synthesis,"Binding to bile acids in the intestine, preventing their reabsorption and increasing their excretion",Inhibiting cholesterol absorption from the intestine,Activating lipoprotein lipase,b
Which of the following drugs inhibits cholesterol absorption from the small intestine?,Simvastatin,Ezetimibe,Colesevelam,Fenofibrate,b
What is the primary therapeutic use of aspirin at low doses?,Pain relief,Anti-inflammatory,Antiplatelet (prevention of blood clots),Antipyretic (fever reduction),c
Which of the following drugs is a P2Y12 platelet inhibitor?,Aspirin,Clopidogrel,Warfarin,Heparin,b
What is the mechanism of action of unfractionated heparin?,Inhibiting vitamin K-dependent clotting factors,"Potentiating the action of antithrombin III, which inactivates thrombin and factor Xa",Directly inhibiting thrombin,Inhibiting platelet aggregation,b
Which of the following is a low molecular weight heparin (LMWH)?,Heparin,Enoxaparin,Warfarin,Dabigatran,b
What is the primary mechanism of action of warfarin?,Directly inhibiting thrombin,"Inhibiting vitamin K epoxide reductase, thereby impairing the synthesis of vitamin K-dependent clotting factors",Potentiating antithrombin III,Inhibiting platelet aggregation,b
Which of the following is the antidote for warfarin overdose?,Protamine sulfate,Vitamin K,Dabigatran,Rivaroxaban,b
"What is the primary mechanism of action of direct thrombin inhibitors (e.g., dabigatran)?",Inhibiting vitamin K-dependent clotting factors,Directly inhibiting thrombin,Inhibiting factor Xa,Potentiating antithrombin III,b
Which of the following drugs is a direct factor Xa inhibitor?,Warfarin,Heparin,Rivaroxaban,Dabigatran,c
"What is the primary therapeutic use of thrombolytic drugs (e.g., alteplase)?",To prevent blood clots,To dissolve existing blood clots in conditions like acute myocardial infarction or ischemic stroke,To increase platelet count,To reduce bleeding,b
Which of the following drugs is an erythropoiesis-stimulating agent (ESA) used to treat anemia?,Iron supplements,Folic acid,Epoetin alfa,Vitamin B12,c
"What is the primary therapeutic use of colony-stimulating factors (e.g., filgrastim)?",To stimulate red blood cell production,To stimulate the production of white blood cells (neutrophils) in patients with neutropenia,To increase platelet count,To treat anemia,b
"What is the primary mechanism of action of antihistamines (e.g., diphenhydramine)?",Stimulating histamine release,"Blocking histamine H1 receptors, reducing allergic symptoms",Inhibiting leukotriene synthesis,Suppressing the immune system,b
Which of the following is a non-sedating antihistamine?,Diphenhydramine,Loratadine,Promethazine,Hydroxyzine,b
"What is the primary therapeutic use of decongestants (e.g., pseudoephedrine)?",To suppress cough,To relieve nasal congestion by vasoconstriction,To reduce inflammation in the airways,To thin mucus,b
Which of the following drugs is a cough suppressant (antitussive)?,Guaifenesin,Dextromethorphan,Acetylcysteine,Pseudoephedrine,b
"What is the primary mechanism of action of expectorants (e.g., guaifenesin)?",Suppressing the cough reflex,"Thinning respiratory secretions, making them easier to cough up",Constricting bronchioles,Reducing inflammation in the airways,b
Which of the following drugs is a mucolytic agent that breaks down mucus?,Dextromethorphan,Acetylcysteine,Guaifenesin,Salbutamol,b
What is the primary therapeutic use of bronchodilators like salbutamol (albuterol)?,To reduce inflammation in the airways,"To relax bronchial smooth muscle, widening the airways",To suppress cough,To thin mucus,b
Which of the following drugs is a long-acting beta-2 agonist (LABA) used for maintenance therapy in asthma and COPD?,Salbutamol,Formoterol,Ipratropium,Montelukast,b
"What is the mechanism of action of inhaled corticosteroids (e.g., fluticasone) in asthma?",Directly relaxing bronchial smooth muscle,Reducing inflammation in the airways,Blocking leukotriene receptors,Inhibiting mast cell degranulation,b
Which of the following drugs is a leukotriene receptor antagonist used for asthma prophylaxis?,Salmeterol,Montelukast,Prednisone,Cromolyn,b
What is the primary therapeutic use of insulin in the management of diabetes mellitus?,To increase glucose production by the liver,"To facilitate the uptake of glucose from the blood into cells, lowering blood glucose levels",To stimulate the pancreas to release more glucagon,To inhibit the absorption of carbohydrates from the intestine,b
Which type of insulin has the most rapid onset of action?,Regular insulin (short-acting),NPH insulin (intermediate-acting),Insulin glargine (long-acting),Insulin lispro (rapid-acting),d
"What is the mechanism of action of sulfonylureas (e.g., glipizide) in the treatment of type 2 diabetes?",Increasing insulin sensitivity in peripheral tissues,Stimulating insulin secretion from pancreatic beta cells,Decreasing glucose absorption from the intestine,Inhibiting glucose production by the liver,b
Which of the following oral antidiabetic drugs belongs to the biguanide class?,Glyburide,Metformin,Pioglitazone,Acarbose,b
What is the mechanism of action of thiazolidinediones (TZDs) like pioglitazone?,Increasing insulin secretion from the pancreas,Decreasing hepatic glucose production,Improving insulin sensitivity in muscle and adipose tissue by activating PPAR-gamma,Inhibiting alpha-glucosidase enzymes in the intestine,c
"Which class of drugs used for type 2 diabetes works by inhibiting the enzyme dipeptidyl peptidase-4 (DPP-4), thereby increasing incretin levels?",Sulfonylureas,"DPP-4 inhibitors (e.g., sitagliptin)",SGLT2 inhibitors,Meglitinides,b
"What is the mechanism of action of SGLT2 inhibitors (e.g., canagliflozin) in the treatment of type 2 diabetes?",Stimulating insulin release,Increasing glucose excretion in the urine by inhibiting sodium-glucose cotransporter 2 in the kidneys,Improving insulin sensitivity,Decreasing glucagon secretion,b
Which of the following hormones is produced by the thyroid gland and is essential for regulating metabolism?,Insulin,Cortisol,Thyroxine (T4),Growth hormone,c
What is the primary treatment for hypothyroidism?,Thyroidectomy,Radioactive iodine therapy,Levothyroxine (synthetic T4) replacement therapy,Antithyroid drugs like methimazole,c
Which of the following drugs is an antithyroid medication used to treat hyperthyroidism by inhibiting thyroid hormone synthesis?,Propranolol,Methimazole,Prednisone,Amiodarone,b
What is the primary function of parathyroid hormone (PTH)?,To lower blood calcium levels,To increase blood calcium levels by stimulating bone resorption and calcium reabsorption in the kidneys,To regulate blood glucose levels,To stimulate thyroid hormone production,b
Which of the following drugs is a bisphosphonate used to treat osteoporosis by inhibiting osteoclast activity?,Calcitonin,Teriparatide,Alendronate,Raloxifene,c
What is the primary therapeutic use of growth hormone (somatropin)?,Treatment of acromegaly,Treatment of growth hormone deficiency in children and adults,Suppression of lactation,Treatment of diabetes insipidus,b
Which of the following hormones is released from the posterior pituitary and regulates water reabsorption in the kidneys?,Oxytocin,Antidiuretic hormone (ADH) / Vasopressin,Prolactin,Adrenocorticocorticotropic hormone (ACTH),b
What is the primary treatment for diabetes insipidus caused by ADH deficiency?,Fluid restriction,Desmopressin (synthetic ADH) replacement therapy,Diuretics,Glucocorticoids,b
Which of the following is a mineralocorticoid produced by the adrenal cortex that regulates sodium and potassium balance?,Cortisol,Aldosterone,Epinephrine,Dehydroepiandrosterone (DHEA),b
What is the primary therapeutic use of fludrocortisone?,Treatment of Cushing's syndrome,Replacement therapy for adrenal insufficiency (Addison's disease),Suppression of inflammation,Treatment of hyperaldosteronism,b
Which of the following drugs is a potassium-sparing diuretic that antagonizes aldosterone receptors?,Hydrochlorothiazide,Spironolactone,Furosemide,Mannitol,b
What is the primary mechanism of action of osmotic diuretics like mannitol?,Blocking sodium reabsorption in the distal tubule,"Increasing the osmotic pressure of the glomerular filtrate, drawing water into the tubules and promoting diuresis",Inhibiting carbonic anhydrase,Antagonizing aldosterone receptors,b
Which of the following drugs is a carbonic anhydrase inhibitor used as a diuretic and to treat glaucoma?,Acetazolamide,Chlorthalidone,Indapamide,Torsemide,a
"What is the primary therapeutic use of alpha-1 adrenergic blockers (e.g., prazosin)?",Treatment of asthma,Treatment of hypertension and benign prostatic hyperplasia (BPH),Management of cardiac arrhythmias,Treatment of narcolepsy,b
Which of the following drugs is a centrally acting alpha-2 adrenergic agonist used to treat hypertension?,Hydralazine,Clonidine,Minoxidil,Nitroprusside,b
What is the mechanism of action of direct-acting vasodilators like hydralazine?,Blocking calcium channels,"Relaxing arteriolar smooth muscle, leading to vasodilation and reduced peripheral resistance",Inhibiting angiotensin-converting enzyme,Stimulating beta-2 adrenergic receptors,b
"Which of the following drugs is a potent vasodilator used in hypertensive emergencies and heart failure, which releases nitric oxide?",Nitroglycerin,Sodium nitroprusside,Isosorbide dinitrate,Hydralazine,b
"What is the primary mechanism of action of nitrates (e.g., nitroglycerin) in the treatment of angina pectoris?",Increasing myocardial oxygen demand,"Vasodilation, primarily of veins, reducing preload and myocardial oxygen demand; also dilates coronary arteries",Blocking beta-adrenergic receptors,Inhibiting calcium entry into cardiac cells,b
Which class of antiarrhythmic drugs primarily blocks sodium channels?,"Class I (e.g., lidocaine, procainamide)",Class II (beta-blockers),Class III (potassium channel blockers),Class IV (calcium channel blockers),a
Which class of antiarrhythmic drugs primarily blocks beta-adrenergic receptors?,Class I,"Class II (e.g., propranolol, metoprolol)",Class III,Class IV,b
"What is the mechanism of action of Class III antiarrhythmic drugs (e.g., amiodarone)?",Blocking sodium channels,Blocking beta-adrenergic receptors,Prolonging the action potential and refractory period by blocking potassium channels,Blocking calcium channels,c
Which class of antiarrhythmic drugs primarily blocks calcium channels?,Class I,Class II,Class III,"Class IV (e.g., verapamil, diltiazem)",d
What is the primary therapeutic use of digoxin in cardiac conditions?,To increase heart rate,To increase the force of myocardial contraction (positive inotropic effect) and slow heart rate,To reduce blood pressure,To dilate coronary arteries,b
Which of the following is a common sign of digoxin toxicity?,Tachycardia,Yellow-green halos around lights (visual disturbances),Hypertension,Diarrhea,b
What is the primary mechanism of action of HMG-CoA reductase inhibitors (statins)?,Increasing cholesterol absorption from the intestine,"Inhibiting the enzyme HMG-CoA reductase, which is involved in cholesterol synthesis in the liver",Increasing the excretion of bile acids,Stimulating lipoprotein lipase activity,b
Which of the following drugs is a fibric acid derivative used to lower triglyceride levels?,Atorvastatin,Gemfibrozil,Ezetimibe,Niacin,b
"What is the mechanism of action of bile acid sequestrants (e.g., cholestyramine)?",Inhibiting cholesterol synthesis,"Binding to bile acids in the intestine, preventing their reabsorption and increasing their excretion",Inhibiting cholesterol absorption from the intestine,Activating lipoprotein lipase,b
Which of the following drugs inhibits cholesterol absorption from the small intestine?,Simvastatin,Ezetimibe,Colesevelam,Fenofibrate,b
What is the primary therapeutic use of aspirin at low doses?,Pain relief,Anti-inflammatory,Antiplatelet (prevention of blood clots),Antipyretic (fever reduction),c
Which of the following drugs is a P2Y12 platelet inhibitor?,Aspirin,Clopidogrel,Warfarin,Heparin,b
What is the mechanism of action of unfractionated heparin?,Inhibiting vitamin K-dependent clotting factors,"Potentiating the action of antithrombin III, which inactivates thrombin and factor Xa",Directly inhibiting thrombin,Inhibiting platelet aggregation,b
Which of the following is a low molecular weight heparin (LMWH)?,Heparin,Enoxaparin,Warfarin,Dabigatran,b
What is the primary mechanism of action of warfarin?,Directly inhibiting thrombin,"Inhibiting vitamin K epoxide reductase, thereby impairing the synthesis of vitamin K-dependent clotting factors",Potentiating antithrombin III,Inhibiting platelet aggregation,b
Which of the following is the antidote for warfarin overdose?,Protamine sulfate,Vitamin K,Dabigatran,Rivaroxaban,b
"What is the primary mechanism of action of direct thrombin inhibitors (e.g., dabigatran)?",Inhibiting vitamin K-dependent clotting factors,Directly inhibiting thrombin,Inhibiting factor Xa,Potentiating antithrombin III,b
Which of the following drugs is a direct factor Xa inhibitor?,Warfarin,Heparin,Rivaroxaban,Dabigatran,c
"What is the primary therapeutic use of thrombolytic drugs (e.g., alteplase)?",To prevent blood clots,To dissolve existing blood clots in conditions like acute myocardial infarction or ischemic stroke,To increase platelet count,To reduce bleeding,b
Which of the following drugs is an erythropoiesis-stimulating agent (ESA) used to treat anemia?,Iron supplements,Folic acid,Epoetin alfa,Vitamin B12,c
"What is the primary therapeutic use of colony-stimulating factors (e.g., filgrastim)?",To stimulate red blood cell production,To stimulate the production of white blood cells (neutrophils) in patients with neutropenia,To increase platelet count,To treat anemia,b
"What is the primary mechanism of action of antihistamines (e.g., diphenhydramine)?",Stimulating histamine release,"Blocking histamine H1 receptors, reducing allergic symptoms",Inhibiting leukotriene synthesis,Suppressing the immune system,b
Which of the following is a non-sedating antihistamine?,Diphenhydramine,Loratadine,Promethazine,Hydroxyzine,b
"What is the primary therapeutic use of decongestants (e.g., pseudoephedrine)?",To suppress cough,To relieve nasal congestion by vasoconstriction,To reduce inflammation in the airways,To thin mucus,b
Which of the following drugs is a cough suppressant (antitussive)?,Guaifenesin,Dextromethorphan,Acetylcysteine,Pseudoephedrine,b
"What is the primary mechanism of action of expectorants (e.g., guaifenesin)?",Suppressing the cough reflex,"Thinning respiratory secretions, making them easier to cough up",Constricting bronchioles,Reducing inflammation in the airways,b
Which of the following drugs is a mucolytic agent that breaks down mucus?,Dextromethorphan,Acetylcysteine,Guaifenesin,Salbutamol,b
What is the primary therapeutic use of bronchodilators like salbutamol (albuterol)?,To reduce inflammation in the airways,"To relax bronchial smooth muscle, widening the airways",To suppress cough,To thin mucus,b
Which of the following drugs is a long-acting beta-2 agonist (LABA) used for maintenance therapy in asthma and COPD?,Salbutamol,Formoterol,Ipratropium,Montelukast,b
"What is the mechanism of action of inhaled corticosteroids (e.g., fluticasone) in asthma?",Directly relaxing bronchial smooth muscle,Reducing inflammation in the airways,Blocking leukotriene receptors,Inhibiting mast cell degranulation,b
Which of the following drugs is a leukotriene receptor antagonist used for asthma prophylaxis?,Salmeterol,Montelukast,Prednisone,Cromolyn,b
What is the primary therapeutic use of insulin in the management of diabetes mellitus?,To increase glucose production by the liver,"To facilitate the uptake of glucose from the blood into cells, lowering blood glucose levels",To stimulate the pancreas to release more glucagon,To inhibit the absorption of carbohydrates from the intestine,b
Which type of insulin has the most rapid onset of action?,Regular insulin (short-acting),NPH insulin (intermediate-acting),Insulin glargine (long-acting),Insulin lispro (rapid-acting),d
"What is the mechanism of action of sulfonylureas (e.g., glipizide) in the treatment of type 2 diabetes?",Increasing insulin sensitivity in peripheral tissues,Stimulating insulin secretion from pancreatic beta cells,Decreasing glucose absorption from the intestine,Inhibiting glucose production by the liver,b
Which of the following oral antidiabetic drugs belongs to the biguanide class?,Glyburide,Metformin,Pioglitazone,Acarbose,b
What is the mechanism of action of thiazolidinediones (TZDs) like pioglitazone?,Increasing insulin secretion from the pancreas,Decreasing hepatic glucose production,Improving insulin sensitivity in muscle and adipose tissue by activating PPAR-gamma,Inhibiting alpha-glucosidase enzymes in the intestine,c
"Which class of drugs used for type 2 diabetes works by inhibiting the enzyme dipeptidyl peptidase-4 (DPP-4), thereby increasing incretin levels?",Sulfonylureas,"DPP-4 inhibitors (e.g., sitagliptin)",SGLT2 inhibitors,Meglitinides,b
"What is the mechanism of action of SGLT2 inhibitors (e.g., canagliflozin) in the treatment of type 2 diabetes?",Stimulating insulin release,Increasing glucose excretion in the urine by inhibiting sodium-glucose cotransporter 2 in the kidneys,Improving insulin sensitivity,Decreasing glucagon secretion,b
Which of the following hormones is produced by the thyroid gland and is essential for regulating metabolism?,Insulin,Cortisol,Thyroxine (T4),Growth hormone,c
What is the primary treatment for hypothyroidism?,Thyroidectomy,Radioactive iodine therapy,Levothyroxine (synthetic T4) replacement therapy,Antithyroid drugs like methimazole,c
Which of the following drugs is an antithyroid medication used to treat hyperthyroidism by inhibiting thyroid hormone synthesis?,Propranolol,Methimazole,Prednisone,Amiodarone,b
What is the primary function of parathyroid hormone (PTH)?,To lower blood calcium levels,To increase blood calcium levels by stimulating bone resorption and calcium reabsorption in the kidneys,To regulate blood glucose levels,To stimulate thyroid hormone production,b
Which of the following drugs is a bisphosphonate used to treat osteoporosis by inhibiting osteoclast activity?,Calcitonin,Teriparatide,Alendronate,Raloxifene,c
What is the primary therapeutic use of growth hormone (somatropin)?,Treatment of acromegaly,Treatment of growth hormone deficiency in children and adults,Suppression of lactation,Treatment of diabetes insipidus,b
Which of the following hormones is released from the posterior pituitary and regulates water reabsorption in the kidneys?,Oxytocin,Antidiuretic hormone (ADH) / Vasopressin,Prolactin,Adrenocorticotropic hormone (ACTH),b
What is the primary treatment for diabetes insipidus caused by ADH deficiency?,Fluid restriction,Desmopressin (synthetic ADH) replacement therapy,Diuretics,Glucocorticoids,b
Which of the following is a mineralocorticoid produced by the adrenal cortex that regulates sodium and potassium balance?,Cortisol,Aldosterone,Epinephrine,Dehydroepiandrosterone (DHEA),b
What is the primary therapeutic use of fludrocortisone?,Treatment of Cushing's syndrome,Replacement therapy for adrenal insufficiency (Addison's disease),Suppression of inflammation,Treatment of hyperaldosteronism,b
Which of the following drugs is a potassium-sparing diuretic that antagonizes aldosterone receptors?,Hydrochlorothiazide,Spironolactone,Furosemide,Mannitol,b
What is the primary mechanism of action of osmotic diuretics like mannitol?,Blocking sodium reabsorption in the distal tubule,"Increasing the osmotic pressure of the glomerular filtrate, drawing water into the tubules and promoting diuresis",Inhibiting carbonic anhydrase,Antagonizing aldosterone receptors,b
Which of the following drugs is a carbonic anhydrase inhibitor used as a diuretic and to treat glaucoma?,Acetazolamide,Chlorthalidone,Indapamide,Torsemide,a
"What is the primary therapeutic use of alpha-1 adrenergic blockers (e.g., prazosin)?",Treatment of asthma,Treatment of hypertension and benign prostatic hyperplasia (BPH),Management of cardiac arrhythmias,Treatment of narcolepsy,b
Which of the following drugs is a centrally acting alpha-2 adrenergic agonist used to treat hypertension?,Hydralazine,Clonidine,Minoxidil,Nitroprusside,b
What is the mechanism of action of direct-acting vasodilators like hydralazine?,Blocking calcium channels,"Relaxing arteriolar smooth muscle, leading to vasodilation and reduced peripheral resistance",Inhibiting angiotensin-converting enzyme,Stimulating beta-2 adrenergic receptors,b
"Which of the following drugs is a potent vasodilator used in hypertensive emergencies and heart failure, which releases nitric oxide?",Nitroglycerin,Sodium nitroprusside,Isosorbide dinitrate,Hydralazine,b
"What is the primary mechanism of action of nitrates (e.g., nitroglycerin) in the treatment of angina pectoris?",Increasing myocardial oxygen demand,"Vasodilation, primarily of veins, reducing preload and myocardial oxygen demand; also dilates coronary arteries",Blocking beta-adrenergic receptors,Inhibiting calcium entry into cardiac cells,b
Which class of antiarrhythmic drugs primarily blocks sodium channels?,"Class I (e.g., lidocaine, procainamide)",Class II (beta-blockers),Class III (potassium channel blockers),Class IV (calcium channel blockers),a
Which class of antiarrhythmic drugs primarily blocks beta-adrenergic receptors?,Class I,"Class II (e.g., propranolol, metoprolol)",Class III,Class IV,b
"What is the mechanism of action of Class III antiarrhythmic drugs (e.g., amiodarone)?",Blocking sodium channels,Blocking beta-adrenergic receptors,Prolonging the action potential and refractory period by blocking potassium channels,Blocking calcium channels,c
Which class of antiarrhythmic drugs primarily blocks calcium channels?,Class I,Class II,Class III,"Class IV (e.g., verapamil, diltiazem)",d
What is the primary therapeutic use of digoxin in cardiac conditions?,To increase heart rate,To increase the force of myocardial contraction (positive inotropic effect) and slow heart rate,To reduce blood pressure,To dilate coronary arteries,b
Which of the following is a common sign of digoxin toxicity?,Tachycardia,Yellow-green halos around lights (visual disturbances),Hypertension,Diarrhea,b
What is the primary mechanism of action of HMG-CoA reductase inhibitors (statins)?,Increasing cholesterol absorption from the intestine,"Inhibiting the enzyme HMG-CoA reductase, which is involved in cholesterol synthesis in the liver",Increasing the excretion of bile acids,Stimulating lipoprotein lipase activity,b
Which of the following drugs is a fibric acid derivative used to lower triglyceride levels?,Atorvastatin,Gemfibrozil,Ezetimibe,Niacin,b
"What is the mechanism of action of bile acid sequestrants (e.g., cholestyramine)?",Inhibiting cholesterol synthesis,"Binding to bile acids in the intestine, preventing their reabsorption and increasing their excretion",Inhibiting cholesterol absorption from the intestine,Activating lipoprotein lipase,b
Which of the following drugs inhibits cholesterol absorption from the small intestine?,Simvastatin,Ezetimibe,Colesevelam,Fenofibrate,b
What is the primary therapeutic use of aspirin at low doses?,Pain relief,Anti-inflammatory,Antiplatelet (prevention of blood clots),Antipyretic (fever reduction),c
Which of the following drugs is a P2Y12 platelet inhibitor?,Aspirin,Clopidogrel,Warfarin,Heparin,b
What is the mechanism of action of unfractionated heparin?,Inhibiting vitamin K-dependent clotting factors,"Potentiating the action of antithrombin III, which inactivates thrombin and factor Xa",Directly inhibiting thrombin,Inhibiting platelet aggregation,b
Which of the following is a low molecular weight heparin (LMWH)?,Heparin,Enoxaparin,Warfarin,Dabigatran,b
What is the primary mechanism of action of warfarin?,Directly inhibiting thrombin,"Inhibiting vitamin K epoxide reductase, thereby impairing the synthesis of vitamin K-dependent clotting factors",Potentiating antithrombin III,Inhibiting platelet aggregation,b
Which of the following is the antidote for warfarin overdose?,Protamine sulfate,Vitamin K,Dabigatran,Rivaroxaban,b
"What is the primary mechanism of action of direct thrombin inhibitors (e.g., dabigatran)?",Inhibiting vitamin K-dependent clotting factors,Directly inhibiting thrombin,Inhibiting factor Xa,Potentiating antithrombin III,b
Which of the following drugs is a direct factor Xa inhibitor?,Warfarin,Heparin,Rivaroxaban,Dabigatran,c
"What is the primary therapeutic use of thrombolytic drugs (e.g., alteplase)?",To prevent blood clots,To dissolve existing blood clots in conditions like acute myocardial infarction or ischemic stroke,To increase platelet count,To reduce bleeding,b
Which of the following drugs is an erythropoiesis-stimulating agent (ESA) used to treat anemia?,Iron supplements,Folic acid,Epoetin alfa,Vitamin B12,c
"What is the primary therapeutic use of colony-stimulating factors (e.g., filgrastim)?",To stimulate red blood cell production,To stimulate the production of white blood cells (neutrophils) in patients with neutropenia,To increase platelet count,To treat anemia,b
"What is the primary mechanism of action of antihistamines (e.g., diphenhydramine)?",Stimulating histamine release,"Blocking histamine H1 receptors, reducing allergic symptoms",Inhibiting leukotriene synthesis,Suppressing the immune system,b
Which of the following is a non-sedating antihistamine?,Diphenhydramine,Loratadine,Promethazine,Hydroxyzine,b
"What is the primary therapeutic use of decongestants (e.g., pseudoephedrine)?",To suppress cough,To relieve nasal congestion by vasoconstriction,To reduce inflammation in the airways,To thin mucus,b
Which of the following drugs is a cough suppressant (antitussive)?,Guaifenesin,Dextromethorphan,Acetylcysteine,Pseudoephedrine,b
"What is the primary mechanism of action of expectorants (e.g., guaifenesin)?",Suppressing the cough reflex,"Thinning respiratory secretions, making them easier to cough up",Constricting bronchioles,Reducing inflammation in the airways,b
Which of the following drugs is a mucolytic agent that breaks down mucus?,Dextromethorphan,Acetylcysteine,Guaifenesin,Salbutamol,b
What is the primary therapeutic use of bronchodilators like salbutamol (albuterol)?,To reduce inflammation in the airways,"To relax bronchial smooth muscle, widening the airways",To suppress cough,To thin mucus,b
Which of the following drugs is a long-acting beta-2 agonist (LABA) used for maintenance therapy in asthma and COPD?,Salbutamol,Formoterol,Ipratropium,Montelukast,b
"What is the mechanism of action of inhaled corticosteroids (e.g., fluticasone) in asthma?",Directly relaxing bronchial smooth muscle,Reducing inflammation in the airways,Blocking leukotriene receptors,Inhibiting mast cell degranulation,b
Which of the following drugs is a leukotriene receptor antagonist used for asthma prophylaxis?,Salmeterol,Montelukast,Prednisone,Cromolyn,b
What is the primary therapeutic use of insulin in the management of diabetes mellitus?,To increase glucose production by the liver,"To facilitate the uptake of glucose from the blood into cells, lowering blood glucose levels",To stimulate the pancreas to release more glucagon,To inhibit the absorption of carbohydrates from the intestine,b
Which type of insulin has the most rapid onset of action?,Regular insulin (short-acting),NPH insulin (intermediate-acting),Insulin glargine (long-acting),Insulin lispro (rapid-acting),d
"What is the mechanism of action of sulfonylureas (e.g., glipizide) in the treatment of type 2 diabetes?",Increasing insulin sensitivity in peripheral tissues,Stimulating insulin secretion from pancreatic beta cells,Decreasing glucose absorption from the intestine,Inhibiting glucose production by the liver,b
Which of the following oral antidiabetic drugs belongs to the biguanide class?,Glyburide,Metformin,Pioglitazone,Acarbose,b
What is the mechanism of action of thiazolidinediones (TZDs) like pioglitazone?,Increasing insulin secretion from the pancreas,Decreasing hepatic glucose production,Improving insulin sensitivity in muscle and adipose tissue by activating PPAR-gamma,Inhibiting alpha-glucosidase enzymes in the intestine,c
"Which class of drugs used for type 2 diabetes works by inhibiting the enzyme dipeptidyl peptidase-4 (DPP-4), thereby increasing incretin levels?",Sulfonylureas,"DPP-4 inhibitors (e.g., sitagliptin)",SGLT2 inhibitors,Meglitinides,b
"What is the mechanism of action of SGLT2 inhibitors (e.g., canagliflozin) in the treatment of type 2 diabetes?",Stimulating insulin release,Increasing glucose excretion in the urine by inhibiting sodium-glucose cotransporter 2 in the kidneys,Improving insulin sensitivity,Decreasing glucagon secretion,b
Which of the following hormones is produced by the thyroid gland and is essential for regulating metabolism?,Insulin,Cortisol,Thyroxine (T4),Growth hormone,c
What is the primary treatment for hypothyroidism?,Thyroidectomy,Radioactive iodine therapy,Levothyroxine (synthetic T4) replacement therapy,Antithyroid drugs like methimazole,c
Which of the following drugs is an antithyroid medication used to treat hyperthyroidism by inhibiting thyroid hormone synthesis?,Propranolol,Methimazole,Prednisone,Amiodarone,b
What is the primary function of parathyroid hormone (PTH)?,To lower blood calcium levels,To increase blood calcium levels by stimulating bone resorption and calcium reabsorption in the kidneys,To regulate blood glucose levels,To stimulate thyroid hormone production,b
Which of the following drugs is a bisphosphonate used to treat osteoporosis by inhibiting osteoclast activity?,Calcitonin,Teriparatide,Alendronate,Raloxifene,c
What is the primary therapeutic use of growth hormone (somatropin)?,Treatment of acromegaly,Treatment of growth hormone deficiency in children and adults,Suppression of lactation,Treatment of diabetes insipidus,b
Which of the following hormones is released from the posterior pituitary and regulates water reabsorption in the kidneys?,Oxytocin,Antidiuretic hormone (ADH) / Vasopressin,Prolactin,Adrenocorticotropic hormone (ACTH),b
What is the primary treatment for diabetes insipidus caused by ADH deficiency?,Fluid restriction,Desmopressin (synthetic ADH) replacement therapy,Diuretics,Glucocorticoids,b
Which of the following is a mineralocorticoid produced by the adrenal cortex that regulates sodium and potassium balance?,Cortisol,Aldosterone,Epinephrine,Dehydroepiandrosterone (DHEA),b
What is the primary therapeutic use of fludrocortisone?,Treatment of Cushing's syndrome,Replacement therapy for adrenal insufficiency (Addison's disease),Suppression of inflammation,Treatment of hyperaldosteronism,b
Which of the following drugs is a potassium-sparing diuretic that antagonizes aldosterone receptors?,Hydrochlorothiazide,Spironolactone,Furosemide,Mannitol,b
What is the primary mechanism of action of osmotic diuretics like mannitol?,Blocking sodium reabsorption in the distal tubule,"Increasing the osmotic pressure of the glomerular filtrate, drawing water into the tubules and promoting diuresis",Inhibiting carbonic anhydrase,Antagonizing aldosterone receptors,b
Which of the following drugs is a carbonic anhydrase inhibitor used as a diuretic and to treat glaucoma?,Acetazolamide,Chlorthalidone,Indapamide,Torsemide,a
"What is the primary therapeutic use of alpha-1 adrenergic blockers (e.g., prazosin)?",Treatment of asthma,Treatment of hypertension and benign prostatic hyperplasia (BPH),Management of cardiac arrhythmias,Treatment of narcolepsy,b
Which of the following drugs is a centrally acting alpha-2 adrenergic agonist used to treat hypertension?,Hydralazine,Clonidine,Minoxidil,Nitroprusside,b
What is the mechanism of action of direct-acting vasodilators like hydralazine?,Blocking calcium channels,"Relaxing arteriolar smooth muscle, leading to vasodilation and reduced peripheral resistance",Inhibiting angiotensin-converting enzyme,Stimulating beta-2 adrenergic receptors,b
"Which of the following drugs is a potent vasodilator used in hypertensive emergencies and heart failure, which releases nitric oxide?",Nitroglycerin,Sodium nitroprusside,Isosorbide dinitrate,Hydralazine,b
"What is the primary mechanism of action of nitrates (e.g., nitroglycerin) in the treatment of angina pectoris?",Increasing myocardial oxygen demand,"Vasodilation, primarily of veins, reducing preload and myocardial oxygen demand; also dilates coronary arteries",Blocking beta-adrenergic receptors,Inhibiting calcium entry into cardiac cells,b
Which class of antiarrhythmic drugs primarily blocks sodium channels?,"Class I (e.g., lidocaine, procainamide)",Class II (beta-blockers),Class III (potassium channel blockers),Class IV (calcium channel blockers),a
Which class of antiarrhythmic drugs primarily blocks beta-adrenergic receptors?,Class I,"Class II (e.g., propranolol, metoprolol)",Class III,Class IV,b
"What is the mechanism of action of Class III antiarrhythmic drugs (e.g., amiodarone)?",Blocking sodium channels,Blocking beta-adrenergic receptors,Prolonging the action potential and refractory period by blocking potassium channels,Blocking calcium channels,c
Which class of antiarrhythmic drugs primarily blocks calcium channels?,Class I,Class II,Class III,"Class IV (e.g., verapamil, diltiazem)",d
What is the primary therapeutic use of digoxin in cardiac conditions?,To increase heart rate,To increase the force of myocardial contraction (positive inotropic effect) and slow heart rate,To reduce blood pressure,To dilate coronary arteries,b
Which of the following is a common sign of digoxin toxicity?,Tachycardia,Yellow-green halos around lights (visual disturbances),Hypertension,Diarrhea,b
What is the primary mechanism of action of HMG-CoA reductase inhibitors (statins)?,Increasing cholesterol absorption from the intestine,"Inhibiting the enzyme HMG-CoA reductase, which is involved in cholesterol synthesis in the liver",Increasing the excretion of bile acids,Stimulating lipoprotein lipase activity,b
Which of the following drugs is a fibric acid derivative used to lower triglyceride levels?,Atorvastatin,Gemfibrozil,Ezetimibe,Niacin,b
"What is the mechanism of action of bile acid sequestrants (e.g., cholestyramine)?",Inhibiting cholesterol synthesis,"Binding to bile acids in the intestine, preventing their reabsorption and increasing their excretion",Inhibiting cholesterol absorption from the intestine,Activating lipoprotein lipase,b
Which of the following drugs inhibits cholesterol absorption from the small intestine?,Simvastatin,Ezetimibe,Colesevelam,Fenofibrate,b
What is the primary therapeutic use of aspirin at low doses?,Pain relief,Anti-inflammatory,Antiplatelet (prevention of blood clots),Antipyretic (fever reduction),c
Which of the following drugs is a P2Y12 platelet inhibitor?,Aspirin,Clopidogrel,Warfarin,Heparin,b
What is the mechanism of action of unfractionated heparin?,Inhibiting vitamin K-dependent clotting factors,"Potentiating the action of antithrombin III, which inactivates thrombin and factor Xa",Directly inhibiting thrombin,Inhibiting platelet aggregation,b
Which of the following is a low molecular weight heparin (LMWH)?,Heparin,Enoxaparin,Warfarin,Dabigatran,b
What is the primary mechanism of action of warfarin?,Directly inhibiting thrombin,"Inhibiting vitamin K epoxide reductase, thereby impairing the synthesis of vitamin K-dependent clotting factors",Potentiating antithrombin III,Inhibiting platelet aggregation,b
Which of the following is the antidote for warfarin overdose?,Protamine sulfate,Vitamin K,Dabigatran,Rivaroxaban,b
"What is the primary mechanism of action of direct thrombin inhibitors (e.g., dabigatran)?",Inhibiting vitamin K-dependent clotting factors,Directly inhibiting thrombin,Inhibiting factor Xa,Potentiating antithrombin III,b
Which of the following drugs is a direct factor Xa inhibitor?,Warfarin,Heparin,Rivaroxaban,Dabigatran,c
"What is the primary therapeutic use of thrombolytic drugs (e.g., alteplase)?",To prevent blood clots,To dissolve existing blood clots in conditions like acute myocardial infarction or ischemic stroke,To increase platelet count,To reduce bleeding,b
Which of the following drugs is an erythropoiesis-stimulating agent (ESA) used to treat anemia?,Iron supplements,Folic acid,Epoetin alfa,Vitamin B12,c
"What is the primary therapeutic use of colony-stimulating factors (e.g., filgrastim)?",To stimulate red blood cell production,To stimulate the production of white blood cells (neutrophils) in patients with neutropenia,To increase platelet count,To treat anemia,b
"What is the primary mechanism of action of antihistamines (e.g., diphenhydramine)?",Stimulating histamine release,"Blocking histamine H1 receptors, reducing allergic symptoms",Inhibiting leukotriene synthesis,Suppressing the immune system,b
Which of the following is a non-sedating antihistamine?,Diphenhydramine,Loratadine,Promethazine,Hydroxyzine,b
"What is the primary therapeutic use of decongestants (e.g., pseudoephedrine)?",To suppress cough,To relieve nasal congestion by vasoconstriction,To reduce inflammation in the airways,To thin mucus,b
Which of the following drugs is a cough suppressant (antitussive)?,Guaifenesin,Dextromethorphan,Acetylcysteine,Pseudoephedrine,b
"What is the primary mechanism of action of expectorants (e.g., guaifenesin)?",Suppressing the cough reflex,"Thinning respiratory secretions, making them easier to cough up",Constricting bronchioles,Reducing inflammation in the airways,b
Which of the following drugs is a mucolytic agent that breaks down mucus?,Dextromethorphan,Acetylcysteine,Guaifenesin,Salbutamol,b
What is the primary therapeutic use of bronchodilators like salbutamol (albuterol)?,To reduce inflammation in the airways,"To relax bronchial smooth muscle, widening the airways",To suppress cough,To thin mucus,b
Which of the following drugs is a long-acting beta-2 agonist (LABA) used for maintenance therapy in asthma and COPD?,Salbutamol,Formoterol,Ipratropium,Montelukast,b
"What is the mechanism of action of inhaled corticosteroids (e.g., fluticasone) in asthma?",Directly relaxing bronchial smooth muscle,Reducing inflammation in the airways,Blocking leukotriene receptors,Inhibiting mast cell degranulation,b
Which of the following drugs is a leukotriene receptor antagonist used for asthma prophylaxis?,Salmeterol,Montelukast,Prednisone,Cromolyn,b
What is the primary therapeutic use of insulin in the management of diabetes mellitus?,To increase glucose production by the liver,"To facilitate the uptake of glucose from the blood into cells, lowering blood glucose levels",To stimulate the pancreas to release more glucagon,To inhibit the absorption of carbohydrates from the intestine,b
Which type of insulin has the most rapid onset of action?,Regular insulin (short-acting),NPH insulin (intermediate-acting),Insulin glargine (long-acting),Insulin lispro (rapid-acting),d
"What is the mechanism of action of sulfonylureas (e.g., glipizide) in the treatment of type 2 diabetes?",Increasing insulin sensitivity in peripheral tissues,Stimulating insulin secretion from pancreatic beta cells,Decreasing glucose absorption from the intestine,Inhibiting glucose production by the liver,b
Which of the following oral antidiabetic drugs belongs to the biguanide class?,Glyburide,Metformin,Pioglitazone,Acarbose,b
What is the mechanism of action of thiazolidinediones (TZDs) like pioglitazone?,Increasing insulin secretion from the pancreas,Decreasing hepatic glucose production,Improving insulin sensitivity in muscle and adipose tissue by activating PPAR-gamma,Inhibiting alpha-glucosidase enzymes in the intestine,c
"Which class of drugs used for type 2 diabetes works by inhibiting the enzyme dipeptidyl peptidase-4 (DPP-4), thereby increasing incretin levels?",Sulfonylureas,"DPP-4 inhibitors (e.g., sitagliptin)",SGLT2 inhibitors,Meglitinides,b
"What is the mechanism of action of SGLT2 inhibitors (e.g., canagliflozin) in the treatment of type 2 diabetes?",Stimulating insulin release,Increasing glucose excretion in the urine by inhibiting sodium-glucose cotransporter 2 in the kidneys,Improving insulin sensitivity,Decreasing glucagon secretion,b
Which of the following hormones is produced by the thyroid gland and is essential for regulating metabolism?,Insulin,Cortisol,Thyroxine (T4),Growth hormone,c
What is the primary treatment for hypothyroidism?,Thyroidectomy,Radioactive iodine therapy,Levothyroxine (synthetic T4) replacement therapy,Antithyroid drugs like methimazole,c
Which of the following drugs is an antithyroid medication used to treat hyperthyroidism by inhibiting thyroid hormone synthesis?,Propranolol,Methimazole,Prednisone,Amiodarone,b
What is the primary function of parathyroid hormone (PTH)?,To lower blood calcium levels,To increase blood calcium levels by stimulating bone resorption and calcium reabsorption in the kidneys,To regulate blood glucose levels,To stimulate thyroid hormone production,b
Which of the following drugs is a bisphosphonate used to treat osteoporosis by inhibiting osteoclast activity?,Calcitonin,Teriparatide,Alendronate,Raloxifene,c
What is the primary therapeutic use of growth hormone (somatropin)?,Treatment of acromegaly,Treatment of growth hormone deficiency in children and adults,Suppression of lactation,Treatment of diabetes insipidus,b
Which of the following hormones is released from the posterior pituitary and regulates water reabsorption in the kidneys?,Oxytocin,Antidiuretic hormone (ADH) / Vasopressin,Prolactin,Adrenocorticotropic hormone (ACTH),b
What is the primary treatment for diabetes insipidus caused by ADH deficiency?,Fluid restriction,Desmopressin (synthetic ADH) replacement therapy,Diuretics,Glucocorticoids,b
Which of the following is a mineralocorticoid produced by the adrenal cortex that regulates sodium and potassium balance?,Cortisol,Aldosterone,Epinephrine,Dehydroepiandrosterone (DHEA),b
What is the primary therapeutic use of fludrocortisone?,Treatment of Cushing's syndrome,Replacement therapy for adrenal insufficiency (Addison's disease),Suppression of inflammation,Treatment of hyperaldosteronism,b
Which of the following drugs is a potassium-sparing diuretic that antagonizes aldosterone receptors?,Hydrochlorothiazide,Spironolactone,Furosemide,Mannitol,b
What is the primary mechanism of action of osmotic diuretics like mannitol?,Blocking sodium reabsorption in the distal tubule,"Increasing the osmotic pressure of the glomerular filtrate, drawing water into the tubules and promoting diuresis",Inhibiting carbonic anhydrase,Antagonizing aldosterone receptors,b
Which of the following drugs is a carbonic anhydrase inhibitor used as a diuretic and to treat glaucoma?,Acetazolamide,Chlorthalidone,Indapamide,Torsemide,a
"What is the primary therapeutic use of alpha-1 adrenergic blockers (e.g., prazosin)?",Treatment of asthma,Treatment of hypertension and benign prostatic hyperplasia (BPH),Management of cardiac arrhythmias,Treatment of narcolepsy,b
Which of the following drugs is a centrally acting alpha-2 adrenergic agonist used to treat hypertension?,Hydralazine,Clonidine,Minoxidil,Nitroprusside,b
What is the mechanism of action of direct-acting vasodilators like hydralazine?,Blocking calcium channels,"Relaxing arteriolar smooth muscle, leading to vasodilation and reduced peripheral resistance",Inhibiting angiotensin-converting enzyme,Stimulating beta-2 adrenergic receptors,b
"Which of the following drugs is a potent vasodilator used in hypertensive emergencies and heart failure, which releases nitric oxide?",Nitroglycerin,Sodium nitroprusside,Isosorbide dinitrate,Hydralazine,b
"What is the primary mechanism of action of nitrates (e.g., nitroglycerin) in the treatment of angina pectoris?",Increasing myocardial oxygen demand,"Vasodilation, primarily of veins, reducing preload and myocardial oxygen demand; also dilates coronary arteries",Blocking beta-adrenergic receptors,Inhibiting calcium entry into cardiac cells,b
Which class of antiarrhythmic drugs primarily blocks sodium channels?,"Class I (e.g., lidocaine, procainamide)",Class II (beta-blockers),Class III (potassium channel blockers),Class IV (calcium channel blockers),a
Which class of antiarrhythmic drugs primarily blocks beta-adrenergic receptors?,Class I,"Class II (e.g., propranolol, metoprolol)",Class III,Class IV,b
"What is the mechanism of action of Class III antiarrhythmic drugs (e.g., amiodarone)?",Blocking sodium channels,Blocking beta-adrenergic receptors,Prolonging the action potential and refractory period by blocking potassium channels,Blocking calcium channels,c
Which class of antiarrhythmic drugs primarily blocks calcium channels?,Class I,Class II,Class III,"Class IV (e.g., verapamil, diltiazem)",d
What is the primary therapeutic use of digoxin in cardiac conditions?,To increase heart rate,To increase the force of myocardial contraction (positive inotropic effect) and slow heart rate,To reduce blood pressure,To dilate coronary arteries,b
Which of the following is a common sign of digoxin toxicity?,Tachycardia,Yellow-green halos around lights (visual disturbances),Hypertension,Diarrhea,b
What is the primary mechanism of action of HMG-CoA reductase inhibitors (statins)?,Increasing cholesterol absorption from the intestine,"Inhibiting the enzyme HMG-CoA reductase, which is involved in cholesterol synthesis in the liver",Increasing the excretion of bile acids,Stimulating lipoprotein lipase activity,b
Which of the following drugs is a fibric acid derivative used to lower triglyceride levels?,Atorvastatin,Gemfibrozil,Ezetimibe,Niacin,b
"What is the mechanism of action of bile acid sequestrants (e.g., cholestyramine)?",Inhibiting cholesterol synthesis,"Binding to bile acids in the intestine, preventing their reabsorption and increasing their excretion",Inhibiting cholesterol absorption from the intestine,Activating lipoprotein lipase,b
Which of the following drugs inhibits cholesterol absorption from the small intestine?,Simvastatin,Ezetimibe,Colesevelam,Fenofibrate,b
What is the primary therapeutic use of aspirin at low doses?,Pain relief,Anti-inflammatory,Antiplatelet (prevention of blood clots),Antipyretic (fever reduction),c
Which of the following drugs is a P2Y12 platelet inhibitor?,Aspirin,Clopidogrel,Warfarin,Heparin,b
What is the mechanism of action of unfractionated heparin?,Inhibiting vitamin K-dependent clotting factors,"Potentiating the action of antithrombin III, which inactivates thrombin and factor Xa",Directly inhibiting thrombin,Inhibiting platelet aggregation,b
Which of the following is a low molecular weight heparin (LMWH)?,Heparin,Enoxaparin,Warfarin,Dabigatran,b
What is the primary mechanism of action of warfarin?,Directly inhibiting thrombin,"Inhibiting vitamin K epoxide reductase, thereby impairing the synthesis of vitamin K-dependent clotting factors",Potentiating antithrombin III,Inhibiting platelet aggregation,b
Which of the following is the antidote for warfarin overdose?,Protamine sulfate,Vitamin K,Dabigatran,Rivaroxaban,b
"What is the primary mechanism of action of direct thrombin inhibitors (e.g., dabigatran)?",Inhibiting vitamin K-dependent clotting factors,Directly inhibiting thrombin,Inhibiting factor Xa,Potentiating antithrombin III,b
Which of the following drugs is a direct factor Xa inhibitor?,Warfarin,Heparin,Rivaroxaban,Dabigatran,c
"What is the primary therapeutic use of thrombolytic drugs (e.g., alteplase)?",To prevent blood clots,To dissolve existing blood clots in conditions like acute myocardial infarction or ischemic stroke,To increase platelet count,To reduce bleeding,b
Which of the following drugs is an erythropoiesis-stimulating agent (ESA) used to treat anemia?,Iron supplements,Folic acid,Epoetin alfa,Vitamin B12,c
"What is the primary therapeutic use of colony-stimulating factors (e.g., filgrastim)?",To stimulate red blood cell production,To stimulate the production of white blood cells (neutrophils) in patients with neutropenia,To increase platelet count,To treat anemia,b
"What is the primary mechanism of action of antihistamines (e.g., diphenhydramine)?",Stimulating histamine release,"Blocking histamine H1 receptors, reducing allergic symptoms",Inhibiting leukotriene synthesis,Suppressing the immune system,b
Which of the following is a non-sedating antihistamine?,Diphenhydramine,Loratadine,Promethazine,Hydroxyzine,b
"What is the primary therapeutic use of decongestants (e.g., pseudoephedrine)?",To suppress cough,To relieve nasal congestion by vasoconstriction,To reduce inflammation in the airways,To thin mucus,b
Which of the following drugs is a cough suppressant (antitussive)?,Guaifenesin,Dextromethorphan,Acetylcysteine,Pseudoephedrine,b
"What is the primary mechanism of action of expectorants (e.g., guaifenesin)?",Suppressing the cough reflex,"Thinning respiratory secretions, making them easier to cough up",Constricting bronchioles,Reducing inflammation in the airways,b
Which of the following drugs is a mucolytic agent that breaks down mucus?,Dextromethorphan,Acetylcysteine,Guaifenesin,Salbutamol,b
What is the primary therapeutic use of bronchodilators like salbutamol (albuterol)?,To reduce inflammation in the airways,"To relax bronchial smooth muscle, widening the airways",To suppress cough,To thin mucus,b
Which of the following drugs is a long-acting beta-2 agonist (LABA) used for maintenance therapy in asthma and COPD?,Salbutamol,Formoterol,Ipratropium,Montelukast,b
"What is the mechanism of action of inhaled corticosteroids (e.g., fluticasone) in asthma?",Directly relaxing bronchial smooth muscle,Reducing inflammation in the airways,Blocking leukotriene receptors,Inhibiting mast cell degranulation,b
Which of the following drugs is a leukotriene receptor antagonist used for asthma prophylaxis?,Salmeterol,Montelukast,Prednisone,Cromolyn,b
