Question,Option A,Option B,Option C,Option D,Correct Answer
Pharmacognosy is the study of:,Synthetic drugs,Drugs from natural sources,Drug metabolism,Drug interactions,b
The term 'crude drug' refers to:,A purified active constituent,A natural drug that has not undergone processing other than collection and drying,A synthetic drug,A drug that is harmful,b
Which of the following is an organized crude drug?,Acacia gum,Digitalis leaf,Agar,Tragacanth,b
Which of the following is an unorganized crude drug?,Senna leaf,Cinchona bark,Aloe juice,Fennel fruit,c
The main active constituents of Digitalis are:,Alkaloids,Glycosides,Tannins,Volatile oils,b
Quinine is an alkaloid obtained from:,Cinchona bark,Opium poppy,Belladonna leaf,Rauwolfia root,a
Morphine is an alkaloid obtained from:,Coca leaves,Nux vomica seeds,Opium poppy,Ergot fungus,c
Atropine is an alkaloid obtained from:,Datura stramonium,Ephedra sinica,Vinca rosea,Physostigma venenosum,a
Sennosides are active constituents of:,Cascara sagrada,Senna leaf,Rhubarb root,Aloe vera,b
Volatile oils are also known as:,Fixed oils,Essential oils,Mineral oils,Waxes,b
Which of the following is a test for alkaloids?,Molisch's test,Biuret test,Mayer's test,Benedict's test,c
Which of the following is a test for glycosides?,Dragendorff's test,Keller-Kiliani test,Wagner's test,Hager's test,b
Tannins are characterized by their ability to:,Produce foam with water,Precipitate proteins,Give a blue color with iodine,Sublime on heating,b
Gums are generally:,Soluble in alcohol,Insoluble in water,Pathological products,Crystalline solids,c
Resins are complex mixtures that are typically:,Soluble in water,Insoluble in organic solvents,Amorphous and brittle solids,Volatile liquids,c
The term 'adulteration' in pharmacognosy refers to:,Improving the quality of a drug,Debasement of an article by admixture or substitution,Standardizing a drug,Purifying a drug,b
Substitution with an exhausted drug is a type of:,Sophistication,Admixture,Deterioration,Spoilage,a
The botanical source of opium is:,Papaver somniferum,Cannabis sativa,Erythroxylum coca,Atropa belladonna,a
The botanical source of cannabis is:,Papaver somniferum,Cannabis sativa,Erythroxylum coca,Atropa belladonna,b
The botanical source of coca is:,Papaver somniferum,Cannabis sativa,Erythroxylum coca,Atropa belladonna,c
Ergot alkaloids are produced by a fungus that grows on:,Wheat,Rye,Barley,Oats,b
"Vincristine and Vinblastine, used in cancer chemotherapy, are obtained from:",Vinca rosea (Catharanthus roseus),Taxus brevifolia,Podophyllum peltatum,Colchicum autumnale,a
"Paclitaxel (Taxol), an anticancer drug, is obtained from:",Vinca rosea,Taxus brevifolia,Podophyllum peltatum,Colchicum autumnale,b
"Colchicine, used to treat gout, is obtained from:",Vinca rosea,Taxus brevifolia,Podophyllum peltatum,Colchicum autumnale,d
The main chemical constituent of clove oil is:,Menthol,Eugenol,Thymol,Camphor,b
The main chemical constituent of peppermint oil is:,Menthol,Eugenol,Thymol,Camphor,a
The main chemical constituent of eucalyptus oil is:,Cineole (Eucalyptol),Limonene,Pinene,Linalool,a
Agar-agar is obtained from:,Fungi,Algae (Seaweeds),Bacteria,Lichens,b
Tragacanth gum is obtained from the genus:,Acacia,Astragalus,Sterculia,Commiphora,b
Acacia gum (Gum Arabic) is obtained from the genus:,Acacia,Astragalus,Sterculia,Commiphora,a
Myrrh is an oleo-gum-resin obtained from the genus:,Acacia,Astragalus,Sterculia,Commiphora,d
Asafoetida is an oleo-gum-resin obtained from the genus:,Ferula,Boswellia,Styrax,Pinus,a
Turpentine oil is obtained from the genus:,Ferula,Boswellia,Styrax,Pinus,d
Castor oil is a fixed oil obtained from the seeds of:,Ricinus communis,Arachis hypogaea,Olea europaea,Linum usitatissimum,a
Olive oil is a fixed oil obtained from the fruit of:,Ricinus communis,Arachis hypogaea,Olea europaea,Linum usitatissimum,c
Linseed oil is a fixed oil obtained from the seeds of:,Ricinus communis,Arachis hypogaea,Olea europaea,Linum usitatissimum,d
Shark liver oil is a rich source of:,Vitamin C,Vitamin B12,Vitamin A and D,Vitamin K,c
Cod liver oil is a rich source of:,Vitamin E,Vitamin B complex,Vitamin A and D,Vitamin C,c
Beeswax is obtained from:,Plants,Honeycomb of bees,Minerals,Synthetic sources,b
Lanolin (wool fat) is obtained from:,Wool of sheep,Pig fat,Cow milk,Fish liver,a
Gelatin is obtained from:,Plant cellulose,"Animal collagen (bones, skin)",Seaweed extracts,Synthetic polymers,b
The study of the cultivation of medicinal plants is known as:,Pharmacognosy,Phytochemistry,Pharmaceutical botany,Cultivation technology,c
Factors affecting the cultivation of medicinal plants include:,Altitude and latitude,Soil and fertilizers,Irrigation and rainfall,All of the above,d
The process of removing water from a plant material is called:,Extraction,Drying,Distillation,Garbling,b
The process of separating the desired plant part from other parts or impurities is called:,Extraction,Drying,Distillation,Garbling,d
Soxhlet extraction is a type of:,Maceration,Percolation,Continuous hot extraction,Infusion,c
Maceration involves soaking the drug in a solvent for a period of time with:,Continuous heating,Occasional stirring,High pressure,Vigorous shaking,b
Percolation involves the slow passage of a solvent through a column of the drug to extract its constituents.,True,False,Only for volatile oils,Only for fixed oils,a
Steam distillation is commonly used for the extraction of:,Alkaloids,Glycosides,Volatile oils,Tannins,c
Chromatography is a technique used for:,Separation of mixtures,Identification of compounds,Purification of compounds,All of the above,d
"In paper chromatography, the stationary phase is:",Silica gel,Alumina,Filter paper (cellulose),A liquid coated on a solid support,c
"In Thin Layer Chromatography (TLC), the stationary phase is typically:",A thin layer of adsorbent like silica gel or alumina on a flat carrier,Filter paper,A column packed with adsorbent,A liquid,a
The Rf value in chromatography stands for:,Retention factor,Resolution factor,Rate of flow,Relative front,a
Gas Chromatography (GC) is suitable for the analysis of:,Non-volatile compounds,Volatile compounds,High molecular weight compounds,Inorganic salts,b
High-Performance Liquid Chromatography (HPLC) is widely used for:,Analysis of thermally labile compounds,Separation of non-volatile compounds,Quantitative analysis of drugs,All of the above,d
Spectroscopic methods like UV-Visible spectroscopy are used for:,Determining the molecular weight,Identifying functional groups,Quantitative estimation of compounds,Determining crystal structure,c
Infrared (IR) spectroscopy is primarily used for:,Determining the concentration of a solution,Identifying functional groups in a molecule,Measuring the optical rotation,Separating isotopes,b
Nuclear Magnetic Resonance (NMR) spectroscopy provides information about:,The color of a compound,The melting point of a compound,The structure and arrangement of atoms in a molecule,The surface tension of a liquid,c
Mass Spectrometry (MS) is used to determine:,The optical activity of a compound,The molecular weight and structure of a compound,The boiling point of a liquid,The refractive index of a substance,b
The term 'phytochemical screening' refers to:,The cultivation of medicinal plants,The extraction of active constituents,The qualitative testing for various classes of phytochemicals in a plant extract,The quantitative estimation of a specific phytochemical,c
Saponins are glycosides that characteristically:,Taste bitter,Produce a persistent foam when shaken with water,Are soluble in ether,Give a red color with ferric chloride,b
Flavonoids are a group of polyphenolic compounds known for their:,Bitter taste,Antioxidant properties,Ability to form lather,Psychoactive effects,b
Coumarins are often found in plants and are known for their:,Sweet smell (often like new-mown hay),Intense blue fluorescence under UV light,Both a and b,None of the above,c
Lignans are phytochemicals found in plants like flaxseed and are structurally related to:,Sugars,Amino acids,Phenylpropanoids,Fatty acids,c
The term 'Herbal Drug Technology' deals with:,Standardization of herbal drugs,Formulation of herbal medicines,Quality control of herbal products,All of the above,d
Standardization of herbal drugs is important to ensure:,Uniformity of dose,Therapeutic efficacy,Safety,All of the above,d
A 'marker compound' in herbal drug standardization is:,An impurity present in the drug,A therapeutically active constituent or a characteristic compound used for quality control,A coloring agent added to the formulation,A preservative,b
WHO guidelines for quality control of herbal medicines cover aspects like:,Botanical identification,Physicochemical parameters,Microbial contamination limits,All of the above,d
'Ayurveda' is a traditional Indian system of medicine that utilizes:,Primarily synthetic drugs,"Primarily herbal drugs, minerals, and animal products",Only surgical procedures,Only meditation and yoga,b
'Siddha' is a traditional system of medicine predominantly practiced in:,North India,South India (especially Tamil Nadu),China,Japan,b
'Unani' system of medicine has its origins in:,Ancient India,Ancient Greece,Ancient China,Ancient Egypt,b
Traditional Chinese Medicine (TCM) often involves the use of:,Herbal remedies,Acupuncture,Dietary therapy,All of the above,d
'Homeopathy' is a system of medicine based on the principle of:,'Like cures like' (Similia similibus curentur),Using large doses of drugs,Treating symptoms with opposites,Focusing solely on surgical interventions,a
The term 'ethnobotany' refers to the study of:,The classification of plants,The traditional knowledge and customs of a people concerning plants and their uses,The cultivation of economically important plants,The diseases of plants,b
'Nutraceuticals' are food or parts of food that provide:,Only basic nutritional value,"Medical or health benefits, including the prevention and treatment of disease",Only flavor and texture to food,Only calories,b
Probiotics are:,Harmful bacteria,"Live microorganisms that, when administered in adequate amounts, confer a health benefit on the host",Antibiotics derived from plants,Synthetic vitamins,b
Prebiotics are:,Live bacteria,Non-digestible food ingredients that beneficially affect the host by selectively stimulating the growth and/or activity of one or a limited number of bacteria in the colon,Enzymes that aid digestion,Minerals essential for health,b
Antioxidants are substances that can:,Promote oxidation,Prevent or slow damage to cells caused by free radicals,Increase blood pressure,Cause allergic reactions,b
Which of the following is a well-known plant-derived antioxidant?,Vitamin C (Ascorbic acid),Vitamin E (Tocopherols),Flavonoids,All of the above,d
Ginseng is a popular herbal remedy known for its purported:,Sedative effects,Adaptogenic (stress-reducing) and tonic effects,Laxative effects,Anticoagulant effects,b
Ginkgo biloba is often used to:,Improve memory and circulation,Induce sleep,Relieve constipation,Reduce fever,a
St. John's Wort (Hypericum perforatum) is commonly used for:,Treating anxiety,Treating mild to moderate depression,Aiding digestion,Lowering cholesterol,b
Echinacea is a popular herb used to:,Stimulate the immune system and prevent colds,Lower blood sugar,Improve vision,Act as a muscle relaxant,a
Garlic (Allium sativum) is known for its potential benefits in:,"Cardiovascular health (e.g., lowering cholesterol and blood pressure)",Improving bone density,Treating skin rashes,Enhancing athletic performance,a
"Turmeric (Curcuma longa), containing curcumin, is known for its:",Anti-inflammatory and antioxidant properties,Stimulant effects,Diuretic properties,Appetite suppressant effects,a
Aloe vera gel is commonly used for:,Treating burns and skin irritations,Oral ingestion as a laxative,Both a and b,Neither a nor b,c
Psyllium (Isabgol) is a source of soluble fiber used as a:,Bulk-forming laxative,Stimulant laxative,Osmotic laxative,Emollient laxative,a
The evaluation of crude drugs involves assessing their:,Identity,Quality,Purity,All of the above,d
Organoleptic evaluation of crude drugs refers to assessment based on:,Microscopic characteristics,Chemical tests,"Sensory characters (color, odor, taste, texture)",Physical constants,c
Microscopic evaluation of crude drugs involves examining:,The solubility of the drug,The ash values,"The cellular structure, trichomes, stomata, etc.",The extractive values,c
"Stomata are pores found on the epidermis of leaves and stems, involved in:",Water absorption from soil,Gas exchange,Anchoring the plant,Storing food,b
Trichomes are:,Root hairs,Epidermal outgrowths or hairs on plants,Vascular bundles,Reproductive cells,b
"Calcium oxalate crystals are found in many plants and their shape (e.g., prisms, rosettes, raphides) can be a diagnostic feature.",True,False,Only in animal cells,Only in fungi,a
Lycopodium spore method is used for the quantitative microscopy to determine:,The percentage of foreign organic matter,The number of stomata per unit area,The length of fibers,The percentage purity of a powdered drug when mixed with a reference powder,d
"Ash values (total ash, acid-insoluble ash, water-soluble ash) are determined to assess:",The amount of volatile oil,The presence of inorganic impurities or adulterants,The glycoside content,The alkaloid content,b
"Extractive values (water-soluble, alcohol-soluble) indicate:",The amount of moisture in the drug,The amount of constituents soluble in a particular solvent,The ash content,The fiber content,b
Moisture content determination is important because excessive moisture can lead to:,Microbial growth and degradation of the drug,Increased therapeutic activity,Better stability,Easier powdering,a
Swelling index is a parameter used for drugs containing:,Alkaloids,Tannins,Gums or mucilage,Volatile oils,c
"Bitterness value is determined for drugs that have a characteristic bitter taste, often related to their therapeutic activity.",True,False,Only for sweet drugs,Only for odorless drugs,a
Foaming index is a test for the presence of:,Tannins,Saponins,Alkaloids,Flavonoids,b
The study of poisonous plants and their toxic effects is known as:,Phytotherapy,Plant toxicology,Ethnobotany,Pharmacokinetics,b
"Ricin, a highly toxic protein, is found in the seeds of:",Datura stramonium,Ricinus communis (Castor bean),Nerium oleander,Digitalis purpurea,b
Oleandrin is a toxic cardiac glycoside found in:,Atropa belladonna,Conium maculatum,Nerium oleander (Oleander),Strychnos nux-vomica,c
Strychnine is a toxic alkaloid obtained from:,Aconitum napellus,Strychnos nux-vomica (Nux vomica),Cicuta virosa,Hyoscyamus niger,b
Aconitine is a highly toxic alkaloid found in plants of the genus:,"Aconitum (e.g., Monkshood)","Solanum (e.g., Nightshade)","Papaver (e.g., Poppy)","Nicotiana (e.g., Tobacco)",a
"Plant-drug interactions can occur, potentially altering the efficacy or toxicity of conventional medications.",True,False,Only with synthetic drugs,Only with animal-derived drugs,a
St. John's Wort is known to interact with many drugs by:,Inhibiting liver enzymes,"Inducing liver enzymes (e.g., Cytochrome P450 enzymes), leading to faster metabolism of other drugs",Increasing drug absorption,Decreasing drug excretion,b
Grapefruit juice can interact with certain medications by:,Inducing their metabolism,"Inhibiting their metabolism (specifically CYP3A4), leading to increased drug levels",Enhancing their excretion,Decreasing their absorption,b
Marine pharmacognosy deals with the study of drugs from:,Terrestrial plants,"Marine organisms (algae, sponges, corals, etc.)",Synthetic sources,Minerals,b
Many marine organisms produce unique secondary metabolites with potential therapeutic activities due to their specific and often extreme living environments.,True,False,Only terrestrial organisms produce secondary metabolites,Marine organisms only produce primary metabolites,a
Examples of drugs or lead compounds derived from marine sources include:,"Cytarabine (Ara-C), an anticancer drug inspired by a sponge nucleoside","Ziconotide (Prialt), a pain reliever derived from cone snail venom","Trabectedin (Yondelis), an anticancer drug from a sea squirt",All of the above,d
Plant tissue culture is a technique used for:,Growing entire plants in a laboratory under sterile conditions,Producing specific phytochemicals in cell cultures,Rapid propagation of plants,All of the above,d
An 'explant' in plant tissue culture is:,The nutrient medium,A piece of plant tissue or organ used to initiate a culture,The sterile container used for culture,A growth hormone,b
'Callus' in plant tissue culture refers to:,A differentiated plant organ,An undifferentiated mass of plant cells,The roots of a plantlet,The shoots of a plantlet,b
Plant growth regulators (hormones) like auxins and cytokinins are essential for controlling growth and differentiation in plant tissue culture.,True,False,Only auxins are needed,Only cytokinins are needed,a
'Micropropagation' is a method of:,Producing microorganisms,"Rapidly multiplying plant material to produce a large number of progeny plants, using modern plant tissue culture methods",Studying microscopic plant parts,Genetic modification of plants,b
'Hairy root cultures' are induced by Agrobacterium rhizogenes and are often used for the production of:,Primary metabolites,Secondary metabolites (phytochemicals),Plant hormones,Enzymes,b
'Elicitation' in plant cell cultures is a strategy to:,Decrease phytochemical production,Enhance the production of secondary metabolites by adding elicitors (stress-inducing agents),Sterilize the culture medium,Promote cell differentiation,b
'Biotransformation' using plant cell cultures involves:,Converting one chemical compound into another using plant cells as biocatalysts,Genetically modifying plant cells,Extracting DNA from plant cells,Growing plants in bioreactors,a
"'Cryopreservation' is a technique for the long-term storage of plant germplasm (seeds, cells, tissues) at:",Room temperature,Refrigerated temperatures (4°C),"Ultra-low temperatures (e.g., in liquid nitrogen at -196°C)",Incubator temperatures (37°C),c
The primary aim of conservation of medicinal plants is to:,Ensure their availability for future generations,Protect biodiversity,Maintain ecological balance,All of the above,d
'In situ' conservation of medicinal plants involves conserving them in:,Gene banks,Botanical gardens,Their natural habitats,Tissue culture laboratories,c
'Ex situ' conservation of medicinal plants involves conserving them:,Only in their natural environment,"Outside their natural habitats (e.g., botanical gardens, seed banks)",Only through tissue culture,Only by drying and storing,b
A 'herbarium' is a collection of:,Live medicinal plants,Preserved (usually dried) plant specimens and associated data,Seeds of medicinal plants,Microscopic slides of plant parts,b
The 'Red Data Book' contains lists of:,Economically important plants,Plants with medicinal properties,Rare and endangered species of plants and animals,Common weeds,c
Intellectual Property Rights (IPR) relevant to pharmacognosy include:,Patents for novel plant-derived compounds or formulations,Plant breeders' rights,Geographical indications for traditional herbal products,All of the above,d
'Biopiracy' refers to:,The legal and ethical sourcing of biological materials,The unauthorized commercial use of biological resources or traditional knowledge without fair compensation or benefit sharing,The scientific study of biodiversity,The conservation of endangered species,b
The Nagoya Protocol is an international agreement aimed at:,Promoting free trade of genetic resources,Ensuring fair and equitable sharing of benefits arising from the utilization of genetic resources,Encouraging biopiracy,Restricting access to all genetic resources,b
Which part of the clove plant is used as a spice and for medicinal purposes?,Root,Leaf,Flower bud,Seed,c
Cinnamon bark is obtained from trees of the genus:,Cinnamomum,Zingiber,Curcuma,Piper,a
Ginger is the rhizome of:,Zingiber officinale,Curcuma longa,Allium sativum,Mentha piperita,a
Cardamom consists of the dried ripe fruits of:,Elettaria cardamomum,Foeniculum vulgare,Coriandrum sativum,Pimpinella anisum,a
Fennel consists of the dried ripe fruits of:,Elettaria cardamomum,Foeniculum vulgare,Coriandrum sativum,Pimpinella anisum,b
Coriander consists of the dried ripe fruits of:,Elettaria cardamomum,Foeniculum vulgare,Coriandrum sativum,Pimpinella anisum,c
Nutmeg is the dried kernel of the seed of:,Myristica fragrans,Syzygium aromaticum,Piper nigrum,Illicium verum,a
Black pepper is the dried unripe fruit of:,Myristica fragrans,Syzygium aromaticum,Piper nigrum,Illicium verum,c
Senega root is used as an:,Antiemetic,Expectorant,Antidiarrheal,Antipyretic,b
Ipecacuanha root is known for its:,Emetic and expectorant properties,Anticoagulant activity,Hypoglycemic effect,Sedative action,a
"Rauwolfia serpentina root contains alkaloids like reserpine, which are used for:",Treating hypertension and psychosis,Stimulating the central nervous system,Relieving pain,Treating malaria,a
Liquorice (Glycyrrhiza glabra) root is known for its sweet taste due to glycyrrhizin and is used as:,A flavoring agent,An expectorant and demulcent,For treating peptic ulcers,All of the above,d
Valerian root is commonly used for its:,Stimulant properties,Sedative and anxiolytic effects (to promote sleep and reduce anxiety),Diuretic action,Antihistaminic activity,b
Squill bulb contains cardiac glycosides and is used as an:,Antacid,"Expectorant and, in larger doses, a cardiotonic and diuretic",Antispasmodic,Anthelmintic,b
Digitalis lanata is preferred over Digitalis purpurea for the commercial production of digoxin because:,It has a higher concentration of digoxin,It is easier to cultivate,It is less toxic,All of the above,a
The term 'pharmacopoeial standards' refers to:,"Standards for drug quality, purity, and strength published in a pharmacopoeia",Marketing strategies for drugs,Clinical trial protocols,Drug pricing regulations,a
Adulteration by substitution with superficially similar but inferior drugs is called:,Sophistication,Substitution with substandard commercial varieties,Substitution with artificially manufactured substitutes,Substitution with exhausted drugs,a
"The presence of heavy metals (like lead, mercury, arsenic) in herbal drugs is a serious concern due to their toxicity.",True,False,They are beneficial in small amounts,They only affect the color of the drug,a
Aflatoxins are toxic compounds produced by certain molds (Aspergillus species) that can contaminate improperly stored crude drugs.,True,False,They are beneficial phytochemicals,They are only found in synthetic drugs,a
Pesticide residues in herbal drugs can pose health risks and their levels are often regulated.,True,False,Pesticides enhance the medicinal properties,Only organic herbal drugs are free from pesticides,a
'DNA barcoding' is a molecular technique used for:,Determining the age of a plant,"Identifying plant species based on short, standardized DNA sequences",Measuring the sugar content of a plant,Assessing the microbial load on a plant,b
The 'Doctrine of Signatures' was an old belief that:,The medicinal use of a plant could be determined by its external appearance or resemblance to a human body part or organ,All plants are poisonous until proven otherwise,Only plants with strong odors are medicinal,The signature of the collector determines the drug's quality,a
Which of the following is NOT a type of glycoside classification based on the glycone part?,Anthraquinone glycosides,Cardiac glycosides,Saponin glycosides,Phenylpropanoid glycosides,d
The aglycone part of a cardiac glycoside is typically a:,Sugar molecule,Steroid nucleus,Flavonoid structure,Tannin complex,b
Barbaloin is an anthraquinone glycoside found in:,Senna,Cascara,Aloe,Rhubarb,c
"Amygdalin, a cyanogenetic glycoside, is found in:",Wild cherry bark,Bitter almonds,Linseed,All of the above,b
"Sinigrin, a glucosinolate (thioglycoside), is found in:",Black mustard seeds,Garlic,Onion,Horseradish,a
"Diosgenin, a steroidal sapogenin, is obtained from Dioscorea species and is used as a precursor for the synthesis of:",Aspirin,"Steroidal hormones (e.g., corticosteroids, sex hormones)",Morphine,Quinine,b
Glycyrrhizin from liquorice is about 50 times sweeter than sucrose and has a characteristic lingering sweetness.,True,False,It is bitter,It has no taste,a
"Rutin, a flavonoid glycoside, is found in buckwheat and is known for its ability to:",Increase capillary fragility,Decrease capillary fragility and permeability (Vitamin P activity),Act as a strong sedative,Stimulate appetite,b
Hesperidin is a flavanone glycoside found abundantly in:,Apples,Grapes,"Citrus fruits (e.g., oranges, lemons)",Berries,c
"Arbutin, a hydroquinone glycoside found in Bearberry (Uva ursi) leaves, is used as a:",Cardiac stimulant,Urinary antiseptic,Laxative,Respiratory stimulant,b
"Salicin, a phenolic glycoside from Willow bark, is metabolized in the body to salicylic acid, which has:","Analgesic, antipyretic, and anti-inflammatory properties",Hypertensive properties,Immunosuppressant properties,Anticoagulant properties,a
"The term ""balsam"" refers to resinous exudations that contain high proportions of:",Benzoic acid or cinnamic acid or their esters,Volatile oils only,Gums only,Fixed oils and waxes,a
"Benzoin is a balsamic resin obtained from Styrax species, used as an expectorant and antiseptic.",True,False,It is a gum,It is a volatile oil,a
Tolu balsam is used in cough mixtures primarily for its:,Antiseptic properties,Mild expectorant and flavoring properties,Purgative action,Analgesic effect,b
"Peru balsam is applied externally for its antiseptic and parasiticide properties, and to promote wound healing.",True,False,It is taken orally for cough,It is a type of gum,a
"Colophony (Rosin) is a solid resin obtained from Pinus species, remaining after distilling off the volatile oil (turpentine).",True,False,It is a liquid resin,It is a gum,a
"Podophyllum resin, from Podophyllum peltatum, contains lignans like podophyllotoxin and is used topically for:",Treating warts,Moisturizing skin,Sun protection,As an antiseptic wash,a
Capsaicin is the pungent principle found in fruits of Capsicum species (Chilli peppers) and is used topically for:,Cooling effect,Pain relief (as a counter-irritant and for neuropathic pain),Reducing inflammation internally,Treating burns,b
Gingerols and shogaols are pungent compounds found in:,Turmeric,Ginger,Black pepper,Clove,b
Piperine is the pungent alkaloid found in:,Ginger,Turmeric,Black pepper and Long pepper,Cardamom,c
Volatile oils are stored in plants in special structures like:,Glandular trichomes,Oil cells and ducts (vittae in Umbelliferae),Lysigenous or schizogenous cavities,All of the above,d
The characteristic odor and taste of many spices are due to their content of:,Fixed oils,Volatile oils,Proteins,Carbohydrates,b
"Terpenes are major components of volatile oils, built up from isoprene units (C5H8).",True,False,They are built from amino acids,They are built from fatty acids,a
Monoterpenes contain:,One isoprene unit (C5),Two isoprene units (C10),Three isoprene units (C15),Four isoprene units (C20),b
Sesquiterpenes contain:,One isoprene unit (C5),Two isoprene units (C10),Three isoprene units (C15),Four isoprene units (C20),c
Diterpenes contain:,One isoprene unit (C5),Two isoprene units (C10),Three isoprene units (C15),Four isoprene units (C20),d
Camphor is a:,Monoterpene ketone,Sesquiterpene alcohol,Diterpene acid,Triterpenoid saponin,a
"Menthol, found in peppermint oil, is a:",Monoterpene alcohol,Sesquiterpene aldehyde,Diterpene ester,Phenylpropanoid,a
"Limonene, found in citrus peel oils, is a:",Cyclic monoterpene hydrocarbon,Acyclic sesquiterpene,Phenolic ether,Alkaloid,a
"Phenylpropanoids, like eugenol (clove) and cinnamaldehyde (cinnamon), are also common constituents of volatile oils and are derived from:",Isoprene units,Shikimic acid pathway (via phenylalanine or tyrosine),Acetate-malonate pathway,Mevalonic acid pathway,b
"Anethole, the main constituent of anise and fennel oils, is a:",Terpene alcohol,Phenylpropanoid derivative (phenolic ether),Terpene ketone,Sesquiterpene lactone,b
Fixed oils are esters of:,Lower fatty acids with glycerol,Higher fatty acids with glycerol (triglycerides),Higher fatty acids with monohydric alcohols,Lower fatty acids with monohydric alcohols,b
Waxes are esters of:,Higher fatty acids with glycerol,Lower fatty acids with glycerol,Higher fatty acids with higher monohydric alcohols,Lower fatty acids with lower monohydric alcohols,c
Saponification value is a measure of the:,Amount of free fatty acids in an oil,Average molecular weight of fatty acids in an oil (mg of KOH to saponify 1g of fat/oil),Degree of unsaturation in an oil,Amount of unsaponifiable matter,b
Iodine value is a measure of the:,Amount of free fatty acids,Saponifiable matter,Degree of unsaturation of a fat or oil (g of iodine absorbed by 100g of fat/oil),Peroxide formation,c
Acid value is a measure of the:,Amount of free fatty acids present in a fat or oil (mg of KOH to neutralize free acids in 1g of fat/oil),Total acidity,Degree of esterification,Unsaponifiable matter,a
Rancidity in fats and oils can be:,Hydrolytic (liberation of free fatty acids),"Oxidative (formation of peroxides, aldehydes, ketones)",Both a and b,Neither a nor b,c
"Hydrogenation of oils (e.g., converting liquid vegetable oils to semi-solid fats like vanaspati) involves:",Adding oxygen,"Adding hydrogen to double bonds, reducing unsaturation",Removing water,Saponification,b
Arachis oil (Peanut oil) is obtained from Arachis hypogaea.,True,False,It is a volatile oil,It is a mineral oil,a
Sesame oil is known for its good stability due to the presence of natural antioxidants like sesamol.,True,False,It is highly unsaturated and prone to rancidity,It is a volatile oil,a
"Cottonseed oil may contain gossypol, which is toxic and needs to be removed during refining.",True,False,Gossypol is a beneficial nutrient,Cottonseed oil is a volatile oil,a
"Theobroma oil (Cocoa butter) is a solid fat at room temperature but melts at body temperature, making it suitable as a suppository base.",True,False,It is a liquid oil,It is a wax,a
"Spermaceti is a wax obtained from the head cavity of the sperm whale, but synthetic substitutes are now used.",True,False,It is a fixed oil from plants,It is a gum,a
Carnauba wax is obtained from the leaves of a Brazilian palm tree and is one of the hardest natural waxes.,True,False,It is a soft animal wax,It is a liquid wax,a
"Alkaloids are naturally occurring organic compounds, usually basic, containing one or more nitrogen atoms (often in a heterocyclic ring), and typically have marked physiological actions.",True,False,They are acidic and contain no nitrogen,They are carbohydrates,a
"Pseudoalkaloids are derived from amino acids but the nitrogen atom is not part of a heterocyclic ring (e.g., ephedrine), or they are not derived from amino acids but have alkaloid-like properties (e.g., steroidal alkaloids).",True,False,They are identical to true alkaloids,They are simple amines,a
"Protoalkaloids (or amino alkaloids) are simple amines where the nitrogen is not in a heterocycle, but they are derived from amino acids (e.g., mescaline, ephedrine).",True,False,They are complex heterocyclic compounds,They do not contain nitrogen,a
Which of the following is NOT a general property of most alkaloids?,Basic in nature,Contain nitrogen,Soluble in water as free bases,"Form salts with acids, which are often water-soluble",c
The classification of alkaloids can be based on:,Pharmacological activity,Chemical structure (type of heterocyclic ring system),Botanical source,All of the above,d
"Tropane alkaloids (e.g., atropine, hyoscyamine, scopolamine) are found in plants of the Solanaceae family like Atropa, Datura, Hyoscyamus.",True,False,They are found in Cinchona,They are found in Opium poppy,a
Cocaine is a tropane alkaloid from Erythroxylum coca with local anesthetic and CNS stimulant properties.,True,False,It is a depressant,It is an opioid alkaloid,a
"Quinoline alkaloids (e.g., quinine, quinidine) are found in:",Cinchona bark,Rauwolfia root,Nux vomica seeds,Ergot fungus,a
"Isoquinoline alkaloids include compounds like morphine, codeine, papaverine (from Opium poppy), and berberine (from Berberis species).",True,False,These are indole alkaloids,These are purine alkaloids,a
"Emetine, an isoquinoline alkaloid from Ipecacuanha, is used as an emetic and amoebicide.",True,False,It is an antimalarial,It is an analgesic,a
"Indole alkaloids are a large group including reserpine, yohimbine (from Rauwolfia, Yohimbe), strychnine, brucine (from Nux vomica), ergot alkaloids (from Claviceps purpurea), and vinca alkaloids (from Catharanthus roseus).",True,False,These are tropane alkaloids,These are steroid alkaloids,a
"Physostigmine (eserine), an indole alkaloid from Physostigma venenosum (Calabar bean), is a reversible cholinesterase inhibitor.",True,False,It is a CNS stimulant,It is a local anesthetic,a
"Imidazole alkaloids contain an imidazole ring, e.g., pilocarpine from Pilocarpus jaborandi, used to treat glaucoma.",True,False,Pilocarpine is a purine alkaloid,Pilocarpine is a pyridine alkaloid,a
"Steroidal alkaloids have a steroid-like carbon skeleton, e.g., solasodine from Solanum species, and protoveratrines from Veratrum album.",True,False,These are purine derivatives,These are simple amines,a
"Alkaloidal amines (or amino alkaloids, protoalkaloids) like ephedrine (from Ephedra) and colchicine (from Colchicum) have nitrogen outside a ring or are not derived from amino acids in the typical sense for true alkaloids.",True,False,They are all heterocyclic,They do not show physiological activity,a
"Purine alkaloids include caffeine (coffee, tea, cola), theophylline (tea), and theobromine (cocoa), which are CNS stimulants and diuretics.",True,False,These are opioid alkaloids,These are tropane alkaloids,a
"Caffeine is chemically 1,3,7-trimethylxanthine.",True,False,"It is 1,3-dimethylxanthine","It is 3,7-dimethylxanthine",a
"Theophylline is 1,3-dimethylxanthine, used as a bronchodilator.",True,False,"It is 1,3,7-trimethylxanthine","It is 3,7-dimethylxanthine",b
"Theobromine is 3,7-dimethylxanthine, found in cocoa, with diuretic and mild stimulant properties.",True,False,"It is 1,3-dimethylxanthine","It is 1,3,7-trimethylxanthine",a
"Tannins are complex polyphenolic compounds that can precipitate proteins, giving them an astringent taste and property.",True,False,They are simple sugars,They are alkaloids,a
Tannins are broadly classified into:,Hydrolysable tannins and Condensed tannins (Proanthocyanidins),Simple tannins and Complex tannins,Acidic tannins and Basic tannins,Volatile tannins and Non-volatile tannins,a
Hydrolysable tannins yield gallic acid or ellagic acid upon hydrolysis.,True,False,They yield sugars,They yield amino acids,a
Condensed tannins (proanthocyanidins) are polymers of flavonoid units (flavan-3-ols like catechin) and do not hydrolyze easily but tend to polymerize further into insoluble phlobaphenes.,True,False,They hydrolyze to simple phenols,They are simple monomers,a
The Goldbeater’s skin test is used to detect the presence of:,Alkaloids,Glycosides,Tannins,Saponins,c
"Tannins are used medicinally as astringents, for treating diarrhea, burns, and as antidotes in alkaloidal poisoning.",True,False,They are used as stimulants,They are used as laxatives,a
"Examples of tannin-rich drugs include Nutgall, Myrobalan, Arjuna bark, and Catechu.",True,False,These drugs are rich in alkaloids,These drugs are rich in volatile oils,a
"Carbohydrates are polyhydroxy aldehydes or ketones, or substances that yield these on hydrolysis. They are broadly classified into monosaccharides, oligosaccharides, and polysaccharides.",True,False,They are proteins,They are lipids,a
"Monosaccharides are simple sugars that cannot be hydrolyzed further (e.g., glucose, fructose, galactose).",True,False,They are complex polymers,They are disaccharides,a
"Disaccharides yield two monosaccharide units on hydrolysis (e.g., sucrose, lactose, maltose).",True,False,They are monosaccharides,They are polysaccharides,a
"Polysaccharides are high molecular weight polymers of monosaccharides (e.g., starch, cellulose, gums, mucilages).",True,False,They are simple sugars,They are disaccharides,a
"Starch is a polysaccharide composed of amylose and amylopectin, used as a disintegrant, binder, and diluent in tablets.",True,False,It is a protein,It is a gum,a
"Cellulose is a structural polysaccharide in plants, and its derivatives like methylcellulose and carboxymethylcellulose are used as pharmaceutical excipients (e.g., suspending agents, thickeners).",True,False,It is a simple sugar,It is an animal-derived product,a
"Honey is a natural product produced by bees, primarily composed of fructose and glucose, and also contains enzymes, vitamins, and minerals.",True,False,It is mainly sucrose,It is a synthetic product,a
"Dextrans are polysaccharides produced by bacteria (e.g., Leuconostoc mesenteroides) and are used as plasma volume expanders.",True,False,They are plant gums,They are animal proteins,a
"Pectin, obtained from citrus peel or apple pomace, is a polysaccharide used as a gelling agent, thickener, and in antidiarrheal preparations.",True,False,It is an alkaloid,It is a fixed oil,a
Chitin is a polysaccharide found in the exoskeletons of arthropods and the cell walls of fungi. Chitosan is its deacetylated derivative with various pharmaceutical applications.,True,False,It is a plant starch,It is a protein,a
"Enzymes are biological catalysts, mostly protein in nature, that speed up biochemical reactions.",True,False,They are carbohydrates,They are lipids,a
"Papain, a proteolytic enzyme from papaya latex, is used as a meat tenderizer and in digestive aid preparations.",True,False,It is an amylase,It is a lipase,a
"Bromelain, a proteolytic enzyme from pineapple, has anti-inflammatory properties.",True,False,It is a carbohydrate,It is an alkaloid,a
Diastase (Amylase) is an enzyme that hydrolyzes starch into sugars.,True,False,It hydrolyzes proteins,It hydrolyzes fats,a
Pepsin is a proteolytic enzyme active in the acidic environment of the stomach.,True,False,It is active in alkaline pH,It digests carbohydrates,a
Trypsin and Chymotrypsin are proteolytic enzymes produced by the pancreas and active in the small intestine.,True,False,They are produced in the stomach,They digest fats,a
Rennin (Chymosin) is an enzyme from calf stomach used to coagulate milk in cheese making.,True,False,It is a plant enzyme,It digests starch,a
"Hyaluronidase is an enzyme that breaks down hyaluronic acid, a component of connective tissue, and is used to facilitate the dispersion or absorption of injected drugs.",True,False,It builds up hyaluronic acid,It is a proteolytic enzyme,a
Streptokinase and Urokinase are enzymes used as thrombolytic agents to dissolve blood clots.,True,False,They promote blood clotting,They are digestive enzymes,a
Penicillinase is an enzyme produced by some bacteria that inactivates penicillin.,True,False,It activates penicillin,It is a type of penicillin,a
"Vitamins are organic compounds required in small quantities for normal growth and metabolic processes. They are classified as fat-soluble (A, D, E, K) and water-soluble (B-complex, C).",True,False,They are inorganic minerals,They are proteins,a
"Vitamin A (Retinol) is essential for vision, growth, and epithelial tissue integrity. Rich sources include fish liver oils, liver, dairy products, and carotenoids in plants.",True,False,It is water-soluble,It is synthesized in the human body in adequate amounts,a
Vitamin D (Calciferol) is essential for calcium and phosphorus metabolism and bone health. It can be synthesized in the skin upon exposure to sunlight.,True,False,It is water-soluble,Its deficiency causes scurvy,a
Vitamin E (Tocopherols) is an antioxidant that protects cell membranes from oxidative damage.,True,False,It is involved in blood clotting,It is water-soluble,a
Vitamin K is essential for the synthesis of blood clotting factors.,True,False,It is an antioxidant like Vitamin E,It is water-soluble,a
Vitamin C (Ascorbic acid) is an antioxidant involved in collagen synthesis and immune function. Deficiency leads to scurvy.,True,False,It is fat-soluble,It is synthesized by the human body,a
Thiamine (Vitamin B1) is involved in carbohydrate metabolism. Deficiency leads to Beriberi.,True,False,It is fat-soluble,Its deficiency causes pellagra,a
"Riboflavin (Vitamin B2) is a component of coenzymes FAD and FMN, involved in redox reactions.",True,False,It is fat-soluble,Its deficiency causes pernicious anemia,a
"Niacin (Nicotinic acid, Vitamin B3) is a component of NAD and NADP. Deficiency leads to Pellagra.",True,False,It is fat-soluble,Its deficiency causes beriberi,a
Pantothenic acid (Vitamin B5) is a component of Coenzyme A.,True,False,It is fat-soluble,Its deficiency is common and severe,a
Pyridoxine (Vitamin B6) is involved in amino acid metabolism.,True,False,It is fat-soluble,Its deficiency causes scurvy,a
Biotin (Vitamin B7 or Vitamin H) is involved in carboxylation reactions.,True,False,It is fat-soluble,It is not essential for humans,a
Folic acid (Vitamin B9) is essential for DNA synthesis and cell division. Deficiency can cause megaloblastic anemia and neural tube defects.,True,False,It is fat-soluble,It is primarily involved in fat metabolism,a
Cobalamin (Vitamin B12) contains cobalt and is essential for DNA synthesis and neurological function. Deficiency leads to pernicious anemia.,True,False,It is fat-soluble,It is found abundantly in plant sources,a
Hormones are chemical messengers produced by endocrine glands that regulate various physiological processes.,True,False,They are enzymes,They are vitamins,a
"Insulin, produced by the pancreas, regulates blood glucose levels.",True,False,It increases blood glucose,It is a steroid hormone,a
"Thyroxine, produced by the thyroid gland, regulates metabolism.",True,False,It is a peptide hormone,It lowers metabolic rate,a
"Corticosteroids (e.g., cortisol, aldosterone) are produced by the adrenal cortex and are involved in stress response, inflammation, and electrolyte balance.",True,False,They are produced by the pancreas,They are peptide hormones,a
"Sex hormones (e.g., estrogen, progesterone, testosterone) are produced by the gonads and adrenal glands and regulate reproductive functions and secondary sexual characteristics.",True,False,They are all peptide hormones,They are primarily involved in glucose metabolism,a
"Growth hormone (Somatotropin), produced by the pituitary gland, stimulates growth and cell reproduction.",True,False,It is a steroid hormone,It is produced by the thyroid gland,a
"The term ""crude drug evaluation"" is synonymous with:",Drug discovery,Drug standardization,Clinical trials,Pharmacological testing,b
Which of the following is a chemical method of crude drug evaluation?,Determination of ash value,Titrimetric estimation of active constituents,Microscopic examination of trichomes,Organoleptic assessment,b
Biological evaluation (bioassay) of crude drugs is performed when:,Chemical methods are available and reliable,The active constituents are unknown or cannot be easily isolated/quantified by chemical means,The drug has no pharmacological activity,Only physical parameters need to be assessed,b
Bioassays often involve measuring the pharmacological response of a drug on:,Living organisms (animals),Isolated tissues or organs,Microorganisms,All of the above,d
The potency of Digitalis is often determined by bioassay on:,Rats,Rabbits,Pigeons or Guinea pigs (measuring lethal dose or effect on heart),Bacteria,c
The microbiological assay is used for determining the potency of:,Cardiac glycosides,Antibiotics,Alkaloids,Tannins,b
"The ""cup-plate method"" or ""cylinder-plate method"" is a common technique in:",Tannin estimation,Alkaloid isolation,Microbiological assay of antibiotics,Volatile oil distillation,c
The quality of an herbal drug can be affected by:,Genetic factors (plant strain),"Environmental factors (climate, soil)","Cultivation, collection, drying, and storage practices",All of the above,d
Good Agricultural and Collection Practices (GACP) for medicinal plants aim to ensure:,High yield of biomass only,"Quality, safety, and traceability of raw herbal materials",Use of maximum pesticides,Collection from polluted areas,b
"The term ""chemotype"" or ""chemical race"" refers to plants of the same species that differ in their:",Morphological appearance,Chemical composition (especially secondary metabolites),Chromosome number,Geographical distribution only,b
"An example of a plant with well-known chemotypes is Thymus vulgaris (Thyme), which can have different dominant volatile oil components like thymol, carvacrol, linalool, etc.",True,False,Thyme has no volatile oil,All thyme plants are chemically identical,a
"Polyploidy (having more than two sets of chromosomes) can sometimes lead to changes in plant size, vigor, and phytochemical content.",True,False,Polyploidy only occurs in animals,Polyploidy always reduces phytochemical content,a
"Hybridization (crossing different species or varieties) can be used to develop new plant cultivars with desired traits, including improved phytochemical profiles.",True,False,Hybridization is not possible in plants,Hybridization always leads to inferior plants,a
"Mutation breeding involves inducing mutations (e.g., using radiation or chemicals) to create genetic variability and select for improved traits.",True,False,Mutations are always harmful,This technique is only used for animals,a
The choice of solvent for extraction depends on:,The polarity and solubility of the desired phytochemicals,Cost and safety of the solvent,Selectivity for the target compounds,All of the above,d
"Supercritical fluid extraction (SFE), often using carbon dioxide, is an environmentally friendly extraction method that can be highly selective.",True,False,It uses highly toxic solvents,It is only suitable for polar compounds,a
Microwave-Assisted Extraction (MAE) and Ultrasound-Assisted Extraction (UAE) are modern techniques that can enhance extraction efficiency and reduce extraction time.,True,False,These methods are slower than conventional methods,These methods degrade most phytochemicals,a
"After extraction, the crude extract often needs to be concentrated, typically by:",Adding more solvent,"Evaporating the solvent under reduced pressure (e.g., using a rotary evaporator)",Freezing the extract,Diluting with water,b
"Fractionation of a crude extract is done to separate groups of compounds based on their physicochemical properties (e.g., polarity) using techniques like liquid-liquid extraction or column chromatography.",True,False,Fractionation is the same as initial extraction,Fractionation aims to mix all compounds together,a
"Isolation of pure compounds from a fraction usually involves repeated chromatographic techniques (e.g., column chromatography, preparative HPLC).",True,False,Pure compounds are isolated by simple filtration,Pure compounds are isolated by drying the extract,a
"Structure elucidation of an isolated pure compound involves using spectroscopic techniques like NMR, MS, IR, UV, and sometimes X-ray crystallography to determine its chemical structure.",True,False,Structure is determined by tasting the compound,Structure is determined by its color,a
"A ""lead compound"" in drug discovery is a chemical compound that has pharmacological or biological activity likely to be therapeutically useful, but may still have suboptimal structure that requires modification to achieve better potency, selectivity, or pharmacokinetic parameters.",True,False,A lead compound is always the final drug,A lead compound has no biological activity,a
Many modern synthetic drugs have their origins in natural products or were inspired by the structure of natural compounds.,True,False,All modern drugs are purely synthetic with no natural basis,Natural products are no longer relevant for drug discovery,a
"Artemisinin, an antimalarial drug, was isolated from Artemisia annua (Sweet wormwood), a plant used in Traditional Chinese Medicine.",True,False,It was isolated from Cinchona bark,It is a synthetic antibiotic,a
"Galantamine, used to treat Alzheimer's disease, is an alkaloid originally isolated from snowdrop bulbs (Galanthus species).",True,False,It is a synthetic compound with no natural origin,It is from Ginkgo biloba,a
The study of how genetic variations affect individual responses to drugs (including herbal medicines) is called:,Pharmacogenomics or Pharmacogenetics,Proteomics,Metabolomics,Toxicology,a
"""Functional foods"" are foods that have a potentially positive effect on health beyond basic nutrition. They can include conventional foods, fortified foods, or enhanced foods.",True,False,They are the same as junk foods,They only provide calories,a
"Examples of functional foods include oats (containing beta-glucan for cholesterol lowering) and tomatoes (containing lycopene, an antioxidant).",True,False,These are not considered functional foods,Functional foods are always synthetic,a
"Dietary supplements are products intended to supplement the diet, containing one or more dietary ingredients (vitamins, minerals, herbs, amino acids, etc.). They are regulated differently from conventional foods and drugs in many countries.",True,False,They are regulated exactly like prescription drugs,They are meant to replace a healthy diet,a
"The term ""adulterant"" can refer to any substance that is intentionally or unintentionally added to a drug, reducing its quality or purity.",True,False,Adulterants always improve drug quality,Adulterants are only found in food,a
"Sophistication is a type of intentional adulteration where a genuinely inferior material is added or substituted, which may be difficult to detect.",True,False,It is always unintentional,It improves the drug's efficacy,a
"Admixture refers to the addition of one article to another through carelessness or by accident, e.g., mixing of soil or stones during collection.",True,False,It is always intentional,It is a type of purification,a
"Deterioration refers to the impairment of the quality or value of a drug due to microbial contamination, improper storage, or attack by insects/rodents.",True,False,It is a method of improving drug quality,It only refers to chemical changes,a
"Spoilage is a form of deterioration, often due to microbial action, making the drug unfit for use.",True,False,Spoilage enhances medicinal properties,Spoilage is a type of adulteration by substitution,a
"Substitution with exhausted drugs involves using a drug from which the active constituents have already been extracted, but it still resembles the genuine drug.",True,False,This increases the potency of the drug,This is not considered adulteration,a
Substitution with artificially manufactured substitutes involves using materials that are made to resemble the genuine drug but are not derived from the correct botanical source.,True,False,This is a legitimate way to produce herbal drugs,This only applies to synthetic drugs,a
"The use of vegetative parts of the same plant that are not the official drug part (e.g., using stems when leaves are the official part) is a form of adulteration.",True,False,This is acceptable as long as it's from the same plant,This enhances the drug's activity,a
"The presence of harmful foreign matter, like pieces of glass, metal, or animal excreta, is a serious form of adulteration.",True,False,This is considered a minor issue,This is only relevant for food products,a
"Chromatographic fingerprinting (e.g., TLC, HPLC, GC fingerprints) is a powerful tool for the identification and quality control of herbal medicines, providing a characteristic profile of the phytochemicals present.",True,False,It is only used for synthetic drugs,It only identifies a single compound,a
A pharmacognostic monograph typically includes information on:,Macroscopic and microscopic characters of the drug,Chemical constituents and tests for identification,"Standards for purity and strength (e.g., ash values, extractive values, assay of active constituents)",All of the above,d
"The term ""bioactive compound"" in pharmacognosy refers to:",Any compound found in living organisms,A compound that has a biological effect on a living organism,A compound that is only active in vitro,A compound that is toxic to all organisms,b
"Secondary metabolites are organic compounds produced by plants, fungi, and bacteria that are not directly involved in the normal growth, development, or reproduction of the organism, but often have ecological roles and can possess pharmacological activities.",True,False,They are essential for primary metabolic processes,They are only found in animals,b
Examples of major classes of secondary metabolites include:,"Carbohydrates, proteins, lipids","Alkaloids, glycosides, terpenes, flavonoids, tannins","Vitamins, minerals, water","Amino acids, nucleic acids",b
"The shikimic acid pathway is a metabolic pathway used by bacteria, fungi, algae, and plants for the biosynthesis of:",Terpenoids,"Aromatic amino acids (phenylalanine, tyrosine, tryptophan) and many secondary metabolites derived from them (e.g., alkaloids, flavonoids, lignans)",Fatty acids,Steroids,b
The mevalonic acid pathway (MVA pathway) and the methylerythritol phosphate pathway (MEP pathway) are the two main pathways for the biosynthesis of:,Alkaloids,Terpenoids (isoprenoids),Flavonoids,Tannins,b
The acetate-malonate pathway is a major biosynthetic route for:,Alkaloids,Terpenoids,"Fatty acids, polyketides, and some flavonoids",Amino acids,c
"The term ""biosynthesis"" refers to:",The breakdown of complex molecules into simpler ones,The formation of complex chemical compounds from simpler precursors in living organisms,The study of biological systems,The extraction of natural products,b
Tissue culture techniques can be used for the production of secondary metabolites that are difficult to obtain from whole plants or are produced in very low quantities.,True,False,Tissue culture only produces primary metabolites,Tissue culture is only for genetic modification,a
Elicitors are compounds that induce or enhance the biosynthesis of secondary metabolites in plant cell cultures.,True,False,Elicitors inhibit secondary metabolite production,Elicitors are only used in animal cell cultures,a
Bioreactors are used in plant cell culture for:,Small-scale laboratory experiments only,Large-scale production of plant cells and secondary metabolites,Drying plant material,Extracting essential oils,b
"The term ""phytomedicine"" refers to:",Synthetic drugs,Medicines derived from plants,Animal-derived medicines,Mineral-based medicines,b
"The concept of ""evidence-based phytotherapy"" emphasizes:",Relying solely on traditional knowledge,Using herbal medicines whose efficacy and safety are supported by scientific research and clinical trials,Promoting all herbal remedies without scientific scrutiny,Disregarding all traditional uses of plants,b
"The ""pharmacological screening"" of natural products involves:",Identifying the plant species,"Testing extracts or isolated compounds for specific biological activities (e.g., antimicrobial, anti-inflammatory, anticancer)",Cultivating the plant,Drying the plant material,b
In vitro assays are performed:,In living organisms,In a test tube or other controlled environment outside of a living organism,Only on human subjects,Only on animals,b
In vivo assays are performed:,In a test tube,"In living organisms (e.g., animal models)",Only on isolated cells,Only on plant extracts,b
"The term ""ethnopharmacology"" is the scientific study of:",The effects of drugs on ethnic groups,The traditional medicinal uses of plants and other natural substances by different cultures,The pharmacology of synthetic drugs,The economics of pharmaceutical production,b
Reverse pharmacology (or,True,False,It only applies to synthetic drugs,It is the same as conventional drug discovery,a
"The term ""adjuvant"" in immunology refers to a substance that:",Suppresses the immune response,Enhances the immune response to an antigen,Directly kills pathogens,Is a type of antibiotic,b
"Some plant polysaccharides (e.g., from Echinacea, Astragalus) are known to act as immunomodulators or adjuvants.",True,False,Plant polysaccharides have no effect on the immune system,Only synthetic compounds can be immunomodulators,a
"The term ""preclinical studies"" in drug development involve:",Testing drugs on human volunteers,In vitro and in vivo (animal) studies to assess safety and efficacy before human trials,Marketing and sales of the drug,Post-market surveillance,b
"""Clinical trials"" involve testing drugs on human volunteers in different phases (Phase I, II, III) to assess safety, dosage, and efficacy.",True,False,Clinical trials are only for synthetic drugs,Clinical trials are only for assessing toxicity,a
"The ""New Drug Application (NDA)"" or ""Marketing Authorization Application (MAA)"" is submitted to regulatory authorities (e.g., FDA, EMA) after successful clinical trials to seek approval for marketing a new drug.",True,False,This application is only for herbal drugs,This application is submitted before preclinical studies,a
"The term ""post-market surveillance"" involves:",Preclinical studies,Monitoring the safety and effectiveness of a drug after it has been approved and marketed,Clinical trials,Drug manufacturing,b
"The ""Pharmacopoeia of India (IP)"" is the official book of standards for drugs in India.",True,False,It is only for herbal drugs,It is only for synthetic drugs,a
"The ""United States Pharmacopeia (USP)"" is published by the:",Food and Drug Administration (FDA),United States Pharmacopeial Convention (USP),American Medical Association,National Institutes of Health,b
"The ""Japanese Pharmacopoeia (JP)"" is the official pharmacopoeia of Japan.",True,False,It is only for traditional Chinese medicine,It is only for synthetic drugs,a
"The term ""herbal monograph"" provides detailed information about a specific herbal drug, including its botanical description, chemical constituents, traditional uses, pharmacological activities, and quality control parameters.",True,False,It is a book of recipes,It is a list of poisonous plants,a
"The ""European Medicines Agency (EMA)"" has a Committee on Herbal Medicinal Products (HMPC) that develops community herbal monographs.",True,False,EMA only regulates synthetic drugs,HMPC only deals with food supplements,a
"The ""World Health Organization (WHO)"" has published monographs on selected medicinal plants to promote their safe and effective use.",True,False,WHO only deals with infectious diseases,WHO discourages the use of herbal medicines,a
"The term ""phytoconstituents"" is synonymous with:",Plant diseases,Chemical compounds found in plants,Plant nutrients,Plant hormones,b
"The term ""adaptogen"" refers to a substance that:",Causes addiction,Helps the body adapt to stress and maintain homeostasis,Suppresses the immune system,Is a strong stimulant,b
Examples of well-known adaptogenic herbs include:,"Ginseng, Ashwagandha, Rhodiola","Opium, Cannabis, Coca","Digitalis, Belladonna, Strychnos","Senna, Cascara, Aloe",a
"The term ""bitter principle"" refers to compounds that impart a bitter taste and often stimulate digestive secretions.",True,False,They are always sweet,They have no taste,a
"Gentian root is a well-known bitter tonic, used to stimulate appetite and digestion.",True,False,It is a sweet herb,It is a laxative,a
"The term ""demulcent"" refers to a substance that:",Irritates mucous membranes,Soothes and protects irritated or inflamed mucous membranes,Causes vomiting,Acts as a diuretic,b
Examples of demulcent herbs include:,"Liquorice, Marshmallow root, Slippery elm bark","Chilli, Ginger, Black pepper","Coffee, Tea, Cola","Opium, Morphine, Codeine",a
"The term ""expectorant"" refers to a substance that:",Suppresses cough,Helps to clear mucus from the respiratory tract,Causes bronchoconstriction,Acts as a sedative,b
Examples of expectorant herbs include:,"Liquorice, Ipecacuanha, Senega","Belladonna, Datura, Hyoscyamus","Opium, Morphine, Codeine","Cannabis, Coca, Ephedra",a
"The term ""carminative"" refers to a substance that:",Causes flatulence,Relieves flatulence and abdominal discomfort,Increases stomach acid production,Acts as a laxative,b
Examples of carminative herbs include:,"Fennel, Anise, Peppermint, Ginger","Senna, Cascara, Aloe","Digitalis, Squill, Strophanthus","Belladonna, Datura, Hyoscyamus",a
"The term ""diuretic"" refers to a substance that:",Decreases urine production,Increases urine production and excretion,Causes constipation,Acts as a sedative,b
Examples of diuretic herbs include:,"Dandelion leaf, Parsley, Horsetail","Opium, Morphine, Codeine","Belladonna, Datura, Hyoscyamus","Senna, Cascara, Aloe",a
"The term ""laxative"" refers to a substance that:",Causes constipation,Promotes bowel movements,Reduces stomach acid,Acts as an anti-inflammatory,b
Examples of stimulant laxative herbs include:,"Senna, Cascara, Rhubarb","Psyllium, Ispaghula","Liquid paraffin, Glycerin","Magnesium hydroxide, Sodium phosphate",a
Examples of bulk-forming laxative herbs include:,"Psyllium, Ispaghula, Flaxseed","Senna, Cascara, Rhubarb","Castor oil, Bisacodyl","Magnesium hydroxide, Sodium phosphate",a
"The term ""anthelmintic"" refers to a substance that:",Promotes worm growth,Expels or kills parasitic worms,Treats bacterial infections,Treats fungal infections,b
Examples of anthelmintic herbs include:,"Wormwood, Male fern, Garlic","Peppermint, Ginger, Fennel","Digitalis, Squill, Strophanthus","Belladonna, Datura, Hyoscyamus",a
"The term ""antipyretic"" refers to a substance that:",Increases body temperature,Reduces fever,Causes inflammation,Acts as a stimulant,b
Examples of antipyretic herbs include:,"Willow bark, Cinchona bark","Opium, Morphine, Codeine","Belladonna, Datura, Hyoscyamus","Senna, Cascara, Aloe",a
"The term ""analgesic"" refers to a substance that:",Increases pain sensation,Relieves pain,Causes inflammation,Acts as a stimulant,b
Examples of analgesic herbs include:,"Willow bark, Opium poppy (morphine), Cannabis","Peppermint, Ginger, Fennel","Digitalis, Squill, Strophanthus","Belladonna, Datura, Hyoscyamus",a
"The term ""anti-inflammatory"" refers to a substance that:",Increases inflammation,Reduces inflammation,Causes pain,Acts as a stimulant,b
Examples of anti-inflammatory herbs include:,"Turmeric, Ginger, Boswellia, Willow bark","Opium, Morphine, Codeine","Belladonna, Datura, Hyoscyamus","Senna, Cascara, Aloe",a
"The term ""antimicrobial"" refers to a substance that:",Promotes microbial growth,Kills or inhibits the growth of microorganisms,Causes inflammation,Acts as a stimulant,b
Examples of antimicrobial herbs include:,"Garlic, Tea tree oil, Echinacea, Goldenseal","Opium, Morphine, Codeine","Belladonna, Datura, Hyoscyamus","Senna, Cascara, Aloe",a
"The term ""antioxidant"" refers to a substance that:",Promotes oxidation,Inhibits oxidation and protects cells from damage by free radicals,Causes inflammation,Acts as a stimulant,b
Examples of antioxidant herbs include:,"Green tea, Turmeric, Grapeseed, Rosemary","Opium, Morphine, Codeine","Belladonna, Datura, Hyoscyamus","Senna, Cascara, Aloe",a
"The term ""hepatoprotective"" refers to a substance that:",Damages the liver,Protects the liver from damage,Stimulates bile production,Acts as a diuretic,b
Examples of hepatoprotective herbs include:,"Milk Thistle (Silybum marianum), Picrorhiza kurroa","Opium, Morphine, Codeine","Belladonna, Datura, Hyoscyamus","Senna, Cascara, Aloe",a
"The term ""cardiotonic"" refers to a substance that:",Weakens heart contractions,Strengthens heart contractions,Increases heart rate,Decreases heart rate,b
Examples of cardiotonic herbs include:,"Digitalis, Strophanthus, Squill","Peppermint, Ginger, Fennel","Belladonna, Datura, Hyoscyamus","Senna, Cascara, Aloe",a
"The term ""hypoglycemic"" refers to a substance that:",Increases blood glucose levels,Decreases blood glucose levels,Has no effect on blood glucose,Causes hyperglycemia,b
Examples of hypoglycemic herbs include:,"Fenugreek, Bitter melon, Gymnema sylvestre","Opium, Morphine, Codeine","Belladonna, Datura, Hyoscyamus","Senna, Cascara, Aloe",a
"The term ""hypolipidemic"" refers to a substance that:",Increases blood lipid levels,"Decreases blood lipid levels (e.g., cholesterol, triglycerides)",Has no effect on blood lipids,Causes hyperlipidemia,b
Examples of hypolipidemic herbs include:,"Garlic, Guggul, Fenugreek","Opium, Morphine, Codeine","Belladonna, Datura, Hyoscyamus","Senna, Cascara, Aloe",a
"The term ""antihypertensive"" refers to a substance that:",Increases blood pressure,Decreases blood pressure,Has no effect on blood pressure,Causes hypertension,b
Examples of antihypertensive herbs include:,"Rauwolfia, Garlic, Hawthorn","Opium, Morphine, Codeine","Belladonna, Datura, Hyoscyamus","Senna, Cascara, Aloe",a
"The term ""immunostimulant"" refers to a substance that:",Suppresses the immune system,Stimulates or enhances the immune system,Has no effect on the immune system,Causes autoimmune diseases,b
Examples of immunostimulant herbs include:,"Echinacea, Astragalus, Siberian Ginseng","Opium, Morphine, Codeine","Belladonna, Datura, Hyoscyamus","Senna, Cascara, Aloe",a
"The term ""sedative"" refers to a substance that:",Increases alertness,"Calms or tranquilizes, reducing anxiety and promoting sleep",Causes excitement,Acts as a stimulant,b
Examples of sedative herbs include:,"Valerian, Passionflower, Chamomile, Lemon balm","Coffee, Tea, Cola","Ephedra, Strychnos","Chilli, Ginger",a
"The term ""hypnotic"" refers to a substance that:",Prevents sleep,Induces sleep,Causes nightmares,Acts as a stimulant,b
"Some sedative herbs, when taken in higher doses, can also act as hypnotics.",True,False,Sedatives and hypnotics are always distinct,Hypnotics are always synthetic,a
"The term ""nervine"" refers to a substance that:",Damages nerves,"Acts on the nervous system to calm, strengthen, or restore nerve function",Causes nerve pain,Stimulates nerve growth,b
Examples of nervine herbs include:,"Oats, Skullcap, St. John's Wort","Opium, Morphine, Codeine","Belladonna, Datura, Hyoscyamus","Senna, Cascara, Aloe",a
"The term ""aphrodisiac"" refers to a substance that:",Decreases sexual desire,Increases sexual desire or performance,Causes infertility,Acts as a contraceptive,b
Examples of aphrodisiac herbs include:,"Yohimbe, Maca, Tribulus terrestris","Opium, Morphine, Codeine","Belladonna, Datura, Hyoscyamus","Senna, Cascara, Aloe",a
"The term ""emmenagogue"" refers to a substance that:",Suppresses menstruation,Stimulates or regulates menstrual flow,Causes amenorrhea,Acts as a contraceptive,b
Examples of emmenagogue herbs include:,"Pennyroyal, Mugwort, Black Cohosh","Opium, Morphine, Codeine","Belladonna, Datura, Hyoscyamus","Senna, Cascara, Aloe",a
"The term ""galactagogue"" refers to a substance that:",Decreases milk production,Increases milk production in lactating mothers,Causes mastitis,Acts as a contraceptive,b
Examples of galactagogue herbs include:,"Fenugreek, Fennel, Blessed Thistle","Opium, Morphine, Codeine","Belladonna, Datura, Hyoscyamus","Senna, Cascara, Aloe",a
"The term ""oxytocic"" refers to a substance that:",Relaxes the uterus,Stimulates uterine contractions,Inhibits labor,Causes uterine prolapse,b
Examples of oxytocic herbs include:,"Ergot, Blue Cohosh, Raspberry leaf","Opium, Morphine, Codeine","Belladonna, Datura, Hyoscyamus","Senna, Cascara, Aloe",a
"The term ""abortifacient"" refers to a substance that:",Prevents abortion,Induces abortion,Promotes fetal development,Acts as a contraceptive,b
Some herbs can have abortifacient properties and should be avoided during pregnancy.,True,False,All herbs are safe during pregnancy,Only synthetic drugs can be abortifacients,a
"The term ""teratogenic"" refers to a substance that:",Promotes normal fetal development,Causes birth defects,Has no effect on fetal development,Acts as a contraceptive,b
Some herbs can be teratogenic and should be avoided during pregnancy.,True,False,All herbs are safe during pregnancy,Only synthetic drugs can be teratogenic,a
"The term ""mutagenic"" refers to a substance that:",Repairs DNA damage,Causes genetic mutations,Has no effect on DNA,Prevents cancer,b
"The term ""carcinogenic"" refers to a substance that:",Prevents cancer,Causes cancer,Has no effect on cancer development,Treats cancer,b
"The term ""allergen"" refers to a substance that:",Suppresses allergic reactions,Causes an allergic reaction,Has no effect on the immune system,Treats infections,b
Some plant materials can cause allergic reactions in susceptible individuals.,True,False,Plants never cause allergies,Only pollen causes allergies,a
"The term ""photosensitizer"" refers to a substance that:",Protects from sunlight,"Increases sensitivity to light, leading to skin reactions upon sun exposure",Has no effect on light sensitivity,Causes skin tanning,b
"Furanocoumarins, found in plants like celery, parsley, and St. John's Wort, can be photosensitizers.",True,False,Furanocoumarins are always beneficial,Furanocoumarins are only found in synthetic drugs,a
"The term ""drug-herb interaction"" refers to:",The interaction between two different herbs,"The interaction between a conventional drug and an herbal medicine, potentially altering the effects of either",The interaction between a drug and food,The interaction between a drug and a disease,b
Potential consequences of drug-herb interactions include:,Increased toxicity of the drug or herb,Decreased efficacy of the drug or herb,Altered pharmacokinetic or pharmacodynamic profiles,All of the above,d
It is important for healthcare professionals to inquire about herbal medicine use when taking a patient's medication history.,True,False,Herbal medicines never interact with conventional drugs,Only prescription drugs are relevant for medication history,a
"The term ""quality assurance (QA)"" in pharmacognosy encompasses all activities that ensure the quality of herbal drugs and products, from cultivation to consumption.",True,False,QA only applies to synthetic drugs,QA is only about testing the final product,a
"""Good Laboratory Practices (GLP)"" are a set of principles that provide a framework within which laboratory studies are planned, performed, monitored, recorded, reported, and archived.",True,False,GLP only applies to clinical trials,GLP is only for manufacturing facilities,a
"""Good Storage Practices (GSP)"" are guidelines for the proper storage of pharmaceutical products, including herbal drugs, to maintain their quality and prevent degradation.",True,False,GSP is only for finished products,GSP is not important for herbal drugs,a
"The term ""adulteration"" can also refer to the addition of a substance that is similar in appearance but has no therapeutic value or is harmful.",True,False,Adulteration always improves quality,Adulteration is only about adding impurities,a
"The term ""shelf-life"" or ""expiration date"" of an herbal product indicates the period during which the product is expected to remain within approved specifications, provided it is stored under defined conditions.",True,False,Herbal products do not have a shelf-life,Shelf-life is only for synthetic drugs,a
Factors that can affect the stability and shelf-life of herbal products include:,"Temperature, light, humidity",Packaging materials,Presence of microorganisms or enzymes,All of the above,d
"The term ""bioavailability"" refers to the rate and extent to which the active ingredient or active moiety is absorbed from a drug product and becomes available at the site of action.",True,False,Bioavailability is only relevant for synthetic drugs,Bioavailability is the same as potency,a
The bioavailability of phytochemicals from herbal products can be influenced by:,The formulation of the product,The presence of other compounds in the herb,"Individual patient factors (e.g., gut microflora, metabolism)",All of the above,d
"The term ""synergism"" in pharmacognosy refers to a situation where the combined effect of two or more compounds is greater than the sum of their individual effects.",True,False,Synergism means the compounds cancel each other out,Synergism only occurs with synthetic drugs,a
The therapeutic effects of some herbal medicines are believed to be due to the synergistic interaction of multiple phytochemicals rather than a single active compound.,True,False,All herbal effects are due to a single compound,Synergism is not relevant for herbal medicines,a
"The term ""antagonism"" refers to a situation where one substance counteracts or reduces the effect of another.",True,False,Antagonism means the effects are additive,Antagonism only occurs with synthetic drugs,a
"The term ""traditional knowledge"" (TK) in the context of medicinal plants refers to the knowledge, innovations, and practices of indigenous and local communities embodying traditional lifestyles relevant for the conservation and sustainable use of biological diversity.",True,False,TK is not relevant for modern medicine,TK is always scientifically incorrect,a
The protection of traditional knowledge is an important issue to prevent biopiracy and ensure fair benefit-sharing.,True,False,TK does not need protection,Biopiracy is not a concern,a
"The term ""ethnoveterinary medicine"" refers to the traditional beliefs, knowledge, skills, methods, and practices used by people for the healthcare of animals.",True,False,It only refers to modern veterinary medicine,It is not relevant for animal health,a
Many plants used in traditional human medicine are also used in ethnoveterinary medicine.,True,False,Plants are never used for animal health,Ethnoveterinary medicine only uses synthetic drugs,a
"The term ""cosmeceuticals"" refers to cosmetic products that have or claim to have medicinal or drug-like benefits.",True,False,They are the same as prescription drugs,They are only for internal use,a
"Many plant extracts and phytochemicals are used in cosmeceuticals for their antioxidant, anti-inflammatory, moisturizing, or anti-aging properties.",True,False,Plants have no role in cosmetics,Cosmeceuticals are always synthetic,a
"Examples of plant-derived ingredients in cosmeceuticals include Aloe vera, Green tea extract, Chamomile, Calendula, and various essential oils.",True,False,These are only used in food products,These are only used in prescription drugs,a
"The term ""aromatic plants"" are those that produce and store aromatic substances, mainly volatile oils, in their various parts.",True,False,Aromatic plants do not produce volatile oils,Aromatic plants are always non-medicinal,a
"Aromatherapy is a form of alternative medicine that uses volatile plant oils, including essential oils, for psychological and physical well-being.",True,False,Aromatherapy only uses synthetic fragrances,Aromatherapy is only for perfumes,a
Essential oils used in aromatherapy can be administered through:,Inhalation,Topical application (often diluted in a carrier oil),Both a and b,Only oral ingestion,c
"The term ""carrier oil"" or ""base oil"" in aromatherapy refers to a vegetable oil (e.g., almond oil, jojoba oil, coconut oil) used to dilute essential oils before applying them to the skin.",True,False,Carrier oils are the same as essential oils,Carrier oils are synthetic,a
"The term ""chemotaxonomy"" is the classification of plants based on their chemical constituents, particularly secondary metabolites.",True,False,It is based on morphological characters only,It is based on geographical distribution only,a
Chemotaxonomy can be a useful tool in pharmacognosy for identifying plant relationships and predicting the presence of certain types of phytochemicals.,True,False,It has no practical application,It is only used for animals,a
"The term ""plant systematics"" is the science of plant diversity and the evolutionary relationships among different plant groups.",True,False,It is the same as plant physiology,It is only about plant cultivation,a
"The term ""voucher specimen"" in pharmacognosy refers to a pressed and dried plant sample, representative of the plant material studied, deposited in a recognized herbarium for future reference and verification.",True,False,It is a living plant sample,It is a chemical extract,a
Proper botanical identification and authentication of plant material are crucial first steps in ensuring the quality and safety of herbal medicines.,True,False,Botanical identification is not important,Only chemical analysis is needed,a
"The term ""pharmacopoeial name"" or ""official name"" of a drug is the name by which it is designated in an official pharmacopoeia.",True,False,It is the same as the common name,It is the same as the brand name,a
"The term ""synonym"" for a drug refers to other names by which the drug is known, including common names or older botanical names.",True,False,Synonyms are always incorrect names,Synonyms are only brand names,a
"The ""biological source"" of a crude drug usually includes the botanical name of the plant (genus, species, authority), the part of the plant used, and sometimes the family name.",True,False,It only includes the common name,It only includes the geographical origin,a
"The ""geographical source"" or ""habitat"" refers to the region or country where the plant naturally grows or is cultivated.",True,False,It is the same as the biological source,It is not relevant for crude drugs,a
"The ""method of collection"" can significantly impact the quality and quantity of active constituents in a crude drug (e.g., time of day, season, stage of plant development).",True,False,Method of collection has no impact on quality,Drugs can be collected at any time,a
"The ""method of drying"" is crucial to prevent enzymatic degradation, microbial growth, and loss of volatile constituents, while preserving the active compounds.",True,False,Drying is not necessary for crude drugs,All drugs should be dried in direct sunlight,a
"""Garbling"" is the process of removing extraneous matter, such as dirt, insects, or other plant parts, from the collected crude drug.",True,False,Garbling is the same as drying,Garbling is the same as extraction,a
"Proper ""packaging and storage"" are essential to protect crude drugs from light, moisture, insects, and rodents, and to maintain their quality over time.",True,False,Crude drugs do not require special packaging,Crude drugs can be stored anywhere,a
"The term ""organized drugs"" refers to crude drugs that consist of definite cellular plant parts (e.g., leaves, flowers, fruits, seeds, barks, roots).",True,False,They are non-cellular,They are always powders,a
"The term ""unorganized drugs"" refers to crude drugs that are non-cellular products derived from plants or animals by processes like incision, drying, or extraction (e.g., gums, resins, oleo-resins, fixed oils, juices, extracts).",True,False,They are always cellular,They are always whole plant parts,a
"Examples of drugs derived from animal sources include cod liver oil, shark liver oil, beeswax, lanolin, gelatin, and hormones like insulin (historically).",True,False,All drugs are from plants,Animal sources are not used in medicine,a
"Examples of drugs derived from mineral sources include kaolin, bentonite, calamine, and talc.",True,False,All drugs are organic,Mineral sources are not used in medicine,a
"The term ""plant defense mechanisms"" refers to the strategies plants use to protect themselves from herbivores, pathogens, and environmental stresses. Many secondary metabolites play a role in these defenses.",True,False,Plants have no defense mechanisms,Secondary metabolites are only for human use,a
"Allelopathy is a biological phenomenon where one organism produces biochemicals that influence the growth, survival, development, and reproduction of other organisms. These biochemicals are known as allelochemicals and can have positive (beneficial) or negative (detrimental) effects.",True,False,Allelopathy only refers to animal interactions,Allelochemicals are always harmful,a
"The term ""phytoremediation"" is the use of living green plants for the in situ removal, degradation, or containment of contaminants in soils, sludges, sediments, surface water, and groundwater.",True,False,It uses animals for remediation,It is a method of plant cultivation,a
"Some plants can accumulate heavy metals or degrade organic pollutants, making them useful for phytoremediation.",True,False,Plants cannot tolerate pollutants,Phytoremediation is not an effective technique,a
"The term ""endophytic fungi"" refers to fungi that live within plant tissues without causing any apparent disease symptoms. They can produce a variety of bioactive secondary metabolites.",True,False,Endophytic fungi are always pathogenic,Endophytic fungi do not produce secondary metabolites,a
"Paclitaxel (Taxol) was originally isolated from the bark of the Pacific yew tree (Taxus brevifolia), but it has also been found to be produced by endophytic fungi associated with the tree.",True,False,Paclitaxel is a synthetic drug,Endophytic fungi cannot produce complex molecules like paclitaxel,a
"The term ""bioprospecting"" is the exploration of biodiversity for commercially valuable genetic and biochemical resources, including new drugs, agrochemicals, and industrial products.",True,False,It is the same as biopiracy,It is only for mineral exploration,a
Ethical considerations and benefit-sharing agreements are crucial aspects of responsible bioprospecting.,True,False,Ethical considerations are not important,Benefit-sharing is not required,a
"The term ""high-throughput screening (HTS)"" is a drug discovery process that allows for the rapid automated testing of large numbers of chemical or biological compounds for a specific biological activity.",True,False,HTS is a slow and manual process,HTS is only used for natural products,a
Natural product libraries (collections of extracts or pure compounds) are often used in HTS campaigns to identify new lead compounds.,True,False,Only synthetic compound libraries are used in HTS,Natural products are not suitable for HTS,a
"The term ""combinatorial chemistry"" is a technique used to synthesize a large number of different but structurally related compounds in a short period, often used to create libraries for HTS.",True,False,It is a method for isolating natural products,It is only used for small-scale synthesis,a
"The term ""structure-activity relationship (SAR)"" is the study of how the chemical structure of a molecule relates to its biological activity. This information is used to design more potent and selective drugs.",True,False,Chemical structure has no relation to biological activity,SAR is only relevant for synthetic drugs,a
"The term ""quantitative structure-activity relationship (QSAR)"" uses mathematical models to correlate chemical structure with biological activity.",True,False,QSAR does not use mathematical models,QSAR is only for qualitative analysis,a
"The term ""molecular modeling"" uses computational techniques to simulate the behavior of molecules and their interactions, aiding in drug design and understanding mechanisms of action.",True,False,Molecular modeling is an experimental technique,Molecular modeling is not used in drug discovery,a
"The term ""drug target"" refers to a specific molecule in the body (e.g., a receptor, enzyme, ion channel) that a drug interacts with to produce its therapeutic effect.",True,False,Drugs do not interact with specific targets,The drug target is always the drug itself,a
"The term ""ligand"" refers to a molecule that binds to a specific receptor.",True,False,A ligand is always a protein,A ligand is always a carbohydrate,a
"The term ""agonist"" refers to a ligand that binds to a receptor and activates it, producing a biological response.",True,False,An agonist blocks a receptor,An agonist has no effect on a receptor,a
"The term ""antagonist"" refers to a ligand that binds to a receptor but does not activate it, thereby blocking the action of an agonist.",True,False,An antagonist activates a receptor,An antagonist is always a natural compound,a
"The term ""enzyme inhibitor"" refers to a molecule that binds to an enzyme and decreases its activity.",True,False,An enzyme inhibitor increases enzyme activity,An enzyme inhibitor is always a protein,a
"Many natural products act as enzyme inhibitors, which can be a mechanism for their therapeutic effects.",True,False,Natural products never inhibit enzymes,Only synthetic drugs inhibit enzymes,a
"The term ""receptor"" refers to a protein molecule, usually found on the surface of a cell or in the cytoplasm, that binds to a specific molecule (ligand) and initiates a cellular response.",True,False,Receptors are always found in the nucleus,Receptors are always carbohydrates,a
"The term ""ion channel"" refers to a pore-forming protein complex that facilitates the diffusion of ions across the cell membrane.",True,False,Ion channels block ion movement,Ion channels are only found in plants,a
"Some natural products can modulate ion channel activity, affecting nerve impulses or muscle contraction.",True,False,Natural products have no effect on ion channels,Only synthetic drugs modulate ion channels,a
"The term ""transporter protein"" refers to a protein that moves ions, small molecules, or macromolecules across a biological membrane.",True,False,Transporter proteins only move water,Transporter proteins are always found in the cell wall,a
"The term ""pharmacophore"" refers to the ensemble of steric and electronic features that is necessary to ensure the optimal supramolecular interactions with a specific biological target structure and to trigger (or block) its biological response.",True,False,A pharmacophore is a type of plant,A pharmacophore is a type of chemical test,a
"The term ""prodrug"" refers to a biologically inactive compound that can be metabolized in the body to produce a drug.",True,False,A prodrug is always active,A prodrug is always synthetic,a
"Some natural products are prodrugs, requiring metabolic activation to exert their therapeutic effects.",True,False,Natural products are never prodrugs,Only synthetic drugs are prodrugs,a
"The term ""drug metabolism"" refers to the chemical modification of drugs by enzymes in the body, primarily in the liver.",True,False,Drug metabolism only occurs in the kidneys,Drug metabolism always activates drugs,a
"Phase I metabolism reactions (e.g., oxidation, reduction, hydrolysis) typically introduce or expose a polar functional group, making the drug more reactive.",True,False,Phase I reactions always make drugs less reactive,Phase I reactions are only for natural products,a
"Phase II metabolism reactions (conjugation reactions) involve the attachment of a polar molecule (e.g., glucuronic acid, sulfate) to the drug or its Phase I metabolite, making it more water-soluble and easier to excrete.",True,False,Phase II reactions make drugs less water-soluble,Phase II reactions are only for synthetic drugs,a
"The term ""drug excretion"" refers to the removal of drugs and their metabolites from the body, primarily via the kidneys (urine) and liver (bile).",True,False,Drug excretion only occurs through sweat,Drug excretion always activates drugs,a
"The term ""half-life"" of a drug is the time it takes for the concentration of the drug in the body to be reduced by half.",True,False,Half-life is the time it takes for the drug to be fully excreted,Half-life is only relevant for toxic substances,a
"The term ""volume of distribution"" is a theoretical volume that relates the amount of drug in the body to the concentration of drug in the blood or plasma.",True,False,Volume of distribution is a real anatomical volume,Volume of distribution is not relevant for drug action,a
"The term ""clearance"" of a drug is the volume of plasma cleared of the drug per unit time.",True,False,Clearance is the rate of drug absorption,Clearance is the rate of drug binding to proteins,a
"The term ""first-pass metabolism"" or ""presystemic metabolism"" refers to the metabolism of a drug by enzymes in the gut wall or liver before it reaches the systemic circulation, often reducing its bioavailability.",True,False,First-pass metabolism increases bioavailability,First-pass metabolism only occurs with intravenous drugs,a
"The term ""enterohepatic recirculation"" refers to the process where a drug or its metabolite is excreted into the bile, reabsorbed from the intestine, and returned to the liver, prolonging its half-life.",True,False,Enterohepatic recirculation speeds up drug excretion,Enterohepatic recirculation only occurs with water-soluble drugs,a
"The term ""drug-drug interaction"" refers to a situation where the effects of one drug are altered by the presence of another drug.",True,False,Drug-drug interactions are always beneficial,Drug-drug interactions only occur with herbal medicines,a
"The term ""adverse drug reaction (ADR)"" refers to an unintended and undesirable response to a drug.",True,False,ADRs are always beneficial,ADRs only occur with synthetic drugs,a
"The term ""idiosyncratic drug reaction"" refers to an unpredictable and uncharacteristic drug reaction that occurs in a susceptible individual, often due to genetic factors.",True,False,Idiosyncratic reactions are always predictable,Idiosyncratic reactions are always dose-dependent,a
"The term ""tolerance"" refers to a decreased response to a drug after repeated administration, requiring higher doses to achieve the same effect.",True,False,Tolerance means increased response to a drug,Tolerance only occurs with natural products,a
"The term ""tachyphylaxis"" refers to a rapid decrease in response to a drug after its administration, often after the initial dose.",True,False,Tachyphylaxis is a slow decrease in response,Tachyphylaxis only occurs with synthetic drugs,a
"The term ""addiction"" refers to a chronic, relapsing brain disease characterized by compulsive drug seeking and use, despite harmful consequences.",True,False,"Addiction is a choice, not a disease",Addiction only occurs with illegal drugs,a
"The term ""dependence"" refers to a state where the body has adapted to the presence of a drug, and withdrawal symptoms occur if the drug is stopped or the dose is reduced.",True,False,Dependence is the same as addiction,Dependence never occurs with therapeutic drugs,a
"The term ""placebo effect"" refers to a beneficial physiological or psychological effect produced by a placebo (an inactive substance or treatment) that cannot be attributed to the properties of the placebo itself, but to the patient's belief in that treatment.",True,False,The placebo effect is always harmful,The placebo effect only occurs with synthetic drugs,a
"The term ""nocebo effect"" refers to a negative physiological or psychological effect produced by a placebo that cannot be attributed to the properties of the placebo itself, but to the patient's belief in that treatment.",True,False,The nocebo effect is always beneficial,The nocebo effect only occurs with natural products,a
"The term ""bioequivalence"" refers to the absence of a significant difference in the rate and extent to which the active ingredient or active moiety in pharmaceutical equivalents or pharmaceutical alternatives becomes available at the site of drug action when administered at the same molar dose under similar conditions in an appropriately designed study.",True,False,Bioequivalence means the drugs are identical in all aspects,Bioequivalence is only relevant for herbal medicines,a
Bioequivalence studies are often required for generic drugs to demonstrate that they are therapeutically equivalent to the brand-name drug.,True,False,Bioequivalence studies are not required for generic drugs,Bioequivalence studies are only for new chemical entities,a
"The term ""pharmacovigilance"" is the science and activities relating to the detection, assessment, understanding, and prevention of adverse effects or any other drug-related problem.",True,False,Pharmacovigilance only deals with drug efficacy,Pharmacovigilance is only for preclinical studies,a
Pharmacovigilance is important for both synthetic and herbal medicines.,True,False,Pharmacovigilance is only for synthetic drugs,Pharmacovigilance is not important for herbal medicines,a
"The term ""Good Clinical Practice (GCP)"" is an international ethical and scientific quality standard for designing, conducting, recording, and reporting trials that involve the participation of human subjects.",True,False,GCP only applies to animal studies,GCP is only for manufacturing,a
"The term ""informed consent"" in clinical trials means that a person voluntarily agrees to participate in a clinical trial after having been informed of all aspects of the trial that are relevant to the decision to participate.",True,False,Informed consent is not required for clinical trials,Informed consent is only required for children,a
"The term ""Institutional Review Board (IRB)"" or ""Ethics Committee (EC)"" is an independent body constituted of medical, scientific, and non-scientific members, whose responsibility it is to ensure the protection of the rights, safety, and well-being of human subjects involved in a study.",True,False,IRBs are only for animal studies,IRBs are not necessary for ethical research,a
"The term ""randomized controlled trial (RCT)"" is a type of scientific experiment (often used in clinical trials) where people are randomly assigned to either a treatment group or a control group to reduce bias.",True,False,RCTs are always biased,RCTs are only used for observational studies,a
"The term ""double-blind study"" is a study in which neither the participants nor the researchers know which participants are receiving the treatment and which are receiving the placebo. This helps to minimize bias.",True,False,Double-blind studies are always unnecessary,Double-blind studies are only for animal research,a
"The term ""meta-analysis"" is a statistical technique that combines the results of multiple scientific studies addressing the same question, with the aim of identifying overall trends or effects.",True,False,Meta-analysis is a type of single study,Meta-analysis is only for qualitative data,a
"The term ""systematic review"" is a comprehensive and unbiased review of all relevant research on a particular topic, often used as a basis for meta-analysis.",True,False,Systematic reviews are always biased,Systematic reviews only include anecdotal evidence,a
"The term ""evidence-based medicine (EBM)"" is an approach to medical practice that involves integrating the best available research evidence with clinical expertise and patient values.",True,False,EBM ignores patient values,EBM relies solely on personal experience,a
"The term ""nutrigenomics"" is the study of the interaction of nutrition and genes, especially with regard to the prevention or treatment of disease.",True,False,Nutrigenomics is the study of plant diseases,Nutrigenomics is the study of animal behavior,a
"The term ""phytoremediation"" is the use of plants to remove, degrade, or contain contaminants in soil and water.",True,False,Phytoremediation uses chemicals to clean up pollution,Phytoremediation is a method of plant cultivation,a
"The term ""biofuel"" refers to fuel derived from biomass (plant or animal matter) rather than fossil fuels.",True,False,Biofuels are always fossil fuels,Biofuels are only derived from animals,a
"Lignocellulosic biomass (e.g., agricultural residues, forest waste) is a major source for the production of second-generation biofuels.",True,False,Lignocellulosic biomass is not suitable for biofuels,Only food crops are used for biofuels,a
"The term ""bioplastics"" refers to plastics derived from renewable biomass sources, such as corn starch, sugarcane, or cellulose.",True,False,Bioplastics are always made from petroleum,Bioplastics are not biodegradable,a
"The term ""green chemistry"" is the design of chemical products and processes that reduce or eliminate the use and generation of hazardous substances.",True,False,Green chemistry is only about coloring chemicals green,Green chemistry encourages hazardous substances,a
The principles of green chemistry are increasingly applied in the extraction and processing of natural products to make them more sustainable and environmentally friendly.,True,False,Green chemistry is not applicable to natural products,Green chemistry increases waste production,a
"The term ""sustainable development"" is development that meets the needs of the present without compromising the ability of future generations to meet their own needs.",True,False,Sustainable development is only about economic growth,Sustainable development ignores future generations,a
"The term ""biodiversity"" refers to the variety of life on Earth at all its levels, from genes to ecosystems, and the ecological and evolutionary processes that sustain it.",True,False,Biodiversity only refers to animal species,Biodiversity is not important for human well-being,a
The loss of biodiversity can impact the availability of medicinal plants for future drug discovery and traditional medicine.,True,False,Loss of biodiversity has no impact on medicinal plants,New medicinal plants can always be synthesized,a
"The term ""conservation biology"" is the scientific study of the nature and status of Earth's biodiversity with the aim of protecting species, their habitats, and ecosystems from excessive rates of extinction.",True,False,Conservation biology only studies extinct species,Conservation biology is not a scientific field,a
"The term ""restoration ecology"" is the scientific study supporting the practice of ecological restoration, which is the process of assisting the recovery of an ecosystem that has been degraded, damaged, or destroyed.",True,False,Restoration ecology is only about building new ecosystems,Restoration ecology has no practical application,a
"The term ""ethnobotanical survey"" is a systematic investigation to document the traditional knowledge of plants and their uses within a community.",True,False,Ethnobotanical surveys only focus on plant classification,Ethnobotanical surveys are not useful for drug discovery,a
"The term ""bioprospecting agreement"" is a legal contract between a bioprospector and the provider of genetic resources and/or traditional knowledge, outlining terms for access, benefit-sharing, and intellectual property rights.",True,False,Bioprospecting agreements are not necessary,Bioprospecting agreements only protect the bioprospector,a
"The term ""prior informed consent (PIC)"" is a principle that requires the consent of indigenous and local communities before their traditional knowledge or genetic resources are accessed for research or commercial purposes.",True,False,PIC is not required for traditional knowledge,PIC only applies to developed countries,a
"The term ""mutagenesis"" is the process by which the genetic information of an organism is changed, resulting in a mutation.",True,False,Mutagenesis always leads to beneficial changes,Mutagenesis only occurs naturally,a
"The term ""genetic engineering"" is the direct manipulation of an organism's genes using biotechnology.",True,False,Genetic engineering is only for animals,Genetic engineering is not possible,a
Genetic engineering can be used to enhance the production of secondary metabolites in plants or microorganisms.,True,False,Genetic engineering always reduces secondary metabolite production,Genetic engineering is only for increasing plant size,a
"The term ""synthetic biology"" is an interdisciplinary field that involves the design and construction of new biological parts, devices, and systems, or the redesign of existing natural biological systems for useful purposes.",True,False,Synthetic biology is only about studying existing biological systems,Synthetic biology has no practical applications,a
Synthetic biology approaches can be used to engineer microorganisms to produce complex natural products that are difficult to obtain from their original plant sources.,True,False,Synthetic biology cannot produce natural products,Synthetic biology is only for producing simple chemicals,a
"The term ""metabolic engineering"" is the practice of optimizing genetic and regulatory processes within cells to increase the production of a certain substance.",True,False,Metabolic engineering only optimizes cell growth,Metabolic engineering is not related to substance production,a
Metabolic engineering can be applied to plant cells or microorganisms to enhance the yield of desired phytochemicals.,True,False,Metabolic engineering only applies to animals,Metabolic engineering always decreases yield,a
"The term ""biorefinery"" is a facility that integrates biomass conversion processes and equipment to produce fuels, power, and value-added chemicals from biomass.",True,False,Biorefineries only produce fuels,Biorefineries only use fossil fuels,a
"The concept of a biorefinery is analogous to a petroleum refinery, but uses renewable biomass as feedstock.",True,False,Biorefineries are completely different from petroleum refineries,Biorefineries only produce electricity,a
"The term ""circular economy"" is an economic system aimed at eliminating waste and the continual use of resources.",True,False,Circular economy promotes waste generation,Circular economy is only about recycling,a
The principles of circular economy can be applied to the natural product industry to minimize waste and maximize resource utilization.,True,False,Circular economy is not applicable to the natural product industry,Circular economy increases resource consumption,a
"The term ""bioeconomy"" is an economy where the basic building blocks for materials, chemicals, and energy are derived from renewable biological resources.",True,False,Bioeconomy relies on fossil fuels,Bioeconomy is only about food production,a
"The development of a bioeconomy is crucial for a sustainable future, reducing reliance on fossil resources and promoting the use of renewable biological resources.",True,False,Bioeconomy is not sustainable,Bioeconomy increases environmental pollution,a
"The term ""biopesticides"" refers to pesticides derived from natural materials like animals, plants, bacteria, and certain minerals.",True,False,Biopesticides are always synthetic,Biopesticides are harmful to the environment,a
Biopesticides are generally considered to be less toxic and have fewer environmental impacts than conventional synthetic pesticides.,True,False,Biopesticides are more toxic than synthetic pesticides,Biopesticides have the same environmental impact as synthetic pesticides,a
"The term ""biofertilizers"" refers to substances containing living microorganisms which, when applied to seeds, plant surfaces, or soil, colonize the rhizosphere or the interior of the plant and promote growth by increasing the supply or availability of primary nutrients to the host plant.",True,False,Biofertilizers are always synthetic chemicals,Biofertilizers inhibit plant growth,a
"Biofertilizers can reduce the need for chemical fertilizers, contributing to sustainable agriculture.",True,False,Biofertilizers increase the need for chemical fertilizers,Biofertilizers have no impact on agriculture,a
"The term ""allelopathy"" refers to the chemical inhibition of one plant (or other organism) by another, due to the release into the environment of substances acting as germination or growth inhibitors.",True,False,Allelopathy promotes plant growth,Allelopathy is a physical interaction,a
"The term ""phytochemical"" refers to a chemical compound produced by plants.",True,False,Phytochemicals are only found in animals,Phytochemicals are always synthetic,a
"The term ""ethnomedicine"" refers to the study of traditional medicine, which is based on the knowledge and practices of indigenous cultures.",True,False,Ethnomedicine is the same as modern medicine,Ethnomedicine has no scientific basis,a
"The term ""traditional medicine"" refers to the sum total of the knowledge, skills, and practices based on the theories, beliefs, and experiences indigenous to different cultures, whether explicable or not, used in the maintenance of health as well as in the prevention, diagnosis, improvement or treatment of physical and mental illness.",True,False,Traditional medicine is always unscientific,Traditional medicine is only practiced in ancient times,a
"The term ""alternative medicine"" refers to medical practices that are not part of conventional medicine.",True,False,Alternative medicine is always proven effective,Alternative medicine is the same as conventional medicine,a
"The term ""complementary medicine"" refers to medical practices that are used together with conventional medicine.",True,False,Complementary medicine is always used instead of conventional medicine,Complementary medicine has no scientific basis,a
"The term ""integrative medicine"" refers to a comprehensive approach to healthcare that combines conventional medicine with complementary and alternative medicine practices that have shown high-quality scientific evidence of safety and effectiveness.",True,False,Integrative medicine rejects conventional medicine,Integrative medicine uses only unproven therapies,a
"The term ""holistic medicine"" refers to an approach to healthcare that considers the whole person (body, mind, spirit, and emotions) in the quest for optimal health and wellness.",True,False,Holistic medicine only focuses on physical symptoms,Holistic medicine ignores mental health,a
"The term ""nutraceutical"" is a portmanteau of ""nutrition"" and ""pharmaceutical,"" referring to food or food components that provide health benefits beyond basic nutrition.",True,False,Nutraceuticals are always synthetic drugs,Nutraceuticals have no health benefits,a
"The term ""functional food"" is similar to nutraceutical, but generally refers to whole foods or fortified foods that provide health benefits beyond basic nutrition.",True,False,Functional foods are always processed foods,Functional foods have no health benefits,a
"The term ""probiotic"" refers to live microorganisms that, when administered in adequate amounts, confer a health benefit on the host.",True,False,Probiotics are always harmful,Probiotics are only found in synthetic supplements,a
"The term ""prebiotic"" refers to non-digestible food ingredients that selectively stimulate the growth and/or activity of beneficial bacteria in the colon.",True,False,Prebiotics are always harmful,Prebiotics are always synthetic chemicals,a
"The term ""synbiotic"" refers to a combination of probiotics and prebiotics that work synergistically.",True,False,Synbiotics are always harmful,Synbiotics have no health benefits,a
"The term ""medical food"" refers to a food that is specially formulated and intended for the dietary management of a disease or condition for which distinctive nutritional requirements, based on recognized scientific principles, are established by medical evaluation.",True,False,Medical foods are the same as regular foods,Medical foods are always synthetic drugs,a
"The term ""orphan drug"" refers to a pharmaceutical drug developed to treat rare medical conditions, often neglected by the pharmaceutical industry due to limited market size.",True,False,Orphan drugs are always common drugs,Orphan drugs are always herbal medicines,a
"The term ""personalized medicine"" or ""precision medicine"" is an emerging approach for disease treatment and prevention that takes into account individual variability in genes, environment, and lifestyle for each person.",True,False,Personalized medicine treats everyone the same,Personalized medicine ignores genetic factors,a
"The term ""biomarker"" refers to a measurable indicator of the severity or presence of some disease state.",True,False,Biomarkers are always symptoms,Biomarkers are always treatments,a
"The term ""genomics"" is the study of an organism's entire genome, including the complete set of genes, their nucleotide sequence and organization, and their interactions within and between species.",True,False,Genomics is the study of a single gene,Genomics is the study of proteins,a
"The term ""proteomics"" is the large-scale study of proteins, particularly their structures and functions.",True,False,Proteomics is the study of genes,Proteomics is the study of carbohydrates,a
"The term ""metabolomics"" is the scientific study of chemical processes involving metabolites, the small molecule substrates, intermediates, and products of cell metabolism.",True,False,Metabolomics is the study of large molecules,Metabolomics is the study of genetic material,a
"The term ""ligand"" refers to a molecule that binds to a specific receptor.",True,False,A ligand is always a protein,A ligand is always a carbohydrate,a
"The term ""agonist"" refers to a ligand that binds to a receptor and activates it, producing a biological response.",True,False,An agonist blocks a receptor,An agonist has no effect on a receptor,a
"The term ""antagonist"" refers to a ligand that binds to a receptor but does not activate it, thereby blocking the action of an agonist.",True,False,An antagonist activates a receptor,An antagonist is always a natural compound,a
"The term ""enzyme inhibitor"" refers to a molecule that binds to an enzyme and decreases its activity.",True,False,An enzyme inhibitor increases enzyme activity,An enzyme inhibitor is always a protein,a
"Many natural products act as enzyme inhibitors, which can be a mechanism for their therapeutic effects.",True,False,Natural products never inhibit enzymes,Only synthetic drugs inhibit enzymes,a
"The term ""receptor"" refers to a protein molecule, usually found on the surface of a cell or in the cytoplasm, that binds to a specific molecule (ligand) and initiates a cellular response.",True,False,Receptors are always found in the nucleus,Receptors are always carbohydrates,a
"The term ""ion channel"" refers to a pore-forming protein complex that facilitates the diffusion of ions across the cell membrane.",True,False,Ion channels block ion movement,Ion channels are only found in plants,a
"Some natural products can modulate ion channel activity, affecting nerve impulses or muscle contraction.",True,False,Natural products have no effect on ion channels,Only synthetic drugs modulate ion channels,a
"The term ""transporter protein"" refers to a protein that moves ions, small molecules, or macromolecules across a biological membrane.",True,False,Transporter proteins only move water,Transporter proteins are always found in the cell wall,a
"The term ""pharmacophore"" refers to the ensemble of steric and electronic features that is necessary to ensure the optimal supramolecular interactions with a specific biological target structure and to trigger (or block) its biological response.",True,False,A pharmacophore is a type of plant,A pharmacophore is a type of chemical test,a
"The term ""prodrug"" refers to a biologically inactive compound that can be metabolized in the body to produce a drug.",True,False,A prodrug is always active,A prodrug is always synthetic,a
"Some natural products are prodrugs, requiring metabolic activation to exert their therapeutic effects.",True,False,Natural products never prodrugs,Only synthetic drugs are prodrugs,a
"The term ""drug metabolism"" refers to the chemical modification of drugs by enzymes in the body, primarily in the liver.",True,False,Drug metabolism only occurs in the kidneys,Drug metabolism always activates drugs,a
"Phase I metabolism reactions (e.g., oxidation, reduction, hydrolysis) typically introduce or expose a polar functional group, making the drug more reactive.",True,False,Phase I reactions always make drugs less reactive,Phase I reactions are only for natural products,a
"Phase II metabolism reactions (conjugation reactions) involve the attachment of a polar molecule (e.g., glucuronic acid, sulfate) to the drug or its Phase I metabolite, making it more water-soluble and easier to excrete.",True,False,Phase II reactions make drugs less water-soluble,Phase II reactions are only for synthetic drugs,a
"The term ""drug excretion"" refers to the removal of drugs and their metabolites from the body, primarily via the kidneys (urine) and liver (bile).",True,False,Drug excretion only occurs through sweat,Drug excretion always activates drugs,a
"The term ""half-life"" of a drug is the time it takes for the concentration of the drug in the body to be reduced by half.",True,False,Half-life is the time it takes for the drug to be fully excreted,Half-life is only relevant for toxic substances,a
"The term ""volume of distribution"" is a theoretical volume that relates the amount of drug in the body to the concentration of drug in the blood or plasma.",True,False,Volume of distribution is a real anatomical volume,Volume of distribution is not relevant for drug action,a
"The term ""clearance"" of a drug is the volume of plasma cleared of the drug per unit time.",True,False,Clearance is the rate of drug absorption,Clearance is the rate of drug binding to proteins,a
"The term ""first-pass metabolism"" or ""presystemic metabolism"" refers to the metabolism of a drug by enzymes in the gut wall or liver before it reaches the systemic circulation, often reducing its bioavailability.",True,False,First-pass metabolism increases bioavailability,First-pass metabolism only occurs with intravenous drugs,a
"The term ""enterohepatic recirculation"" refers to the process where a drug or its metabolite is excreted into the bile, reabsorbed from the intestine, and returned to the liver, prolonging its half-life.",True,False,Enterohepatic recirculation speeds up drug excretion,Enterohepatic recirculation only occurs with water-soluble drugs,a
"The term ""drug-drug interaction"" refers to a situation where the effects of one drug are altered by the presence of another drug.",True,False,Drug-drug interactions are always beneficial,Drug-drug interactions only occur with herbal medicines,a
"The term ""adverse drug reaction (ADR)"" refers to an unintended and undesirable response to a drug.",True,False,ADRs are always beneficial,ADRs only occur with synthetic drugs,a
"The term ""idiosyncratic drug reaction"" refers to an unpredictable and uncharacteristic drug reaction that occurs in a susceptible individual, often due to genetic factors.",True,False,Idiosyncratic reactions are always predictable,Idiosyncratic reactions are always dose-dependent,a
"The term ""tolerance"" refers to a decreased response to a drug after repeated administration, requiring higher doses to achieve the same effect.",True,False,Tolerance means increased response to a drug,Tolerance only occurs with natural products,a
"The term ""tachyphylaxis"" refers to a rapid decrease in response to a drug after its administration, often after the initial dose.",True,False,Tachyphylaxis is a slow decrease in response,Tachyphylaxis only occurs with synthetic drugs,a
"The term ""addiction"" refers to a chronic, relapsing brain disease characterized by compulsive drug seeking and use, despite harmful consequences.",True,False,"Addiction is a choice, not a disease",Addiction only occurs with illegal drugs,a
"The term ""dependence"" refers to a state where the body has adapted to the presence of a drug, and withdrawal symptoms occur if the drug is stopped or the dose is reduced.",True,False,Dependence is the same as addiction,Dependence never occurs with therapeutic drugs,a
"The term ""placebo effect"" refers to a beneficial physiological or psychological effect produced by a placebo (an inactive substance or treatment) that cannot be attributed to the properties of the placebo itself, but to the patient's belief in that treatment.",True,False,The placebo effect is always harmful,The placebo effect only occurs with synthetic drugs,a
"The term ""nocebo effect"" refers to a negative physiological or psychological effect produced by a placebo that cannot be attributed to the properties of the placebo itself, but to the patient's belief in that treatment.",True,False,The nocebo effect is always beneficial,The nocebo effect only occurs with natural products,a
"The term ""bioequivalence"" refers to the absence of a significant difference in the rate and extent to which the active ingredient or active moiety in pharmaceutical equivalents or pharmaceutical alternatives becomes available at the site of drug action when administered at the same molar dose under similar conditions in an appropriately designed study.",True,False,Bioequivalence means the drugs are identical in all aspects,Bioequivalence is only relevant for herbal medicines,a
Bioequivalence studies are often required for generic drugs to demonstrate that they are therapeutically equivalent to the brand-name drug.,True,False,Bioequivalence studies are not required for generic drugs,Bioequivalence studies are only for new chemical entities,a
"The term ""pharmacovigilance"" is the science and activities relating to the detection, assessment, understanding, and prevention of adverse effects or any other drug-related problem.",True,False,Pharmacovigilance only deals with drug efficacy,Pharmacovigilance is only for preclinical studies,a
Pharmacovigilance is important for both synthetic and herbal medicines.,True,False,Pharmacovigilance is only for synthetic drugs,Pharmacovigilance is not important for herbal medicines,a
"The term ""Good Clinical Practice (GCP)"" is an international ethical and scientific quality standard for designing, conducting, recording, and reporting trials that involve the participation of human subjects.",True,False,GCP only applies to animal studies,GCP is only for manufacturing,a
"The term ""informed consent"" in clinical trials means that a person voluntarily agrees to participate in a clinical trial after having been informed of all aspects of the trial that are relevant to the decision to participate.",True,False,Informed consent is not required for clinical trials,Informed consent is only required for children,a
"The term ""Institutional Review Board (IRB)"" or ""Ethics Committee (EC)"" is an independent body constituted of medical, scientific, and non-scientific members, whose responsibility it is to ensure the protection of the rights, safety, and well-being of human subjects involved in a study.",True,False,IRBs are only for animal studies,IRBs are not necessary for ethical research,a
"The term ""randomized controlled trial (RCT)"" is a type of scientific experiment (often used in clinical trials) where people are randomly assigned to either a treatment group or a control group to reduce bias.",True,False,RCTs are always biased,RCTs are only used for observational studies,a
"The term ""double-blind study"" is a study in which neither the participants nor the researchers know which participants are receiving the treatment and which are receiving the placebo. This helps to minimize bias.",True,False,Double-blind studies are always unnecessary,Double-blind studies are only for animal research,a
"The term ""meta-analysis"" is a statistical technique that combines the results of multiple scientific studies addressing the same question, with the aim of identifying overall trends or effects.",True,False,Meta-analysis is a type of single study,Meta-analysis is only for qualitative data,a
"The term ""systematic review"" is a comprehensive and unbiased review of all relevant research on a particular topic, often used as a basis for meta-analysis.",True,False,Systematic reviews are always biased,Systematic reviews only include anecdotal evidence,a
"The term ""evidence-based medicine (EBM)"" is an approach to medical practice that involves integrating the best available research evidence with clinical expertise and patient values.",True,False,EBM ignores patient values,EBM relies solely on personal experience,a
"The term ""nutrigenomics"" is the study of the interaction of nutrition and genes, especially with regard to the prevention or treatment of disease.",True,False,Nutrigenomics is the study of plant diseases,Nutrigenomics is the study of animal behavior,a
"The term ""phytoremediation"" is the use of plants to remove, degrade, or contain contaminants in soil and water.",True,False,Phytoremediation uses chemicals to clean up pollution,Phytoremediation is a method of plant cultivation,a
"The term ""biofuel"" refers to fuel derived from biomass (plant or animal matter) rather than fossil fuels.",True,False,Biofuels are always fossil fuels,Biofuels are only derived from animals,a
"Lignocellulosic biomass (e.g., agricultural residues, forest waste) is a major source for the production of second-generation biofuels.",True,False,Lignocellulosic biomass is not suitable for biofuels,Only food crops are used for biofuels,a
"The term ""bioplastics"" refers to plastics derived from renewable biomass sources, such as corn starch, sugarcane, or cellulose.",True,False,Bioplastics are always made from petroleum,Bioplastics are not biodegradable,a
"The term ""green chemistry"" is the design of chemical products and processes that reduce or eliminate the use and generation of hazardous substances.",True,False,Green chemistry is only about coloring chemicals green,Green chemistry encourages hazardous substances,a
The principles of green chemistry are increasingly applied in the extraction and processing of natural products to make them more sustainable and environmentally friendly.,True,False,Green chemistry is not applicable to natural products,Green chemistry increases waste production,a
"The term ""sustainable development"" is development that meets the needs of the present without compromising the ability of future generations to meet their own needs.",True,False,Sustainable development is only about economic growth,Sustainable development ignores future generations,a
"The term ""biodiversity"" refers to the variety of life on Earth at all its levels, from genes to ecosystems, and the ecological and evolutionary processes that sustain it.",True,False,Biodiversity only refers to animal species,Biodiversity is not important for human well-being,a
The loss of biodiversity can impact the availability of medicinal plants for future drug discovery and traditional medicine.,True,False,Loss of biodiversity has no impact on medicinal plants,New medicinal plants can always be synthesized,a
"The term ""conservation biology"" is the scientific study of the nature and status of Earth's biodiversity with the aim of protecting species, their habitats, and ecosystems from excessive rates of extinction.",True,False,Conservation biology only studies extinct species,Conservation biology is not a scientific field,a
"The term ""restoration ecology"" is the scientific study supporting the practice of ecological restoration, which is the process of assisting the recovery of an ecosystem that has been degraded, damaged, or destroyed.",True,False,Restoration ecology is only about building new ecosystems,Restoration ecology has no practical application,a
"The term ""ethnobotanical survey"" is a systematic investigation to document the traditional knowledge of plants and their uses within a community.",True,False,Ethnobotanical surveys only focus on plant classification,Ethnobotanical surveys are not useful for drug discovery,a
"The term ""bioprospecting agreement"" is a legal contract between a bioprospector and the provider of genetic resources and/or traditional knowledge, outlining terms for access, benefit-sharing, and intellectual property rights.",True,False,Bioprospecting agreements are not necessary,Bioprospecting agreements only protect the bioprospector,a
"The term ""prior informed consent (PIC)"" is a principle that requires the consent of indigenous and local communities before their traditional knowledge or genetic resources are accessed for research or commercial purposes.",True,False,PIC is not required for traditional knowledge,PIC only applies to developed countries,a
"The term ""mutagenesis"" is the process by which the genetic information of an organism is changed, resulting in a mutation.",True,False,Mutagenesis always leads to beneficial changes,Mutagenesis only occurs naturally,a
"The term ""genetic engineering"" is the direct manipulation of an organism's genes using biotechnology.",True,False,Genetic engineering is only for animals,Genetic engineering is not possible,a
Genetic engineering can be used to enhance the production of secondary metabolites in plants or microorganisms.,True,False,Genetic engineering always reduces secondary metabolite production,Genetic engineering is only for increasing plant size,a
"The term ""synthetic biology"" is an interdisciplinary field that involves the design and construction of new biological parts, devices, and systems, or the redesign of existing natural biological systems for useful purposes.",True,False,Synthetic biology is only about studying existing biological systems,Synthetic biology has no practical applications,a
Synthetic biology approaches can be used to engineer microorganisms to produce complex natural products that are difficult to obtain from their original plant sources.,True,False,Synthetic biology cannot produce natural products,Synthetic biology is only for producing simple chemicals,a
"The term ""metabolic engineering"" is the practice of optimizing genetic and regulatory processes within cells to increase the production of a certain substance.",True,False,Metabolic engineering only optimizes cell growth,Metabolic engineering is not related to substance production,a
Metabolic engineering can be applied to plant cells or microorganisms to enhance the yield of desired phytochemicals.,True,False,Metabolic engineering only applies to animals,Metabolic engineering always decreases yield,a
"The term ""biorefinery"" is a facility that integrates biomass conversion processes and equipment to produce fuels, power, and value-added chemicals from biomass.",True,False,Biorefineries only produce fuels,Biorefineries only use fossil fuels,a
"The concept of a biorefinery is analogous to a petroleum refinery, but uses renewable biomass as feedstock.",True,False,Biorefineries are completely different from petroleum refineries,Biorefineries only produce electricity,a
"The term ""circular economy"" is an economic system aimed at eliminating waste and the continual use of resources.",True,False,Circular economy promotes waste generation,Circular economy is only about recycling,a
The principles of circular economy can be applied to the natural product industry to minimize waste and maximize resource utilization.,True,False,Circular economy is not applicable to the natural product industry,Circular economy increases resource consumption,a
"The term ""bioeconomy"" is an economy where the basic building blocks for materials, chemicals, and energy are derived from renewable biological resources.",True,False,Bioeconomy relies on fossil fuels,Bioeconomy is only about food production,a
"The development of a bioeconomy is crucial for a sustainable future, reducing reliance on fossil resources and promoting the use of renewable biological resources.",True,False,Bioeconomy is not sustainable,Bioeconomy increases environmental pollution,a
"The term ""biopesticides"" refers to pesticides derived from natural materials like animals, plants, bacteria, and certain minerals.",True,False,Biopesticides are always synthetic,Biopesticides are harmful to the environment,a
Biopesticides are generally considered to be less toxic and have fewer environmental impacts than conventional synthetic pesticides.,True,False,Biopesticides are more toxic than synthetic pesticides,Biopesticides have the same environmental impact as synthetic pesticides,a
"The term ""biofertilizers"" refers to substances containing living microorganisms which, when applied to seeds, plant surfaces, or soil, colonize the rhizosphere or the interior of the plant and promote growth by increasing the supply or availability of primary nutrients to the host plant.",True,False,Biofertilizers are always synthetic chemicals,Biofertilizers inhibit plant growth,a
"Biofertilizers can reduce the need for chemical fertilizers, contributing to sustainable agriculture.",True,False,Biofertilizers increase the need for chemical fertilizers,Biofertilizers have no impact on agriculture,a
"The term ""allelopathy"" refers to the chemical inhibition of one plant (or other organism) by another, due to the release into the environment of substances acting as germination or growth inhibitors.",True,False,Allelopathy promotes plant growth,Allelopathy is a physical interaction,a
"The term ""phytochemical"" refers to a chemical compound produced by plants.",True,False,Phytochemicals are only found in animals,Phytochemicals are always synthetic,a
"The term ""ethnomedicine"" refers to the study of traditional medicine, which is based on the knowledge and practices of indigenous cultures.",True,False,Ethnomedicine is the same as modern medicine,Ethnomedicine has no scientific basis,a
"The term ""traditional medicine"" refers to the sum total of the knowledge, skills, and practices based on the theories, beliefs, and experiences indigenous to different cultures, whether explicable or not, used in the maintenance of health as well as in the prevention, diagnosis, improvement or treatment of physical and mental illness.",True,False,Traditional medicine is always unscientific,Traditional medicine is only practiced in ancient times,a
"The term ""alternative medicine"" refers to medical practices that are not part of conventional medicine.",True,False,Alternative medicine is always proven effective,Alternative medicine is the same as conventional medicine,a
"The term ""complementary medicine"" refers to medical practices that are used together with conventional medicine.",True,False,Complementary medicine is always used instead of conventional medicine,Complementary medicine has no scientific basis,a
"The term ""integrative medicine"" refers to a comprehensive approach to healthcare that combines conventional medicine with complementary and alternative medicine practices that have shown high-quality scientific evidence of safety and effectiveness.",True,False,Integrative medicine rejects conventional medicine,Integrative medicine uses only unproven therapies,a
"The term ""holistic medicine"" refers to an approach to healthcare that considers the whole person (body, mind, spirit, and emotions) in the quest for optimal health and wellness.",True,False,Holistic medicine only focuses on physical symptoms,Holistic medicine ignores mental health,a
"The term ""nutraceutical"" is a portmanteau of ""nutrition"" and ""pharmaceutical,"" referring to food or food components that provide health benefits beyond basic nutrition.",True,False,Nutraceuticals are always synthetic drugs,Nutraceuticals have no health benefits,a
"The term ""functional food"" is similar to nutraceutical, but generally refers to whole foods or fortified foods that provide health benefits beyond basic nutrition.",True,False,Functional foods are always processed foods,Functional foods have no health benefits,a
"The term ""probiotic"" refers to live microorganisms that, when administered in adequate amounts, confer a health benefit on the host.",True,False,Probiotics are always harmful,Probiotics are only found in synthetic supplements,a
"The term ""prebiotic"" refers to non-digestible food ingredients that selectively stimulate the growth and/or activity of beneficial bacteria in the colon.",True,False,Prebiotics are always harmful,Prebiotics are always synthetic chemicals,a
"The term ""synbiotic"" refers to a combination of probiotics and prebiotics that work synergistically.",True,False,Synbiotics are always harmful,Synbiotics have no health benefits,a
"The term ""medical food"" refers to a food that is specially formulated and intended for the dietary management of a disease or condition for which distinctive nutritional requirements, based on recognized scientific principles, are established by medical evaluation.",True,False,Medical foods are the same as regular foods,Medical foods are always synthetic drugs,a
"The term ""orphan drug"" refers to a pharmaceutical drug developed to treat rare medical conditions, often neglected by the pharmaceutical industry due to limited market size.",True,False,Orphan drugs are always common drugs,Orphan drugs are always herbal medicines,a
"The term ""personalized medicine"" or ""precision medicine"" is an emerging approach for disease treatment and prevention that takes into account individual variability in genes, environment, and lifestyle for each person.",True,False,Personalized medicine treats everyone the same,Personalized medicine ignores genetic factors,a
"The term ""biomarker"" refers to a measurable indicator of the severity or presence of some disease state.",True,False,Biomarkers are always symptoms,Biomarkers are always treatments,a
"The term ""genomics"" is the study of an organism's entire genome, including the complete set of genes, their nucleotide sequence and organization, and their interactions within and between species.",True,False,Genomics is the study of a single gene,Genomics is the study of proteins,a
"The term ""proteomics"" is the large-scale study of proteins, particularly their structures and functions.",True,False,Proteomics is the study of genes,Proteomics is the study of carbohydrates,a
"The term ""metabolomics"" is the scientific study of chemical processes involving metabolites, the small molecule substrates, intermediates, and products of cell metabolism.",True,False,Metabolomics is the study of large molecules,Metabolomics is the study of genetic material,a
"The term ""bioinformatics"" is an interdisciplinary field that develops methods and software tools for understanding biological data, particularly when the data sets are large and complex.",True,False,Bioinformatics is only about laboratory experiments,Bioinformatics is only about computer hardware,a
"Bioinformatics is crucial for analyzing genomic, proteomic, and metabolomic data in drug discovery and pharmacognosy.",True,False,Bioinformatics is not relevant for drug discovery,Bioinformatics is only for synthetic biology,a
"The term ""chemoinformatics"" is the use of computer and informational techniques applied to a range of problems in chemistry, including drug discovery.",True,False,Chemoinformatics is only about chemical synthesis,Chemoinformatics is not related to drug discovery,a
Chemoinformatics tools can be used to predict the properties of natural products or design new compounds based on natural product scaffolds.,True,False,Chemoinformatics is only for inorganic chemistry,Chemoinformatics cannot be used for natural products,a
"The term ""drug repurposing"" or ""drug repositioning"" is the process of identifying new therapeutic uses for existing drugs.",True,False,Drug repurposing only applies to new drugs,Drug repurposing is not a valid strategy,a
"Natural products can be a source for drug repurposing, as many traditional remedies may have unexploited therapeutic activities.",True,False,Natural products are not suitable for drug repurposing,Drug repurposing is only for synthetic drugs,a
"The term ""polypharmacy"" refers to the concurrent use of multiple medications by a patient, often five or more.",True,False,Polypharmacy is always beneficial,Polypharmacy only refers to herbal medicines,a
"Polypharmacy can increase the risk of drug-drug interactions, including drug-herb interactions.",True,False,Polypharmacy reduces the risk of interactions,Polypharmacy is always safe,a
"The term ""adherence"" refers to the extent to which a patient acts in accordance with the agreed recommendations from a healthcare provider.",True,False,Adherence is not important for treatment outcomes,Adherence only applies to synthetic drugs,a
"Patient education about the proper use of herbal medicines, including potential interactions and side effects, is crucial for promoting adherence and safe use.",True,False,Patient education is not necessary for herbal medicines,Herbal medicines have no side effects,a
"The term ""pharmacoeconomics"" is the scientific discipline that evaluates the cost and outcomes of pharmaceutical products and services.",True,False,Pharmacoeconomics only considers drug prices,Pharmacoeconomics is not relevant for healthcare,a
Pharmacoeconomic studies can help in making informed decisions about the inclusion of herbal medicines in healthcare systems.,True,False,Pharmacoeconomic studies are not applicable to herbal medicines,Pharmacoeconomic studies always favor synthetic drugs,a
"The term ""health policy"" refers to decisions, plans, and actions that are undertaken to achieve specific health care goals within a society.",True,False,Health policy is only about individual health,Health policy has no impact on healthcare systems,a
"Health policies can influence the regulation, research, and integration of herbal medicines into mainstream healthcare.",True,False,Health policies have no influence on herbal medicines,Health policies always restrict access to herbal medicines,a
"The term ""intellectual property rights (IPR)"" are legal rights that protect creations of the mind, such as inventions, literary and artistic works, designs, and symbols, names and images used in commerce.",True,False,IPR only applies to physical objects,IPR is not relevant for natural products,a
IPR issues are particularly complex in pharmacognosy due to the traditional knowledge associated with many medicinal plants and the challenges of patenting natural compounds.,True,False,IPR issues are simple for natural products,Natural compounds cannot be patented,a
"The term ""benefit-sharing"" refers to the fair and equitable sharing of benefits arising from the utilization of genetic resources and associated traditional knowledge.",True,False,Benefit-sharing is not necessary,Benefit-sharing only applies to financial benefits,a
The Convention on Biological Diversity (CBD) and its Nagoya Protocol are international agreements that address access to genetic resources and benefit-sharing.,True,False,CBD and Nagoya Protocol are not related to genetic resources,These agreements promote biopiracy,a
"The term ""biotechnology"" is the use of living systems and organisms to develop or make products, or any technological application that uses biological systems, living organisms, or derivatives thereof, to make or modify products or processes for specific use.",True,False,Biotechnology only involves synthetic processes,Biotechnology is not related to living organisms,a
"Biotechnology plays an increasing role in pharmacognosy, including plant tissue culture, genetic engineering, and metabolic engineering for natural product production.",True,False,Biotechnology has no role in pharmacognosy,Biotechnology only applies to animal cells,a
"The term ""omics technologies"" (e.g., genomics, proteomics, metabolomics) are high-throughput technologies that allow for the comprehensive analysis of biological molecules.",True,False,Omics technologies are low-throughput,Omics technologies are only for single molecule analysis,a
Omics technologies are valuable tools for understanding the complex chemistry of medicinal plants and the mechanisms of action of natural products.,True,False,Omics technologies are not useful for natural products,Omics technologies only provide qualitative data,a
"The term ""systems biology"" is an approach to biological research that focuses on the study of complex interactions within biological systems, rather than focusing on individual components.",True,False,Systems biology only studies individual components,Systems biology is not a scientific approach,a
Systems biology can be applied to pharmacognosy to understand how multiple phytochemicals in a complex herbal extract interact with various biological targets to produce a therapeutic effect.,True,False,Systems biology is not applicable to herbal extracts,Systems biology only studies single drug interactions,a
"The term ""network pharmacology"" is an emerging approach that investigates the effects of drugs on biological networks rather than on single targets.",True,False,Network pharmacology only studies single targets,Network pharmacology is not a valid approach,a
Network pharmacology can be particularly useful for understanding the multi-target effects of herbal medicines.,True,False,Network pharmacology is only for synthetic drugs,Network pharmacology cannot explain multi-target effects,a
"The term ""bioinformatics"" is the application of computational tools and methods to manage and analyze large biological datasets.",True,False,Bioinformatics is only about laboratory experiments,Bioinformatics is not related to biological data,a
Bioinformatics is essential for handling and interpreting the vast amounts of data generated by omics technologies in pharmacognosy.,True,False,Bioinformatics is not necessary for omics data,Bioinformatics only generates data,a
"The term ""data mining"" is the process of discovering patterns and insights from large datasets.",True,False,Data mining only involves small datasets,Data mining is not related to insights,a
Data mining techniques can be applied to traditional medicine databases or ethnobotanical records to identify potential new drug leads.,True,False,Data mining is not applicable to traditional medicine,Data mining only confirms existing knowledge,a
"The term ""artificial intelligence (AI)"" is the simulation of human intelligence processes by machines, especially computer systems.",True,False,AI is only about robots,AI is not related to human intelligence,a
"AI and machine learning are increasingly being used in drug discovery, including natural product research, for tasks like predicting biological activity, identifying new compounds, and optimizing synthesis routes.",True,False,AI has no role in drug discovery,AI is only for synthetic drug discovery,a
"The term ""virtual screening"" is a computational technique used in drug discovery to search large libraries of chemical compounds for those that are most likely to bind to a drug target.",True,False,Virtual screening is an experimental technique,Virtual screening is only for small libraries,a
Virtual screening can be applied to natural product databases to identify potential lead compounds for various diseases.,True,False,Virtual screening is not applicable to natural products,Virtual screening only identifies toxic compounds,a
"The term ""molecular docking"" is a computational method that predicts the preferred orientation of one molecule (ligand) to another (receptor) when bound to each other to form a stable complex.",True,False,Molecular docking is an experimental technique,Molecular docking only predicts unstable complexes,a
Molecular docking is used to understand the binding interactions between natural products and their biological targets.,True,False,Molecular docking is not used for natural products,Molecular docking only predicts non-binding interactions,a
"The term ""drug design"" is the inventive process of finding new medications based on the knowledge of a biological target.",True,False,Drug design is a random process,Drug design only involves existing medications,a
Natural products can serve as scaffolds or inspiration for the design of new synthetic drugs with improved properties.,True,False,Natural products cannot inspire synthetic drug design,Natural products are always inferior to synthetic drugs,a
"The term ""rational drug design"" is an approach to drug discovery that involves designing drugs based on the known structure of a biological target.",True,False,Rational drug design is a random process,Rational drug design ignores target structure,a
"The term ""fragment-based drug discovery (FBDD)"" is a drug discovery approach that involves screening small molecular fragments for their ability to bind to a biological target, and then growing or linking these fragments to create more potent compounds.",True,False,FBDD only uses large molecules,FBDD is not a valid drug discovery approach,a
Natural products can be a source of diverse chemical fragments for FBDD.,True,False,Natural products do not contain chemical fragments,FBDD is only for synthetic fragments,a
"The term ""target validation"" is the process of demonstrating that modulating the activity of a specific biological target will result in a desired therapeutic effect.",True,False,Target validation is not necessary,Target validation only applies to toxic effects,a
Natural products can be used as chemical probes to validate new drug targets.,True,False,Natural products cannot be used as chemical probes,Chemical probes are always synthetic,a
"The term ""lead optimization"" is the process of chemically modifying a lead compound to improve its potency, selectivity, pharmacokinetic properties, and reduce toxicity.",True,False,Lead optimization makes compounds less potent,Lead optimization is not necessary,a
Natural products often require lead optimization to become viable drug candidates due to issues like poor bioavailability or toxicity.,True,False,Natural products are always perfect drug candidates,Lead optimization is only for synthetic compounds,a
"The term ""drug development"" is the process of bringing a new pharmaceutical drug to the market once a lead compound has been identified.",True,False,Drug development is the same as drug discovery,Drug development only involves preclinical studies,a
"The stages of drug development typically include preclinical research, clinical trials, regulatory approval, and post-market surveillance.",True,False,Drug development only involves clinical trials,Drug development ends after regulatory approval,a
"The term ""regulatory affairs"" is a profession within regulated industries, such as pharmaceuticals, that is responsible for ensuring that products meet all relevant regulations and laws.",True,False,Regulatory affairs is not necessary,Regulatory affairs only applies to marketing,a
"Regulatory affairs professionals play a crucial role in bringing herbal medicines to market, navigating different regulatory frameworks (e.g., as drugs, food supplements, or traditional medicines).",True,False,Regulatory affairs is not involved with herbal medicines,Herbal medicines have no regulatory requirements,a
"The term ""good documentation practices (GDP)"" refers to the standards for how documents are created, maintained, and archived in regulated industries.",True,False,GDP is not important for quality,GDP only applies to paper documents,a
"Accurate and complete documentation is essential throughout the entire process of natural product research and development, from plant collection to final product.",True,False,Documentation is not important for natural products,Only final product documentation is needed,a
"The term ""traceability"" refers to the ability to trace the history, application, or location of an entity by means of recorded identifications.",True,False,Traceability is not important for herbal medicines,Traceability only applies to food products,a
"Traceability is important for ensuring the quality, safety, and authenticity of herbal raw materials and finished products.",True,False,Traceability increases adulteration,Traceability is only for synthetic drugs,a
"The term ""supply chain management"" is the management of the flow of goods and services, involves the movement and storage of raw materials, work-in-process inventory, and finished goods from point of origin to point of consumption.",True,False,Supply chain management is not relevant for herbal medicines,Supply chain management only involves manufacturing,a
Effective supply chain management is critical for ensuring the consistent quality and sustainable sourcing of herbal raw materials.,True,False,Supply chain management has no impact on quality,Sustainable sourcing is not important,a
"The term ""adulteration"" can also refer to the intentional addition of a substance to a drug to increase its bulk or weight, or to reduce its cost, without necessarily improving its quality.",True,False,Adulteration always improves quality,Adulteration is only about adding impurities,a
