Question,Option A,Option B,Option C,Option D,Correct Answer
Psychology is best defined as the scientific study of:,The mind and mental processes,Behavior and mental processes,Behavior and its causes,The brain and nervous system,b
The first psychology laboratory was established by:,Sigmund Freud,William James,Wilhelm Wundt,Ivan Pavlov,a
Which school of psychology focused on the adaptive functions of behavior and mental processes?,Structuralism,Functionalism,Psychoanalysis,Behaviorism,c
Which perspective in psychology emphasizes the role of unconscious conflicts and early childhood experiences?,Behaviorism,Humanistic psychology,Psychoanalytic perspective,Cognitive psychology,d
"Behaviorism, as championed by John B. Watson and B.F. Skinner, focused on:",The study of conscious experience,The study of observable behavior,The study of unconscious motives,The study of mental processes,a
"Humanistic psychology, with figures like Carl Rogers and Abraham Maslow, emphasized:",The role of environmental stimuli in shaping behavior,The importance of unconscious drives,The potential for human growth and self-actualization,The study of cognitive processes like memory and problem-solving,b
The cognitive revolution in psychology involved a renewed interest in:,Observable behavior only,Unconscious conflicts,"Mental processes such as thinking, memory, and language",The biological basis of behavior,c
Which research method involves in-depth investigation of a single individual or a small group?,Experiment,Survey,Case study,Naturalistic observation,d
Naturalistic observation involves:,Manipulating variables in a controlled setting,Observing behavior in its natural setting without interference,Asking people to report their own behaviors or attitudes,Studying the relationship between two or more variables,a
A survey is a research method in which:,A single individual is studied in depth,Behavior is observed in its natural environment,A large number of people are asked questions about their attitudes or behavior,Variables are manipulated to determine cause-and-effect relationships,b
Correlational research aims to:,Establish cause-and-effect relationships,Describe behavior,Identify relationships between variables,Manipulate variables,c
An experiment is a research method in which:,Behavior is observed in its natural setting,A large number of people are asked questions,Researchers manipulate one or more independent variables to observe their effect on a dependent variable,A single individual is studied in depth,d
The independent variable in an experiment is:,The variable that is measured,The variable that is manipulated by the researcher,The variable that is kept constant,The variable that is influenced by the dependent variable,a
The dependent variable in an experiment is:,The variable that is manipulated by the researcher,The variable that is measured to see if it is affected by the independent variable,The variable that is kept constant,The variable that influences the independent variable,b
The control group in an experiment is:,The group that receives the treatment,The group that does not receive the treatment and serves as a baseline for comparison,The group that is exposed to both the independent and dependent variables,The group that is not observed,c
The experimental group in an experiment is:,The group that does not receive the treatment,The group that receives the treatment or manipulation of the independent variable,The group that is exposed to neither the independent nor dependent variables,The group that is not observed,d
Random assignment in an experiment helps to:,Ensure that participants in the experimental and control groups are similar at the start of the experiment,Introduce bias into the experiment,Make the experiment more complex,Reduce the number of participants needed,a
The placebo effect refers to:,A real effect caused by a real treatment,"A psychological or physiological effect that occurs because a person believes they are receiving a treatment, even if it is inactive",A negative effect caused by a real treatment,A negative effect caused by an inactive treatment,b
The double-blind procedure in research is used to:,Ensure that participants are unaware of the study's purpose,Prevent both the participants and the researchers from knowing who is in the experimental and control groups,Make the study more efficient,Reduce the number of variables,c
Ethical guidelines in psychological research include:,Deception of participants at all times,"Informed consent, protection from harm, confidentiality, and debriefing",Coercion of participants,Withholding information from participants,d
The brain is part of the:,Peripheral nervous system,Central nervous system,Autonomic nervous system,Somatic nervous system,a
The spinal cord is part of the:,Peripheral nervous system,Central nervous system,Autonomic nervous system,Somatic nervous system,b
Neurons are:,Support cells in the nervous system,"The basic building blocks of the nervous system, specialized to transmit electrical and chemical signals",Blood cells in the brain,Connective tissue in the brain,c
The dendrites of a neuron:,Transmit signals away from the cell body,Receive signals from other neurons,Produce myelin,Form the axon terminal,d
The axon of a neuron:,Receives signals from other neurons,"Transmits signals away from the cell body to other neurons, muscles, or glands",Produces myelin,Forms the cell body,a
Myelin sheath is:,"A fatty tissue layer that insulates the axon of some neurons, enabling faster transmission of neural impulses",The part of the neuron that receives signals,The part of the neuron that transmits signals,The cell body of a neuron,b
Synapse is:,The cell body of a neuron,The junction between the axon tip of the sending neuron and the dendrite or cell body of the receiving neuron,The myelin sheath,The axon terminal,c
Neurotransmitters are:,Electrical signals in the brain,Chemical messengers that cross the synaptic gaps between neurons and bind to receptor sites on the receiving neuron,Hormones in the bloodstream,Proteins in the cell membrane,d
The sympathetic nervous system:,"Calms the body, conserving its energy","Arouses the body, mobilizing its energy in stressful situations (fight-or-flight response)",Controls voluntary movements,Controls involuntary movements,a
The parasympathetic nervous system:,"Arouses the body, mobilizing its energy","Calms the body, conserving its energy, and returning it to a relaxed state",Controls voluntary movements,Controls involuntary movements,b
The endocrine system is:,"The body's speedy, electrochemical communication network",The body's slow chemical communication system; a set of glands that secrete hormones into the bloodstream,The system responsible for voluntary movements,The system responsible for involuntary movements,c
Hormones are:,Electrical signals in the brain,"Chemical messengers that are manufactured by the endocrine glands, travel through the bloodstream, and affect other tissues",Neurotransmitters in the brain,Proteins in the cell membrane,d
The pituitary gland is:,"The master gland of the endocrine system, located at the base of the brain, that regulates growth and controls other endocrine glands",A gland that produces adrenaline,A gland that produces insulin,A gland that produces thyroid hormones,a
The adrenal glands are:,Glands that produce insulin,A pair of endocrine glands that sit just above the kidneys and secrete hormones (epinephrine and norepinephrine) that help arouse the body in times of stress,Glands that produce thyroid hormones,Glands that produce growth hormones,b
The brainstem is responsible for:,Higher-level thinking,Automatic survival functions like breathing and heartbeat,Processing sensory information,Forming new memories,c
The thalamus is:,Responsible for regulating sleep and arousal,"The brain's sensory control center, located on top of the brainstem; it directs messages to the sensory receiving areas in the cortex and transmits replies to the cerebellum and medulla",Responsible for coordinating voluntary movements,Responsible for processing emotions,d
The cerebellum is responsible for:,Processing sensory information,"Coordinating voluntary movements, balance, and nonverbal learning and memory",Regulating sleep and arousal,Processing emotions,a
The limbic system is associated with:,Language and speech,"Emotions, memory, and motivation",Vision and hearing,Voluntary movement,b
The amygdala is involved in:,Memory formation,"Processing emotions, particularly fear and aggression",Regulating hunger and thirst,Coordinating voluntary movements,c
The hippocampus is involved in:,Processing emotions,Forming new memories,Regulating hunger and thirst,Coordinating voluntary movements,d
The hypothalamus is involved in:,Processing emotions,Forming new memories,"Regulating basic drives like hunger, thirst, and body temperature, and is linked to emotion and reward",Coordinating voluntary movements,a
The cerebral cortex is:,The oldest part of the brain,The intricate fabric of interconnected neural cells covering the cerebral hemispheres; the body's ultimate control and information-processing center,Responsible for automatic survival functions,Responsible for coordinating voluntary movements,b
The frontal lobes are involved in:,Processing visual information,"Speaking, muscle movements, and making plans and judgments",Processing auditory information,Processing touch and body position,c
The parietal lobes are involved in:,Processing visual information,"Speaking, muscle movements, and making plans and judgments",Processing auditory information,Receiving sensory input for touch and body position,d
The temporal lobes are involved in:,Processing visual information,"Speaking, muscle movements, and making plans and judgments","Processing auditory information, and are involved in memory and language",Processing touch and body position,a
The occipital lobes are involved in:,Processing auditory information,"Speaking, muscle movements, and making plans and judgments",Processing visual information,Processing touch and body position,b
Sensation is:,The process of organizing and interpreting sensory information,The process by which our sensory receptors and nervous system receive and represent stimulus energies from our environment,The process of making sense of the world,The process of conscious awareness,c
Perception is:,The process by which our sensory receptors receive stimulus energies,"The process of organizing and interpreting sensory information, enabling us to recognize meaningful objects and events",The process of conscious awareness,The process of receiving stimulus energies,d
Absolute threshold is:,The minimum difference between two stimuli required for detection 50 percent of the time,The minimum stimulation needed to detect a particular stimulus 50 percent of the time,The maximum stimulation needed to detect a particular stimulus,The maximum difference between two stimuli,a
"Difference threshold (or just noticeable difference, JND) is:",The minimum stimulation needed to detect a particular stimulus,The minimum difference between two stimuli required for detection 50 percent of the time,The maximum stimulation needed to detect a particular stimulus,The maximum difference between two stimuli,b
Sensory adaptation is:,Increased sensitivity to a stimulus,Diminished sensitivity as a consequence of constant stimulation,The ability to detect a stimulus,The ability to differentiate between two stimuli,c
Transduction in sensation is:,The process of organizing sensory information,"The process of converting one form of energy into another, as in transforming stimulus energies (sights, sounds, smells) into neural impulses our brain can interpret",The process of interpreting sensory information,The process of conscious awareness,d
Wavelength of light determines:,Brightness,Hue (color),Saturation,Intensity,a
Amplitude of light determines:,Hue (color),Brightness (intensity),Saturation,Wavelength,b
The retina is:,The transparent outer layer of the eye,"The light-sensitive inner surface of the eye, containing the receptor rods and cones plus layers of neurons that begin the processing of visual information",The colored part of the eye,The opening in the center of the iris,c
Rods are:,Photoreceptors that detect color,"Photoreceptors that detect black, white, and gray, and are sensitive to movement; necessary for peripheral and twilight vision",Photoreceptors that detect fine detail,Photoreceptors that are concentrated in the fovea,d
Cones are:,"Photoreceptors that detect black, white, and gray",Photoreceptors that detect fine detail and give rise to color sensation; concentrated in the fovea,Photoreceptors that are sensitive to movement,Photoreceptors that are necessary for peripheral vision,a
The optic nerve is:,The nerve that carries auditory information to the brain,The nerve that carries neural impulses from the eye to the brain,The nerve that carries olfactory information to the brain,The nerve that carries gustatory information to the brain,b
The blind spot is:,The area of the retina where cones are concentrated,"The point at which the optic nerve leaves the eye, creating a ""blind"" spot because no receptor cells are located there",The area of the retina where rods are concentrated,The area of the retina with the clearest vision,c
The fovea is:,The area of the retina where rods are concentrated,"The central focal point in the retina, around which the eye's cones cluster",The area of the retina with no receptor cells,"The area of the retina that detects black, white, and gray",d
The Young-Helmholtz trichromatic (three-color) theory states that:,"Color vision depends on three types of cones, each sensitive to a different range of wavelengths (red, green, and blue)","Color vision depends on opposing retinal processes (red-green, yellow-blue, white-black)",Color vision is determined by the brain,Color vision is not possible,a
The opponent-process theory states that:,Color vision depends on three types of cones,"Opposing retinal processes (red-green, yellow-blue, white-black) enable color vision",Color vision is determined by the brain,Color vision is not possible,b
Frequency of sound waves determines:,Loudness,Pitch,Timbre,Amplitude,c
Amplitude of sound waves determines:,Pitch,Loudness,Timbre,Frequency,d
The cochlea is:,The outer ear,"A coiled, bony, fluid-filled tube in the inner ear through which sound waves trigger nerve impulses",The eardrum,The middle ear,a
Place theory of hearing states that:,The rate of nerve impulses traveling up the auditory nerve matches the frequency of a tone,The pitch we hear is determined by the place where the cochlea's membrane is stimulated,The pitch we hear is determined by the number of hair cells activated,The pitch we hear is determined by the amplitude of the sound wave,b
Frequency theory of hearing states that:,The pitch we hear is determined by the place where the cochlea's membrane is stimulated,"The rate of nerve impulses traveling up the auditory nerve matches the frequency of a tone, thus enabling us to sense its pitch",The pitch we hear is determined by the number of hair cells activated,The pitch we hear is determined by the amplitude of the sound wave,c
Conduction hearing loss is caused by:,Damage to the cochlea,Damage to the mechanical system that conducts sound waves to the cochlea,Damage to the auditory nerve,Damage to the brain,d
Sensorineural hearing loss (or nerve deafness) is caused by:,Damage to the mechanical system that conducts sound waves to the cochlea,Damage to the cochlea's receptor cells or to the auditory nerves,Damage to the outer ear,Damage to the middle ear,a
The gate-control theory of pain states that:,Pain is purely a psychological phenomenon,"The spinal cord contains a neurological ""gate"" that either blocks pain signals or allows them to pass to the brain, influenced by psychological factors",Pain is only a physical phenomenon,Pain is always a direct result of tissue damage,b
Olfaction refers to the sense of:,Taste,Smell,Touch,Hearing,c
Gustation refers to the sense of:,Smell,Taste,Touch,Hearing,d
Kinesthesis refers to the sense of:,Balance,Our body parts' position and movement,Touch,Temperature,a
Vestibular sense refers to the sense of:,Body parts' position and movement,"Balance, located in the inner ear",Touch,Temperature,b
Selective attention is:,The ability to pay attention to all stimuli in the environment,The focusing of conscious awareness on a particular stimulus,The inability to pay attention to any stimuli,The ability to multitask effectively,c
Inattentional blindness is:,The ability to see all stimuli in the environment,Failing to see visible objects when our attention is directed elsewhere,The inability to see any objects,The ability to see objects that are not there,d
Change blindness is:,The ability to detect changes in a visual scene,Failing to notice changes in the environment,The inability to detect any changes,The ability to detect changes that are not there,a
Perceptual constancy refers to:,"The tendency to perceive objects as changing in size, shape, or color","The tendency to perceive objects as unchanging (having consistent shape, size, lightness, and color) even as illumination and retinal images change",The inability to perceive objects accurately,The tendency to perceive objects as always being in motion,b
Depth perception refers to:,The ability to perceive objects in two dimensions,The ability to perceive the world in three dimensions and to judge distance,The ability to perceive objects as unchanging,The ability to perceive objects as always being in motion,c
Binocular cues for depth perception include:,Linear perspective and interposition,Retinal disparity and convergence,Relative size and texture gradient,Motion parallax and relative height,d
Monocular cues for depth perception include:,Retinal disparity and convergence,"Linear perspective, interposition, relative size, texture gradient, relative height, and motion parallax",Binocular disparity and convergence,All of the above,a
Perceptual set refers to:,A tendency to perceive objects as unchanging,"A mental predisposition to perceive one thing and not another, influenced by our experiences, assumptions, and expectations",The ability to perceive objects in three dimensions,The ability to perceive objects as always being in motion,b
Extrasensory perception (ESP) refers to:,The ability to perceive objects in three dimensions,"The controversial claim that perception can occur apart from sensory input, such as through telepathy, clairvoyance, or precognition",The ability to perceive objects as unchanging,The ability to perceive objects as always being in motion,c
Consciousness refers to:,A state of unconsciousness,Our awareness of ourselves and our environment,A state of deep sleep,A state of altered perception,d
Circadian rhythm refers to:,"A 24-hour biological clock that regulates various physiological processes, including sleep-wake cycles, hormone secretion, and body temperature",A short-term sleep cycle,A long-term sleep cycle,A random sleep pattern,a
REM sleep is characterized by:,Slow brain waves and deep relaxation,"Rapid eye movements, vivid dreams, muscle paralysis, and brain activity similar to wakefulness",Sleepwalking and night terrors,Insomnia and sleep apnea,b
NREM sleep is characterized by:,Rapid eye movements and vivid dreams,"Slower brain waves, decreased muscle activity, and less vivid dreams; it is divided into stages N1, N2, and N3",Sleepwalking and night terrors,Insomnia and sleep apnea,c
Insomnia refers to:,Excessive daytime sleepiness,Persistent problems in falling or staying asleep,Sudden attacks of overwhelming sleepiness,Temporary cessation of breathing during sleep,d
Narcolepsy refers to:,Persistent problems in falling or staying asleep,"A sleep disorder characterized by uncontrollable sleep attacks, often directly into REM sleep",Temporary cessation of breathing during sleep,Sleepwalking and night terrors,a
Sleep apnea refers to:,Persistent problems in falling or staying asleep,A sleep disorder characterized by temporary cessations of breathing during sleep and repeated momentary awakenings,Sudden attacks of overwhelming sleepiness,Sleepwalking and night terrors,b
Night terrors are:,"Vivid, memorable dreams that occur during REM sleep","A sleep disorder characterized by high arousal and an appearance of being terrified; unlike nightmares, night terrors occur during NREM-3 sleep and are seldom remembered",Episodes of sleepwalking,Episodes of sleep talking,c
Dreams are:,Random neural firings,"Sequences of images, emotions, and thoughts passing through a sleeping person_s mind, often vivid, bizarre, and difficult to remember",A state of altered consciousness,A state of deep relaxation,d
Hypnosis is:,A state of unconsciousness,"A social interaction in which one person (the hypnotist) suggests to another (the subject) that certain perceptions, feelings, thoughts, or behaviors will spontaneously occur",A state of deep sleep,A state of altered perception caused by drugs,a
Psychoactive drugs are:,Drugs that treat physical illnesses,Chemical substances that alter perceptions and moods,Drugs that have no effect on the brain,Drugs that are only used in emergencies,b
Tolerance to drugs refers to:,An increased response to a drug over time,"The diminishing effect with regular use of the same dose of a drug, requiring the user to take larger and larger doses before experiencing the drug_s effect",The body_s ability to excrete a drug quickly,The patient_s psychological dependence on a drug,c
Withdrawal from drugs refers to:,Pleasant feelings experienced when stopping a drug,The discomfort and distress that follow discontinuing an addictive drug or behavior,The therapeutic effects of a drug,The side effects of a drug,d
Addiction is:,A physiological adaptation to a drug,"A compulsive craving for drugs or certain behaviors (e.g., gambling) despite adverse consequences",The patient_s ability to control drug use,A temporary craving for a drug,a
Depressants are drugs that:,Excite neural activity and speed up body functions,Calm neural activity and slow body functions,Distort perceptions and evoke sensory images in the absence of sensory input,Increase alertness and reduce appetite,b
Stimulants are drugs that:,Calm neural activity and slow body functions,Excite neural activity and speed up body functions,Distort perceptions and evoke sensory images in the absence of sensory input,Decrease alertness and increase appetite,c
Hallucinogens are drugs that:,Calm neural activity and slow body functions,Excite neural activity and speed up body functions,Distort perceptions and evoke sensory images in the absence of sensory input,Increase alertness and reduce appetite,d
Learning refers to:,A permanent change in behavior due to maturation,A relatively permanent change in an organism_s behavior due to experience,A temporary change in behavior due to fatigue,A change in behavior due to genetic factors,b
Classical conditioning is a type of learning in which:,Behavior is strengthened if followed by a reinforcer or diminished if followed by a punisher,"An organism learns to associate two stimuli, such that a neutral stimulus comes to elicit a response originally elicited by another stimulus",Learning occurs by observing others,Learning occurs through insight,c
Operant conditioning is a type of learning in which:,An organism learns to associate two stimuli,Behavior is strengthened if followed by a reinforcer or diminished if followed by a punisher,Learning occurs by observing others,Learning occurs through insight,d
Observational learning is a type of learning in which:,An organism learns to associate two stimuli,Behavior is strengthened if followed by a reinforcer or diminished if followed by a punisher,Learning occurs by observing others and imitating their behavior,Learning occurs through insight,a
Unconditioned stimulus (US) in classical conditioning is:,A neutral stimulus,A stimulus that naturally and automatically triggers a response without any prior learning,A learned stimulus,A stimulus that elicits a conditioned response,b
Unconditioned response (UR) in classical conditioning is:,A learned response,"The unlearned, naturally occurring response to the unconditioned stimulus",A response to a neutral stimulus,A response to a conditioned stimulus,c
Neutral stimulus (NS) in classical conditioning is:,A stimulus that naturally and automatically triggers a response,A stimulus that initially produces no specific response other than focusing attention,A learned stimulus,A stimulus that elicits a conditioned response,d
Conditioned stimulus (CS) in classical conditioning is:,A stimulus that naturally and automatically triggers a response,"An originally neutral stimulus that, after association with an unconditioned stimulus, comes to trigger a conditioned response",A learned stimulus,A stimulus that elicits an unconditioned response,a
Conditioned response (CR) in classical conditioning is:,"The unlearned, naturally occurring response to the unconditioned stimulus",The learned response to a previously neutral (but now conditioned) stimulus,A response to a neutral stimulus,A response to an unconditioned stimulus,b
Reinforcement in operant conditioning is:,Any event that decreases the likelihood of a behavior,Any event that strengthens the behavior it follows,Any event that has no effect on behavior,Any event that elicits a conditioned response,c
Punishment in operant conditioning is:,Any event that increases the likelihood of a behavior,Any event that decreases the likelihood of a behavior,Any event that has no effect on behavior,Any event that elicits a conditioned response,d
Positive reinforcement involves:,Removing an undesirable stimulus to increase a behavior,Presenting a desirable stimulus after a response to increase the likelihood of that response,Presenting an undesirable stimulus to decrease a behavior,Removing a desirable stimulus to decrease a behavior,a
Negative reinforcement involves:,Presenting a desirable stimulus to increase a behavior,Removing an undesirable stimulus after a response to increase the likelihood of that response,Presenting an undesirable stimulus to decrease a behavior,Removing a desirable stimulus to decrease a behavior,b
Positive punishment involves:,Removing an undesirable stimulus to decrease a behavior,Presenting an undesirable stimulus after a response to decrease the likelihood of that response,Presenting a desirable stimulus to increase a behavior,Removing a desirable stimulus to increase a behavior,c
Negative punishment involves:,Presenting an undesirable stimulus to decrease a behavior,Removing a desirable stimulus after a response to decrease the likelihood of that response,Presenting a desirable stimulus to increase a behavior,Removing an undesirable stimulus to increase a behavior,d
Shaping in operant conditioning is:,Reinforcing only the desired final behavior,An operant conditioning procedure in which reinforcers guide behavior toward closer and closer approximations of the desired behavior,Punishing undesirable behaviors,Ignoring all behaviors,a
Memory refers to:,The ability to forget information,"The persistence of learning over time through the encoding, storage, and retrieval of information",The ability to acquire new information,The ability to process information quickly,b
Encoding in memory is:,The process of retaining encoded information over time,The process of getting information into the memory system,The process of getting information out of memory storage,The process of forgetting information,c
Storage in memory is:,The process of getting information into the memory system,The process of retaining encoded information over time,The process of getting information out of memory storage,The process of forgetting information,d
Retrieval in memory is:,The process of getting information into the memory system,The process of retaining encoded information over time,The process of getting information out of memory storage,The process of forgetting information,a
Sensory memory is:,Short-term memory,"The immediate, very brief recording of sensory information in the memory system",Long-term memory,Working memory,b
Short-term memory (STM) or working memory is:,"The immediate, very brief recording of sensory information","Activated memory that holds a few items briefly, such as the seven digits of a phone number while dialing, before the information is stored or forgotten",The relatively permanent and limitless storehouse of the memory system,Memory for skills and procedures,c
Long-term memory (LTM) is:,"The immediate, very brief recording of sensory information",Activated memory that holds a few items briefly,"The relatively permanent and limitless storehouse of the memory system, including knowledge, skills, and experiences",Memory for events that just happened,d
Explicit memory (or declarative memory) is:,Memory for skills and procedures,"Memory of facts and experiences that one can consciously know and ""declare""",Memory for emotional responses,Memory for classical conditioning,a
Implicit memory (or nondeclarative memory) is:,"Memory of facts and experiences that one can consciously know and ""declare""","Retention independent of conscious recollection, such as memory for skills (e.g., riding a bike) or classically conditioned associations",Memory for emotional responses,Memory for specific events,b
Semantic memory is a type of explicit memory that stores:,Personal experiences,"General knowledge, facts, and concepts",Skills and procedures,Emotional responses,c
Episodic memory is a type of explicit memory that stores:,General knowledge and facts,"Personally experienced events, or episodes, along with their time and place",Skills and procedures,Emotional responses,d
Procedural memory is a type of implicit memory that stores:,Facts and events,"Memory for skills and procedures, such as riding a bike or tying shoelaces",Emotional responses,General knowledge,a
Flashbulb memories are:,"Ordinary, everyday memories","Clear, vivid, and long-lasting memories of an emotionally significant moment or event",Memories that are easily forgotten,Memories that are inaccurate,b
Amnesia refers to:,Enhanced memory recall,"The loss of memory, often due to brain injury, disease, or psychological trauma",The ability to remember everything,The ability to learn new information,c
Retrograde amnesia refers to:,The inability to form new memories after an injury or event,"The inability to retrieve information from one_s past, often due to brain injury or psychological trauma",The loss of memory for skills,The loss of memory for facts,d
Anterograde amnesia refers to:,The inability to retrieve information from one_s past,The inability to form new memories after an injury or event,The loss of memory for skills,The loss of memory for facts,a
The misinformation effect refers to:,The tendency to accurately recall information,The tendency for misleading information presented after an event to alter the memory of the event itself,The tendency to remember only accurate information,The tendency to forget misleading information,b
Source amnesia refers to:,The ability to remember the source of information,"Attributing to the wrong source an event we have experienced, heard about, read about, or imagined",The inability to remember any information,The inability to forget information,c
Repression in memory is:,A conscious effort to forget traumatic events,"A defense mechanism that banishes anxiety-arousing thoughts, feelings, and memories from consciousness",A deliberate attempt to remember everything,A process of enhancing memory recall,d
Proactive interference refers to:,New learning interfering with the recall of old information,Old learning interfering with the recall of new information,Forgetting information due to lack of use,Forgetting information due to brain injury,a
Retroactive interference refers to:,Old learning interfering with the recall of new information,New learning interfering with the recall of old information,Forgetting information due to lack of use,Forgetting information due to brain injury,b
Cognition refers to:,The process of feeling emotions,"All the mental activities associated with thinking, knowing, remembering, and communicating",The process of behaving,The process of sensing,c
Concepts are:,Specific examples of objects or events,"Mental groupings of similar objects, events, ideas, or people",Random thoughts,Unrelated pieces of information,d
Prototypes are:,Specific examples that do not fit a concept,"A mental image or best example of a category, providing a quick and easy method for including items in a category",Random thoughts,Unrelated pieces of information,a
Algorithms are:,Mental shortcuts that allow us to make judgments and solve problems efficiently,"A methodical, logical rule or procedure that guarantees solving a particular problem",Sudden flashes of insight,Intuitive judgments,b
Heuristics are:,"A methodical, logical rule or procedure that guarantees solving a particular problem",A simple thinking strategy that often allows us to make judgments and solve problems efficiently; usually speedier but also more error-prone than algorithms,Sudden flashes of insight,Intuitive judgments,c
Insight is:,A gradual problem-solving process,A sudden and often novel realization of the solution to a problem,"A methodical, logical rule or procedure",A simple thinking strategy,d
Confirmation bias is:,Seeking out evidence that contradicts one_s beliefs,The tendency to search for information that supports our preconceptions and to ignore or distort contradictory evidence,Being open to all evidence,Objectively evaluating all information,a
Fixation in problem-solving is:,The ability to think flexibly,"The inability to see a problem from a fresh perspective, often due to mental set",The ability to solve problems quickly,The ability to generate multiple solutions,b
Mental set is:,A tendency to approach a problem in a new way,"A tendency to approach a problem in one particular way, often a way that has been successful in the past",The ability to think flexibly,The ability to generate multiple solutions,c
Functional fixedness is:,The ability to see new uses for objects,The tendency to think of things only in terms of their usual functions; an impediment to problem-solving,The ability to solve problems quickly,The ability to generate multiple solutions,d
Representativeness heuristic is:,"Judging the likelihood of things in terms of how well they seem to represent, or match, particular prototypes; may lead us to ignore other relevant information",Estimating the likelihood of events based on their availability in memory,Overestimating the accuracy of one_s beliefs,Clinging to one_s initial conceptions after the basis on which they were formed has been discredited,a
Availability heuristic is:,"Judging the likelihood of things in terms of how well they seem to represent, or match, particular prototypes","Estimating the likelihood of events based on their availability in memory; if instances come readily to mind (perhaps because of their vividness), we presume such events are common",Overestimating the accuracy of one_s beliefs,Clinging to one_s initial conceptions after the basis on which they were formed has been discredited,b
Overconfidence is:,Underestimating the accuracy of one_s beliefs,The tendency to be more confident than correct—to overestimate the accuracy of our beliefs and judgments,Being realistic about one_s abilities,Being humble about one_s knowledge,c
Belief perseverance is:,Changing one_s beliefs when presented with contradictory evidence,Clinging to one_s initial conceptions after the basis on which they were formed has been discredited,Being open to new ideas,Objectively evaluating all information,d
Framing is:,The way an issue is presented; how an issue is framed can significantly affect decisions and judgments,The way an issue is ignored,The way an issue is solved,The way an issue is forgotten,a
Language is:,A system of unrelated sounds,"Our spoken, written, or signed words and the ways we combine them to communicate meaning",A random collection of gestures,A form of animal communication,b
Phonemes are:,The smallest units of language that carry meaning,The smallest distinctive sound units in a language,The rules for combining words into grammatically sensible sentences,The rules for deriving meaning from sounds,c
Morphemes are:,The smallest distinctive sound units in a language,"The smallest units of language that carry meaning, such as a prefix or suffix",The rules for combining words into grammatically sensible sentences,The rules for deriving meaning from sounds,d
Grammar is:,The smallest distinctive sound units in a language,The smallest units of language that carry meaning,A system of rules that enables us to communicate with and understand others,The rules for deriving meaning from sounds,a
Semantics is:,The rules for combining words into grammatically sensible sentences,"The set of rules for deriving meaning from sounds, words, and sentences",The smallest distinctive sound units in a language,The smallest units of language that carry meaning,b
Syntax is:,"The set of rules for deriving meaning from sounds, words, and sentences",The rules for combining words into grammatically sensible sentences,The smallest distinctive sound units in a language,The smallest units of language that carry meaning,c
Babbling stage in language development is:,"The stage from about age 1 to 2, during which a child speaks mostly in single words","Beginning at about 4 months, the stage of speech development in which the infant spontaneously utters various sounds at first unrelated to the household language","The stage beginning at about age 2, during which a child speaks mostly in two-word statements",The stage of complete sentences,d
One-word stage in language development is:,"Beginning at about 4 months, the stage of speech development in which the infant spontaneously utters various sounds","The stage from about age 1 to 2, during which a child speaks mostly in single words","The stage beginning at about age 2, during which a child speaks mostly in two-word statements",The stage of complete sentences,a
Two-word stage in language development is:,"The stage from about age 1 to 2, during which a child speaks mostly in single words","The stage beginning at about age 2, during which a child speaks mostly in two-word statements","Beginning at about 4 months, the stage of speech development in which the infant spontaneously utters various sounds",The stage of complete sentences,b
Telegraphic speech is:,"The stage from about age 1 to 2, during which a child speaks mostly in single words","Early speech stage in which a child speaks like a telegram—""go car""—using mostly nouns and verbs","The stage beginning at about age 2, during which a child speaks mostly in two-word statements",The stage of complete sentences,c
Linguistic determinism is:,The hypothesis that language has no influence on the way we think,Whorf_s hypothesis that language determines the way we think,The hypothesis that thinking determines language,The hypothesis that language and thinking are unrelated,d
Intelligence is:,The ability to acquire new information,"The ability to learn from experience, solve problems, and use knowledge to adapt to new situations",The ability to process information quickly,The ability to remember information,a
General intelligence (g factor) is:,A specific intelligence for a particular task,"A general intelligence factor that, according to Spearman, underlies specific mental abilities and is therefore measured by every task on an intelligence test",The ability to perform well on standardized tests,The ability to learn from experience,b
Savant syndrome is:,"A condition in which a person otherwise limited in mental ability has an exceptional specific skill, such as in computation or drawing",A condition in which a person has exceptional general intelligence,A condition in which a person has no mental abilities,A condition in which a person has average mental abilities,c
Emotional intelligence is:,The ability to solve complex mathematical problems,"The ability to perceive, understand, manage, and use emotions effectively in oneself and others",The ability to memorize large amounts of information,The ability to perform well on standardized tests,d
Aptitude test is:,A test designed to assess what a person has learned,A test designed to predict a person_s future performance; aptitude is the capacity to learn,A test designed to measure a person_s current knowledge,A test designed to measure a person_s personality,a
Achievement test is:,A test designed to predict a person_s future performance,A test designed to assess what a person has learned,A test designed to measure a person_s capacity to learn,A test designed to measure a person_s personality,b
Intelligence quotient (IQ) is:,A measure of a person_s emotional intelligence,A score derived from one of several standardized tests designed to assess human intelligence,A measure of a person_s creativity,A measure of a person_s personality,c
Standardization in psychological testing is:,Administering a test to a single individual,Defining uniform testing procedures and meaningful scores by comparison with the performance of a pretested group,Administering a test without any specific instructions,"Administering a test to a small, unrepresentative group",d
Reliability in psychological testing is:,The extent to which a test measures what it is supposed to measure,"The extent to which a test yields consistent results, as assessed by the consistency of scores on two halves of the test, on alternate forms of the test, or on retesting",The extent to which a test predicts future performance,The extent to which a test is fair to all test-takers,a
Validity in psychological testing is:,The extent to which a test yields consistent results,The extent to which a test measures or predicts what it is supposed to,The extent to which a test is fair to all test-takers,The extent to which a test is easy to administer,b
Content validity is:,The extent to which a test predicts future performance,The extent to which a test samples the behavior that is of interest,The extent to which a test yields consistent results,The extent to which a test is fair to all test-takers,c
Predictive validity is:,The extent to which a test samples the behavior that is of interest,The success with which a test predicts the behavior it is designed to predict; it is assessed by computing the correlation between test scores and the criterion behavior,The extent to which a test yields consistent results,The extent to which a test is fair to all test-takers,d
Intellectual disability (formerly mental retardation) is:,"A condition of subaverage general mental ability accompanied by deficiencies in adaptive skills, originating before age 18",A condition of above-average general mental ability,A learning disability,A mental illness,a
Down syndrome is:,A condition of subaverage general mental ability,A condition of mild to severe intellectual disability and associated physical disorders caused by an extra copy of chromosome 21,A learning disability,A mental illness,b
Motivation is:,A state of inactivity,A need or desire that energizes and directs behavior,A state of contentment,A state of confusion,c
Instinct is:,A learned behavior,"A complex, unlearned behavior that is rigidly patterned throughout a species",A simple reflex,A conscious decision,d
Drive-reduction theory is:,The idea that a physiological need creates an aroused tension state (a drive) that motivates an organism to satisfy the need,The idea that motivation comes from external rewards,The idea that motivation comes from internal desires,The idea that motivation is based on unconscious conflicts,a
Homeostasis is:,A state of imbalance,"A tendency to maintain a balanced or constant internal state; the regulation of any aspect of body chemistry, such as blood glucose, around a particular level",A state of arousal,A state of excitement,b
Incentive is:,An internal drive,A positive or negative environmental stimulus that motivates behavior,A physiological need,An unlearned behavior,c
Hierarchy of needs (Maslow) is:,"A theory that proposes that people are motivated by a series of needs, arranged in a hierarchy, from basic physiological needs to self-actualization",A theory that proposes that people are motivated by external rewards,A theory that proposes that people are motivated by unconscious conflicts,A theory that proposes that people are motivated by learned behaviors,d
Self-actualization is:,The need to achieve competence and independence,"According to Maslow, one of the ultimate psychological needs that arises after basic physical and psychological needs are met and self-esteem is achieved; the motivation to fulfill one_s potential",The need to belong and be loved,The need for safety and security,a
Self-transcendence is:,The need to achieve competence and independence,"According to Maslow, the need to find meaning and identity beyond the self",The need to belong and be loved,The need for safety and security,b
Glucose is:,A type of protein,The form of sugar that circulates in the blood and provides the major source of energy for body tissues,A type of fat,A type of vitamin,c
Set point is:,The point at which an individual_s weight is fixed,"The point at which an individual_s ""weight thermostat"" is supposedly set",The point at which an individual_s metabolism slows down,The point at which an individual_s appetite increases,d
Basal metabolic rate is:,The rate at which the body burns calories during exercise,The body_s resting rate of energy expenditure,The rate at which the body digests food,The rate at which the body absorbs nutrients,a
Anorexia nervosa is:,An eating disorder in which a person alternates binge eating with purging (by vomiting or laxative use) or fasting,"An eating disorder in which a person (usually an adolescent female) diets and becomes significantly (15 percent or more) underweight, yet still feeling fat, continues to starve","An eating disorder characterized by significant binge-eating episodes, followed by distress, disgust, or guilt, but without the compensatory purging or fasting that marks bulimia nervosa","An eating disorder characterized by eating non-nutritive, non-food substances",b
Bulimia nervosa is:,An eating disorder in which a person (usually an adolescent female) diets and becomes significantly underweight,An eating disorder in which a person alternates binge eating with purging (by vomiting or laxative use) or fasting,"An eating disorder characterized by significant binge-eating episodes, followed by distress, disgust, or guilt, but without the compensatory purging or fasting that marks bulimia nervosa","An eating disorder characterized by eating non-nutritive, non-food substances",c
Binge-eating disorder is:,An eating disorder in which a person alternates binge eating with purging,"An eating disorder characterized by significant binge-eating episodes, followed by distress, disgust, or guilt, but without the compensatory purging or fasting that marks bulimia nervosa",An eating disorder in which a person diets and becomes significantly underweight,"An eating disorder characterized by eating non-nutritive, non-food substances",d
Sexual response cycle is:,"The four stages of sexual responding described by Masters and Johnson—excitement, plateau, orgasm, and resolution",The physiological changes that occur during sexual activity,The psychological aspects of sexual desire,The social norms related to sexual behavior,a
Refractory period is:,The period of sexual excitement,"A resting period after orgasm, during which a man cannot achieve another orgasm",The period of sexual plateau,The period of sexual resolution,b
Sexual dysfunction is:,A problem that consistently impairs sexual arousal or functioning,A normal variation in sexual desire,A temporary decrease in sexual interest,A psychological disorder unrelated to sexual activity,c
Estrogens are:,Male sex hormones,"Sex hormones, such as estradiol, secreted in greater amounts by females than by males and contributing to female sex characteristics",Hormones that regulate metabolism,Hormones that regulate growth,d
Testosterone is:,Female sex hormones,The most important of the male sex hormones,Hormones that regulate metabolism,Hormones that regulate growth,a
Emotion is:,A purely cognitive experience,"A response of the whole organism, involving (1) physiological arousal, (2) expressive behaviors, and (3) conscious experience",A purely physiological experience,A purely behavioral experience,b
James-Lange theory of emotion is:,The theory that an emotion-arousing stimulus simultaneously triggers (1) physiological responses and (2) the subjective experience of emotion,The theory that our experience of emotion is our awareness of our physiological responses to emotion-arousing stimuli,The theory that to experience emotion one must (1) be physically aroused and (2) cognitively label the arousal,The theory that emotions are entirely learned,c
Cannon-Bard theory of emotion is:,The theory that our experience of emotion is our awareness of our physiological responses to emotion-arousing stimuli,The theory that an emotion-arousing stimulus simultaneously triggers (1) physiological responses and (2) the subjective experience of emotion,The theory that to experience emotion one must (1) be physically aroused and (2) cognitively label the arousal,The theory that emotions are entirely learned,d
Two-factor theory of emotion (Schachter-Singer) is:,The theory that our experience of emotion is our awareness of our physiological responses to emotion-arousing stimuli,The theory that an emotion-arousing stimulus simultaneously triggers (1) physiological responses and (2) the subjective experience of emotion,The theory that to experience emotion one must (1) be physically aroused and (2) cognitively label the arousal,The theory that emotions are entirely learned,a
Polygraph is:,A device that measures only heart rate,"A machine, commonly used in attempts to detect lies, that measures several of the physiological responses accompanying emotion (such as perspiration and cardiovascular and breathing changes)",A device that measures only brain waves,A device that measures only muscle tension,b
Facial feedback effect is:,"The tendency of facial muscle states to trigger corresponding feelings such as fear, anger, or happiness",The tendency of facial muscle states to have no effect on emotions,The tendency of facial muscle states to suppress emotions,The tendency of facial muscle states to cause confusion,c
Health psychology is:,A subfield of psychology that provides psychology_s contribution to behavioral medicine,A subfield of psychology that focuses only on mental illness,A subfield of psychology that focuses only on physical health,A subfield of psychology that focuses only on research,d
Stress is:,A positive emotional state,"The process by which we perceive and respond to certain events, called stressors, that we appraise as threatening or challenging",A state of relaxation,A state of indifference,a
Stressor is:,A positive event,"An event or condition that we view as threatening, challenging, or overwhelming",A neutral event,A relaxing event,b
General adaptation syndrome (GAS) is:,"A three-stage (alarm, resistance, exhaustion) reaction to stress described by Hans Selye",A two-stage reaction to stress,A single-stage reaction to stress,A theory that stress has no effect on the body,c
Tend-and-befriend response is:,A male-specific stress response,"Under stress, people (especially women) often provide support to others (tend) and bond with and seek support from others (befriend)",A female-specific stress response,A response that involves fighting or fleeing,d
Psychoneuroimmunology is:,The study of the mind_s effect on the nervous system,"The study of how psychological, neural, and endocrine processes together affect the immune system and resulting health",The study of the nervous system_s effect on the immune system,The study of the immune system_s effect on the mind,a
Lymphocytes are:,Red blood cells,The two types of white blood cells that are part of the body_s immune system,Platelets,Hormones,b
B lymphocytes are:,White blood cells that attack cancer cells,White blood cells that form in the bone marrow and release antibodies that fight bacterial infections,"White blood cells that form in the thymus and other lymphatic tissue and attack cancer cells, viruses, and foreign substances",White blood cells that produce histamine,c
T lymphocytes are:,White blood cells that release antibodies,"White blood cells that form in the thymus and other lymphatic tissue and attack cancer cells, viruses, and foreign substances",White blood cells that form in the bone marrow,White blood cells that produce histamine,d
Macrophages are:,Small white blood cells,"Large, mobile white blood cells that engulf foreign invaders and worn-out cells",Red blood cells,Platelets,a
Natural killer (NK) cells are:,White blood cells that release antibodies,Lymphocytes that pursue diseased cells (such as those infected by viruses or cancer),White blood cells that form in the bone marrow,White blood cells that produce histamine,b
Type A personality is:,A personality type characterized by being relaxed and easygoing,"Friedman and Rosenman_s term for competitive, hard-driving, impatient, verbally aggressive, and anger-prone people",A personality type characterized by being calm and patient,A personality type characterized by being shy and reserved,c
Type B personality is:,A personality type characterized by being competitive and impatient,"Friedman and Rosenman_s term for easygoing, relaxed people",A personality type characterized by being calm and patient,A personality type characterized by being shy and reserved,d
Coping is:,Avoiding problems,"Alleviating stress using emotional, cognitive, or behavioral methods",Ignoring stress,Increasing stress,a
Problem-focused coping is:,Attempting to alleviate stress by avoiding the stressor,Attempting to alleviate stress directly by changing the stressor or the way we interact with that stressor,Attempting to alleviate stress by changing our emotional response to the stressor,Attempting to alleviate stress by ignoring the stressor,b
Emotion-focused coping is:,Attempting to alleviate stress directly by changing the stressor,Attempting to alleviate stress by avoiding or ignoring a stressor and attending to emotional needs related to one_s stress reaction,Attempting to alleviate stress by changing the stressor or the way we interact with that stressor,Attempting to alleviate stress by ignoring the stressor,c
Aerobic exercise is:,Exercise that involves short bursts of intense activity,Sustained exercise that increases heart and lung fitness; may also alleviate depression and anxiety,Exercise that builds muscle strength,Exercise that has no effect on mental health,d
Mindfulness meditation is:,A technique that involves focusing on past regrets,A reflective practice in which people attend to current experiences in a nonjudgmental and accepting manner,A technique that involves suppressing emotions,A technique that involves worrying about the future,a
Faith factor is:,The idea that religious people are less healthy,The finding that religiously active people tend to live longer and healthier lives,The idea that religious people are more stressed,The idea that religious people are less happy,b
Positive psychology is:,The scientific study of negative emotions,"The scientific study of human functioning, with the goals of discovering and promoting strengths and virtues that help individuals and communities to thrive",The scientific study of mental illness,The scientific study of abnormal behavior,c
Subjective well-being is:,A person_s objective assessment of their life,Self-perceived happiness or satisfaction with life,A person_s physical health,A person_s financial status,d
Adaptation-level phenomenon is:,The tendency to judge various stimuli relative to those we have previously experienced,The tendency to judge various stimuli in absolute terms,The tendency to always be satisfied with what we have,The tendency to always be dissatisfied with what we have,a
Relative deprivation is:,The perception that one is better off than others,The perception that one is worse off relative to those with whom one compares oneself,The perception that one is equal to others,The perception that one is not affected by comparisons with others,b
Psychotherapy is:,The use of medication to treat mental illness,Treatment involving psychological techniques; consists of interactions between a trained therapist and someone seeking to overcome psychological difficulties or achieve personal growth,The use of surgical procedures to treat mental illness,The use of electroconvulsive therapy to treat mental illness,c
Biomedical therapy is:,Treatment involving psychological techniques,Prescribed medications or procedures that act directly on the person_s physiology,Treatment involving only talk therapy,Treatment involving only behavioral therapy,d
Eclectic approach to therapy is:,A single therapeutic approach,"An approach to psychotherapy that, depending on the client_s problems, uses techniques from various forms of therapy",An approach to therapy that focuses only on one type of mental illness,An approach to therapy that avoids all forms of therapy,a
Psychoanalysis is:,"A short-term, symptom-focused therapy",Freud_s therapeutic technique,A therapy that focuses on conscious thoughts,A therapy that focuses on current problems,b
Resistance in psychoanalysis is:,The patient_s willingness to cooperate with the therapist,"In psychoanalysis, the blocking from consciousness of anxiety-laden material",The patient_s ability to recall all memories,The patient_s desire to end therapy,c
Interpretation in psychoanalysis is:,The therapist_s direct advice to the patient,"In psychoanalysis, the analyst_s noting supposed dream meanings, resistances, and other significant behaviors and events in order to promote insight",The patient_s interpretation of their own dreams,The patient_s direct communication of their thoughts,d
Transference in psychoanalysis is:,The patient_s unconscious redirection of feelings and attitudes from a significant person in their past onto the therapist,The therapist_s unconscious redirection of feelings and attitudes from a significant person in their past onto the patient,A mutual feeling of respect and trust between the therapist and patient,The patient_s conscious manipulation of the therapist,a
Psychodynamic therapy is:,"A long-term, intensive therapy","Therapy deriving from the psychoanalytic tradition that views individuals as responding to unconscious forces and childhood experiences, and that seeks to enhance self-insight",A therapy that focuses only on conscious thoughts,A therapy that focuses only on current problems,b
Insight therapies are:,Therapies that focus on changing behavior,A variety of therapies that aim to improve psychological functioning by increasing a person_s awareness of underlying motives and defenses,Therapies that focus on medication,Therapies that focus on external rewards,c
Client-centered therapy (Rogers) is:,A therapy that focuses on the therapist_s interpretation,"A humanistic therapy, developed by Carl Rogers, in which the therapist uses techniques such as active listening within a genuine, accepting, empathic environment to facilitate clients_ growth",A therapy that focuses on unconscious conflicts,A therapy that focuses on changing behavior,d
Active listening in client-centered therapy is:,Interrupting the client to offer solutions,"Empathic listening in which the listener echoes, restates, and clarifies",Focusing on your own thoughts while the client is speaking,Pretending to listen while doing other tasks,a
Unconditional positive regard in client-centered therapy is:,A therapist_s judgmental attitude towards the client,"A caring, accepting, nonjudgmental attitude, which Carl Rogers believed would help clients develop self-awareness and self-acceptance",A therapist_s conditional acceptance of the client,A therapist_s critical evaluation of the client,b
Behavior therapy is:,Therapy that focuses on unconscious conflicts,Therapy that applies learning principles to the elimination of unwanted behaviors,Therapy that focuses on conscious thoughts,Therapy that focuses on personal growth,c
Counterconditioning is:,A behavior therapy procedure that uses classical conditioning to evoke new responses to stimuli that are triggering unwanted behaviors; includes exposure therapies and aversive conditioning,A behavior therapy procedure that uses operant conditioning,A behavior therapy procedure that uses observational learning,A behavior therapy procedure that uses insight,d
Exposure therapies are:,"Behavioral techniques, such as systematic desensitization and virtual reality exposure therapy, that treat anxieties by exposing people (in imagination or actuality) to the things they fear and avoid",Behavioral techniques that involve avoiding feared situations,Behavioral techniques that involve punishing feared behaviors,Behavioral techniques that involve ignoring feared situations,a
Systematic desensitization is:,A type of exposure therapy that associates a pleasant relaxed state with gradually increasing anxiety-triggering stimuli,A type of exposure therapy that involves immediate exposure to the most feared stimulus,A type of exposure therapy that involves punishing feared behaviors,A type of exposure therapy that involves ignoring feared situations,b
Virtual reality exposure therapy is:,A type of exposure therapy that uses real-life situations,"An anxiety treatment that progressively exposes people to electronic simulations of their greatest fears, such as airplane flying, spiders, or public speaking",A type of exposure therapy that involves punishing feared behaviors,A type of exposure therapy that involves ignoring feared situations,c
Aversive conditioning is:,A type of counterconditioning that associates an unpleasant state (such as nausea) with an unwanted behavior (such as drinking alcohol),A type of counterconditioning that associates a pleasant state with an unwanted behavior,A type of counterconditioning that involves rewarding unwanted behaviors,A type of counterconditioning that involves ignoring unwanted behaviors,d
Token economy is:,An operant conditioning procedure in which people earn a token of some sort for exhibiting a desired behavior and can later exchange the tokens for various privileges or treats,An operant conditioning procedure in which people are punished for exhibiting desired behaviors,An operant conditioning procedure in which people are ignored for exhibiting desired behaviors,An operant conditioning procedure in which people are rewarded for exhibiting unwanted behaviors,a
Cognitive therapy is:,Therapy that focuses on unconscious conflicts,"Therapy that teaches people new, more adaptive ways of thinking and acting; based on the assumption that thoughts intervene between events and our emotional reactions",Therapy that focuses on changing behavior,Therapy that focuses on personal growth,b
Cognitive-behavioral therapy (CBT) is:,A therapy that focuses only on thoughts,A popular integrative therapy that combines cognitive therapy (changing self-defeating thinking) with behavior therapy (changing behavior),A therapy that focuses only on behaviors,A therapy that focuses only on unconscious conflicts,c
Group therapy is:,Individual therapy sessions with a therapist,"Therapy conducted with groups rather than individuals, permitting therapeutic benefits from group interaction",Therapy conducted without a therapist,Therapy focused solely on medication management,d
Family therapy is:,Therapy that treats the family as a system,Therapy that treats the family as an isolated unit,Therapy that focuses only on the identified patient,Therapy that focuses only on individual family members,a
Regression toward the mean is:,The tendency for extreme or unusual scores or events to regress toward the average,The tendency for extreme or unusual scores or events to become even more extreme,The tendency for scores to remain stable over time,The tendency for scores to become more variable over time,b
Meta-analysis in therapy research is:,A single research study on therapy effectiveness,A procedure for statistically combining the results of many different research studies,A qualitative research method for therapy,A case study of therapy effectiveness,c
Resilience in mental health is:,The inability to cope with stress,The personal strength that helps most people cope with stress and recover from adversity and even trauma,A predisposition to mental illness,A state of chronic anxiety,d
Posttraumatic growth is:,Negative psychological changes after a traumatic event,Positive psychological changes as a result of struggling with extremely challenging circumstances and life crises,No psychological changes after a traumatic event,Only physical changes after a traumatic event,a
Psychopharmacology is:,The study of psychological disorders,The study of drug effects on mind and behavior,The study of brain structure,The study of nervous system function,b
Antipsychotic drugs are:,Drugs used to treat depression,Drugs used to treat schizophrenia and other forms of severe thought disorder,Drugs used to treat anxiety,Drugs used to treat bipolar disorder,c
Antianxiety drugs are:,Drugs used to treat depression,Drugs used to control anxiety and agitation,Drugs used to treat schizophrenia,Drugs used to treat bipolar disorder,d
Antidepressant drugs are:,Drugs used to treat anxiety,"Drugs used to treat depression, anxiety disorders, obsessive-compulsive disorder, and posttraumatic stress disorder",Drugs used to treat schizophrenia,Drugs used to treat bipolar disorder,a
Mood-stabilizing drugs are:,Drugs used to treat depression,Drugs used to treat bipolar disorder,Drugs used to treat anxiety,Drugs used to treat schizophrenia,b
Electroconvulsive therapy (ECT) is:,A biomedical therapy for severely depressed patients in which a brief electric current is sent through the brain of an anesthetized patient,A biomedical therapy for anxiety disorders,A biomedical therapy for schizophrenia,A biomedical therapy for bipolar disorder,c
Repetitive transcranial magnetic stimulation (rTMS) is:,A biomedical therapy for severely depressed patients that involves applying a rapidly alternating magnetic field to the scalp and thereby causing electric currents to flow in the underlying brain tissue,A biomedical therapy for anxiety disorders,A biomedical therapy for schizophrenia,A biomedical therapy for bipolar disorder,d
Psychosurgery is:,A biomedical therapy for severely depressed patients,Surgery that removes or destroys brain tissue in an effort to change behavior,A biomedical therapy for anxiety disorders,A biomedical therapy for schizophrenia,a
Lobotomy is:,A psychosurgical procedure once used to calm uncontrollably emotional or violent patients,A psychosurgical procedure used to treat anxiety disorders,A psychosurgical procedure used to treat schizophrenia,A psychosurgical procedure used to treat bipolar disorder,b
Developmental psychology is the study of:,"How people change over time, from conception to death",How people interact with each other,How people learn,How people think,c
Nature vs. Nurture debate refers to:,The debate about whether intelligence is inherited or learned,The debate about the relative contributions of genetic inheritance and environmental factors to human development,The debate about whether personality is inherited or learned,The debate about whether mental illness is inherited or learned,d
Cross-sectional study is:,A study that follows the same group of individuals over a long period,A study in which people of different ages are compared with one another at the same point in time,A study that involves manipulating variables,A study that involves observing behavior in its natural setting,a
Longitudinal study is:,A study in which people of different ages are compared with one another at the same point in time,A study that follows the same group of individuals over a long period of time,A study that involves manipulating variables,A study that involves observing behavior in its natural setting,b
Zygote is:,A fertilized egg,A developing human organism from about 2 weeks after fertilization through the second month,A developing human organism from 9 weeks after conception to birth,A newborn baby,c
Embryo is:,A fertilized egg,A developing human organism from about 2 weeks after fertilization through the second month,A developing human organism from 9 weeks after conception to birth,A newborn baby,d
Fetus is:,A fertilized egg,A developing human organism from about 2 weeks after fertilization through the second month,A developing human organism from 9 weeks after conception to birth,A newborn baby,a
Teratogens are:,Substances that promote healthy fetal development,"Agents, such as chemicals and viruses, that can reach the embryo or fetus during prenatal development and cause harm",Nutrients essential for fetal growth,Hormones that regulate fetal development,b
Fetal alcohol syndrome (FAS) is:,"A condition caused by excessive alcohol consumption by the mother during pregnancy, leading to physical and cognitive abnormalities in the child",A condition caused by genetic factors,A condition caused by nutritional deficiencies,A condition caused by viral infections,c
Rooting reflex is:,A reflex in which a baby sucks on anything that touches its lips,A reflex in which a baby turns its head and opens its mouth in search of the nipple when touched on the cheek,A reflex in which a baby grasps anything placed in its palm,A reflex in which a baby extends its arms and legs when startled,d
Sucking reflex is:,A reflex in which a baby turns its head and opens its mouth,A reflex in which a baby sucks on anything that touches its lips,A reflex in which a baby grasps anything placed in its palm,A reflex in which a baby extends its arms and legs when startled,a
Grasping reflex is:,A reflex in which a baby turns its head and opens its mouth,A reflex in which a baby sucks on anything that touches its lips,A reflex in which a baby grasps anything placed in its palm,A reflex in which a baby extends its arms and legs when startled,b
Moro reflex is:,A reflex in which a baby turns its head and opens its mouth,A reflex in which a baby sucks on anything that touches its lips,A reflex in which a baby grasps anything placed in its palm,"A reflex in which a baby extends its arms and legs when startled, then pulls them back in",c
Maturation is:,Environmental influences on development,"Biological growth processes that enable orderly changes in behavior, relatively uninfluenced by experience",Learning through experience,Social influences on development,d
Schema (Piaget) is:,A mental representation of a specific event,A concept or framework that organizes and interprets information,A random thought,An emotional response,a
Assimilation (Piaget) is:,Adapting our current understandings (schemas) to incorporate new information,Interpreting our new experiences in terms of our existing schemas,Creating new schemas,Forgetting old schemas,b
Accommodation (Piaget) is:,Interpreting our new experiences in terms of our existing schemas,Adapting our current understandings (schemas) to incorporate new information,Creating new schemas,Forgetting old schemas,c
Sensorimotor stage (Piaget) is:,The stage (from birth to about 2 years of age) during which infants know the world mostly in terms of their sensory impressions and motor activities,The stage (from about 2 to 6 or 7 years of age) during which a child learns to use language but does not yet comprehend the mental operations of concrete logic,The stage (from about 7 to 11 years of age) during which children gain the mental operations that enable them to think logically about concrete events,The stage (beginning at about 12) during which people begin to think logically about abstract concepts,d
Object permanence (Piaget) is:,The awareness that objects continue to exist even when not perceived,The inability to understand that objects continue to exist when not perceived,The ability to mentally represent objects,The ability to manipulate objects,a
Preoperational stage (Piaget) is:,The stage (from birth to about 2 years of age) during which infants know the world mostly in terms of their sensory impressions and motor activities,The stage (from about 2 to 6 or 7 years of age) during which a child learns to use language but does not yet comprehend the mental operations of concrete logic,The stage (from about 7 to 11 years of age) during which children gain the mental operations that enable them to think logically about concrete events,The stage (beginning at about 12) during which people begin to think logically about abstract concepts,b
Conservation (Piaget) is:,"The principle that properties such as mass, volume, and number remain the same despite changes in the forms of objects",The inability to understand that properties remain the same despite changes in form,The ability to mentally represent objects,The ability to manipulate objects,c
Egocentrism (Piaget) is:,The ability to take another person_s perspective,"In Piaget_s theory, the preoperational child_s difficulty taking another_s point of view",The ability to understand that others have different thoughts and feelings,The ability to empathize with others,d
Theory of mind is:,The ability to understand that others have the same thoughts and feelings as oneself,"People_s ideas about their own and others_ mental states—about their feelings, perceptions, and thoughts, and the behaviors these might predict",The inability to understand others_ mental states,The ability to manipulate others_ thoughts,a
Concrete operational stage (Piaget) is:,The stage (from birth to about 2 years of age) during which infants know the world mostly in terms of their sensory impressions and motor activities,The stage (from about 2 to 6 or 7 years of age) during which a child learns to use language but does not yet comprehend the mental operations of concrete logic,The stage (from about 7 to 11 years of age) during which children gain the mental operations that enable them to think logically about concrete events,The stage (beginning at about 12) during which people begin to think logically about abstract concepts,b
Formal operational stage (Piaget) is:,The stage (from birth to about 2 years of age) during which infants know the world mostly in terms of their sensory impressions and motor activities,The stage (from about 2 to 6 or 7 years of age) during which a child learns to use language but does not yet comprehend the mental operations of concrete logic,The stage (from about 7 to 11 years of age) during which children gain the mental operations that enable them to think logically about concrete events,The stage (beginning at about 12) during which people begin to think logically about abstract concepts,c
Attachment (Ainsworth) is:,A strong emotional bond with a caregiver,A strong emotional tie with another person—shown in young children by their seeking closeness to the caregiver and showing distress on separation,A weak emotional bond with a caregiver,No emotional bond with a caregiver,d
Critical period is:,A period of development when certain experiences have no effect,An optimal period early in the life of an organism when exposure to certain stimuli or experiences produces normal development,A period of development when all experiences have an equal effect,A period of development when negative experiences are most impactful,a
Imprinting (Lorenz) is:,A learned behavior in humans,The process by which certain animals form strong attachments during an early-life critical period,A random behavior in animals,A behavior that is not influenced by experience,b
Temperament is:,A learned personality trait,A person_s characteristic emotional reactivity and intensity,A temporary mood state,A changeable personality trait,c
Basic trust (Erikson) is:,A sense of mistrust towards others,"According to Erik Erikson, a sense that the world is predictable and trustworthy; formed during infancy by appropriate experiences with responsive caregivers",A sense of independence,A sense of shame and doubt,d
Self-concept is:,A person_s objective assessment of their abilities,Our understanding and evaluation of who we are,A person_s external appearance,A person_s social status,a
Authoritarian parenting is:,Parenting style characterized by warmth and responsiveness,Parenting style characterized by high demands and low responsiveness,Parenting style characterized by low demands and high responsiveness,Parenting style characterized by low demands and low responsiveness,b
Permissive parenting is:,Parenting style characterized by high demands and low responsiveness,Parenting style characterized by low demands and high responsiveness,Parenting style characterized by high demands and high responsiveness,Parenting style characterized by low demands and low responsiveness,c
Authoritative parenting is:,Parenting style characterized by high demands and low responsiveness,Parenting style characterized by low demands and high responsiveness,"Parenting style characterized by high demands and high responsiveness, with clear rules and open communication",Parenting style characterized by low demands and low responsiveness,d
Adolescence is:,The period of childhood,"The transition period from childhood to adulthood, extending from puberty to independence",The period of early adulthood,The period of late adulthood,a
Puberty is:,The period of rapid physical growth in childhood,"The period of sexual maturation, during which a person becomes capable of reproducing",The period of cognitive development,The period of social development,b
Primary sex characteristics are:,"Nonreproductive sexual characteristics, such as female breasts and hips, male voice quality, and body hair","The body structures (ovaries, testes, and external genitalia) that make sexual reproduction possible",The internal reproductive organs,The external reproductive organs,c
Secondary sex characteristics are:,The body structures that make sexual reproduction possible,"Nonreproductive sexual characteristics, such as female breasts and hips, male voice quality, and body hair",The internal reproductive organs,The external reproductive organs,d
Menarche is:,The first ejaculation,The first menstrual period,The onset of puberty in males,The onset of puberty in females,a
Spermarche is:,The first menstrual period,The first ejaculation,The onset of puberty in females,The onset of puberty in males,b
Identity (Erikson) is:,A sense of confusion about who one is,"Our sense of self; according to Erikson, the adolescent_s task is to solidify a sense of self by testing and integrating various roles",A sense of belonging to a group,A sense of independence,c
Social identity is:,Our personal sense of self,"The ""we"" aspect of our self-concept; the part of our answer to ""Who am I?"" that comes from our group memberships",Our individual achievements,Our unique personality traits,d
Intimacy (Erikson) is:,"The ability to form close, loving relationships; a primary developmental task in late adolescence and early adulthood",A sense of isolation,A sense of independence,A sense of confusion,a
Emerging adulthood is:,The period of adolescence,"A period from the late teens to mid-twenties, bridging the gap between adolescent dependence and full independence and responsible adulthood",The period of early childhood,The period of middle adulthood,b
Menopause is:,The cessation of menstruation,The onset of menstruation,The period of increased fertility,The period of decreased fertility,c
Cross-sectional studies on intelligence:,Show that intelligence remains stable throughout life,Show that intelligence declines with age,Show that intelligence increases with age,Show no clear pattern for intelligence and age,d
Longitudinal studies on intelligence:,Show that intelligence declines with age,Show that intelligence remains relatively stable or even increases in some aspects throughout much of adulthood,Show that intelligence increases with age,Show no clear pattern for intelligence and age,a
Crystallized intelligence is:,Our ability to reason speedily and abstractly,Our accumulated knowledge and verbal skills; tends to increase with age,Our ability to solve new problems,Our ability to adapt to new situations,b
Fluid intelligence is:,Our accumulated knowledge and verbal skills,Our ability to reason speedily and abstractly; tends to decrease during late adulthood,Our ability to solve new problems,Our ability to adapt to new situations,c
Social clock is:,The biological clock that regulates aging,"The culturally preferred timing of social events such as marriage, parenthood, and retirement",The individual_s personal timeline for life events,The universal timeline for life events,d
Social psychology is the scientific study of:,Individual behavior in isolation,"How we think about, influence, and relate to one another",Animal behavior,Abnormal behavior,a
Attribution theory is:,"The theory that we tend to give a causal explanation for someone_s behavior, often by crediting either the situation or the person_s disposition",The theory that we tend to attribute our own behavior to internal factors,The theory that we tend to attribute others_ behavior to external factors,The theory that we tend to attribute our own behavior to external factors,b
Fundamental attribution error is:,"The tendency for observers, when analyzing others_ behavior, to underestimate the impact of the situation and to overestimate the impact of personal disposition",The tendency for observers to overestimate the impact of the situation,The tendency for observers to accurately assess the impact of both situation and disposition,The tendency for observers to attribute their own behavior to internal factors,c
Attitude is:,A temporary feeling,"Feelings, often influenced by our beliefs, that predispose us to respond in a particular way to objects, people, and events",A stable personality trait,A random thought,d
Foot-in-the-door phenomenon is:,The tendency for people who have first agreed to a large request to comply later with a smaller request,The tendency for people who have first agreed to a small request to comply later with a larger request,The tendency for people to resist all requests,The tendency for people to comply with requests only if they are paid,a
Role is:,A temporary behavior,"A set of expectations (norms) about a social position, defining how those in the position ought to behave",A personal preference,A random action,b
Cognitive dissonance theory is:,The theory that we act to reduce the discomfort (dissonance) we feel when two of our thoughts (cognitions) are inconsistent,The theory that we act to increase discomfort,The theory that our thoughts and actions are always consistent,The theory that our thoughts and actions are unrelated,c
Conformity is:,Adjusting one_s behavior or thinking to coincide with a group standard,Resisting group pressure,Acting independently of others,Acting in opposition to group standards,d
Normative social influence is:,Influence resulting from one_s willingness to accept others_ opinions about reality,Influence resulting from a person_s desire to gain approval or avoid disapproval,Influence resulting from a person_s desire to be unique,Influence resulting from a person_s desire to challenge authority,a
Informational social influence is:,Influence resulting from a person_s desire to gain approval or avoid disapproval,Influence resulting from one_s willingness to accept others_ opinions about reality,Influence resulting from a person_s desire to be unique,Influence resulting from a person_s desire to challenge authority,b
Social facilitation is:,The tendency for people to perform worse on simple or well-learned tasks in the presence of others,Improved performance on simple or well-learned tasks in the presence of others,The tendency for people to perform worse on complex tasks in the presence of others,The tendency for people to perform better on complex tasks in the presence of others,c
Social loafing is:,The tendency for people in a group to exert less effort when pooling their efforts toward attaining a common goal than when individually accountable,The tendency for people in a group to exert more effort,The tendency for people to work harder in a group,The tendency for people to be more productive in a group,d
Deindividuation is:,The loss of self-awareness and self-restraint occurring in group situations that foster arousal and anonymity,An increased sense of self-awareness in a group,An increased sense of self-restraint in a group,A decreased sense of arousal in a group,a
Group polarization is:,The tendency for a group to make less extreme decisions than the average of its members,The enhancement of a group_s prevailing inclinations through discussion within the group,The tendency for a group to make random decisions,The tendency for a group to avoid making decisions,b
Groupthink is:,A mode of thinking that occurs when the desire for harmony in a decision-making group overrides a realistic appraisal of alternatives,A mode of thinking that encourages critical evaluation of alternatives,A mode of thinking that leads to optimal decisions,A mode of thinking that promotes individual thought,c
Culture is:,A set of universal behaviors,"The enduring behaviors, ideas, attitudes, values, and traditions shared by a group of people and transmitted from one generation to the next",A set of individual preferences,A random collection of customs,d
Norm is:,An unusual behavior,An understood rule for accepted and expected behavior,A personal preference,A random action,a
Prejudice is:,A positive attitude toward a group,An unjustifiable (and usually negative) attitude toward a group and its members,A neutral attitude toward a group,A justifiable attitude toward a group,b
Stereotype is:,A unique characteristic of an individual,A generalized (sometimes accurate but often overgeneralized) belief about a group of people,A specific belief about an individual,A random thought,c
Discrimination is:,Positive behavior toward a group,Unjustifiable negative behavior toward a group or its members,Neutral behavior toward a group,Justifiable behavior toward a group,d
Ingroup is:,"""Them""—those perceived as different or apart from our ingroup","""Us""—people with whom we share a common identity",A group that is disliked,A group that is neutral,a
Outgroup is:,"""Us""—people with whom we share a common identity","""Them""—those perceived as different or apart from our ingroup",A group that is liked,A group that is neutral,b
Ingroup bias is:,The tendency to favor one_s own group,The tendency to favor an outgroup,The tendency to be neutral towards all groups,The tendency to dislike one_s own group,c
Scapegoat theory is:,The theory that prejudice offers an outlet for anger by providing someone to blame,The theory that prejudice is caused by economic competition,The theory that prejudice is caused by social learning,The theory that prejudice is caused by individual personality traits,d
Just-world phenomenon is:,The tendency for people to believe that the world is unjust,The tendency for people to believe the world is just and that people therefore get what they deserve and deserve what they get,The tendency for people to believe that the world is random,The tendency for people to believe that the world is fair only to some,a
Aggression is:,Any physical or verbal behavior intended to hurt or destroy,Any physical or verbal behavior intended to help,Any physical or verbal behavior that is neutral,Any physical or verbal behavior that is accidental,b
Frustration-aggression principle is:,The principle that frustration always leads to aggression,"The principle that frustration—the blocking of an attempt to achieve some goal—creates anger, which can generate aggression",The principle that aggression always leads to frustration,The principle that frustration and aggression are unrelated,c
Social script is:,A random behavior,A culturally modeled guide for how to act in various situations,A personal preference,An unlearned behavior,d
Mere exposure effect is:,The phenomenon that repeated exposure to novel stimuli increases liking of them,The phenomenon that repeated exposure to novel stimuli decreases liking of them,The phenomenon that repeated exposure to novel stimuli has no effect on liking,The phenomenon that initial exposure to novel stimuli increases liking of them,a
Passionate love is:,"A deep, affectionate attachment we feel for those with whom our lives are intertwined","An aroused state of intense positive absorption in another, usually present at the beginning of a love relationship",A temporary infatuation,A love based on convenience,b
Companionate love is:,An aroused state of intense positive absorption in another,"A deep, affectionate attachment we feel for those with whom our lives are intertwined",A temporary infatuation,A love based on convenience,c
Equity in relationships is:,A condition in which people receive from a relationship in proportion to what they give to it,A condition in which one person gives more than they receive,A condition in which one person receives more than they give,A condition in which there is no balance in giving and receiving,d
Self-disclosure is:,Revealing intimate aspects of oneself to others,Hiding intimate aspects of oneself from others,Revealing only superficial aspects of oneself to others,Revealing only negative aspects of oneself to others,a
Altruism is:,Selfish behavior,Unselfish regard for the welfare of others,Neutral behavior,Behavior motivated by personal gain,b
Bystander effect is:,The tendency for any given bystander to be more likely to give aid if other bystanders are present,The tendency for any given bystander to be less likely to give aid if other bystanders are present,The tendency for any given bystander to always give aid,The tendency for any given bystander to never give aid,c
Social exchange theory is:,"The theory that our social behavior is an exchange process, the aim of which is to maximize benefits and minimize costs",The theory that our social behavior is always altruistic,The theory that our social behavior is always selfish,The theory that our social behavior is random,d
Reciprocity norm is:,An expectation that people will help those who have helped them,An expectation that people will not help those who have helped them,An expectation that people will always help others,An expectation that people will never help others,a
Social-responsibility norm is:,An expectation that people will help those dependent on them,An expectation that people will not help those dependent on them,An expectation that people will always help others,An expectation that people will never help others,b
Conflict is:,A state of harmony,"A perceived incompatibility of actions, goals, or ideas",A state of agreement,A state of indifference,c
Social trap is:,"A situation in which the conflicting parties, by each rationally pursuing their self-interest, become caught in mutually destructive behavior","A situation in which the conflicting parties, by each rationally pursuing their self-interest, achieve mutual benefit","A situation in which the conflicting parties, by each irrationally pursuing their self-interest, achieve mutual benefit","A situation in which the conflicting parties, by each irrationally pursuing their self-interest, become caught in mutually destructive behavior",d
Mirror-image perceptions are:,"Mutual views often held by conflicting people, as when each side sees itself as ethical and peaceful and views the other side as evil and aggressive","Mutual views often held by conflicting people, as when each side sees itself as evil and aggressive and views the other side as ethical and peaceful","Mutual views often held by conflicting people, as when each side sees itself as ethical and peaceful and views the other side as ethical and peaceful","Mutual views often held by conflicting people, as when each side sees itself as evil and aggressive and views the other side as evil and aggressive",a
Self-fulfilling prophecy is:,A belief that leads to its own disconfirmation,A belief that leads to its own fulfillment,A belief that has no effect on reality,A belief that is always accurate,b
Superordinate goals are:,Shared goals that can be achieved only through cooperation,Goals that can be achieved individually,Goals that lead to conflict,Goals that are impossible to achieve,c
GRIT (Graduated and Reciprocated Initiatives in Tension-Reduction) is:,A strategy designed to increase international tensions,A strategy designed to decrease international tensions,A strategy designed to maintain international tensions,A strategy designed to ignore international tensions,d
Personality is:,A temporary mood state,"An individual_s characteristic pattern of thinking, feeling, and acting",A random collection of behaviors,A changeable set of traits,a
Psychodynamic theories of personality are:,Theories that focus on conscious thoughts,Theories that view personality with a focus on the unconscious and the importance of childhood experiences,Theories that focus on observable behavior,Theories that focus on personal growth,b
Psychoanalysis (Freud) is:,A theory of personality that focuses on conscious thoughts,Freud_s theory of personality that attributes thoughts and actions to unconscious motives and conflicts,A theory of personality that focuses on observable behavior,A theory of personality that focuses on personal growth,c
Unconscious (Freud) is:,The part of the mind that is fully aware,"According to Freud, a reservoir of mostly unacceptable thoughts, wishes, feelings, and memories",The part of the mind that is easily accessible,The part of the mind that is responsible for conscious decision-making,d
Id (Freud) is:,"The conscious, rational part of the personality","A reservoir of unconscious psychic energy that, according to Freud, strives to satisfy basic sexual and aggressive drives",The part of the personality that represents internalized ideals,The part of the personality that mediates between the id and superego,a
Ego (Freud) is:,A reservoir of unconscious psychic energy,"The largely conscious, ""executive"" part of personality that, according to Freud, mediates among the demands of the id, superego, and reality",The part of the personality that represents internalized ideals,The part of the personality that strives to satisfy basic sexual and aggressive drives,b
Superego (Freud) is:,A reservoir of unconscious psychic energy,"The largely conscious, ""executive"" part of personality","The part of personality that, according to Freud, represents internalized ideals and provides standards for judgment (the conscience) and for future aspirations",The part of the personality that strives to satisfy basic sexual and aggressive drives,c
Psychosexual stages (Freud) are:,Stages of cognitive development,"Freud_s five stages of personality development (oral, anal, phallic, latency, genital) during which the id_s pleasure-seeking energies focus on distinct erogenous zones",Stages of moral development,Stages of social development,d
Oedipus complex (Freud) is:,A boy_s sexual desires toward his mother and feelings of jealousy and hatred for the rival father,A girl_s sexual desires toward her father,A child_s desire to be independent,A child_s desire to please their parents,a
Identification (Freud) is:,"The process by which, according to Freud, children incorporate their parents_ values into their developing superegos",The process by which children reject their parents_ values,The process by which children become independent,The process by which children rebel against authority,b
Fixation (Freud) is:,A temporary stop in development,"According to Freud, a lingering focus of pleasure-seeking energies at an earlier psychosexual stage, in which conflicts were unresolved",A rapid progression through development,A complete resolution of conflicts,c
Defense mechanisms (Freud) are:,Conscious strategies to cope with anxiety,"In psychoanalytic theory, the ego_s protective methods of reducing anxiety by unconsciously distorting reality",Healthy ways of dealing with stress,Deliberate attempts to manipulate others,d
Repression (Freud) is:,A conscious effort to remember traumatic events,"The basic defense mechanism that banishes anxiety-arousing thoughts, feelings, and memories from consciousness",A deliberate attempt to confront anxiety,A process of enhancing memory recall,a
Regression (Freud) is:,Retreating to an earlier psychosexual stage where some psychic energy remains fixated,Progressing to a more mature psychosexual stage,Confronting anxiety directly,Enhancing memory recall,b
Reaction formation (Freud) is:,Expressing unacceptable impulses by acting in ways that are consistent with them,Switching unacceptable impulses into their opposites,Redirecting unacceptable impulses toward a different object,Attributing one_s own threatening impulses to others,c
Projection (Freud) is:,Switching unacceptable impulses into their opposites,Disguising one_s own threatening impulses by attributing them to others,Redirecting unacceptable impulses toward a different object,"Offering self-justifying explanations in place of the real, more threatening unconscious reasons for one_s actions",d
Rationalization (Freud) is:,Disguising one_s own threatening impulses by attributing them to others,"Offering self-justifying explanations in place of the real, more threatening unconscious reasons for one_s actions",Redirecting unacceptable impulses toward a different object,Refusing to believe or even perceive painful realities,a
Displacement (Freud) is:,Offering self-justifying explanations,Shifting sexual or aggressive impulses toward a more acceptable or less threatening object or person,Refusing to believe or even perceive painful realities,Retreating to an earlier psychosexual stage,b
Denial (Freud) is:,Shifting sexual or aggressive impulses,Refusing to believe or even perceive painful realities,Offering self-justifying explanations,Retreating to an earlier psychosexual stage,c
Collective unconscious (Jung) is:,A personal unconscious unique to each individual,"Carl Jung_s concept of a shared, inherited reservoir of memory traces from our species_ history",A conscious part of the mind,A random collection of thoughts,d
Projective test is:,A personality test that presents ambiguous stimuli designed to trigger projection of one_s inner dynamics,A personality test that uses objective questions,A personality test that measures conscious thoughts,A personality test that measures observable behavior,a
Thematic Apperception Test (TAT) is:,A projective test in which people express their inner feelings and interests through the stories they make up about ambiguous scenes,A projective test that uses inkblots,An objective personality test,A test that measures intelligence,b
Rorschach inkblot test is:,"The most widely used projective test, a set of 10 inkblots, designed by Hermann Rorschach; seeks to identify people_s inner feelings by analyzing their interpretations of the blots",A projective test that uses ambiguous scenes,An objective personality test,A test that measures intelligence,c
Humanistic theories of personality are:,Theories that focus on unconscious conflicts,Theories that view personality with a focus on the potential for healthy personal growth,Theories that focus on observable behavior,Theories that focus on genetic influences,d
Self-concept (Humanistic) is:,Our understanding and evaluation of who we are,Our understanding and evaluation of others,Our external appearance,Our social status,a
Trait theories of personality are:,Theories that focus on unconscious conflicts,Theories that define personality in terms of stable and enduring behavior patterns,Theories that focus on personal growth,Theories that focus on environmental influences,b
Personality inventory is:,A projective test,A questionnaire (often with true-false or agree-disagree items) on which people respond to items designed to gauge a wide range of feelings and behaviors; used to assess selected personality traits,A test that measures intelligence,A test that measures aptitude,c
Minnesota Multiphasic Personality Inventory (MMPI) is:,The most widely researched and clinically used of all personality tests,A projective test,A test that measures intelligence,A test that measures aptitude,d
Social-cognitive perspective on personality is:,A perspective that focuses on unconscious conflicts,Views behavior as influenced by the interaction between people_s traits (and their thinking) and their social context,A perspective that focuses on genetic influences,A perspective that focuses on personal growth,a
Reciprocal determinism is:,"The interacting influences of behavior, internal cognition, and environment",The idea that behavior is determined solely by internal factors,The idea that behavior is determined solely by environmental factors,The idea that behavior is random,b
Personal control is:,The extent to which people perceive control over their environment rather than feeling helpless,The extent to which people feel helpless,The extent to which people are controlled by others,The extent to which people are controlled by their environment,c
External locus of control is:,The perception that chance or outside forces beyond your personal control determine your fate,The perception that you control your own fate,The perception that you are in control of others,The perception that others are in control of you,d
Internal locus of control is:,The perception that chance or outside forces beyond your personal control determine your fate,The perception that you control your own fate,The perception that you are in control of others,The perception that others are in control of you,a
Learned helplessness is:,The hopelessness and passive resignation an animal or human learns when unable to avoid repeated aversive events,The ability to overcome adversity,The ability to control one_s environment,The ability to learn new skills,b
Tyranny of choice is:,The idea that having more choices leads to greater satisfaction,"The idea that having too many choices can lead to feelings of paralysis, regret, and decreased satisfaction",The idea that having fewer choices leads to greater satisfaction,The idea that the number of choices has no effect on satisfaction,c
Positive psychology is:,The scientific study of negative emotions,The scientific study of optimal human functioning; aims to discover and promote strengths and virtues that enable individuals and communities to thrive,The scientific study of mental illness,The scientific study of abnormal behavior,d
Self is:,A collection of unrelated thoughts,"In contemporary psychology, assumed to be the center of personality, the organizer of our thoughts, feelings, and actions",A temporary mood state,A random behavior,a
Spotlight effect is:,"Overestimating others_ noticing and evaluating our appearance, performance, and blunders (as if we presume a spotlight shines on us)","Underestimating others_ noticing and evaluating our appearance, performance, and blunders","Accurately estimating others_ noticing and evaluating our appearance, performance, and blunders",The tendency to be ignored by others,b
Self-esteem is:,A feeling of worthlessness,One_s feelings of high or low self-worth,A feeling of indifference,A feeling of superiority,c
Self-serving bias is:,A readiness to perceive oneself favorably,A readiness to perceive oneself unfavorably,A readiness to perceive others favorably,A readiness to perceive others unfavorably,d
Individualism is:,Giving priority to the goals of one_s group (often one_s extended family or work group) and defining one_s identity accordingly,Giving priority to one_s own goals over group goals and defining one_s identity in terms of personal attributes rather than group identifications,A balance between individual and group goals,A disregard for both individual and group goals,a
Collectivism is:,Giving priority to one_s own goals over group goals,Giving priority to the goals of one_s group (often one_s extended family or work group) and defining one_s identity accordingly,A balance between individual and group goals,A disregard for both individual and group goals,b
Abnormal psychology is the study of:,Normal human behavior,Psychological disorders,Animal behavior,Social interactions,c
Psychological disorder is:,A normal variation in behavior,"A syndrome marked by a clinically significant disturbance in an individual_s cognition, emotion regulation, or behavior",A temporary emotional state,A personal preference,d
Medical model of psychological disorders is:,The concept that psychological disorders are purely psychological in origin,"The concept that diseases, in this case psychological disorders, have physical causes that can be diagnosed, treated, and, in most cases, cured, often through treatment in a hospital",The concept that psychological disorders are purely social in origin,The concept that psychological disorders are untreatable,a
Biopsychosocial approach to psychological disorders is:,The idea that psychological disorders are caused by biological factors only,The idea that psychological disorders are caused by psychological factors only,The idea that psychological disorders are caused by social factors only,"An integrated approach that incorporates biological, psychological, and social-cultural levels of analysis",d
"DSM-5 (Diagnostic and Statistical Manual of Mental Disorders, Fifth Edition) is:",A book that describes only physical illnesses,The American Psychiatric Association_s widely used system for classifying psychological disorders,A book that describes only normal human behavior,A book that describes only mental health treatments,b
Anxiety disorders are:,Psychological disorders characterized by emotional extremes,"Psychological disorders characterized by distressing, persistent anxiety or maladaptive behaviors that reduce anxiety",Psychological disorders characterized by delusions and hallucinations,Psychological disorders characterized by disruptions in conscious awareness,b
Generalized anxiety disorder is:,"An anxiety disorder marked by unpredictable, minutes-long episodes of intense dread","An anxiety disorder in which a person is continually tense, apprehensive, and in a state of autonomic nervous system arousal","An anxiety disorder characterized by a persistent, irrational fear and avoidance of a specific object or situation",An anxiety disorder characterized by unwanted repetitive thoughts (obsessions) and/or actions (compulsions),b
Panic disorder is:,An anxiety disorder in which a person is continually tense,"An anxiety disorder marked by unpredictable, minutes-long episodes of intense dread in which a person experiences terror and accompanying chest pain, choking, or other frightening sensations","An anxiety disorder characterized by a persistent, irrational fear and avoidance of a specific object or situation",An anxiety disorder characterized by unwanted repetitive thoughts (obsessions) and/or actions (compulsions),b
Phobia is:,An anxiety disorder in which a person is continually tense,"An anxiety disorder marked by unpredictable, minutes-long episodes of intense dread","An anxiety disorder characterized by a persistent, irrational fear and avoidance of a specific object or situation",An anxiety disorder characterized by unwanted repetitive thoughts (obsessions) and/or actions (compulsions),c
Obsessive-compulsive disorder (OCD) is:,An anxiety disorder in which a person is continually tense,"An anxiety disorder marked by unpredictable, minutes-long episodes of intense dread","An anxiety disorder characterized by a persistent, irrational fear and avoidance of a specific object or situation",An anxiety disorder characterized by unwanted repetitive thoughts (obsessions) and/or actions (compulsions),d
Posttraumatic stress disorder (PTSD) is:,An anxiety disorder in which a person is continually tense,"An anxiety disorder marked by unpredictable, minutes-long episodes of intense dread","An anxiety disorder characterized by a persistent, irrational fear and avoidance of a specific object or situation","A disorder characterized by haunting memories, nightmares, social withdrawal, jumpy anxiety, numbness of feeling, and/or insomnia that lingers for four weeks or more after a traumatic experience",d
Somatic symptom disorder is:,A psychological disorder characterized by emotional extremes,A psychological disorder in which the symptoms take a somatic (bodily) form without apparent physical cause,A psychological disorder characterized by delusions and hallucinations,A psychological disorder characterized by disruptions in conscious awareness,b
Conversion disorder is:,A psychological disorder in which a person experiences very specific genuine physical symptoms for which no physiological basis can be found,A psychological disorder in which the symptoms take a somatic (bodily) form without apparent physical cause,A psychological disorder characterized by emotional extremes,A psychological disorder characterized by delusions and hallucinations,a
Illness anxiety disorder (formerly hypochondriasis) is:,A psychological disorder in which a person experiences very specific genuine physical symptoms for which no physiological basis can be found,A disorder in which a person interprets normal physical sensations as symptoms of a disease,A psychological disorder characterized by emotional extremes,A psychological disorder characterized by delusions and hallucinations,b
Dissociative disorders are:,Psychological disorders characterized by emotional extremes,"Psychological disorders characterized by distressing, persistent anxiety",Psychological disorders characterized by sudden loss of memory or change in identity,Psychological disorders characterized by delusions and hallucinations,c
Dissociative identity disorder (DID) is:,A psychological disorder characterized by emotional extremes,A rare dissociative disorder in which a person exhibits two or more distinct and alternating personalities,"A psychological disorder characterized by distressing, persistent anxiety",A psychological disorder characterized by delusions and hallucinations,b
Major depressive disorder is:,A mood disorder in which a person alternates between the hopelessness and lethargy of depression and the overexcited state of mania,"A mood disorder in which a person experiences, in the absence of drugs or another medical condition, two or more weeks with five or more symptoms, at least one of which must be either (1) depressed mood or (2) loss of interest or pleasure","A mood disorder characterized by mild, chronic depression",A mood disorder characterized by extreme fluctuations in mood,b
Mania is:,A mood disorder characterized by a depressed mood,"A mood disorder characterized by a hyperactive, wildly optimistic state in which dangerously poor judgment is common",A mood disorder characterized by anxiety,A mood disorder characterized by delusions,b
Bipolar disorder is:,A mood disorder in which a person experiences only depressed moods,A mood disorder in which a person alternates between the hopelessness and lethargy of depression and the overexcited state of mania,A mood disorder in which a person experiences only manic episodes,A mood disorder characterized by anxiety,b
Schizophrenia is:,A psychological disorder characterized by emotional extremes,"A psychological disorder characterized by delusions, hallucinations, disorganized speech, and/or diminished or inappropriate emotional expression","A psychological disorder characterized by distressing, persistent anxiety",A psychological disorder characterized by disruptions in conscious awareness,b
Delusions are:,Sensory experiences without sensory stimulation,"False beliefs, often of persecution or grandeur, that may accompany psychotic disorders",Disorganized speech,Inappropriate emotional expression,b
Hallucinations are:,False beliefs,"False sensory experiences, such as seeing something in the absence of an external visual stimulus",Disorganized speech,Inappropriate emotional expression,b
Psychosis is:,A psychological disorder characterized by emotional extremes,"A psychological disorder in which a person loses contact with reality, experiencing irrational ideas and distorted perceptions","A psychological disorder characterized by distressing, persistent anxiety",A psychological disorder characterized by disruptions in conscious awareness,b
Personality disorders are:,Psychological disorders characterized by emotional extremes,Psychological disorders characterized by inflexible and enduring behavior patterns that impair social functioning,Psychological disorders characterized by delusions and hallucinations,Psychological disorders characterized by disruptions in conscious awareness,b
Antisocial personality disorder is:,A personality disorder characterized by a lack of empathy,"A personality disorder in which a person (usually a man) exhibits a lack of conscience for wrongdoing, even toward friends and family members",A personality disorder characterized by excessive emotionality,A personality disorder characterized by a fear of social situations,b
Anorexia nervosa (psychological context) is:,An eating disorder in which a person alternates binge eating with purging,"An eating disorder in which a person (usually an adolescent female) diets and becomes significantly (15 percent or more) underweight, yet still feeling fat, continues to starve",An eating disorder characterized by significant binge-eating episodes,"An eating disorder characterized by eating non-nutritive, non-food substances",b
Bulimia nervosa (psychological context) is:,An eating disorder in which a person (usually an adolescent female) diets and becomes significantly underweight,An eating disorder in which a person alternates binge eating with purging (by vomiting or laxative use) or fasting,An eating disorder characterized by significant binge-eating episodes,"An eating disorder characterized by eating non-nutritive, non-food substances",b
Binge-eating disorder (psychological context) is:,An eating disorder in which a person alternates binge eating with purging,"An eating disorder characterized by significant binge-eating episodes, followed by distress, disgust, or guilt, but without the compensatory purging or fasting that marks bulimia nervosa",An eating disorder in which a person diets and becomes significantly underweight,"An eating disorder characterized by eating non-nutritive, non-food substances",b
Psychotherapy is:,The use of medication to treat mental illness,Treatment involving psychological techniques; consists of interactions between a trained therapist and someone seeking to overcome psychological difficulties or achieve personal growth,The use of surgical procedures to treat mental illness,The use of electroconvulsive therapy to treat mental illness,b
Biomedical therapy is:,Treatment involving psychological techniques,Prescribed medications or procedures that act directly on the person_s physiology,Treatment involving only talk therapy,Treatment involving only behavioral therapy,b
Eclectic approach to therapy is:,A single therapeutic approach,"An approach to psychotherapy that, depending on the client_s problems, uses techniques from various forms of therapy",An approach to therapy that focuses only on one type of mental illness,An approach to therapy that avoids all forms of therapy,b
Psychoanalysis is:,"A short-term, symptom-focused therapy",Freud_s therapeutic technique,A therapy that focuses on conscious thoughts,A therapy that focuses on current problems,b
Resistance in psychoanalysis is:,The patient_s willingness to cooperate with the therapist,"In psychoanalysis, the blocking from consciousness of anxiety-laden material",The patient_s ability to recall all memories,The patient_s desire to end therapy,b
Interpretation in psychoanalysis is:,The therapist_s direct advice to the patient,"In psychoanalysis, the analyst_s noting supposed dream meanings, resistances, and other significant behaviors and events in order to promote insight",The patient_s interpretation of their own dreams,The patient_s direct communication of their thoughts,b
Transference in psychoanalysis is:,The patient_s unconscious redirection of feelings and attitudes from a significant person in their past onto the therapist,The therapist_s unconscious redirection of feelings and attitudes from a significant person in their past onto the patient,A mutual feeling of respect and trust between the therapist and patient,The patient_s conscious manipulation of the therapist,a
Psychodynamic therapy is:,"A long-term, intensive therapy","Therapy deriving from the psychoanalytic tradition that views individuals as responding to unconscious forces and childhood experiences, and that seeks to enhance self-insight",A therapy that focuses only on conscious thoughts,A therapy that focuses only on current problems,b
Insight therapies are:,Therapies that focus on changing behavior,A variety of therapies that aim to improve psychological functioning by increasing a person_s awareness of underlying motives and defenses,Therapies that focus on medication,Therapies that focus on external rewards,b
Client-centered therapy (Rogers) is:,A therapy that focuses on the therapist_s interpretation,"A humanistic therapy, developed by Carl Rogers, in which the therapist uses techniques such as active listening within a genuine, accepting, empathic environment to facilitate clients_ growth",A therapy that focuses on unconscious conflicts,A therapy that focuses on changing behavior,b
Active listening in client-centered therapy is:,Interrupting the client to offer solutions,"Empathic listening in which the listener echoes, restates, and clarifies",Focusing on your own thoughts while the client is speaking,Pretending to listen while doing other tasks,b
Unconditional positive regard in client-centered therapy is:,A therapist_s judgmental attitude towards the client,"A caring, accepting, nonjudgmental attitude, which Carl Rogers believed would help clients develop self-awareness and self-acceptance",A therapist_s conditional acceptance of the client,A therapist_s critical evaluation of the client,b
Behavior therapy is:,Therapy that focuses on unconscious conflicts,Therapy that applies learning principles to the elimination of unwanted behaviors,Therapy that focuses on conscious thoughts,Therapy that focuses on personal growth,b
Counterconditioning is:,A behavior therapy procedure that uses classical conditioning to evoke new responses to stimuli that are triggering unwanted behaviors; includes exposure therapies and aversive conditioning,A behavior therapy procedure that uses operant conditioning,A behavior therapy procedure that uses observational learning,A behavior therapy procedure that uses insight,a
Exposure therapies are:,"Behavioral techniques, such as systematic desensitization and virtual reality exposure therapy, that treat anxieties by exposing people (in imagination or actuality) to the things they fear and avoid",Behavioral techniques that involve avoiding feared situations,Behavioral techniques that involve punishing feared behaviors,Behavioral techniques that involve ignoring feared situations,a
Systematic desensitization is:,A type of exposure therapy that involves immediate exposure to the most feared stimulus,A type of exposure therapy that associates a pleasant relaxed state with gradually increasing anxiety-triggering stimuli,A type of exposure therapy that involves punishing feared behaviors,A type of exposure therapy that involves ignoring feared situations,b
Virtual reality exposure therapy is:,A type of exposure therapy that uses real-life situations,"An anxiety treatment that progressively exposes people to electronic simulations of their greatest fears, such as airplane flying, spiders, or public speaking",A type of exposure therapy that involves punishing feared behaviors,A type of exposure therapy that involves ignoring feared situations,b
Aversive conditioning is:,A type of counterconditioning that associates a pleasant state with an unwanted behavior,A type of counterconditioning that associates an unpleasant state (such as nausea) with an unwanted behavior (such as drinking alcohol),A type of counterconditioning that involves rewarding unwanted behaviors,A type of counterconditioning that involves ignoring unwanted behaviors,b
Token economy is:,An operant conditioning procedure in which people are punished for exhibiting desired behaviors,An operant conditioning procedure in which people earn a token of some sort for exhibiting a desired behavior and can later exchange the tokens for various privileges or treats,An operant conditioning procedure in which people are ignored for exhibiting desired behaviors,An operant conditioning procedure in which people are rewarded for exhibiting unwanted behaviors,b
Cognitive therapy is:,Therapy that focuses on unconscious conflicts,"Therapy that teaches people new, more adaptive ways of thinking and acting; based on the assumption that thoughts intervene between events and our emotional reactions",Therapy that focuses on changing behavior,Therapy that focuses on personal growth,b
Cognitive-behavioral therapy (CBT) is:,A therapy that focuses only on thoughts,A popular integrative therapy that combines cognitive therapy (changing self-defeating thinking) with behavior therapy (changing behavior),A therapy that focuses only on behaviors,A therapy that focuses only on unconscious conflicts,b
Group therapy is:,Individual therapy sessions with a therapist,"Therapy conducted with groups rather than individuals, permitting therapeutic benefits from group interaction",Therapy conducted without a therapist,Therapy focused solely on medication management,b
Family therapy is:,Therapy that treats the family as an isolated unit,Therapy that treats the family as a system,Therapy that focuses only on the identified patient,Therapy that focuses only on individual family members,b
Regression toward the mean is:,The tendency for extreme or unusual scores or events to become even more extreme,The tendency for extreme or unusual scores or events to regress toward the average,The tendency for scores to remain stable over time,The tendency for scores to become more variable over time,b
Meta-analysis in therapy research is:,A single research study on therapy effectiveness,A procedure for statistically combining the results of many different research studies,A qualitative research method for therapy,A case study of therapy effectiveness,b
Resilience in mental health is:,The inability to cope with stress,The personal strength that helps most people cope with stress and recover from adversity and even trauma,A predisposition to mental illness,A state of chronic anxiety,b
Posttraumatic growth is:,Negative psychological changes after a traumatic event,Positive psychological changes as a result of struggling with extremely challenging circumstances and life crises,No psychological changes after a traumatic event,Only physical changes after a traumatic event,b
Psychopharmacology is:,The study of psychological disorders,The study of drug effects on mind and behavior,The study of brain structure,The study of nervous system function,b
Antipsychotic drugs are:,Drugs used to treat depression,Drugs used to treat schizophrenia and other forms of severe thought disorder,Drugs used to treat anxiety,Drugs used to treat bipolar disorder,b
Antianxiety drugs are:,Drugs used to treat depression,Drugs used to control anxiety and agitation,Drugs used to treat schizophrenia,Drugs used to treat bipolar disorder,b
Antidepressant drugs are:,Drugs used to treat anxiety,"Drugs used to treat depression, anxiety disorders, obsessive-compulsive disorder, and posttraumatic stress disorder",Drugs used to treat schizophrenia,Drugs used to treat bipolar disorder,b
Mood-stabilizing drugs are:,Drugs used to treat depression,Drugs used to treat bipolar disorder,Drugs used to treat anxiety,Drugs used to treat schizophrenia,b
Electroconvulsive therapy (ECT) is:,A biomedical therapy for severely depressed patients in which a brief electric current is sent through the brain of an anesthetized patient,A biomedical therapy for anxiety disorders,A biomedical therapy for schizophrenia,A biomedical therapy for bipolar disorder,a
Repetitive transcranial magnetic stimulation (rTMS) is:,A biomedical therapy for severely depressed patients that involves applying a rapidly alternating magnetic field to the scalp and thereby causing electric currents to flow in the underlying brain tissue,A biomedical therapy for anxiety disorders,A biomedical therapy for schizophrenia,A biomedical therapy for bipolar disorder,a
Psychosurgery is:,A biomedical therapy for severely depressed patients,Surgery that removes or destroys brain tissue in an effort to change behavior,A biomedical therapy for anxiety disorders,A biomedical therapy for schizophrenia,b
Lobotomy is:,A psychosurgical procedure once used to calm uncontrollably emotional or violent patients,A psychosurgical procedure used to treat anxiety disorders,A psychosurgical procedure used to treat schizophrenia,A psychosurgical procedure used to treat bipolar disorder,a
Developmental psychology is the study of:,"How people change over time, from conception to death",How people interact with each other,How people learn,How people think,a
Nature vs. Nurture debate refers to:,The debate about whether intelligence is inherited or learned,The debate about the relative contributions of genetic inheritance and environmental factors to human development,The debate about whether personality is inherited or learned,The debate about whether mental illness is inherited or learned,b
Cross-sectional study is:,A study that follows the same group of individuals over a long period,A study in which people of different ages are compared with one another at the same point in time,A study that involves manipulating variables,A study that involves observing behavior in its natural setting,b
Longitudinal study is:,A study in which people of different ages are compared with one another at the same point in time,A study that follows the same group of individuals over a long period of time,A study that involves manipulating variables,A study that involves observing behavior in its natural setting,b
Zygote is:,A fertilized egg,A developing human organism from about 2 weeks after fertilization through the second month,A developing human organism from 9 weeks after conception to birth,A newborn baby,a
Embryo is:,A fertilized egg,A developing human organism from about 2 weeks after fertilization through the second month,A developing human organism from 9 weeks after conception to birth,A newborn baby,b
Fetus is:,A fertilized egg,A developing human organism from about 2 weeks after fertilization through the second month,A developing human organism from 9 weeks after conception to birth,A newborn baby,c
Teratogens are:,Substances that promote healthy fetal development,"Agents, such as chemicals and viruses, that can reach the embryo or fetus during prenatal development and cause harm",Nutrients essential for fetal growth,Hormones that regulate fetal development,b
Fetal alcohol syndrome (FAS) is:,"A condition caused by excessive alcohol consumption by the mother during pregnancy, leading to physical and cognitive abnormalities in the child",A condition caused by genetic factors,A condition caused by nutritional deficiencies,A condition caused by viral infections,a
Rooting reflex is:,A reflex in which a baby sucks on anything that touches its lips,A reflex in which a baby turns its head and opens its mouth in search of the nipple when touched on the cheek,A reflex in which a baby grasps anything placed in its palm,A reflex in which a baby extends its arms and legs when startled,b
Sucking reflex is:,A reflex in which a baby turns its head and opens its mouth,A reflex in which a baby sucks on anything that touches its lips,A reflex in which a baby grasps anything placed in its palm,A reflex in which a baby extends its arms and legs when startled,b
Grasping reflex is:,A reflex in which a baby turns its head and opens its mouth,A reflex in which a baby sucks on anything that touches its lips,A reflex in which a baby grasps anything placed in its palm,A reflex in which a baby extends its arms and legs when startled,c
Moro reflex is:,A reflex in which a baby turns its head and opens its mouth,A reflex in which a baby sucks on anything that touches its lips,A reflex in which a baby grasps anything placed in its palm,"A reflex in which a baby extends its arms and legs when startled, then pulls them back in",d
Maturation is:,Environmental influences on development,"Biological growth processes that enable orderly changes in behavior, relatively uninfluenced by experience",Learning through experience,Social influences on development,b
Schema (Piaget) is:,A mental representation of a specific event,A concept or framework that organizes and interprets information,A random thought,An emotional response,b
Assimilation (Piaget) is:,Adapting our current understandings (schemas) to incorporate new information,Interpreting our new experiences in terms of our existing schemas,Creating new schemas,Forgetting old schemas,b
Accommodation (Piaget) is:,Interpreting our new experiences in terms of our existing schemas,Adapting our current understandings (schemas) to incorporate new information,Creating new schemas,Forgetting old schemas,b
Sensorimotor stage (Piaget) is:,The stage (from birth to about 2 years of age) during which infants know the world mostly in terms of their sensory impressions and motor activities,The stage (from about 2 to 6 or 7 years of age) during which a child learns to use language but does not yet comprehend the mental operations of concrete logic,The stage (from about 7 to 11 years of age) during which children gain the mental operations that enable them to think logically about concrete events,The stage (beginning at about 12) during which people begin to think logically about abstract concepts,a
Object permanence (Piaget) is:,The awareness that objects continue to exist even when not perceived,The inability to understand that objects continue to exist when not perceived,The ability to mentally represent objects,The ability to manipulate objects,a
Preoperational stage (Piaget) is:,The stage (from birth to about 2 years of age) during which infants know the world mostly in terms of their sensory impressions and motor activities,The stage (from about 2 to 6 or 7 years of age) during which a child learns to use language but does not yet comprehend the mental operations of concrete logic,The stage (from about 7 to 11 years of age) during which children gain the mental operations that enable them to think logically about concrete events,The stage (beginning at about 12) during which people begin to think logically about abstract concepts,b
Conservation (Piaget) is:,"The principle that properties such as mass, volume, and number remain the same despite changes in the forms of objects",The inability to understand that properties remain the same despite changes in form,The ability to mentally represent objects,The ability to manipulate objects,a
Egocentrism (Piaget) is:,The ability to take another person_s perspective,"In Piaget_s theory, the preoperational child_s difficulty taking another_s point of view",The ability to understand that others have different thoughts and feelings,The ability to empathize with others,b
Theory of mind is:,The ability to understand that others have the same thoughts and feelings as oneself,"People_s ideas about their own and others_ mental states—about their feelings, perceptions, and thoughts, and the behaviors these might predict",The inability to understand others_ mental states,The ability to manipulate others_ thoughts,b
Concrete operational stage (Piaget) is:,The stage (from birth to about 2 years of age) during which infants know the world mostly in terms of their sensory impressions and motor activities,The stage (from about 2 to 6 or 7 years of age) during which a child learns to use language but does not yet comprehend the mental operations of concrete logic,The stage (from about 7 to 11 years of age) during which children gain the mental operations that enable them to think logically about concrete events,The stage (beginning at about 12) during which people begin to think logically about abstract concepts,c
Formal operational stage (Piaget) is:,The stage (from birth to about 2 years of age) during which infants know the world mostly in terms of their sensory impressions and motor activities,The stage (from about 2 to 6 or 7 years of age) during which a child learns to use language but does not yet comprehend the mental operations of concrete logic,The stage (from about 7 to 11 years of age) during which children gain the mental operations that enable them to think logically about concrete events,The stage (beginning at about 12) during which people begin to think logically about abstract concepts,d
Attachment (Ainsworth) is:,A strong emotional bond with a caregiver,A strong emotional tie with another person—shown in young children by their seeking closeness to the caregiver and showing distress on separation,A weak emotional bond with a caregiver,No emotional bond with a caregiver,b
Critical period is:,A period of development when certain experiences have no effect,An optimal period early in the life of an organism when exposure to certain stimuli or experiences produces normal development,A period of development when all experiences have an equal effect,A period of development when negative experiences are most impactful,b
Imprinting (Lorenz) is:,A learned behavior in humans,The process by which certain animals form strong attachments during an early-life critical period,A random behavior in animals,A behavior that is not influenced by experience,b
Temperament is:,A learned personality trait,A person_s characteristic emotional reactivity and intensity,A temporary mood state,A changeable personality trait,b
Basic trust (Erikson) is:,A sense of mistrust towards others,"According to Erik Erikson, a sense that the world is predictable and trustworthy; formed during infancy by appropriate experiences with responsive caregivers",A sense of independence,A sense of shame and doubt,b
Self-concept is:,A person_s objective assessment of their abilities,Our understanding and evaluation of who we are,A person_s external appearance,A person_s social status,b
Authoritarian parenting is:,Parenting style characterized by warmth and responsiveness,Parenting style characterized by high demands and low responsiveness,Parenting style characterized by low demands and high responsiveness,Parenting style characterized by low demands and low responsiveness,b
Permissive parenting is:,Parenting style characterized by high demands and low responsiveness,Parenting style characterized by low demands and high responsiveness,Parenting style characterized by high demands and high responsiveness,Parenting style characterized by low demands and low responsiveness,b
Authoritative parenting is:,Parenting style characterized by high demands and low responsiveness,Parenting style characterized by low demands and high responsiveness,"Parenting style characterized by high demands and high responsiveness, with clear rules and open communication",Parenting style characterized by low demands and low responsiveness,c
Adolescence is:,The period of childhood,"The transition period from childhood to adulthood, extending from puberty to independence",The period of early adulthood,The period of late adulthood,b
Puberty is:,The period of rapid physical growth in childhood,"The period of sexual maturation, during which a person becomes capable of reproducing",The period of cognitive development,The period of social development,b
Primary sex characteristics are:,"Nonreproductive sexual characteristics, such as female breasts and hips, male voice quality, and body hair","The body structures (ovaries, testes, and external genitalia) that make sexual reproduction possible",The internal reproductive organs,The external reproductive organs,b
Secondary sex characteristics are:,The body structures that make sexual reproduction possible,"Nonreproductive sexual characteristics, such as female breasts and hips, male voice quality, and body hair",The internal reproductive organs,The external reproductive organs,b
Menarche is:,The first ejaculation,The first menstrual period,The onset of puberty in males,The onset of puberty in females,b
Spermarche is:,The first menstrual period,The first ejaculation,The onset of puberty in females,The onset of puberty in males,b
Identity (Erikson) is:,A sense of confusion about who one is,"Our sense of self; according to Erikson, the adolescent_s task is to solidify a sense of self by testing and integrating various roles",A sense of belonging to a group,A sense of independence,b
Social identity is:,Our personal sense of self,"The ""we"" aspect of our self-concept; the part of our answer to ""Who am I?"" that comes from our group memberships",Our individual achievements,Our unique personality traits,b
Intimacy (Erikson) is:,"The ability to form close, loving relationships; a primary developmental task in late adolescence and early adulthood",A sense of isolation,A sense of independence,A sense of confusion,a
Emerging adulthood is:,The period of adolescence,"A period from the late teens to mid-twenties, bridging the gap between adolescent dependence and full independence and responsible adulthood",The period of early childhood,The period of middle adulthood,b
Menopause is:,The cessation of menstruation,The onset of menstruation,The period of increased fertility,The period of decreased fertility,a
Cross-sectional studies on intelligence:,Show that intelligence remains stable throughout life,Show that intelligence declines with age,Show that intelligence increases with age,Show no clear pattern for intelligence and age,b
Longitudinal studies on intelligence:,Show that intelligence declines with age,Show that intelligence remains relatively stable or even increases in some aspects throughout much of adulthood,Show that intelligence increases with age,Show no clear pattern for intelligence and age,b
Crystallized intelligence is:,Our ability to reason speedily and abstractly,Our accumulated knowledge and verbal skills; tends to increase with age,Our ability to solve new problems,Our ability to adapt to new situations,b
Fluid intelligence is:,Our accumulated knowledge and verbal skills,Our ability to reason speedily and abstractly; tends to decrease during late adulthood,Our ability to solve new problems,Our ability to adapt to new situations,b
Social clock is:,The biological clock that regulates aging,"The culturally preferred timing of social events such as marriage, parenthood, and retirement",The individual_s personal timeline for life events,The universal timeline for life events,b
Social psychology is the scientific study of:,Individual behavior in isolation,"How we think about, influence, and relate to one another",Animal behavior,Abnormal behavior,b
Attribution theory is:,"The theory that we tend to give a causal explanation for someone_s behavior, often by crediting either the situation or the person_s disposition",The theory that we tend to attribute our own behavior to internal factors,The theory that we tend to attribute others_ behavior to external factors,The theory that we tend to attribute our own behavior to external factors,a
Fundamental attribution error is:,"The tendency for observers, when analyzing others_ behavior, to underestimate the impact of the situation and to overestimate the impact of personal disposition",The tendency for observers to overestimate the impact of the situation,The tendency for observers to accurately assess the impact of both situation and disposition,The tendency for observers to attribute their own behavior to internal factors,a
Attitude is:,A temporary feeling,"Feelings, often influenced by our beliefs, that predispose us to respond in a particular way to objects, people, and events",A stable personality trait,A random thought,b
Foot-in-the-door phenomenon is:,The tendency for people who have first agreed to a large request to comply later with a smaller request,The tendency for people who have first agreed to a small request to comply later with a larger request,The tendency for people to resist all requests,The tendency for people to comply with requests only if they are paid,b
Role is:,A temporary behavior,"A set of expectations (norms) about a social position, defining how those in the position ought to behave",A personal preference,A random action,b
Cognitive dissonance theory is:,The theory that we act to reduce the discomfort (dissonance) we feel when two of our thoughts (cognitions) are inconsistent,The theory that we act to increase discomfort,The theory that our thoughts and actions are always consistent,The theory that our thoughts and actions are unrelated,a
Conformity is:,Adjusting one_s behavior or thinking to coincide with a group standard,Resisting group pressure,Acting independently of others,Acting in opposition to group standards,a
Normative social influence is:,Influence resulting from one_s willingness to accept others_ opinions about reality,Influence resulting from a person_s desire to gain approval or avoid disapproval,Influence resulting from a person_s desire to be unique,Influence resulting from a person_s desire to challenge authority,b
Informational social influence is:,Influence resulting from a person_s desire to gain approval or avoid disapproval,Influence resulting from one_s willingness to accept others_ opinions about reality,Influence resulting from a person_s desire to be unique,Influence resulting from a person_s desire to challenge authority,b
Social facilitation is:,The tendency for people to perform worse on simple or well-learned tasks in the presence of others,Improved performance on simple or well-learned tasks in the presence of others,The tendency for people to perform worse on complex tasks in the presence of others,The tendency for people to perform better on complex tasks in the presence of others,b
Social loafing is:,The tendency for people in a group to exert less effort when pooling their efforts toward attaining a common goal than when individually accountable,The tendency for people in a group to exert more effort,The tendency for people to work harder in a group,The tendency for people to be more productive in a group,a
Deindividuation is:,The loss of self-awareness and self-restraint occurring in group situations that foster arousal and anonymity,An increased sense of self-awareness in a group,An increased sense of self-restraint in a group,A decreased sense of arousal in a group,a
Group polarization is:,The tendency for a group to make less extreme decisions than the average of its members,The enhancement of a group_s prevailing inclinations through discussion within the group,The tendency for a group to make random decisions,The tendency for a group to avoid making decisions,b
Groupthink is:,A mode of thinking that occurs when the desire for harmony in a decision-making group overrides a realistic appraisal of alternatives,A mode of thinking that encourages critical evaluation of alternatives,A mode of thinking that leads to optimal decisions,A mode of thinking that promotes individual thought,a
Culture is:,A set of universal behaviors,"The enduring behaviors, ideas, attitudes, values, and traditions shared by a group of people and transmitted from one generation to the next",A set of individual preferences,A random collection of customs,b
Norm is:,An unusual behavior,An understood rule for accepted and expected behavior,A personal preference,A random action,b
Prejudice is:,A positive attitude toward a group,An unjustifiable (and usually negative) attitude toward a group and its members,A neutral attitude toward a group,A justifiable attitude toward a group,b
Stereotype is:,A unique characteristic of an individual,A generalized (sometimes accurate but often overgeneralized) belief about a group of people,A specific belief about an individual,A random thought,b
Discrimination is:,Positive behavior toward a group,Unjustifiable negative behavior toward a group or its members,Neutral behavior toward a group,Justifiable behavior toward a group,b
Ingroup is:,"""Them""—those perceived as different or apart from our ingroup","""Us""—people with whom we share a common identity",A group that is disliked,A group that is neutral,b
Outgroup is:,"""Us""—people with whom we share a common identity","""Them""—those perceived as different or apart from our ingroup",A group that is liked,A group that is neutral,b
Ingroup bias is:,The tendency to favor one_s own group,The tendency to favor an outgroup,The tendency to be neutral towards all groups,The tendency to dislike one_s own group,a
Scapegoat theory is:,The theory that prejudice offers an outlet for anger by providing someone to blame,The theory that prejudice is caused by economic competition,The theory that prejudice is caused by social learning,The theory that prejudice is caused by individual personality traits,a
Just-world phenomenon is:,The tendency for people to believe that the world is unjust,The tendency for people to believe the world is just and that people therefore get what they deserve and deserve what they get,The tendency for people to believe that the world is random,The tendency for people to believe that the world is fair only to some,b
Aggression is:,Any physical or verbal behavior intended to hurt or destroy,Any physical or verbal behavior intended to help,Any physical or verbal behavior that is neutral,Any physical or verbal behavior that is accidental,a
Frustration-aggression principle is:,The principle that frustration always leads to aggression,"The principle that frustration—the blocking of an attempt to achieve some goal—creates anger, which can generate aggression",The principle that aggression always leads to frustration,The principle that frustration and aggression are unrelated,b
Social script is:,A random behavior,A culturally modeled guide for how to act in various situations,A personal preference,An unlearned behavior,b
Mere exposure effect is:,The phenomenon that repeated exposure to novel stimuli increases liking of them,The phenomenon that repeated exposure to novel stimuli decreases liking of them,The phenomenon that repeated exposure to novel stimuli has no effect on liking,The phenomenon that initial exposure to novel stimuli increases liking of them,a
Passionate love is:,"A deep, affectionate attachment we feel for those with whom our lives are intertwined","An aroused state of intense positive absorption in another, usually present at the beginning of a love relationship",A temporary infatuation,A love based on convenience,b
Companionate love is:,An aroused state of intense positive absorption in another,"A deep, affectionate attachment we feel for those with whom our lives are intertwined",A temporary infatuation,A love based on convenience,b
Equity in relationships is:,A condition in which people receive from a relationship in proportion to what they give to it,A condition in which one person gives more than they receive,A condition in which one person receives more than they give,A condition in which there is no balance in giving and receiving,a
Self-disclosure is:,Revealing intimate aspects of oneself to others,Hiding intimate aspects of oneself from others,Revealing only superficial aspects of oneself to others,Revealing only negative aspects of oneself to others,a
Altruism is:,Selfish behavior,Unselfish regard for the welfare of others,Neutral behavior,Behavior motivated by personal gain,b
Bystander effect is:,The tendency for any given bystander to be more likely to give aid if other bystanders are present,The tendency for any given bystander to be less likely to give aid if other bystanders are present,The tendency for any given bystander to always give aid,The tendency for any given bystander to never give aid,b
Social exchange theory is:,"The theory that our social behavior is an exchange process, the aim of which is to maximize benefits and minimize costs",The theory that our social behavior is always altruistic,The theory that our social behavior is always selfish,The theory that our social behavior is random,a
Reciprocity norm is:,An expectation that people will help those who have helped them,An expectation that people will not help those who have helped them,An expectation that people will always help others,An expectation that people will never help others,a
Social-responsibility norm is:,An expectation that people will help those dependent on them,An expectation that people will not help those dependent on them,An expectation that people will always help others,An expectation that people will never help others,a
Conflict is:,A state of harmony,"A perceived incompatibility of actions, goals, or ideas",A state of agreement,A state of indifference,b
Social trap is:,"A situation in which the conflicting parties, by each rationally pursuing their self-interest, become caught in mutually destructive behavior","A situation in which the conflicting parties, by each rationally pursuing their self-interest, achieve mutual benefit","A situation in which the conflicting parties, by each irrationally pursuing their self-interest, achieve mutual benefit","A situation in which the conflicting parties, by each irrationally pursuing their self-interest, become caught in mutually destructive behavior",a
Mirror-image perceptions are:,"Mutual views often held by conflicting people, as when each side sees itself as ethical and peaceful and views the other side as evil and aggressive","Mutual views often held by conflicting people, as when each side sees itself as evil and aggressive and views the other side as ethical and peaceful","Mutual views often held by conflicting people, as when each side sees itself as ethical and peaceful and views the other side as ethical and peaceful","Mutual views often held by conflicting people, as when each side sees itself as evil and aggressive and views the other side as evil and aggressive",a
Self-fulfilling prophecy is:,A belief that leads to its own disconfirmation,A belief that leads to its own fulfillment,A belief that has no effect on reality,A belief that is always accurate,b
Superordinate goals are:,Shared goals that can be achieved only through cooperation,Goals that can be achieved individually,Goals that lead to conflict,Goals that are impossible to achieve,a
GRIT (Graduated and Reciprocated Initiatives in Tension-Reduction) is:,A strategy designed to increase international tensions,A strategy designed to decrease international tensions,A strategy designed to maintain international tensions,A strategy designed to ignore international tensions,b
Personality is:,A temporary mood state,"An individual_s characteristic pattern of thinking, feeling, and acting",A random collection of behaviors,A changeable set of traits,b
Psychodynamic theories of personality are:,Theories that focus on conscious thoughts,Theories that view personality with a focus on the unconscious and the importance of childhood experiences,Theories that focus on observable behavior,Theories that focus on personal growth,b
Psychoanalysis (Freud) is:,A theory of personality that focuses on conscious thoughts,Freud_s theory of personality that attributes thoughts and actions to unconscious motives and conflicts,A theory of personality that focuses on observable behavior,A theory of personality that focuses on personal growth,b
Unconscious (Freud) is:,The part of the mind that is fully aware,"According to Freud, a reservoir of mostly unacceptable thoughts, wishes, feelings, and memories",The part of the mind that is easily accessible,The part of the mind that is responsible for conscious decision-making,b
Id (Freud) is:,"The conscious, rational part of the personality","A reservoir of unconscious psychic energy that, according to Freud, strives to satisfy basic sexual and aggressive drives",The part of the personality that represents internalized ideals,The part of the personality that mediates between the id and superego,b
Ego (Freud) is:,A reservoir of unconscious psychic energy,"The largely conscious, ""executive"" part of personality that, according to Freud, mediates among the demands of the id, superego, and reality",The part of the personality that represents internalized ideals,The part of the personality that strives to satisfy basic sexual and aggressive drives,b
Superego (Freud) is:,A reservoir of unconscious psychic energy,"The largely conscious, ""executive"" part of personality","The part of personality that, according to Freud, represents internalized ideals and provides standards for judgment (the conscience) and for future aspirations",The part of the personality that strives to satisfy basic sexual and aggressive drives,c
Psychosexual stages (Freud) are:,Stages of cognitive development,"Freud_s five stages of personality development (oral, anal, phallic, latency, genital) during which the id_s pleasure-seeking energies focus on distinct erogenous zones",Stages of moral development,Stages of social development,b
Oedipus complex (Freud) is:,A boy_s sexual desires toward his mother and feelings of jealousy and hatred for the rival father,A girl_s sexual desires toward her father,A child_s desire to be independent,A child_s desire to please their parents,a
Identification (Freud) is:,"The process by which, according to Freud, children incorporate their parents_ values into their developing superegos",The process by which children reject their parents_ values,The process by which children become independent,The process by which children rebel against authority,a
Fixation (Freud) is:,A temporary stop in development,"According to Freud, a lingering focus of pleasure-seeking energies at an earlier psychosexual stage, in which conflicts were unresolved",A rapid progression through development,A complete resolution of conflicts,b
Defense mechanisms (Freud) are:,Conscious strategies to cope with anxiety,"In psychoanalytic theory, the ego_s protective methods of reducing anxiety by unconsciously distorting reality",Healthy ways of dealing with stress,Deliberate attempts to manipulate others,b
Repression (Freud) is:,A conscious effort to remember traumatic events,"The basic defense mechanism that banishes anxiety-arousing thoughts, feelings, and memories from consciousness",A deliberate attempt to confront anxiety,A process of enhancing memory recall,b
Regression (Freud) is:,Retreating to an earlier psychosexual stage where some psychic energy remains fixated,Progressing to a more mature psychosexual stage,Confronting anxiety directly,Enhancing memory recall,a
Reaction formation (Freud) is:,Expressing unacceptable impulses by acting in ways that are consistent with them,Switching unacceptable impulses into their opposites,Redirecting unacceptable impulses toward a different object,Attributing one_s own threatening impulses to others,b
Projection (Freud) is:,Switching unacceptable impulses into their opposites,Disguising one_s own threatening impulses by attributing them to others,Redirecting unacceptable impulses toward a different object,"Offering self-justifying explanations in place of the real, more threatening unconscious reasons for one_s actions",b
Rationalization (Freud) is:,Disguising one_s own threatening impulses by attributing them to others,"Offering self-justifying explanations in place of the real, more threatening unconscious reasons for one_s actions",Redirecting unacceptable impulses toward a different object,Refusing to believe or even perceive painful realities,b
Displacement (Freud) is:,Offering self-justifying explanations,Shifting sexual or aggressive impulses toward a more acceptable or less threatening object or person,Refusing to believe or even perceive painful realities,Retreating to an earlier psychosexual stage,b
Denial (Freud) is:,Shifting sexual or aggressive impulses,Refusing to believe or even perceive painful realities,Offering self-justifying explanations,Retreating to an earlier psychosexual stage,b
Collective unconscious (Jung) is:,A personal unconscious unique to each individual,"Carl Jung_s concept of a shared, inherited reservoir of memory traces from our species_ history",A conscious part of the mind,A random collection of thoughts,b
Projective test is:,A personality test that presents ambiguous stimuli designed to trigger projection of one_s inner dynamics,A personality test that uses objective questions,A personality test that measures conscious thoughts,A personality test that measures observable behavior,a
Thematic Apperception Test (TAT) is:,A projective test in which people express their inner feelings and interests through the stories they make up about ambiguous scenes,A projective test that uses inkblots,An objective personality test,A test that measures intelligence,a
Rorschach inkblot test is:,"The most widely used projective test, a set of 10 inkblots, designed by Hermann Rorschach; seeks to identify people_s inner feelings by analyzing their interpretations of the blots",A projective test that uses ambiguous scenes,An objective personality test,A test that measures intelligence,a
Humanistic theories of personality are:,Theories that focus on unconscious conflicts,Theories that view personality with a focus on the potential for healthy personal growth,Theories that focus on observable behavior,Theories that focus on genetic influences,b
Self-concept (Humanistic) is:,Our understanding and evaluation of who we are,Our understanding and evaluation of others,Our external appearance,Our social status,a
Trait theories of personality are:,Theories that focus on unconscious conflicts,Theories that define personality in terms of stable and enduring behavior patterns,Theories that focus on personal growth,Theories that focus on environmental influences,b
Personality inventory is:,A projective test,A questionnaire (often with true-false or agree-disagree items) on which people respond to items designed to gauge a wide range of feelings and behaviors; used to assess selected personality traits,A test that measures intelligence,A test that measures aptitude,b
Minnesota Multiphasic Personality Inventory (MMPI) is:,The most widely researched and clinically used of all personality tests,A projective test,A test that measures intelligence,A test that measures aptitude,a
Social-cognitive perspective on personality is:,A perspective that focuses on unconscious conflicts,Views behavior as influenced by the interaction between people_s traits (and their thinking) and their social context,A perspective that focuses on genetic influences,A perspective that focuses on personal growth,b
Reciprocal determinism is:,"The interacting influences of behavior, internal cognition, and environment",The idea that behavior is determined solely by internal factors,The idea that behavior is determined solely by environmental factors,The idea that behavior is random,a
Personal control is:,The extent to which people perceive control over their environment rather than feeling helpless,The extent to which people feel helpless,The extent to which people are controlled by others,The extent to which people are controlled by their environment,a
External locus of control is:,The perception that chance or outside forces beyond your personal control determine your fate,The perception that you control your own fate,The perception that you are in control of others,The perception that others are in control of you,a
Internal locus of control is:,The perception that chance or outside forces beyond your personal control determine your fate,The perception that you control your own fate,The perception that you are in control of others,The perception that others are in control of you,b
Learned helplessness is:,The hopelessness and passive resignation an animal or human learns when unable to avoid repeated aversive events,The ability to overcome adversity,The ability to control one_s environment,The ability to learn new skills,a
Tyranny of choice is:,The idea that having more choices leads to greater satisfaction,"The idea that having too many choices can lead to feelings of paralysis, regret, and decreased satisfaction",The idea that having fewer choices leads to greater satisfaction,The idea that the number of choices has no effect on satisfaction,b
Positive psychology is:,The scientific study of negative emotions,The scientific study of optimal human functioning; aims to discover and promote strengths and virtues that enable individuals and communities to thrive,The scientific study of mental illness,The scientific study of abnormal behavior,b
Self is:,A collection of unrelated thoughts,"In contemporary psychology, assumed to be the center of personality, the organizer of our thoughts, feelings, and actions",A temporary mood state,A random behavior,b
Spotlight effect is:,"Overestimating others_ noticing and evaluating our appearance, performance, and blunders (as if we presume a spotlight shines on us)","Underestimating others_ noticing and evaluating our appearance, performance, and blunders","Accurately estimating others_ noticing and evaluating our appearance, performance, and blunders",The tendency to be ignored by others,a
Self-esteem is:,A feeling of worthlessness,One_s feelings of high or low self-worth,A feeling of indifference,A feeling of superiority,b
Self-serving bias is:,A readiness to perceive oneself favorably,A readiness to perceive oneself unfavorably,A readiness to perceive others favorably,A readiness to perceive others unfavorably,a
Individualism is:,Giving priority to the goals of one_s group (often one_s extended family or work group) and defining one_s identity accordingly,Giving priority to one_s own goals over group goals and defining one_s identity in terms of personal attributes rather than group identifications,A balance between individual and group goals,A disregard for both individual and group goals,b
Collectivism is:,Giving priority to one_s own goals over group goals,Giving priority to the goals of one_s group (often one_s extended family or work group) and defining one_s identity accordingly,A balance between individual and group goals,A disregard for both individual and group goals,b
Abnormal psychology is the study of:,Normal human behavior,Psychological disorders,Animal behavior,Social interactions,b
Psychological disorder is:,A normal variation in behavior,"A syndrome marked by a clinically significant disturbance in an individual_s cognition, emotion regulation, or behavior",A temporary emotional state,A personal preference,b
Medical model of psychological disorders is:,The concept that psychological disorders are purely psychological in origin,"The concept that diseases, in this case psychological disorders, have physical causes that can be diagnosed, treated, and, in most cases, cured, often through treatment in a hospital",The concept that psychological disorders are purely social in origin,The concept that psychological disorders are untreatable,b
