Question,Option A,Option B,Option C,Option D,Correct Answer
What is sociology primarily concerned with?,The study of individual human behavior,The study of the Earth's physical features,The systematic study of human society and social interaction,The study of ancient civilizations,b
Which of the following best describes the sociological imagination?,The ability to understand complex mathematical equations,The ability to connect personal experiences to broader social forces,The ability to predict future events with accuracy,The ability to create fictional narratives,a
Who is considered one of the founding fathers of sociology and is known for his work on social facts and anomie?,Karl Marx,Max Weber,Émile Durkheim,Auguste Comte,c
Which sociological perspective views society as a complex system whose parts work together to promote solidarity and stability?,Conflict theory,Symbolic interactionism,Functionalism,Feminism,d
"Which sociological perspective emphasizes the role of power, inequality, and conflict in shaping society?",Functionalism,Symbolic interactionism,Conflict theory,Structuralism,a
Which sociological perspective focuses on micro-level interactions and the meanings individuals attach to symbols and social actions?,Functionalism,Conflict theory,Symbolic interactionism,Postmodernism,b
What is culture?,The natural environment of a society,"The shared beliefs, values, practices, and material objects of a group",The genetic makeup of a population,The economic system of a nation,c
Norms are:,Abstract ideals that guide thinking and behavior,Specific rules or expectations of behavior,Material objects that a society produces,The way people dress in a society,d
Values are:,Specific rules or expectations of behavior,Abstract ideals that guide thinking and behavior,Material objects that a society produces,The way people dress in a society,a
What is socialization?,The process of economic development in a society,The process by which individuals learn the culture of their society,The process of political change in a nation,The process of technological advancement,b
Which of the following is considered a primary agent of socialization?,Mass media,Peer groups,Family,Schools,c
What is social structure?,The physical layout of a city,The patterned relationships between people that persist over time,The artistic expressions of a society,The psychological makeup of individuals,d
A status is:,A behavior expected of someone holding a particular status,A recognized social position that an individual occupies,A conflict between the roles associated with two or more statuses,The performance of a role,a
A role is:,A recognized social position that an individual occupies,A behavior expected of someone holding a particular status,A conflict between the roles associated with two or more statuses,The performance of a role,b
What is a social group?,A collection of individuals who happen to be in the same place at the same time,Two or more people who identify with and interact with one another,"A large, impersonal collection of people",A category of people who share a common characteristic,c
A primary group is characterized by:,Large size and impersonal relationships,"Small size and close, personal relationships",Formal rules and regulations,Short-term interactions,d
A secondary group is characterized by:,"Small size and close, personal relationships","Large size and impersonal, goal-oriented relationships",Informal interactions,Strong emotional ties,a
What is deviance?,Behavior that conforms to social norms,Behavior that violates social norms,Behavior that is considered morally right,Behavior that is always illegal,b
Social control refers to:,The process by which individuals learn deviant behavior,The mechanisms that encourage conformity and discourage deviance,The study of criminal behavior,The absence of social norms,c
What is social stratification?,The movement of individuals or groups within the social hierarchy,"The division of society into categories, ranks, or classes",The process of social change,The study of population growth,d
A caste system is a form of social stratification based on:,Achieved status,Ascribed status,Meritocracy,Social mobility,a
A class system is a form of social stratification based on:,Ascribed status,Achieved status,Religious beliefs,Family lineage,b
What is social mobility?,The movement of individuals or groups within the social hierarchy,"The division of society into categories, ranks, or classes",The process of social change,The study of population growth,c
Poverty refers to:,The state of having abundant material possessions,"The state of being without money, food, or other basic necessities of life",The state of being wealthy,The state of having a high social status,d
What is global stratification?,"The division of society into categories, ranks, or classes within a single nation","The unequal distribution of wealth, power, and prestige on a global scale",The study of international relations,The movement of individuals between countries,a
What is race?,A biological category based on genetic differences,A social construct based on perceived physical differences,A cultural category based on shared traditions,A political category based on citizenship,b
What is ethnicity?,A biological category based on genetic differences,A social construct based on perceived physical differences,"A cultural category based on shared traditions, language, or heritage",A political category based on citizenship,c
Prejudice refers to:,Unjustifiable negative behavior toward a group or its members,A generalized belief about a group of people,A preconceived negative judgment of a group and its individual members,The act of treating someone differently based on their group membership,d
Discrimination refers to:,A preconceived negative judgment of a group and its individual members,A generalized belief about a group of people,Unjustifiable negative behavior toward a group or its members,The act of treating someone differently based on their group membership,a
What is gender?,A biological category based on sex chromosomes,"A social construct referring to the roles, behaviors, activities, and attributes that a given society considers appropriate for men and women",A sexual orientation,A legal status,b
Gender roles are:,Biological differences between males and females,Societal expectations about how males and females should behave,Individual preferences for certain activities,Legal requirements for men and women,c
What is sexuality?,A biological drive for reproduction,A person's sexual orientation or preference,A social construct related to gender roles,A legal status,d
What is family?,A group of people living in the same household,"A social institution found in all societies that unites people in cooperative groups to care for one another, including any children",A group of friends who spend time together,A collection of individuals with shared interests,a
A nuclear family consists of:,"Parents, children, and grandparents living together",A married couple and their unmarried children living together,Several generations living in the same household,A single parent and their children,b
An extended family consists of:,A married couple and their unmarried children living together,"Parents, children, and other kin (e.g., grandparents, aunts, uncles) living together or in close proximity",A single parent and their children,A group of unrelated individuals living together,c
What is education?,The process of acquiring knowledge and skills informally,"The social institution through which society provides its members with important knowledge, including basic facts, job skills, and cultural norms and values",The process of learning through personal experience,The process of physical development,d
What is religion?,A system of beliefs and practices that attempts to interpret and control the universe and man's relation to it,A set of moral principles,A form of government,A scientific theory,a
A church is:,A religious organization that is well integrated into the larger society,A religious organization that stands apart from the larger society,A new religious movement,"A small, exclusive religious group",b
A sect is:,A religious organization that is well integrated into the larger society,A religious organization that stands apart from the larger society,A new religious movement,"A large, inclusive religious group",c
What is economy?,"The social institution that organizes a society's production, distribution, and consumption of goods and services",The political system of a nation,The cultural practices of a society,The legal framework of a country,d
Capitalism is an economic system characterized by:,Collective ownership of the means of production,Private ownership of the means of production and the pursuit of profit,Government control over all economic activities,Equal distribution of wealth,a
Socialism is an economic system characterized by:,Private ownership of the means of production,Collective ownership of the means of production and the pursuit of collective goals,Free market competition,Minimal government intervention,b
What is politics?,"The social institution that distributes power, sets a society's goals, and makes decisions",The economic system of a nation,The cultural practices of a society,The legal framework of a country,c
A monarchy is a political system in which:,Power is exercised by the people as a whole,A single family rules from generation to generation,Power is held by a small group of elites,Power is based on religious authority,d
A democracy is a political system in which:,A single family rules from generation to generation,Power is exercised by the people as a whole,Power is held by a small group of elites,Power is based on religious authority,a
What is health?,The absence of disease,"A state of complete physical, mental, and social well-being",The ability to perform daily activities,The genetic predisposition to illness,b
What is medicine?,The social institution that focuses on fighting disease and improving health,A form of alternative therapy,A branch of biology,A type of pharmaceutical drug,c
What is demography?,The study of human behavior,"The study of human populations, including their size, composition, distribution, and changes over time",The study of social groups,The study of cultural practices,d
What is urbanization?,The process of rural areas becoming more populated,The process by which an increasing proportion of a population lives in cities and suburbs,The process of industrialization,The process of technological advancement,a
What is social change?,The process of maintaining social order,The transformation of culture and social institutions over time,The absence of conflict in society,The stability of social structures,b
Which of the following is a major source of social change?,Tradition,Innovation,Conformity,Stability,c
What is collective behavior?,Behavior that is guided by established norms and rules,"Activity involving a large number of people that is unplanned, often controversial, and sometimes dangerous",Behavior that is always rational and goal-oriented,Behavior that is always illegal,d
A crowd is:,"A small, intimate group of people",A temporary gathering of people who share a common focus of attention and who influence one another,A formal organization,A social movement,a
A social movement is:,A temporary gathering of people who share a common focus of attention,An organized activity that encourages or discourages social change,A spontaneous act of rebellion,A form of collective behavior that is always violent,b
What is technology?,The natural environment of a society,The application of knowledge to the practical tasks of life,The artistic expressions of a society,The economic system of a nation,c
What is globalization?,The process of increasing isolation among nations,The increasing interconnectedness of the world's societies,The process of cultural homogenization,The decline of international trade,d
What is environmental sociology?,The study of the natural environment,The study of the interaction between human society and the natural environment,The study of climate change,The study of animal behavior,a
What is sustainable development?,Economic growth that ignores environmental concerns,Development that meets the needs of the present without compromising the ability of future generations to meet their own needs,Development that focuses solely on technological advancement,Development that prioritizes short-term economic gains,b
What is social justice?,"The fair and equitable distribution of resources, opportunities, and privileges in society",The maintenance of social order at all costs,The punishment of criminals,The promotion of individual self-interest,c
What is human rights?,Privileges granted by a government,"Rights inherent to all human beings, regardless of race, sex, nationality, ethnicity, language, religion, or any other status",Rights that are earned through hard work,Rights that are limited to certain groups of people,d
What is the role of sociology in understanding social problems?,To ignore social problems,To provide a framework for analyzing the causes and consequences of social problems and developing solutions,To blame individuals for social problems,To promote social inequality,a
What is the difference between a manifest function and a latent function?,"Manifest functions are unintended consequences, while latent functions are intended consequences.","Manifest functions are intended and recognized consequences, while latent functions are unintended and often unrecognized consequences.","Manifest functions are always positive, while latent functions are always negative.","Manifest functions are micro-level, while latent functions are macro-level.",b
"What is the concept of anomie, as described by Émile Durkheim?",A state of social solidarity and cohesion,A state of normlessness or a breakdown of social norms,A strong sense of community,A high degree of social integration,c
What is the,,,,,d
"What is the difference between mechanical and organic solidarity, according to Émile Durkheim?","Mechanical solidarity is found in modern, industrial societies, while organic solidarity is found in traditional, pre-industrial societies.","Mechanical solidarity is based on shared beliefs and values, while organic solidarity is based on interdependence and specialization.","Mechanical solidarity is characterized by a high division of labor, while organic solidarity is characterized by a low division of labor.","Mechanical solidarity is a form of social control, while organic solidarity is a form of social change.",a
"What is the concept of false consciousness, as described by Karl Marx?",The ability of the proletariat to recognize their exploitation and unite against the bourgeoisie.,The inability of the proletariat to recognize their exploitation and oppression.,The awareness of one's social class and its implications.,The belief that social inequality is natural and inevitable.,b
"What is the concept of class consciousness, as described by Karl Marx?",The inability of the proletariat to recognize their exploitation and oppression.,"The awareness of one's social class and its implications, leading to collective action.",The belief that social inequality is natural and inevitable.,The acceptance of the dominant ideology.,c
"What is the concept of bureaucracy, as described by Max Weber?",A traditional form of organization based on personal relationships.,"A rational-legal form of organization characterized by hierarchy, rules, and impersonality.",A charismatic form of leadership.,A form of social interaction based on shared symbols.,d
"What is the concept of the iron cage of bureaucracy, as described by Max Weber?",The liberating potential of bureaucratic organizations.,The dehumanizing and oppressive nature of bureaucratic organizations.,The efficiency and rationality of bureaucratic systems.,The flexibility and adaptability of bureaucratic structures.,a
"What is the looking-glass self, as described by Charles Horton Cooley?",The idea that our self-concept is shaped by how we perceive others see us.,The idea that our self-concept is innate and unchanging.,The idea that our self-concept is determined by our genetic makeup.,The idea that our self-concept is solely based on our own internal thoughts.,b
What is the concept of the,,,,,c
"What is the concept of dramaturgy, as described by Erving Goffman?","The idea that social interaction is like a theatrical performance, with individuals playing roles and managing impressions.",The idea that social interaction is determined by biological instincts.,The idea that social interaction is always rational and goal-oriented.,The idea that social interaction is chaotic and unpredictable.,d
"What is the concept of stigma, as described by Erving Goffman?",A positive attribute that enhances a person's social identity.,A negative attribute that discredits a person and spoils their social identity.,A neutral attribute that has no impact on social identity.,A temporary attribute that can be easily changed.,a
What is the concept of cultural relativism?,The belief that one's own culture is superior to others.,The practice of judging a culture by its own standards.,The idea that all cultures are the same.,The belief that cultural practices should be universally applied.,b
What is ethnocentrism?,The practice of judging a culture by its own standards.,The belief that one's own culture is superior to others.,The idea that all cultures are the same.,The belief that cultural practices should be universally applied.,c
What is the concept of cultural lag?,The tendency for material culture to change faster than nonmaterial culture.,The tendency for nonmaterial culture to change faster than material culture.,The idea that culture is static and unchanging.,The idea that cultural change is always positive.,d
What is the concept of cultural diffusion?,The process by which cultural traits are invented within a society.,The process by which cultural traits spread from one society to another.,The process by which cultural traits are lost over time.,The process by which cultural traits are imposed by a dominant group.,a
What is the concept of subculture?,A cultural group that is opposed to the dominant culture.,A cultural group that shares distinctive values and behaviors that differ from the larger society.,A cultural group that is isolated from the larger society.,A cultural group that is assimilated into the dominant culture.,b
What is the concept of counterculture?,A cultural group that shares distinctive values and behaviors that differ from the larger society.,A cultural group that strongly opposes the dominant culture and seeks to change it.,A cultural group that is isolated from the larger society.,A cultural group that is assimilated into the dominant culture.,c
What is the concept of social construction of reality?,The idea that reality is objective and independent of human perception.,The idea that reality is created and maintained through social interaction and shared meanings.,The idea that reality is determined by biological factors.,The idea that reality is fixed and unchanging.,d
What is the concept of medicalization?,The process by which non-medical problems become defined and treated as medical problems.,The process by which medical problems are de-medicalized.,The process of developing new medical treatments.,The process of training medical professionals.,a
"What is the concept of the sick role, as described by Talcott Parsons?",A set of societal expectations about how a sick person should behave and be treated.,The idea that sickness is a form of deviance.,The idea that sickness is a purely biological phenomenon.,The idea that sick people should be isolated from society.,b
What is the concept of social epidemiology?,The study of the distribution of diseases in human populations.,The study of the social determinants of health and illness.,The study of the history of medicine.,The study of medical ethics.,c
What is the concept of health disparities?,"Differences in health outcomes that are closely linked with social, economic, and environmental disadvantage.",Differences in health outcomes that are due to genetic factors.,Differences in health outcomes that are due to individual lifestyle choices.,Differences in health outcomes that are random and unpredictable.,d
What is the concept of the demographic transition theory?,A theory that describes the stages of population growth and change in societies.,A theory that explains the causes of migration.,A theory that predicts future population trends with certainty.,A theory that focuses on the impact of urbanization on population.,a
What is the concept of Malthusian theory?,"A theory that argues that population growth will outpace food production, leading to widespread poverty and famine.",A theory that argues that population growth is beneficial for economic development.,A theory that argues that population growth is controlled by social factors.,A theory that argues that population growth is irrelevant to social problems.,b
What is the concept of environmental racism?,The disproportionate exposure of racial and ethnic minorities to environmental hazards.,The belief that certain racial groups are more environmentally conscious than others.,The idea that environmental problems affect all groups equally.,The practice of promoting environmental awareness in minority communities.,c
What is the concept of the treadmill of production?,"A theory that argues that modern societies are driven by a constant need for economic growth, leading to environmental degradation.",A theory that argues that technological innovation will solve all environmental problems.,A theory that argues that environmental problems are caused by individual irresponsibility.,A theory that argues that environmental problems are a natural part of the ecosystem.,d
What is the concept of ecological modernization?,A theory that argues that economic development and environmental protection are incompatible.,A theory that argues that economic development and environmental protection can be achieved simultaneously through technological innovation and policy changes.,A theory that argues that environmental problems are caused by overpopulation.,A theory that argues that environmental problems are a result of cultural values.,a
What is the concept of world-systems theory?,"A theory that views the world as a single, interconnected economic system, with core, semi-peripheral, and peripheral nations.",A theory that views the world as a collection of independent nation-states.,A theory that focuses on cultural differences between nations.,A theory that emphasizes the role of international organizations in global governance.,b
What is the concept of dependency theory?,A theory that argues that developing countries are dependent on developed countries for economic growth.,"A theory that argues that developing countries are exploited by developed countries, leading to underdevelopment.",A theory that argues that developing countries can achieve economic growth by following the path of developed countries.,A theory that argues that developing countries should isolate themselves from the global economy.,c
What is the concept of modernization theory?,"A theory that argues that developing countries can achieve economic growth by adopting modern values, institutions, and technologies.","A theory that argues that developing countries are exploited by developed countries, leading to underdevelopment.",A theory that argues that developing countries should focus on traditional practices.,A theory that argues that developing countries should resist globalization.,d
What is the concept of social capital?,The economic resources available to individuals and groups.,The social networks and relationships that provide individuals and groups with access to resources and support.,The cultural knowledge and skills that individuals possess.,The political power held by individuals and groups.,a
What is the concept of cultural capital?,The economic resources available to individuals and groups.,The social networks and relationships that provide individuals and groups with access to resources and support.,"The non-economic resources, such as knowledge, skills, and education, that individuals possess and that can be exchanged for social and economic benefits.",The political power held by individuals and groups.,b
"What is the concept of habitus, as described by Pierre Bourdieu?",The objective social structures that shape individual behavior.,"The internalized dispositions, perceptions, and ways of acting that are shaped by social structures and experiences.",The conscious choices and decisions made by individuals.,The genetic predispositions that influence behavior.,c
What is the concept of intersectionality?,"The idea that different forms of social inequality, such as race, class, and gender, are separate and distinct.","The idea that different forms of social inequality, such as race, class, and gender, intersect and interact to create unique experiences of oppression and privilege.",The idea that social inequality is a natural and inevitable part of society.,The idea that social inequality can be eliminated through individual effort.,d
What is the concept of patriarchy?,A social system in which women hold primary power and authority.,A social system in which men hold primary power and authority.,A social system in which power is shared equally between men and women.,A social system in which power is based on age.,a
What is the concept of feminism?,"A social movement that advocates for the social, economic, and political equality of the sexes.",A social movement that seeks to establish female dominance over men.,A social movement that opposes traditional family values.,A social movement that is only concerned with the rights of women in Western societies.,b
What is the concept of queer theory?,A theoretical perspective that challenges traditional notions of sexuality and gender.,A theoretical perspective that reinforces traditional gender roles.,A theoretical perspective that focuses on the biological basis of sexuality.,A theoretical perspective that ignores issues of power and inequality.,c
What is the concept of postmodernism?,A theoretical perspective that emphasizes grand narratives and universal truths.,"A theoretical perspective that questions grand narratives, universal truths, and the idea of objective reality.",A theoretical perspective that focuses on economic determinism.,A theoretical perspective that promotes social stability and order.,d
What is the primary focus of macrosociology?,Face-to-face interactions,Small groups and social dynamics,Large-scale social structures and institutions,Individual psychology,a
What is the primary focus of microsociology?,Large-scale social structures and institutions,Global social patterns,Face-to-face interactions and small group dynamics,Historical societal changes,b
Which of the following is an example of a total institution?,A university,A workplace,A prison,A shopping mall,c
What is resocialization?,"The process of learning new norms, values, attitudes, and behaviors to match a new situation in life.",The initial process of learning the norms and values of a society.,The rejection of societal norms.,The process of maintaining existing social roles.,d
What is anticipatory socialization?,The process of learning to play a role before entering it.,The process of unlearning old behaviors.,The process of socialization that occurs in later life.,The process of socialization that occurs in early childhood.,a
What is the concept of role strain?,Conflict between the roles associated with two or more statuses.,Tension among the roles connected to a single status.,The process of exiting a role.,The process of learning a new role.,b
What is the concept of role conflict?,Tension among the roles connected to a single status.,Conflict between the roles associated with two or more statuses.,The process of exiting a role.,The process of learning a new role.,c
What is a reference group?,A social group to which an individual belongs.,A social group that serves as a point of reference in making evaluations and decisions.,A social group that an individual dislikes.,A social group that is temporary and impersonal.,d
What is groupthink?,"The tendency of group members to conform, resulting in a narrow view of some issue.",The process of brainstorming and generating diverse ideas within a group.,The tendency of groups to make rational and well-informed decisions.,The process of conflict and disagreement within a group.,a
What is a formal organization?,"A small, informal group with close personal ties.",A large secondary group organized to achieve its goals efficiently.,A temporary gathering of people.,A social movement.,b
"What is McDonaldization of society, as described by George Ritzer?",The process by which the principles of the fast-food restaurant are coming to dominate more and more sectors of American society as well as of the rest of the world.,The decline of fast-food restaurants in modern society.,The promotion of healthy eating habits.,"The rise of small, independent businesses.",c
What is the concept of anomie in relation to deviance?,Deviance occurs when individuals conform to social norms.,Deviance occurs when there is a disconnect between societal goals and the means to achieve them.,Deviance is a result of biological predispositions.,Deviance is a result of labeling.,d
What is labeling theory?,The idea that deviance is a result of biological predispositions.,The idea that deviance and conformity result not so much from what people do as from how others respond to those actions.,The idea that deviance is a result of a disconnect between societal goals and the means to achieve them.,The idea that deviance is a result of social disorganization.,a
What is differential association theory?,The idea that deviance is learned through interaction with others who engage in deviant behavior.,The idea that deviance is a result of biological predispositions.,The idea that deviance is a result of labeling.,The idea that deviance is a result of a disconnect between societal goals and the means to achieve them.,b
What is control theory in relation to deviance?,The idea that deviance is learned through interaction with others.,The idea that social control depends on people anticipating the consequences of their behavior.,The idea that deviance is a result of labeling.,The idea that deviance is a result of biological predispositions.,c
What is white-collar crime?,Crime committed by people of high social position in the course of their occupations.,Crime committed by people of low social position.,Violent crime.,Property crime.,d
What is corporate crime?,Crime committed by individuals against corporations.,The illegal actions of a corporation or people acting on its behalf.,Crime committed by people of low social position.,Violent crime.,a
What is organized crime?,A business supplying illegal goods or services.,Crime committed by individuals acting alone.,Crime committed by people of high social position.,Non-violent crime.,b
What is the concept of the feminization of poverty?,The trend of women making up an increasing proportion of the poor.,The trend of men making up an increasing proportion of the poor.,The idea that poverty is primarily a male issue.,The idea that poverty is equally distributed between men and women.,c
What is the concept of the culture of poverty?,The idea that poverty is caused by societal structures and institutions.,The idea that poverty is a result of cultural values and beliefs that are passed down from generation to generation.,The idea that poverty is a result of individual failings.,The idea that poverty can be eliminated through education.,d
What is the concept of meritocracy?,A system in which social stratification is based on personal merit and effort.,A system in which social stratification is based on ascribed status.,A system in which social stratification is based on wealth.,A system in which social stratification is based on political power.,a
What is the concept of social reproduction?,The process by which social inequalities are transmitted from one generation to the next.,The process of social mobility.,The process of social change.,The process of assimilation.,b
What is the concept of institutional discrimination?,Discrimination that is practiced by individuals.,"Discrimination that is built into the operation of social institutions, such as the economy, schools, and the legal system.",Discrimination that is based on prejudice.,Discrimination that is unintentional.,c
What is the concept of scapegoat theory?,The theory that prejudice arises from frustration among people who are themselves disadvantaged.,The theory that prejudice is learned through socialization.,The theory that prejudice is a result of personality traits.,The theory that prejudice is a result of competition for resources.,d
What is the concept of authoritarian personality theory?,"The theory that prejudice is a personality trait of certain individuals, particularly those with rigid conventional values and a submissive attitude toward authority figures.",The theory that prejudice is learned through socialization.,The theory that prejudice is a result of competition for resources.,The theory that prejudice arises from frustration among people who are themselves disadvantaged.,a
What is the concept of culture theory of prejudice?,The theory that prejudice is a personality trait of certain individuals.,The theory that prejudice is embedded in culture and learned through socialization.,The theory that prejudice is a result of competition for resources.,The theory that prejudice arises from frustration among people who are themselves disadvantaged.,b
What is the concept of conflict theory of prejudice?,The theory that prejudice is a personality trait of certain individuals.,The theory that prejudice is learned through socialization.,The theory that prejudice is used by powerful people to justify the oppression of others.,The theory that prejudice arises from frustration among people who are themselves disadvantaged.,c
What is assimilation?,The process by which minorities gradually adopt patterns of the dominant culture.,The physical and social separation of categories of people.,A state in which people of all races and ethnicities are distinct but have equal social standing.,The systematic killing of one category of people by another.,d
What is pluralism?,The process by which minorities gradually adopt patterns of the dominant culture.,The physical and social separation of categories of people.,A state in which people of all races and ethnicities are distinct but have equal social standing.,The systematic killing of one category of people by another.,a
What is segregation?,The process by which minorities gradually adopt patterns of the dominant culture.,The physical and social separation of categories of people.,A state in which people of all races and ethnicities are distinct but have equal social standing.,The systematic killing of one category of people by another.,b
What is genocide?,The process by which minorities gradually adopt patterns of the dominant culture.,The physical and social separation of categories of people.,A state in which people of all races and ethnicities are distinct but have equal social standing.,The systematic killing of one category of people by another.,c
What is sexism?,The belief that one sex is innately superior to the other.,The belief that all sexes are equal.,The belief that gender is a social construct.,The belief that sexuality is fluid.,d
What is the concept of the glass ceiling?,An invisible barrier that prevents women and minorities from rising to the highest levels of an organization.,A policy that promotes gender equality in the workplace.,A law that prohibits discrimination based on sex.,A cultural norm that encourages women to prioritize family over career.,a
What is homophobia?,Fear of or discrimination against homosexuals.,Fear of or discrimination against heterosexuals.,Fear of or discrimination against transgender individuals.,Fear of or discrimination against bisexual individuals.,b
What is heterosexism?,The belief that heterosexuality is the only normal and acceptable sexual orientation.,The belief that all sexual orientations are equally valid.,The belief that homosexuality is a mental illness.,The belief that bisexuality is a phase.,c
What is monogamy?,Marriage that unites one person with two or more spouses.,Marriage that unites two partners.,Marriage between people of the same sex.,Marriage between people of different social classes.,d
What is polygamy?,Marriage that unites two partners.,Marriage that unites one person with two or more spouses.,Marriage between people of the same sex.,Marriage between people of different social classes.,a
What is endogamy?,Marriage between people of different social categories.,Marriage between people of the same social category.,Marriage based on love and personal choice.,Marriage arranged by families.,b
What is exogamy?,Marriage between people of the same social category.,Marriage between people of different social categories.,Marriage based on love and personal choice.,Marriage arranged by families.,c
What is cohabitation?,The sharing of a household by an unmarried couple.,A legally recognized union of two people.,A form of polygamy.,A traditional form of marriage.,d
What is the concept of the hidden curriculum in education?,The formal academic subjects taught in schools.,"The informal and unofficial aspects of culture that children are taught in school, such as conformity and obedience to authority.",The extracurricular activities offered by schools.,The standardized tests used to assess student performance.,a
What is tracking in education?,"Assigning students to different types of educational programs, such as college preparatory or vocational.",Providing individualized instruction to students.,Integrating students with disabilities into mainstream classrooms.,Promoting multicultural education.,b
What is credentialism?,Evaluating a person on the basis of educational degrees.,Emphasizing practical skills over academic qualifications.,Promoting lifelong learning.,Providing equal access to education for all.,c
"What is profane, according to Émile Durkheim?",That which is considered sacred and set apart.,That which is considered an ordinary element of everyday life.,That which is related to religious rituals.,That which is related to supernatural beliefs.,d
"What is sacred, according to Émile Durkheim?",That which is considered an ordinary element of everyday life.,"That which is considered sacred, set apart as extraordinary, inspiring awe and reverence.",That which is related to secular institutions.,That which is related to scientific knowledge.,a
What is a cult?,A religious organization that is well integrated into the larger society.,A religious organization that stands apart from the larger society.,"A religious organization that is largely outside a society’s cultural traditions, often centered on a charismatic leader.","A large, inclusive religious group.",b
What is secularization?,The historical decline in the importance of the supernatural and the sacred.,The increasing importance of religion in modern society.,The fusion of church and state.,The rise of religious fundamentalism.,c
What is civil religion?,A quasi-religious loyalty binding individuals in a basically secular state.,The separation of church and state.,The official religion of a nation.,The persecution of religious minorities.,d
What is the primary sector of the economy?,The part of the economy that transforms raw materials into manufactured goods.,The part of the economy that involves services rather than goods.,The part of the economy that draws raw materials from the natural environment.,The part of the economy that involves information technology.,a
What is the secondary sector of the economy?,The part of the economy that draws raw materials from the natural environment.,The part of the economy that transforms raw materials into manufactured goods.,The part of the economy that involves services rather than goods.,The part of the economy that involves information technology.,b
What is the tertiary sector of the economy?,The part of the economy that draws raw materials from the natural environment.,The part of the economy that transforms raw materials into manufactured goods.,The part of the economy that involves services rather than goods.,The part of the economy that involves information technology.,a
What is a corporation?,"A small, family-owned business.","An organization with a legal existence, including rights and liabilities, separate from that of its members.",A non-profit organization.,A government agency.,b
What is a conglomerate?,"A small, specialized company.",A giant corporation composed of many smaller corporations.,A worker cooperative.,A state-owned enterprise.,c
What is an oligopoly?,A market dominated by a single seller.,A market dominated by a few sellers.,A market with many buyers and sellers.,A market regulated by the government.,d
"What is power, according to Max Weber?",The ability to achieve desired ends despite resistance from others.,The legitimate use of power.,The traditional form of authority.,The charismatic form of authority.,a
"What is authority, according to Max Weber?",Power that people perceive as illegitimate.,Power that people perceive as legitimate rather than coercive.,Power based on physical force.,Power based on wealth.,b
What is traditional authority?,Power legitimized by legally enacted rules and regulations.,Power legitimized by respect for long-established cultural patterns.,Power legitimized by extraordinary personal abilities that inspire devotion and obedience.,Power based on coercion.,c
What is rational-legal authority (bureaucratic authority)?,Power legitimized by respect for long-established cultural patterns.,Power legitimized by legally enacted rules and regulations.,Power legitimized by extraordinary personal abilities that inspire devotion and obedience.,Power based on coercion.,d
What is charismatic authority?,Power legitimized by legally enacted rules and regulations.,Power legitimized by respect for long-established cultural patterns.,Power legitimized by extraordinary personal abilities that inspire devotion and obedience.,Power based on coercion.,a
What is authoritarianism?,A political system that gives people a voice in government.,A political system that denies the people participation in government.,A political system based on religious law.,A political system with a hereditary ruler.,b
What is totalitarianism?,A political system that gives people a voice in government.,A highly centralized political system that extensively regulates people’s lives.,A political system with a hereditary ruler.,A political system based on free market principles.,c
What is a special interest group?,A political party that seeks to win elections.,A group of people organized to address some economic or social issue.,A government agency responsible for regulating a specific industry.,A media organization that reports on political events.,d
What is lobbying?,The efforts of special interest groups to influence government officials.,The process of voting in elections.,The act of running for political office.,The media's coverage of political campaigns.,a
What is a political action committee (PAC)?,"An organization formed by a special interest group, independent of political parties, to raise and spend money in support of political goals.",A government agency that regulates campaign finance.,A type of political party.,A group of voters who share similar political views.,b
What is the pluralist model of power?,An analysis of politics that sees power as concentrated among a small elite.,An analysis of politics that sees power as dispersed among many competing interest groups.,An analysis of politics that sees power as held by the state.,An analysis of politics that sees power as irrelevant.,c
What is the power-elite model of power?,An analysis of politics that sees power as dispersed among many competing interest groups.,"An analysis of politics that sees power as concentrated among a small elite of top business, political, and military leaders.",An analysis of politics that sees power as held by the state.,An analysis of politics that sees power as irrelevant.,d
What is the Marxist political-economy model of power?,"An analysis that explains politics in terms of the operation of a society’s economic system, with power concentrated in the hands of the capitalist class.",An analysis of politics that sees power as dispersed among many competing interest groups.,"An analysis of politics that sees power as concentrated among a small elite of top business, political, and military leaders.",An analysis of politics that sees power as held by the state.,a
What is terrorism?,Acts of violence or the threat of violence used as a political strategy by an individual or a group.,Conventional warfare between nations.,Peaceful protests and demonstrations.,Diplomatic negotiations between countries.,b
What is war?,"Organized, armed conflict among the people of two or more nations, directed by their governments.",Sporadic acts of violence by individuals.,Peaceful resolution of disputes.,Economic competition between countries.,c
What is the concept of the military-industrial complex?,"The close association of the federal government, the military, and defense industries.",The separation of military and civilian institutions.,The decline of military spending in modern society.,The promotion of peace and disarmament.,d
What is socialized medicine?,A medical care system in which the government owns and operates most medical facilities and employs most physicians.,A medical care system in which patients pay directly for medical services.,A medical care system based on private insurance.,A medical care system that relies on traditional healing practices.,a
What is direct-fee system?,A medical care system in which the government owns and operates most medical facilities.,A medical care system in which patients pay directly for the services of physicians and hospitals.,A medical care system based on private insurance.,A medical care system that provides free healthcare to all citizens.,b
What is a Health Maintenance Organization (HMO)?,An organization that provides comprehensive medical care to subscribers for a fixed fee.,A traditional hospital that charges patients for each service provided.,A government agency that regulates healthcare.,A pharmaceutical company that develops new drugs.,c
What is the concept of the,,,,,d
What is the concept of the social gradient in health?,The idea that health outcomes are solely determined by individual lifestyle choices.,The idea that health outcomes improve with higher socioeconomic status.,The idea that health outcomes are random and unpredictable.,The idea that health outcomes are solely determined by genetic factors.,a
What is the concept of the social determinants of health?,The non-medical factors that influence health outcomes.,The medical treatments that influence health outcomes.,The individual lifestyle choices that influence health outcomes.,The genetic factors that influence health outcomes.,b
What is the concept of the epidemiological transition?,The shift from infectious diseases to chronic diseases as the leading causes of death.,The shift from chronic diseases to infectious diseases as the leading causes of death.,The decline in life expectancy in developed countries.,The increase in infant mortality rates in developing countries.,c
What is the concept of the medical-industrial complex?,"The close association of the medical profession, pharmaceutical companies, and medical technology companies.",The separation of medical and industrial institutions.,The decline of medical research in modern society.,The promotion of holistic health practices.,d
What is the concept of ageism?,Prejudice and discrimination against individuals based on their race.,Prejudice and discrimination against individuals based on their gender.,Prejudice and discrimination against individuals based on their age.,Prejudice and discrimination against individuals based on their social class.,a
What is the concept of the graying of America?,The increasing proportion of young people in the population.,The increasing proportion of elderly people in the population.,The decline in the birth rate.,The increase in the death rate.,b
What is the concept of social gerontology?,The study of aging and the elderly.,The study of childhood development.,The study of adolescent behavior.,The study of middle age.,c
What is the concept of the sandwich generation?,A generation of young adults who are financially dependent on their parents.,A generation of middle-aged adults who are caring for both their aging parents and their own children.,A generation of elderly adults who are caring for their grandchildren.,A generation of young adults who are delaying marriage and parenthood.,d
What is the concept of the dependency ratio?,The ratio of economically dependent individuals (children and elderly) to economically productive individuals (working-age adults).,The ratio of employed individuals to unemployed individuals.,The ratio of urban population to rural population.,The ratio of male population to female population.,a
What is the concept of environmental justice?,"The fair treatment and meaningful involvement of all people regardless of race, color, national origin, or income with respect to the development, implementation, and enforcement of environmental laws, regulations, and policies.",The idea that environmental problems are solely a matter of individual responsibility.,The idea that environmental protection should prioritize economic growth.,The idea that environmental issues are separate from social issues.,b
What is the concept of the ecological footprint?,The amount of land and water area a human population requires to produce the resources it consumes and to absorb its wastes.,The impact of human activities on biodiversity.,The amount of carbon dioxide emitted by human activities.,The amount of renewable energy consumed by a population.,c
What is the concept of the tragedy of the commons?,A situation in which individuals acting independently and rationally according to their own self-interest behave contrary to the best interests of the whole group by depleting some common resource.,A situation in which individuals cooperate to protect a common resource.,A situation in which individuals are forced to share resources equally.,A situation in which individuals have unlimited access to resources.,d
What is the concept of the green revolution?,A period of significant environmental degradation.,"A large increase in crop production in developing countries achieved by the use of fertilizers, pesticides, and high-yield crop varieties.",A social movement advocating for environmental protection.,A shift from fossil fuels to renewable energy sources.,a
What is the concept of genetically modified organisms (GMOs)?,Organisms that have been bred through traditional selective breeding methods.,Organisms whose genetic material has been altered using genetic engineering techniques.,Organisms that are naturally resistant to pests and diseases.,Organisms that are found only in wild environments.,b
What is the concept of the digital divide?,The gap between those who have access to information and communication technologies and those who do not.,The gap between different generations in their use of technology.,The gap between urban and rural areas in terms of technology access.,The gap between different social classes in their use of technology.,c
What is the concept of cyberbullying?,"The use of electronic communication to bully a person, typically by sending messages of an intimidating or threatening nature.",The use of technology for educational purposes.,The use of social media for positive social interaction.,The use of online gaming for entertainment.,d
What is the concept of the global village?,The idea that modern communication technologies have made the world a smaller and more interconnected place.,The idea that globalization leads to cultural homogenization.,The idea that technology creates social isolation.,The idea that traditional communities are disappearing.,a
What is the concept of cultural imperialism?,The promotion of one nation's culture over others.,The exchange of cultural ideas between nations.,The preservation of diverse cultural traditions.,The resistance to cultural change.,b
What is the concept of glocalization?,The idea that global forces always dominate local cultures.,The idea that local cultures always resist global forces.,The practice of conducting business according to both local and global considerations.,The process of cultural homogenization.,c
What is the concept of the world city?,A city that is primarily focused on local economic activities.,A city that plays a major role in the global economic system.,A city that is characterized by high levels of poverty.,A city that is isolated from global networks.,d
What is the concept of the global commodity chain?,A network of labor and production processes whose end result is a finished commodity.,A system of local production and consumption.,A network of informal economic activities.,A system of fair trade practices.,a
What is the concept of the global division of labor?,The specialization of different countries in different types of production.,The equal distribution of labor across all countries.,The decline of manufacturing in developed countries.,The increase in agricultural production in developing countries.,b
What is the concept of the global risk society?,A society in which risks are primarily local and individual.,A society in which risks are increasingly global and systemic.,A society in which risks are completely eliminated.,A society in which risks are only a concern for developing countries.,c
What is the concept of the precautionary principle?,The idea that scientific certainty is required before taking action to prevent environmental harm.,The idea that action should be taken to prevent environmental harm even in the absence of full scientific certainty.,The idea that economic growth should always take precedence over environmental protection.,The idea that environmental problems are best addressed through individual actions.,d
What is the concept of the environmental justice movement?,A social movement that advocates for the fair treatment and meaningful involvement of all people in environmental decision-making.,A social movement that focuses solely on wilderness preservation.,A social movement that opposes all forms of economic development.,A social movement that is only concerned with environmental issues in developed countries.,a
What is the concept of the sustainable city?,A city that prioritizes economic growth over environmental sustainability.,A city that is designed to minimize its environmental impact and promote social equity.,A city that relies solely on traditional forms of energy.,A city that is characterized by high levels of pollution.,b
What is the concept of the sharing economy?,An economic system based on individual ownership and consumption.,An economic system based on the sharing of resources and services among individuals.,An economic system based on government control of production.,An economic system based on large corporations.,a
What is the concept of the gig economy?,An economic system based on traditional full-time employment.,"An economic system characterized by temporary, flexible jobs and independent contractors.",An economic system based on collective ownership of the means of production.,An economic system based on long-term employment contracts.,b
What is the concept of the universal basic income (UBI)?,"A government program that provides a guaranteed income to all citizens, regardless of their employment status.",A government program that provides unemployment benefits to those who are out of work.,A government program that provides financial assistance to low-income families.,A government program that provides job training and placement services.,c
What is the concept of the automation of labor?,The process by which human labor is replaced by machines and artificial intelligence.,The process by which human labor becomes more skilled and specialized.,The process by which human labor becomes more creative and innovative.,The process by which human labor becomes more physically demanding.,d
What is the concept of the future of work?,The idea that work will remain largely unchanged in the coming decades.,"The idea that work will be transformed by technological advancements, globalization, and changing social values.",The idea that work will become increasingly scarce.,The idea that work will become less important in people's lives.,a
What is the concept of the social impact of artificial intelligence (AI)?,The idea that AI will have no significant impact on society.,The idea that AI will only have positive impacts on society.,"The idea that AI will have profound and complex impacts on various aspects of society, including employment, ethics, and social inequality.",The idea that AI will only have negative impacts on society.,b
What is the concept of the ethics of AI?,The study of how AI can be used to maximize profits.,The study of the moral principles and values that should guide the development and use of AI.,The study of the technical challenges of AI development.,The study of the legal regulations of AI.,c
What is the concept of algorithmic bias?,The idea that algorithms are always fair and objective.,The idea that algorithms can perpetuate and amplify existing societal biases.,The idea that algorithms are always transparent and explainable.,The idea that algorithms are always accurate and reliable.,d
What is the concept of data privacy?,The idea that personal data should be freely accessible to everyone.,"The right of individuals to control their personal information and how it is collected, used, and shared.",The idea that data should be used to track and monitor individuals.,The idea that data should be used to manipulate consumer behavior.,a
What is the concept of surveillance capitalism?,An economic system based on the production and sale of goods and services.,An economic system based on the commodification of personal data and the prediction and modification of human behavior.,An economic system based on collective ownership of the means of production.,An economic system based on traditional forms of advertising.,b
What is the concept of the attention economy?,An economic system based on the production and sale of goods and services.,An economic system in which human attention is a scarce commodity and is sought after by businesses.,An economic system based on the exchange of physical goods.,An economic system based on the provision of essential services.,c
What is the concept of the filter bubble?,A state of intellectual isolation that can result from personalized searches and algorithms that selectively guess what information a user would like to see.,A state of intellectual openness and exposure to diverse perspectives.,A state of intellectual stagnation.,A state of intellectual curiosity.,d
What is the concept of the echo chamber?,A situation in which beliefs are amplified or reinforced by communication and repetition inside a closed system and insulated from refuting arguments.,A situation in which diverse perspectives are encouraged and debated.,A situation in which individuals are exposed to a wide range of information.,A situation in which critical thinking is promoted.,a
What is the concept of fake news?,News that is always accurate and reliable.,False or misleading information presented as news.,News that is based on objective reporting.,News that is always unbiased.,b
What is the concept of misinformation?,Accurate and reliable information.,"False or inaccurate information, especially that which is deliberately intended to deceive.",Information that is based on scientific evidence.,Information that is always unbiased.,c
What is the concept of disinformation?,Accurate and reliable information.,False information that is spread deliberately to deceive.,Information that is based on scientific evidence.,Information that is always unbiased.,d
What is the concept of the post-truth era?,An era in which objective facts are more influential in shaping public opinion than appeals to emotion and personal belief.,An era in which objective facts are less influential in shaping public opinion than appeals to emotion and personal belief.,An era in which scientific evidence is always accepted as truth.,An era in which critical thinking is highly valued.,a
What is the concept of the public sphere?,A private space where individuals can express their opinions freely.,"A realm in which individuals can come together to freely discuss and identify societal problems, and through that discussion influence political action.",A space where only government officials can express their opinions.,A space where only experts can express their opinions.,b
What is the concept of civil society?,The sum of all associations and institutions that exist between the state and the individual.,The government and its institutions.,The private sector and its businesses.,The military and its organizations.,c
What is the concept of social movements in the digital age?,Social movements that rely solely on traditional forms of organizing.,"Social movements that utilize digital technologies for communication, mobilization, and activism.",Social movements that are limited to online spaces.,Social movements that are always successful.,d
What is the concept of slacktivism?,Meaningful engagement in social and political issues.,"Actions performed via the Internet in support of a political or social cause but regarded as requiring little time or effort, e.g., signing an online petition or joining a campaign group on a social networking site.",Offline activism that requires significant effort.,A form of activism that is always effective.,a
What is the concept of the Arab Spring?,"A series of anti-government protests, uprisings, and armed rebellions that spread across much of the Arab world in the early 2010s.",A period of economic prosperity in the Arab world.,A period of political stability in the Arab world.,A cultural exchange program between Arab nations.,b
What is the concept of the Black Lives Matter movement?,A social movement advocating for racial justice and an end to police brutality against Black people.,A social movement that promotes racial segregation.,A social movement that focuses solely on economic inequality.,A social movement that is limited to the United States.,c
What is the concept of the Me Too movement?,A social movement that advocates for gender equality in the workplace.,A social movement against sexual harassment and assault.,A social movement that promotes traditional gender roles.,A social movement that focuses solely on women's reproductive rights.,d
What is the concept of the climate change movement?,A social movement that denies the existence of climate change.,A social movement that advocates for action to address climate change.,A social movement that focuses solely on individual lifestyle changes.,A social movement that is limited to developed countries.,a
What is the concept of the anti-globalization movement?,A social movement that advocates for increased global integration.,"A social movement that opposes certain aspects of globalization, particularly those related to corporate power and economic inequality.",A social movement that promotes cultural homogenization.,A social movement that focuses solely on national interests.,b
What is the concept of the alter-globalization movement?,A social movement that advocates for increased global integration.,A social movement that seeks to create a more just and sustainable globalization.,A social movement that promotes cultural homogenization.,A social movement that focuses solely on national interests.,c
What is the concept of the degrowth movement?,A social movement that advocates for continuous economic growth.,A social movement that advocates for a planned reduction of energy and resource consumption to achieve ecological sustainability and social justice.,A social movement that promotes technological solutions to environmental problems.,A social movement that focuses solely on individual lifestyle changes.,d
What is the concept of the circular economy?,An economic system based on a,An economic system aimed at eliminating waste and the continual use of resources.,An economic system that prioritizes short-term economic gains.,An economic system that relies solely on renewable resources.,a
What is the concept of the social enterprise?,A business that prioritizes profit over social impact.,"An organization that applies commercial strategies to maximize improvements in human and environmental well-being, rather than maximizing profits for external shareholders.",A non-profit organization that relies solely on donations.,A government agency that provides social services.,b
What is the concept of the social innovation?,The development of new technologies.,"The development of new ideas, products, or services that address social or environmental challenges.",The development of new business models.,The development of new marketing strategies.,c
What is the concept of the social entrepreneurship?,The process of starting a business with the primary goal of making a profit.,The process of starting a business with the primary goal of creating social value.,The process of starting a non-profit organization.,The process of starting a government agency.,d
What is the concept of the corporate social responsibility (CSR)?,The idea that corporations should only focus on maximizing profits for shareholders.,The idea that corporations should consider the social and environmental impacts of their operations.,The idea that corporations should be regulated by the government.,The idea that corporations should be exempt from social and environmental regulations.,a
What is the concept of the stakeholder theory?,The idea that corporations should only consider the interests of shareholders.,"The idea that corporations should consider the interests of all stakeholders, including employees, customers, suppliers, communities, and the environment.",The idea that corporations should only consider the interests of their executives.,The idea that corporations should only consider the interests of their investors.,b
What is the concept of the triple bottom line?,A framework for measuring organizational performance that focuses solely on financial profit.,"A framework for measuring organizational performance that focuses on financial profit, social impact, and environmental impact.",A framework for measuring organizational performance that focuses solely on social impact.,A framework for measuring organizational performance that focuses solely on environmental impact.,c
What is the concept of the social impact investing?,Investing in companies that prioritize financial returns over social impact.,Investing in companies that aim to generate both financial returns and positive social or environmental impact.,Investing in companies that are solely focused on social impact.,Investing in companies that are solely focused on environmental impact.,d
What is the concept of the B Corp certification?,A certification for companies that prioritize financial returns over social impact.,"A certification for companies that meet high standards of verified social and environmental performance, public transparency, and legal accountability to balance profit and purpose.",A certification for non-profit organizations.,A certification for government agencies.,a
What is the concept of the social stock exchange?,A stock exchange for traditional for-profit companies.,A platform for trading shares of social enterprises and non-profit organizations.,A platform for trading shares of government bonds.,A platform for trading shares of environmental organizations.,b
What is the concept of the social return on investment (SROI)?,A method for measuring the financial return of an investment.,A method for measuring the social and environmental value created by an organization or project.,A method for measuring the environmental impact of an organization or project.,A method for measuring the economic growth of a country.,c
What is the concept of the social accounting?,The process of tracking financial transactions.,"The process of measuring, monitoring, and reporting on an organization's social and environmental performance.",The process of preparing tax returns.,The process of auditing financial statements.,d
What is the concept of the social audit?,An independent examination of an organization's financial statements.,An independent examination of an organization's social and environmental performance.,An independent examination of an organization's legal compliance.,An independent examination of an organization's marketing strategies.,a
What is the concept of the social impact bond?,A traditional bond issued by a government or corporation.,"A financial instrument in which investors provide upfront funding for social programs, and receive returns based on the achievement of predefined social outcomes.",A bond issued by a non-profit organization.,A bond issued by an environmental organization.,b
What is the concept of the social impact fund?,A fund that invests solely in traditional for-profit companies.,A fund that invests in companies and organizations that aim to generate both financial returns and positive social or environmental impact.,A fund that invests solely in non-profit organizations.,A fund that invests solely in environmental organizations.,c
What is the concept of the social impact measurement?,The process of measuring financial returns.,The process of systematically assessing the social and environmental effects of an organization's activities.,The process of measuring economic growth.,The process of measuring technological advancement.,d
What is the concept of the social impact assessment (SIA)?,"A process of predicting and evaluating the social consequences of proposed policies, plans, programs, or projects.","A process of predicting and evaluating the environmental consequences of proposed policies, plans, programs, or projects.","A process of predicting and evaluating the economic consequences of proposed policies, plans, programs, or projects.","A process of predicting and evaluating the technological consequences of proposed policies, plans, programs, or projects.",a
What is the concept of the social license to operate?,A formal legal permit required for a company to operate.,The ongoing acceptance of a company's operations by the local community and other stakeholders.,A government subsidy provided to companies.,A marketing strategy used by companies.,b
What is the concept of the social value?,The financial profit generated by an organization.,The positive impact that an organization or activity has on society and the environment.,The market value of a company's shares.,The economic growth of a country.,c
What is the concept of the social economy?,An economic system based on traditional for-profit businesses.,"An economic system that prioritizes social and environmental goals alongside economic ones, often involving cooperatives, social enterprises, and non-profit organizations.",An economic system based on government control of production.,An economic system based on individual ownership and consumption.,d
What is the concept of the solidarity economy?,An economic system based on competition and individual self-interest.,"An economic system that emphasizes cooperation, reciprocity, and mutual aid, often involving cooperatives, community currencies, and fair trade.",An economic system based on centralized planning.,An economic system based on profit maximization.,a
What is the concept of the gift economy?,An economic system based on monetary exchange.,An economic system in which goods and services are given without any explicit agreement for immediate or future rewards.,An economic system based on bartering.,An economic system based on market forces.,b
What is the concept of the commons?,Resources that are privately owned and managed.,"Resources that are collectively owned and managed by a community, rather than by individuals or the state.",Resources that are owned and managed by the state.,Resources that are freely available to everyone without any management.,c
What is the concept of the peer-to-peer (P2P) economy?,An economic system in which transactions occur between individuals without the need for intermediaries.,An economic system in which transactions occur between businesses and consumers.,An economic system in which transactions occur between governments and citizens.,An economic system in which transactions occur between large corporations.,d
What is the concept of the collaborative consumption?,A system of consuming goods and services individually.,"A system of sharing and exchanging goods and services, often facilitated by technology.",A system of producing goods and services in large factories.,A system of disposing of goods and services after single use.,a
What is the concept of the open-source movement?,A movement that promotes proprietary software.,"A movement that promotes the free distribution and access to software source code, allowing for collaborative development and modification.",A movement that promotes closed-source software.,A movement that promotes the development of software by a single company.,b
What is the concept of the open data movement?,A movement that promotes the restriction of access to data.,"A movement that promotes the free availability of data to everyone, without restrictions on use or redistribution.",A movement that promotes the commercialization of data.,A movement that promotes the collection of personal data without consent.,c
What is the concept of the citizen science?,Scientific research conducted by professional scientists only.,Scientific research conducted by amateur or nonprofessional scientists.,Scientific research funded by corporations.,Scientific research conducted by government agencies.,d
What is the concept of the crowdsourcing?,"Obtaining services, ideas, or content from a small, closed group of people.","Obtaining services, ideas, or content by soliciting contributions from a large group of people, especially from an online community, rather than from traditional employees or suppliers.","Obtaining services, ideas, or content from a single expert.","Obtaining services, ideas, or content from a government agency.",a
What is the concept of the crowdfunding?,Raising funds from a small number of large investors.,"Raising funds by soliciting small amounts of money from a large number of people, typically via the internet.",Raising funds from government grants.,Raising funds from traditional banks.,b
What is the concept of the blockchain?,A centralized digital ledger.,"A decentralized, distributed, and immutable digital ledger that records transactions across many computers.",A proprietary database system.,A traditional accounting system.,c
What is the concept of the cryptocurrency?,A centralized digital currency.,A digital or virtual currency that uses cryptography for security and operates independently of a central bank.,A traditional fiat currency.,A physical currency.,d
What is the concept of the smart contract?,A traditional legal contract.,A self-executing contract with the terms of the agreement directly written into lines of code.,A verbal agreement between two parties.,A contract that requires a third party to enforce.,a
What is the concept of the decentralized autonomous organization (DAO)?,A centralized organization with a hierarchical structure.,"An organization represented by rules encoded as a transparent computer program, controlled by the organization's members, and not influenced by a central government.",A traditional corporation.,A non-profit organization.,b
What is the concept of the Web3?,"The current version of the internet, characterized by centralized platforms.","The next generation of the internet, characterized by decentralization, blockchain technology, and user ownership of data.","A previous version of the internet, characterized by static web pages.",A proprietary internet controlled by a single company.,c
What is the concept of the metaverse?,"A single, centralized virtual world.","A collective virtual shared space, created by the convergence of virtually enhanced physical reality and physically persistent virtual space, including the sum of all virtual worlds, augmented reality, and the Internet.",A new type of video game.,A new social media platform.,d
What is the concept of the non-fungible token (NFT)?,A fungible digital asset that can be exchanged for another identical asset.,A unique and non-interchangeable unit of data stored on a digital ledger (blockchain).,A traditional physical asset.,A form of cryptocurrency.,a
What is the concept of the digital identity?,A physical identification card.,The information about an individual or organization that exists online.,A password for an online account.,A username for a social media platform.,b
What is the concept of the digital citizenship?,The ability to use digital technologies for personal entertainment.,The responsible and ethical use of digital technologies to participate in society.,The ability to program computers.,The ability to create digital content.,c
What is the concept of the digital literacy?,The ability to read and write traditional texts.,"The ability to find, evaluate, create, and communicate information using digital technologies.",The ability to use social media for personal communication.,The ability to play video games.,d
What is the concept of the digital divide in education?,The gap between students who have access to digital learning resources and those who do not.,The gap between teachers who use digital technologies and those who do not.,The gap between schools that have digital infrastructure and those that do not.,The gap between urban and rural areas in terms of digital learning opportunities.,a
What is the concept of the digital inclusion?,The process of excluding certain groups from digital technologies.,The process of ensuring that all individuals and communities have access to and can effectively use information and communication technologies.,The process of promoting digital literacy among specific groups.,The process of providing digital devices to all citizens.,b
What is the concept of the digital rights?,The rights of individuals to access digital content.,"The human rights that allow individuals to access, use, create, and publish digital media, as well as to access and use computers and other electronic devices, and telecommunications networks.",The rights of individuals to own digital assets.,The rights of individuals to be free from digital surveillance.,c
What is the concept of the digital ethics?,The study of how digital technologies can be used to maximize profits.,The study of the moral principles and values that should guide the development and use of digital technologies.,The study of the technical challenges of digital technology development.,The study of the legal regulations of digital technologies.,d
What is the concept of the digital well-being?,The absence of digital technology in one's life.,"The impact of digital technology on an individual's mental, physical, and social health.",The ability to use digital technology for personal entertainment.,The ability to disconnect from digital technology completely.,a
What is the concept of the digital detox?,The process of increasing one's use of digital technology.,"A period of time during which a person refrains from using electronic devices such as smartphones or computers, regarded as an opportunity to reduce stress or focus on social interaction in the physical world.",The process of learning new digital skills.,The process of upgrading digital devices.,b
What is the concept of the digital nomad?,An individual who works remotely while traveling to different locations.,An individual who works in a traditional office setting.,An individual who does not use digital technology.,An individual who is unemployed.,c
What is the concept of the remote work?,Work that is performed in a traditional office setting.,"Work that is performed outside of a traditional office setting, often from home or a co-working space.",Work that requires physical presence at a specific location.,Work that is performed without the use of digital technology.,d
What is the concept of the virtual team?,A team that works together in a traditional office setting.,A team whose members are geographically dispersed and communicate primarily through digital technologies.,A team that only communicates in person.,A team that does not use any technology.,a
What is the concept of the online community?,A group of people who interact only in person.,A group of people who interact primarily through online platforms and share common interests or goals.,A group of people who live in the same physical location.,A group of people who are isolated from each other.,b
What is the concept of the social network analysis?,The study of individual behavior in isolation.,The study of social relationships and structures using network theory.,The study of online social media platforms.,The study of communication patterns in small groups.,c
What is the concept of the social capital in online communities?,The financial resources available to individuals in online communities.,The benefits derived from social connections and relationships within online communities.,The technical skills of individuals in online communities.,The amount of time individuals spend in online communities.,d
What is the concept of the online identity?,A physical identification card.,The persona or identity that an individual presents in online interactions.,A password for an online account.,A username for a social media platform.,a
What is the concept of the online reputation?,The physical appearance of an individual online.,The perception of an individual or organization based on their online activities and content.,The number of followers an individual has on social media.,The amount of money an individual earns online.,b
What is the concept of the online privacy?,The idea that all personal information should be publicly available online.,"The right of individuals to control their personal information and how it is collected, used, and shared in online environments.",The idea that online activities should be constantly monitored.,The idea that online platforms should have unlimited access to user data.,c
What is the concept of the online safety?,The absence of any risks in online environments.,"The protection of individuals from harm and risks in online environments, including cyberbullying, online harassment, and exposure to inappropriate content.",The ability to use online platforms without any restrictions.,The ability to share all personal information online without consequences.,d
What is the concept of the digital divide in healthcare?,The gap between healthcare providers who use digital technologies and those who do not.,The gap between patients who have access to digital health resources and those who do not.,The gap between hospitals that have digital infrastructure and those that do not.,The gap between urban and rural areas in terms of digital health opportunities.,a
What is the concept of the telehealth?,The provision of healthcare services in person.,"The use of electronic information and telecommunications technologies to support long-distance clinical health care, patient and professional health-related education, public health and health administration.",The provision of healthcare services through traditional mail.,The provision of healthcare services through phone calls only.,b
What is the concept of the mobile health (mHealth)?,The use of mobile phones for personal communication only.,The use of mobile and wireless technologies to support the achievement of health objectives.,The use of mobile clinics to provide healthcare services.,The use of mobile applications for entertainment.,c
What is the concept of the electronic health record (EHR)?,A paper-based medical record.,A digital version of a patient’s paper chart.,A personal health record maintained by the patient.,A record of a patient's financial transactions.,d
What is the concept of the health information exchange (HIE)?,The sharing of health information between patients and their families.,The electronic movement of health-related information among organizations according to nationally recognized standards.,The sharing of health information between healthcare providers within the same organization.,The sharing of health information with pharmaceutical companies.,a
What is the concept of the patient portal?,A physical entrance to a hospital.,A secure online website that gives patients convenient 24-hour access to personal health information from anywhere with an Internet connection.,A social media platform for patients.,A mobile application for booking appointments.,b
What is the concept of the health literacy in the digital age?,The ability to understand and use health information from traditional sources.,"The ability to find, understand, and use health information from digital sources.",The ability to create digital health content.,The ability to use digital health devices.,c
What is the concept of the digital health equity?,The idea that digital health resources should only be available to certain groups.,The idea that all individuals and communities have the opportunity to attain their full health potential through equitable access to and use of digital health technologies.,The idea that digital health technologies should be used to create health disparities.,The idea that digital health technologies are not important for health outcomes.,d
What is the concept of the social determinants of health in the digital age?,The non-digital factors that influence health outcomes.,"The digital factors that influence health outcomes, such as access to technology, digital literacy, and online social support.",The medical treatments that influence health outcomes.,The genetic factors that influence health outcomes.,a
What is the concept of the digital public health?,The use of traditional public health methods.,The use of digital technologies to improve public health outcomes.,The use of digital technologies for personal health management.,The use of digital technologies for medical research.,b
What is the concept of the infodemic?,A rapid spread of accurate information.,"A rapid and widespread dissemination of both accurate and inaccurate information about a health problem, making it difficult for people to find trustworthy sources and reliable guidance.",A lack of information about a health problem.,A controlled release of health information.,c
What is the concept of the vaccine hesitancy?,The acceptance of vaccines without question.,Delay in acceptance or refusal of vaccination despite availability of vaccination services.,The strong promotion of vaccines.,The mandatory vaccination of all individuals.,d
What is the concept of the social media and health?,The use of social media for personal entertainment only.,"The use of social media platforms to share health information, promote health behaviors, and engage with health communities.",The use of social media to spread misinformation about health.,The use of social media to replace traditional healthcare services.,a
What is the concept of the online health communities?,Online groups that discuss non-health related topics.,"Online groups where individuals with shared health conditions or interests connect, share experiences, and provide support.",Online groups where healthcare professionals provide medical advice.,Online groups where pharmaceutical companies promote their products.,b
What is the concept of the gamification of health?,The use of games for entertainment purposes only.,"The application of game-design elements and game principles in non-game contexts to engage users and solve problems, often used in health to promote healthy behaviors.",The use of games for medical training.,The use of games for medical diagnosis.,c
What is the concept of the wearable technology and health?,The use of wearable devices for fashion purposes only.,"The use of electronic devices that can be worn on the body to track health-related data, such as activity levels, heart rate, and sleep patterns.",The use of wearable devices for communication only.,The use of wearable devices for entertainment.,d
What is the concept of the personalized medicine?,A one-size-fits-all approach to medical treatment.,"A medical model that customizes healthcare, with decisions and treatments tailored to each individual patient in every way possible.",A medical model that focuses on treating diseases after they occur.,A medical model that ignores individual differences.,a
What is the concept of the precision medicine?,A one-size-fits-all approach to medical treatment.,"An emerging approach for disease treatment and prevention that takes into account individual variability in genes, environment, and lifestyle for each person.",A medical model that focuses on treating diseases after they occur.,A medical model that ignores individual differences.,b
What is the concept of the gene editing?,The process of modifying an organism's genes to treat or prevent disease.,The process of cloning organisms.,The process of creating new species.,The process of genetic testing.,c
What is the concept of the CRISPR-Cas9?,A type of antibiotic.,A revolutionary gene-editing tool that allows scientists to precisely cut and paste DNA sequences.,A type of vaccine.,A type of diagnostic test.,d
What is the concept of the bioethics?,The study of biological processes.,The study of ethical issues emerging from advances in biology and medicine.,The study of medical history.,The study of medical law.,a
What is the concept of the human enhancement?,The process of treating diseases and disabilities.,The use of technology to improve human capabilities beyond what is considered normal or healthy.,The process of genetic engineering for therapeutic purposes.,The process of developing new medical treatments.,b
What is the concept of the transhumanism?,A philosophical movement that advocates for the use of technology to overcome human limitations and achieve a post-human future.,A philosophical movement that advocates for a return to a simpler way of life.,A philosophical movement that rejects technology.,A philosophical movement that focuses on the preservation of traditional human values.,c
What is the concept of the artificial general intelligence (AGI)?,AI that is designed to perform a specific task.,"AI that has the ability to understand, learn, and apply intelligence to solve any problem, similar to human intelligence.",AI that is limited to performing simple calculations.,AI that is only capable of playing games.,d
What is the concept of the superintelligence?,AI that is less intelligent than humans.,"AI that is significantly more intelligent than the best human brains in practically every field, including scientific creativity, general wisdom, and social skills.",AI that is equal in intelligence to humans.,AI that is only capable of performing specific tasks.,a
What is the concept of the technological singularity?,"A hypothetical future point in time when technological growth becomes uncontrollable and irreversible, resulting in unfathomable changes to human civilization.",A hypothetical future point in time when technological growth slows down.,A hypothetical future point in time when technology becomes stagnant.,A hypothetical future point in time when technology is no longer relevant.,b
What is the concept of the existential risk?,A risk that threatens the survival of a single individual.,A risk that threatens the survival of humanity as a whole.,A risk that threatens the survival of a single species.,A risk that threatens the survival of a single nation.,c
What is the concept of the global catastrophic risk?,A risk that could cause significant harm to a small population.,"A risk that could cause significant harm to human well-being on a global scale, but not necessarily threaten human survival.",A risk that could cause minor harm to a large population.,A risk that could cause no harm at all.,d
What is the concept of the long-termism?,A moral philosophy that emphasizes the importance of improving the long-term future.,A moral philosophy that emphasizes the importance of improving the short-term future.,A moral philosophy that focuses on individual well-being.,A moral philosophy that focuses on present-day problems.,a
What is the concept of the effective altruism?,A philosophical and social movement that advocates for using evidence and reason to determine the most effective ways to benefit others.,A philosophical and social movement that advocates for random acts of kindness.,A philosophical and social movement that advocates for self-interest.,A philosophical and social movement that advocates for traditional forms of charity.,b
What is the concept of the future of humanity?,The idea that humanity's future is predetermined.,The idea that humanity's future is uncertain and can be shaped by human choices.,The idea that humanity's future is bleak and inevitable.,The idea that humanity's future is irrelevant.,c
What is the concept of the space colonization?,The exploration of space for scientific purposes only.,"The permanent human settlement of extraterrestrial bodies, such as planets or moons.",The use of space for military purposes.,The use of space for tourism.,d
What is the concept of the asteroid mining?,The extraction of resources from Earth's oceans.,The extraction of raw materials from asteroids and other minor planets.,The extraction of resources from Earth's landmasses.,The extraction of resources from other planets.,a
What is the concept of the terraforming?,The process of making a planet habitable for humans.,The process of exploring other planets.,The process of building space stations.,The process of developing new technologies for space travel.,b
What is the concept of the climate engineering (geoengineering)?,The process of adapting to climate change.,The deliberate large-scale intervention in the Earth's natural systems to counteract climate change.,The process of reducing greenhouse gas emissions.,The process of developing renewable energy sources.,c
What is the concept of the carbon capture and storage (CCS)?,The process of releasing carbon dioxide into the atmosphere.,"The process of capturing carbon dioxide from large point sources, such as power plants, and storing it instead of releasing it into the atmosphere.",The process of converting carbon dioxide into useful products.,The process of planting trees to absorb carbon dioxide.,d
What is the concept of the direct air capture (DAC)?,The process of capturing carbon dioxide from industrial emissions.,The process of capturing carbon dioxide directly from the ambient air.,The process of capturing carbon dioxide from oceans.,The process of capturing carbon dioxide from soil.,a
What is the concept of the solar radiation management (SRM)?,A type of climate engineering that aims to reduce the amount of solar radiation absorbed by the Earth.,A type of climate engineering that aims to remove carbon dioxide from the atmosphere.,A type of climate engineering that aims to increase the amount of solar radiation absorbed by the Earth.,A type of climate engineering that aims to reduce the amount of heat radiated from the Earth.,b
What is the concept of the bioenergy with carbon capture and storage (BECCS)?,The process of producing bioenergy without carbon capture.,"The process of producing bioenergy from biomass and capturing the carbon dioxide emissions, resulting in net negative emissions.",The process of producing bioenergy from fossil fuels.,The process of producing bioenergy from solar power.,c
What is the concept of the enhanced weathering?,A process that aims to increase the natural weathering of rocks to remove carbon dioxide from the atmosphere.,A process that aims to decrease the natural weathering of rocks.,A process that aims to increase the amount of carbon dioxide in the atmosphere.,A process that aims to reduce the amount of carbon dioxide in the oceans.,d
What is the concept of the ocean fertilization?,"The process of adding nutrients to the ocean to stimulate the growth of phytoplankton, which absorb carbon dioxide.",The process of removing nutrients from the ocean.,The process of increasing the acidity of the ocean.,The process of decreasing the acidity of the ocean.,a
What is the concept of the cloud brightening?,A type of solar radiation management that aims to increase the reflectivity of clouds.,A type of solar radiation management that aims to decrease the reflectivity of clouds.,A type of solar radiation management that aims to increase the amount of solar radiation absorbed by the Earth.,A type of solar radiation management that aims to reduce the amount of heat radiated from the Earth.,b
What is the concept of the stratospheric aerosol injection (SAI)?,A type of solar radiation management that aims to inject aerosols into the stratosphere to reflect sunlight.,A type of solar radiation management that aims to inject aerosols into the troposphere.,A type of solar radiation management that aims to remove aerosols from the atmosphere.,A type of solar radiation management that aims to increase the amount of solar radiation absorbed by the Earth.,c
What is the concept of the climate change adaptation?,The process of reducing greenhouse gas emissions.,The process of adjusting to actual or expected climate and its effects.,The process of preventing climate change.,The process of ignoring climate change.,d
What is the concept of the climate change mitigation?,The process of adjusting to actual or expected climate and its effects.,The process of reducing greenhouse gas emissions to limit global warming.,The process of preventing climate change.,The process of ignoring climate change.,a
What is the concept of the climate resilience?,The ability of a system to resist climate change impacts.,"The ability of a system to absorb, accommodate, and recover from the effects of a hazardous event in a timely and efficient manner.",The ability of a system to prevent climate change impacts.,The ability of a system to ignore climate change impacts.,b
What is the concept of the climate justice?,The idea that climate change is a purely environmental issue.,"The idea that climate change is a moral and political issue, recognizing that its impacts are disproportionately borne by vulnerable populations.",The idea that climate change is a purely economic issue.,The idea that climate change is a purely scientific issue.,c
What is the concept of the loss and damage?,The financial costs of climate change mitigation.,The unavoidable impacts of climate change that go beyond what can be adapted to.,The financial costs of climate change adaptation.,The financial benefits of climate change.,d
What is the concept of the climate finance?,The funding for climate change mitigation and adaptation activities.,The funding for climate change denial.,The funding for climate change research only.,The funding for climate change communication.,a
What is the concept of the green economy?,An economy that prioritizes economic growth over environmental sustainability.,An economy that aims for sustainable development without degrading the environment.,An economy that relies solely on fossil fuels.,An economy that ignores social equity.,b
What is the concept of the blue economy?,An economy that focuses on land-based resources.,"An economy that focuses on the sustainable use of ocean resources for economic growth, improved livelihoods, and ocean ecosystem health.",An economy that focuses on air-based resources.,An economy that focuses on space-based resources.,c
What is the concept of the circular bioeconomy?,A linear economic model based on,"A sustainable economic model that integrates biological resources and processes to create a closed-loop system, minimizing waste and maximizing resource efficiency.",An economic model that focuses solely on the production of biofuels.,An economic model that ignores the environmental impact of biological resources.,d
What is the concept of the planetary boundaries?,The geographical limits of Earth.,"The nine planetary processes that regulate the stability and resilience of the Earth system, beyond which there is a risk of irreversible environmental change.",The political borders between countries.,The limits of human exploration in space.,b
What is the concept of the Anthropocene?,"The current geological epoch, characterized by significant human impact on Earth's geology and ecosystems.",A geological epoch characterized by the absence of human impact.,A future geological epoch characterized by the dominance of artificial intelligence.,A past geological epoch characterized by the dominance of dinosaurs.,a
What is the concept of the Great Acceleration?,A period of rapid technological advancement in the 18th century.,A period of rapid increase in human activity and its impact on the Earth system since the mid-20th century.,A period of rapid economic growth in the 21st century.,A period of rapid population decline.,b
What is the concept of the ecological footprint of nations?,The total ecological footprint of all individuals in a nation.,The amount of land and water area a nation requires to produce the resources it consumes and to absorb its wastes.,The environmental impact of a nation's military activities.,The environmental impact of a nation's agricultural practices.,b
What is the concept of the overshoot day?,The day of the year when a nation's ecological footprint is at its lowest.,The day of the year when humanity's demand for ecological resources and services in a given year exceeds what Earth can regenerate in that year.,The day of the year when a nation achieves environmental sustainability.,The day of the year when a nation's population reaches its peak.,b
What is the concept of the Doughnut Economics?,An economic model that focuses solely on economic growth.,An economic model that aims to meet the needs of all people within the means of the planet.,An economic model that prioritizes environmental protection over social equity.,An economic model that ignores the concept of planetary boundaries.,b
What is the concept of the well-being economy?,An economic system that prioritizes economic growth over human well-being.,An economic system that aims to achieve human well-being and ecological sustainability.,An economic system that focuses solely on individual happiness.,An economic system that ignores social and environmental factors.,b
What is the concept of the degrowth economy?,An economic system that advocates for continuous economic growth.,An economic system that advocates for a planned reduction of energy and resource consumption to achieve ecological sustainability and social justice.,An economic system that promotes technological solutions to environmental problems.,An economic system that focuses solely on individual lifestyle changes.,b
What is the concept of the post-growth economy?,An economic system that advocates for continuous economic growth.,"An economic system that moves beyond the pursuit of economic growth as the primary goal, focusing instead on well-being, sustainability, and social justice.",An economic system that promotes technological solutions to environmental problems.,An economic system that focuses solely on individual lifestyle changes.,b
What is the concept of the steady-state economy?,An economic system that advocates for continuous economic growth.,"An economic system with stable or mildly fluctuating size, characterized by a constant population and constant stock of capital.",An economic system that promotes technological solutions to environmental problems.,An economic system that focuses solely on individual lifestyle changes.,b
What is the concept of the ecological economics?,A field of economics that focuses solely on economic growth.,A transdisciplinary field of academic research that addresses the interdependence and coevolution of human economies and natural ecosystems.,A field of economics that ignores environmental factors.,A field of economics that focuses solely on market mechanisms.,b
What is the concept of the environmental Kuznets curve?,"A hypothesis that suggests that as an economy develops, environmental degradation initially increases, then decreases after a certain level of economic growth is reached.",A hypothesis that suggests that environmental degradation always increases with economic growth.,A hypothesis that suggests that environmental degradation always decreases with economic growth.,A hypothesis that suggests that there is no relationship between economic growth and environmental degradation.,a
What is the concept of the natural capital?,The financial resources available to a nation.,"The world's stock of natural assets, including geology, soil, air, water, and all living things.",The human resources available to a nation.,The manufactured goods produced by a nation.,b
What is the concept of the ecosystem services?,The services provided by human infrastructure.,"The benefits that humans receive from ecosystems, such as clean air and water, pollination, and climate regulation.",The services provided by technological innovations.,The services provided by economic activities.,b
What is the concept of the biodiversity?,"The variety of life on Earth at all its levels, from genes to ecosystems.",The number of different species in a particular area.,The genetic diversity within a single species.,The diversity of ecosystems in a particular area.,a
What is the concept of the mass extinction?,A gradual decline in the number of species.,A widespread and rapid decrease in the biodiversity on Earth.,A localized extinction event.,A natural process that occurs regularly.,b
What is the concept of the sixth mass extinction?,A past mass extinction event.,The ongoing extinction event caused by human activities.,A future mass extinction event.,A hypothetical mass extinction event.,b
What is the concept of the conservation biology?,The study of how to exploit natural resources.,"The scientific study of the nature and status of Earth's biodiversity with the aim of protecting species, their habitats, and ecosystems from excessive rates of extinction.",The study of how to convert natural habitats into agricultural land.,The study of how to introduce invasive species into new ecosystems.,b
What is the concept of the rewilding?,The process of converting wild areas into agricultural land.,"The process of restoring ecosystems to their natural state, often by reintroducing keystone species.",The process of introducing invasive species into new ecosystems.,The process of urbanizing natural areas.,b
What is the concept of the ecological restoration?,The process of destroying ecosystems.,"The process of assisting the recovery of an ecosystem that has been degraded, damaged, or destroyed.",The process of converting natural habitats into agricultural land.,The process of introducing invasive species into new ecosystems.,b
What is the concept of the citizen science in environmental monitoring?,Environmental monitoring conducted by professional scientists only.,Environmental monitoring conducted by amateur or nonprofessional scientists.,Environmental monitoring funded by corporations.,Environmental monitoring conducted by government agencies.,b
What is the concept of the environmental education?,Education that promotes environmental destruction.,Education that aims to increase environmental literacy and promote sustainable behaviors.,Education that focuses solely on scientific facts about the environment.,Education that ignores the social and ethical dimensions of environmental issues.,b
What is the concept of the environmental activism?,Actions that harm the environment.,Actions taken by individuals or groups to protect the natural environment.,Actions that promote economic growth at the expense of the environment.,Actions that ignore environmental issues.,b
What is the concept of the climate strike?,A strike by workers in the fossil fuel industry.,A form of protest in which people absent themselves from education or work in order to take part in demonstrations demanding action to avert climate change.,A strike by environmental scientists.,A strike by renewable energy workers.,b
What is the concept of the Extinction Rebellion?,A social movement that denies the existence of climate change.,"A global environmental movement with the stated aim of using nonviolent civil disobedience to compel government action to avoid tipping points in the climate system, biodiversity loss, and the risk of social and ecological collapse.",A social movement that promotes economic growth at all costs.,A social movement that focuses solely on individual lifestyle changes.,b
What is the concept of the Fridays for Future?,A global climate strike movement started by Greta Thunberg.,A global movement that promotes economic growth.,A global movement that focuses on individual actions to combat climate change.,A global movement that denies the existence of climate change.,a
What is the concept of the climate litigation?,Legal actions taken to prevent climate change.,Legal actions taken to hold governments and corporations accountable for climate change.,Legal actions taken to promote fossil fuel use.,Legal actions taken to deny climate change.,b
What is the concept of the climate refugees?,People who migrate for economic reasons.,People who are forced to leave their homes due to the impacts of climate change.,People who migrate for political reasons.,People who migrate for educational reasons.,b
What is the concept of the climate migration?,The movement of people for economic reasons.,The movement of people due to the impacts of climate change.,The movement of people for political reasons.,The movement of people for educational reasons.,b
What is the concept of the climate adaptation fund?,A fund that supports climate change mitigation projects.,A fund that supports climate change adaptation projects in developing countries.,A fund that supports climate change research.,A fund that supports climate change denial.,b
What is the concept of the Green Climate Fund?,A fund that supports climate change mitigation projects.,A fund established within the framework of the UNFCCC to assist developing countries in adaptation and mitigation practices to counteract climate change.,A fund that supports climate change research.,A fund that supports climate change denial.,b
What is the concept of the climate finance gap?,The difference between the amount of money needed for climate action and the amount of money available.,The difference between the amount of money spent on climate change mitigation and adaptation.,The difference between the amount of money spent on climate change research and climate change communication.,The difference between the amount of money spent on climate change in developed and developing countries.,a
What is the concept of the carbon pricing?,A mechanism that puts a price on carbon emissions to incentivize their reduction.,A mechanism that subsidizes carbon emissions.,A mechanism that ignores carbon emissions.,A mechanism that promotes carbon emissions.,a
What is the concept of the carbon tax?,A tax on goods and services.,A tax on carbon emissions.,A tax on income.,A tax on property.,b
What is the concept of the cap-and-trade system?,A system that sets a limit on total emissions and allows companies to buy and sell emission allowances.,A system that subsidizes carbon emissions.,A system that ignores carbon emissions.,A system that promotes carbon emissions.,a
What is the concept of the carbon offsets?,Reductions in greenhouse gas emissions that are used to compensate for emissions occurring elsewhere.,Increases in greenhouse gas emissions.,A type of carbon tax.,A type of cap-and-trade system.,a
What is the concept of the carbon neutrality?,Achieving net-zero carbon emissions by balancing carbon emissions with carbon removal.,Increasing carbon emissions.,Ignoring carbon emissions.,Promoting carbon emissions.,a
What is the concept of the net-zero emissions?,Achieving a balance between greenhouse gas emissions produced and greenhouse gas emissions removed from the atmosphere.,Increasing greenhouse gas emissions.,Ignoring greenhouse gas emissions.,Promoting greenhouse gas emissions.,a
What is the concept of the climate positive?,Achieving net-zero carbon emissions.,Removing more carbon from the atmosphere than is emitted.,Increasing carbon emissions.,Ignoring carbon emissions.,b
What is the concept of the climate negative?,Achieving net-zero carbon emissions.,Removing more carbon from the atmosphere than is emitted.,Increasing carbon emissions.,Ignoring carbon emissions.,b
What is the concept of the climate emergency?,A declaration by governments that climate change is a serious threat.,A declaration by governments that climate change is not a serious threat.,A declaration by governments that climate change is a natural phenomenon.,A declaration by governments that climate change is a hoax.,a
What is the concept of the climate action?,Actions taken to increase greenhouse gas emissions.,Actions taken to reduce greenhouse gas emissions and adapt to the impacts of climate change.,Actions taken to ignore climate change.,Actions taken to promote climate change denial.,b
What is the concept of the climate leadership?,Leadership that promotes climate change denial.,Leadership that inspires and guides action to address climate change.,Leadership that ignores climate change.,Leadership that promotes climate change.,b
What is the concept of the climate governance?,The process of making decisions about climate change at the local level.,The process of making decisions about climate change at the national level.,The process of making decisions about climate change at the international level.,The process of making decisions about climate change at all levels of society.,d
What is the concept of the climate diplomacy?,Diplomatic efforts to promote climate change denial.,Diplomatic efforts to negotiate international agreements and cooperation on climate change.,Diplomatic efforts to ignore climate change.,Diplomatic efforts to promote climate change.,b
What is the concept of the climate finance architecture?,The system of financial institutions and mechanisms that provide funding for climate action.,The system of financial institutions and mechanisms that provide funding for fossil fuel projects.,The system of financial institutions and mechanisms that provide funding for climate change denial.,The system of financial institutions and mechanisms that provide funding for climate change research only.,a
What is the concept of the climate justice in finance?,The idea that climate finance should prioritize economic growth.,The idea that climate finance should address the historical injustices and disproportionate impacts of climate change on vulnerable populations.,The idea that climate finance should ignore social equity.,The idea that climate finance should only benefit developed countries.,b
What is the concept of the climate-related financial disclosures?,Voluntary disclosures of climate-related financial risks and opportunities by companies.,Mandatory disclosures of climate-related financial risks and opportunities by companies.,Voluntary disclosures of climate-related financial risks and opportunities by governments.,Mandatory disclosures of climate-related financial risks and opportunities by governments.,b
What is the concept of the green bonds?,Bonds issued to finance projects that have a negative environmental impact.,Bonds issued to finance projects that have a positive environmental impact.,Bonds issued to finance projects that have no environmental impact.,Bonds issued to finance projects that have a neutral environmental impact.,b
What is the concept of the sustainable bonds?,Bonds issued to finance projects that have a negative social and environmental impact.,Bonds issued to finance projects that have a positive social and environmental impact.,Bonds issued to finance projects that have no social and environmental impact.,Bonds issued to finance projects that have a neutral social and environmental impact.,b
What is the concept of the social bonds?,Bonds issued to finance projects that have a negative social impact.,Bonds issued to finance projects that have a positive social impact.,Bonds issued to finance projects that have no social impact.,Bonds issued to finance projects that have a neutral social impact.,b
What is the concept of the transition bonds?,Bonds issued to finance projects that support the transition to a low-carbon economy.,Bonds issued to finance projects that support the transition to a high-carbon economy.,Bonds issued to finance projects that have no impact on the transition to a low-carbon economy.,Bonds issued to finance projects that hinder the transition to a low-carbon economy.,a
What is the concept of the climate-related financial risk?,"The financial risks associated with climate change, including physical risks (e.g., extreme weather events) and transition risks (e.g., policy changes, technological disruptions).",The financial opportunities associated with climate change.,The financial benefits associated with climate change.,The financial stability of the global economy.,a
What is the concept of the climate-related financial opportunity?,The financial risks associated with climate change.,"The financial opportunities associated with climate change, such as new markets for green technologies and services.",The financial benefits associated with climate change.,The financial stability of the global economy.,b
What is the concept of the Task Force on Climate-related Financial Disclosures (TCFD)?,A task force that promotes climate change denial.,A task force that develops recommendations for climate-related financial disclosures by companies.,A task force that promotes fossil fuel use.,A task force that ignores climate change.,b
What is the concept of the Sustainable Finance Disclosure Regulation (SFDR)?,A regulation that promotes climate change denial.,A regulation that requires financial market participants to disclose how they integrate sustainability risks and opportunities into their investment decisions.,A regulation that promotes fossil fuel use.,A regulation that ignores climate change.,b
What is the concept of the EU Taxonomy for Sustainable Activities?,A classification system that defines environmentally sustainable economic activities.,A classification system that defines environmentally unsustainable economic activities.,A classification system that ignores environmental impact.,A classification system that promotes environmentally harmful activities.,a
What is the concept of the greenwashing?,"The practice of making unsubstantiated or misleading claims about the environmental benefits of a product, service, technology, or company practice.",The practice of making accurate and transparent claims about environmental benefits.,The practice of promoting environmentally friendly products.,The practice of investing in sustainable businesses.,a
What is the concept of the social washing?,"The practice of making unsubstantiated or misleading claims about the social benefits of a product, service, technology, or company practice.",The practice of making accurate and transparent claims about social benefits.,The practice of promoting socially responsible products.,The practice of investing in socially responsible businesses.,a
What is the concept of the impact washing?,"The practice of making unsubstantiated or misleading claims about the positive impact of a product, service, technology, or company practice.",The practice of making accurate and transparent claims about positive impact.,The practice of promoting impactful products.,The practice of investing in impactful businesses.,a
What is the concept of the ESG investing?,Investing that considers only financial factors.,"Investing that considers environmental, social, and governance factors alongside financial factors.",Investing that considers only social factors.,Investing that considers only governance factors.,b
What is the concept of the responsible investing?,"Investing that ignores environmental, social, and governance factors.","Investing that incorporates environmental, social, and governance factors into investment decisions.",Investing that focuses solely on financial returns.,Investing that focuses solely on short-term gains.,b
What is the concept of the sustainable investing?,"Investing that ignores environmental, social, and governance factors.",Investing that aims to generate long-term financial returns while also contributing to positive environmental and social outcomes.,Investing that focuses solely on financial returns.,Investing that focuses solely on short-term gains.,b
What is the concept of the impact investing?,Investing that aims to generate financial returns only.,"Investing that aims to generate positive, measurable social and environmental impact alongside a financial return.",Investing that aims to generate social impact only.,Investing that aims to generate environmental impact only.,b
What is the concept of the shareholder activism?,Shareholders who passively accept company decisions.,"Shareholders who use their ownership stake to pressure companies to adopt more responsible environmental, social, and governance practices.",Shareholders who only care about short-term profits.,Shareholders who only care about personal gain.,b
What is the concept of the divestment movement?,A movement that encourages investment in fossil fuel companies.,A movement that encourages institutions and individuals to sell off their investments in fossil fuel companies and other industries that contribute to climate change.,A movement that encourages investment in renewable energy companies.,A movement that encourages investment in sustainable businesses.,b
What is the concept of the just transition?,A transition to a low-carbon economy that ignores the social and economic impacts on workers and communities.,"A transition to a low-carbon economy that ensures fairness and inclusion for all, especially those most affected by the shift away from fossil fuels.",A transition to a low-carbon economy that prioritizes economic growth over social equity.,A transition to a low-carbon economy that ignores environmental concerns.,b
What is the concept of the green jobs?,Jobs that are harmful to the environment.,Jobs that contribute to preserving or restoring environmental quality.,Jobs that are unrelated to the environment.,Jobs that are only found in the renewable energy sector.,b
What is the concept of the social dialogue?,"A process of communication and negotiation between governments, employers, and workers on issues of common interest.",A process of communication between individuals only.,A process of communication between governments only.,A process of communication between employers only.,a
What is the concept of the social protection?,"Measures that protect individuals from social risks, such as unemployment, illness, and old age.",Measures that promote social inequality.,Measures that reduce social cohesion.,Measures that ignore social needs.,a
What is the concept of the universal health coverage?,A healthcare system that provides coverage to only a portion of the population.,"A healthcare system that ensures all people have access to the health services they need, when and where they need them, without financial hardship.",A healthcare system that is based on private insurance only.,A healthcare system that is based on out-of-pocket payments only.,b
What is the concept of the social determinants of health equity?,The social determinants of health that contribute to health disparities.,The social determinants of health that promote health equity.,The social determinants of health that are unrelated to health outcomes.,The social determinants of health that are only relevant in developed countries.,b
What is the concept of the health in all policies?,"An approach to public policies across sectors that systematically takes into account the health implications of decisions, seeks synergies, and avoids harmful health impacts in order to improve population health and health equity.",An approach to public policies that ignores health implications.,An approach to public policies that focuses solely on economic growth.,An approach to public policies that focuses solely on environmental protection.,a
What is the concept of the One Health approach?,An approach that focuses solely on human health.,An approach that recognizes that the health of people is closely connected to the health of animals and our shared environment.,An approach that focuses solely on animal health.,An approach that focuses solely on environmental health.,b
What is the concept of the planetary health?,The health of the planet only.,The health of human civilization and the state of the natural systems on which it depends.,The health of individual humans only.,The health of animals only.,b
What is the concept of the global health security?,The protection of individual health only.,"The collective efforts to prevent, detect, and respond to infectious disease threats that cross national borders.",The protection of national health only.,The protection of regional health only.,b
What is the concept of the health diplomacy?,Diplomatic efforts to promote war.,Diplomatic efforts to advance global health goals.,Diplomatic efforts to ignore health issues.,Diplomatic efforts to promote disease.,b
What is the concept of the health system strengthening?,The process of weakening health systems.,The process of improving the capacity of health systems to deliver quality health services.,The process of privatizing health systems.,The process of reducing funding for health systems.,b
What is the concept of the primary healthcare?,Specialized healthcare provided in hospitals.,Essential health care made universally accessible to individuals and families in the community through their full participation and at a cost that the community and country can afford.,Healthcare provided only to the wealthy.,Healthcare provided only in urban areas.,b
What is the concept of the universal access to healthcare?,Access to healthcare for only a portion of the population.,"Access to healthcare for all people, regardless of their ability to pay.",Access to healthcare only for those with private insurance.,Access to healthcare only for those in urban areas.,b
What is the concept of the health equity?,The absence of health disparities.,The attainment of the highest level of health for all people.,The equal distribution of healthcare resources.,The equal distribution of health outcomes.,b
What is the concept of the social determinants of mental health?,The biological factors that influence mental health.,"The social, economic, and environmental factors that influence mental health.",The psychological factors that influence mental health.,The genetic factors that influence mental health.,b
What is the concept of the mental health literacy?,The ability to read and write about mental health.,"Knowledge and beliefs about mental disorders which aid their recognition, management or prevention.",The ability to diagnose mental disorders.,The ability to treat mental disorders.,b
What is the concept of the mental health stigma?,A positive perception of mental illness.,"A negative perception of mental illness, leading to discrimination and social exclusion.",A neutral perception of mental illness.,A perception of mental illness as a sign of strength.,b
What is the concept of the mental health first aid?,Professional mental health treatment.,Help offered to a person developing a mental health problem or experiencing a mental health crisis.,Self-help strategies for mental health.,Crisis intervention for mental health emergencies.,b
What is the concept of the recovery-oriented mental health care?,A model of mental health care that focuses on symptom reduction only.,A model of mental health care that focuses on supporting individuals to live a meaningful life in the presence or absence of mental health problems.,A model of mental health care that focuses on institutionalization.,A model of mental health care that focuses on medication only.,b
What is the concept of the trauma-informed care?,A model of care that focuses on treating symptoms of trauma.,A model of care that recognizes the widespread impact of trauma and understands potential paths for recovery.,A model of care that ignores the impact of trauma.,A model of care that focuses on blaming individuals for their trauma.,b
What is the concept of the social inclusion?,The process of excluding certain groups from society.,"The process of improving the terms of participation in society for people who are disadvantaged on the basis of age, sex, disability, race, ethnicity, origin, religion, or economic or other status, through enhanced opportunities, access to resources, voice, and respect for rights.",The process of promoting social inequality.,The process of reducing social cohesion.,b
What is the concept of the social exclusion?,The process of including all groups in society.,"The process by which individuals or groups are systematically blocked from (or denied full access to) various rights, opportunities, and resources that are normally available to members of a different group, and which are key to social integration.",The process of promoting social cohesion.,The process of reducing social inequality.,b
What is the concept of the social capital in health?,The financial resources available to individuals for healthcare.,The resources available to individuals and communities through their social networks and relationships that can be used to promote health.,The medical knowledge of individuals.,The physical health of individuals.,b
What is the concept of the social cohesion?,The breakdown of social bonds.,"The degree to which members of a society are united by shared values, beliefs, and norms.",The level of conflict within a society.,The level of individualism within a society.,b
What is the concept of the social support?,The financial assistance provided to individuals.,"The emotional, practical, and informational assistance provided by social networks.",The medical treatment provided to individuals.,The legal assistance provided to individuals.,b
What is the concept of the social network?,A group of people who are physically close to each other.,A set of relationships between individuals or groups.,A group of people who share the same interests.,A group of people who work together.,b
What is the concept of the social isolation?,The state of being physically alone.,A state of complete or near-complete lack of contact between an individual and society.,The state of being surrounded by many people.,The state of having many social connections.,b
What is the concept of the loneliness?,The state of being physically alone.,"A subjective, unwelcome feeling of lack or loss of companionship.",The state of being surrounded by many people.,The state of having many social connections.,b
What is the concept of the social prescribing?,Prescribing medication for social problems.,"A way for health professionals to refer people to a range of local, non-clinical services to improve their health and well-being.",Prescribing social activities for medical conditions.,Prescribing social media use for mental health.,b
What is the concept of the community development?,The process of building new infrastructure in a community.,"The process of working with communities to build stronger, more resilient, and more equitable places.",The process of gentrifying communities.,The process of imposing solutions on communities.,b
What is the concept of the community engagement?,The process of informing communities about decisions.,"The process of working collaboratively with and through groups of people affiliated by geographic proximity, special interest, or similar situations to address issues affecting the well-being of those people.",The process of consulting with communities after decisions have been made.,The process of ignoring community input.,b
What is the concept of the community capacity building?,The process of reducing the capacity of communities.,"The process of developing and strengthening the skills, instincts, abilities, processes, and resources that organizations and communities need to survive, adapt, and thrive in a fast-changing world.",The process of imposing solutions on communities.,The process of ignoring community needs.,b
What is the concept of the asset-based community development (ABCD)?,A community development approach that focuses on the deficits and needs of a community.,A community development approach that focuses on identifying and mobilizing the existing strengths and assets of a community.,A community development approach that relies solely on external funding.,A community development approach that ignores community input.,b
What is the concept of the community health needs assessment (CHNA)?,An assessment that focuses solely on the medical needs of a community.,A systematic process for identifying and prioritizing the health needs of a community.,An assessment that focuses solely on the economic needs of a community.,An assessment that ignores community input.,b
What is the concept of the community health improvement plan (CHIP)?,A plan that focuses solely on individual health behaviors.,"A long-term, systematic effort to address public health problems in a community.",A plan that focuses solely on medical interventions.,A plan that ignores community input.,b
What is the concept of the health impact assessment (HIA)?,A process that focuses solely on the environmental impacts of a project.,A process that evaluates the potential health effects of a project or policy before it is implemented.,A process that focuses solely on the economic impacts of a project.,A process that ignores health impacts.,b
What is the concept of the social marketing in public health?,Marketing that promotes unhealthy behaviors.,"The application of commercial marketing technologies to the analysis, planning, execution, and evaluation of programs designed to influence the voluntary behavior of target audiences to improve their personal welfare and that of society.",Marketing that focuses solely on selling products.,Marketing that ignores social and ethical considerations.,b
What is the concept of the health communication?,Communication that is only between healthcare professionals.,"The study and practice of communicating promotional health information, such as in public health campaigns, health education, and across settings such as one-on-one communication or mass media.",Communication that is only between patients and their families.,Communication that is only about medical treatments.,b
What is the concept of the health literacy?,The ability to read and write about health.,"The degree to which individuals have the capacity to obtain, process, and understand basic health information and services needed to make appropriate health decisions.",The ability to diagnose medical conditions.,The ability to treat medical conditions.,b
What is the concept of the health disparities in communication?,Differences in health communication that are due to individual preferences.,"Differences in health communication that are due to social, economic, and environmental factors.",Differences in health communication that are due to genetic factors.,Differences in health communication that are random and unpredictable.,b
What is the concept of the cultural competence in health communication?,The ability to communicate effectively with people from only one culture.,The ability of health professionals to communicate effectively with people from diverse cultural backgrounds.,The ability to communicate only in one language.,The ability to ignore cultural differences.,b
What is the concept of the plain language in health communication?,Using complex medical jargon in health communication.,"Using clear, concise, and easy-to-understand language in health communication.",Using only visual aids in health communication.,Using only written materials in health communication.,b
What is the concept of the health advocacy?,Actions taken to harm public health.,Actions taken by individuals or groups to promote and protect the health of others.,Actions taken to ignore public health issues.,Actions taken to promote disease.,b
What is the concept of the public health ethics?,The study of ethical issues in individual healthcare.,The study of ethical issues that arise in public health practice and research.,The study of ethical issues in medical research.,The study of ethical issues in pharmaceutical development.,b
What is the concept of the social justice in public health?,The idea that public health should prioritize economic growth.,The idea that public health should address the root causes of health inequities and work towards a more equitable distribution of health.,The idea that public health should ignore social factors.,The idea that public health should only focus on individual behaviors.,b
What is the concept of the health equity in public health?,The absence of health disparities.,The attainment of the highest level of health for all people.,The equal distribution of healthcare resources.,The equal distribution of health outcomes.,b
What is the concept of the public health law?,Laws that regulate individual healthcare.,Laws that protect and promote the health of the public.,Laws that regulate medical research.,Laws that regulate pharmaceutical development.,b
What is the concept of the public health policy?,Policies that regulate individual healthcare.,Policies that aim to protect and promote the health of the public.,Policies that regulate medical research.,Policies that regulate pharmaceutical development.,b
What is the concept of the public health surveillance?,"The systematic collection, analysis, interpretation, and dissemination of health data for public health action.",The random collection of health data.,The collection of health data for individual purposes.,The collection of health data for commercial purposes.,b
What is the concept of the public health preparedness?,The ability to respond to individual health emergencies.,"The ability of the public health system to prepare for, respond to, and recover from public health emergencies.",The ability to prevent all public health emergencies.,The ability to ignore public health emergencies.,b
What is the concept of the public health emergency?,A localized health problem.,"An occurrence or imminent threat of an illness or health condition, caused by bioterrorism, epidemic or pandemic disease, or a novel and highly infectious agent or biological toxin, that poses a substantial risk of a significant number of human fatalities or incidents of permanent or long-term disability.",A minor health problem.,A health problem that only affects a few individuals.,b
What is the concept of the public health intervention?,Actions taken to harm public health.,Actions taken to improve public health outcomes.,Actions taken to ignore public health issues.,Actions taken to promote disease.,b
What is the concept of the public health program?,A program that focuses on individual health behaviors.,A program that aims to improve public health outcomes.,A program that focuses on medical interventions.,A program that ignores public health issues.,b
What is the concept of the public health campaign?,A campaign that promotes unhealthy behaviors.,A planned set of communication activities designed to achieve a specific public health objective.,A campaign that focuses solely on selling products.,A campaign that ignores social and ethical considerations.,b
What is the concept of the public health education?,Education that promotes unhealthy behaviors.,Education that aims to improve public health outcomes by increasing knowledge and promoting healthy behaviors.,Education that focuses solely on scientific facts about health.,Education that ignores the social and ethical dimensions of health issues.,b
What is the concept of the public health promotion?,"The process of enabling people to increase control over, and to improve, their health.",The process of promoting disease.,The process of ignoring public health issues.,The process of reducing public health outcomes.,b
What is the concept of the public health prevention?,Actions taken to promote disease.,Actions taken to prevent disease and injury.,Actions taken to ignore public health issues.,Actions taken to treat disease.,b
What is the concept of the primary prevention?,Prevention that focuses on treating existing diseases.,Prevention that focuses on preventing disease or injury before it ever occurs.,Prevention that focuses on reducing the impact of a disease or injury that has already occurred.,Prevention that focuses on restoring function after a disease or injury.,b
What is the concept of the secondary prevention?,Prevention that focuses on preventing disease or injury before it ever occurs.,Prevention that focuses on reducing the impact of a disease or injury that has already occurred.,Prevention that focuses on treating existing diseases.,Prevention that focuses on restoring function after a disease or injury.,b
What is the concept of the tertiary prevention?,Prevention that focuses on preventing disease or injury before it ever occurs.,Prevention that focuses on reducing the impact of a disease or injury that has already occurred.,Prevention that focuses on restoring function and reducing complications after a disease or injury.,Prevention that focuses on treating existing diseases.,b
What is the concept of the public health workforce?,The workforce that only works in hospitals.,The workforce that works to protect and improve the health of communities.,The workforce that only works in private clinics.,The workforce that only works in research laboratories.,b
What is the concept of the public health infrastructure?,The physical buildings of hospitals.,The foundational capabilities necessary for public health agencies to protect and promote the health of the population.,The medical equipment in hospitals.,The transportation systems in a city.,b
What is the concept of the public health funding?,Funding for individual healthcare.,Funding for public health programs and services.,Funding for medical research.,Funding for pharmaceutical development.,b
What is the concept of the public health ethics in research?,The study of ethical issues in individual healthcare research.,"The study of ethical issues that arise in public health research, particularly concerning the balance between individual rights and the collective good.",The study of ethical issues in medical research.,The study of ethical issues in pharmaceutical development.,b
What is the concept of the public health ethics in practice?,The study of ethical issues in individual healthcare practice.,"The study of ethical issues that arise in public health practice, particularly concerning the balance between individual rights and the collective good.",The study of ethical issues in medical practice.,The study of ethical issues in pharmaceutical practice.,b
What is the concept of the public health leadership?,Leadership that promotes disease.,Leadership that inspires and guides action to protect and promote the health of communities.,Leadership that ignores public health issues.,Leadership that reduces public health outcomes.,b
What is the concept of the public health advocacy?,Actions taken to harm public health.,Actions taken by individuals or groups to promote and protect the health of the public.,Actions taken to ignore public health issues.,Actions taken to promote disease.,b
What is the concept of the public health communication in emergencies?,Communication that is only between healthcare professionals.,"The process of informing, educating, and empowering people about health issues in emergency situations.",Communication that is only between patients and their families.,Communication that is only about medical treatments.,b
What is the concept of the public health risk communication?,Communication that minimizes risks.,"The interactive process of exchanging information and opinions with individuals, groups, and institutions, often involving multiple and diverse stakeholders, who are at risk or are affected by a risk.",Communication that exaggerates risks.,Communication that ignores risks.,b
What is the concept of the public health surveillance in emergencies?,The random collection of health data in emergencies.,"The systematic collection, analysis, interpretation, and dissemination of health data for public health action in emergency situations.",The collection of health data for individual purposes in emergencies.,The collection of health data for commercial purposes in emergencies.,b
What is the concept of the public health response in emergencies?,A delayed response to public health emergencies.,The actions taken by public health agencies to control and mitigate the impact of public health emergencies.,An uncoordinated response to public health emergencies.,A response that ignores public health emergencies.,b
What is the concept of the public health recovery in emergencies?,The process of ignoring the long-term impacts of public health emergencies.,The process of restoring public health systems and communities after a public health emergency.,The process of preventing all public health emergencies.,The process of treating individual health problems after an emergency.,b
What is the concept of the public health evaluation?,The process of ignoring the effectiveness of public health programs.,"The systematic assessment of the relevance, effectiveness, efficiency, and impact of public health programs and policies.",The process of promoting ineffective public health programs.,The process of reducing funding for public health programs.,b
What is the concept of the public health research?,Research that focuses on individual health problems.,Research that aims to improve public health outcomes.,Research that focuses on medical treatments.,Research that ignores public health issues.,b
What is the concept of the public health innovation?,The development of new technologies that harm public health.,"The development of new ideas, products, or services that improve public health outcomes.",The development of new ideas that ignore public health issues.,The development of new products that promote disease.,b
What is the concept of the public health policy development?,The process of developing policies that harm public health.,The process of developing policies that aim to protect and promote the health of the public.,The process of developing policies that ignore public health issues.,The process of developing policies that promote disease.,b
What is the concept of the public health program planning?,The process of planning programs that harm public health.,The process of planning programs that aim to improve public health outcomes.,The process of planning programs that ignore public health issues.,The process of planning programs that promote disease.,b
What is the concept of the public health program implementation?,The process of implementing programs that harm public health.,The process of putting public health programs into action.,The process of implementing programs that ignore public health issues.,The process of implementing programs that promote disease.,b
What is the concept of the public health program evaluation?,The process of ignoring the effectiveness of public health programs.,"The systematic assessment of the relevance, effectiveness, efficiency, and impact of public health programs.",The process of promoting ineffective public health programs.,The process of reducing funding for public health programs.,b
What is the concept of the public health surveillance system?,A system that randomly collects health data.,"A system that systematically collects, analyzes, interprets, and disseminates health data for public health action.",A system that collects health data for individual purposes.,A system that collects health data for commercial purposes.,b
What is the concept of the public health laboratory?,A laboratory that only conducts medical tests for individuals.,"A laboratory that provides essential public health services, such as disease surveillance, outbreak investigation, and environmental testing.",A laboratory that only conducts research.,A laboratory that only conducts commercial tests.,b
What is the concept of the public health informatics?,The application of information science and technology to public health practice and research.,The application of information science and technology to individual healthcare.,The application of information science and technology to medical research.,The application of information science and technology to pharmaceutical development.,b
What is the concept of the public health law and ethics?,The study of laws and ethics in individual healthcare.,The study of laws and ethics that govern public health practice and research.,The study of laws and ethics in medical research.,The study of laws and ethics in pharmaceutical development.,b
What is the concept of the public health leadership and management?,Leadership and management that promotes disease.,Leadership and management that aims to protect and promote the health of communities.,Leadership and management that ignores public health issues.,Leadership and management that reduces public health outcomes.,b
What is the concept of the public health workforce development?,The process of reducing the public health workforce.,"The process of enhancing the knowledge, skills, and abilities of the public health workforce.",The process of ignoring the public health workforce.,The process of privatizing the public health workforce.,b
What is the concept of the public health system?,A system that only focuses on individual healthcare.,A system that aims to protect and improve the health of communities.,A system that only focuses on medical treatments.,A system that ignores public health issues.,b
What is the concept of the public health approach?,An approach that focuses on individual health problems.,An approach that focuses on the health of populations and communities.,An approach that focuses on medical treatments.,An approach that ignores public health issues.,b
What is the concept of the public health goals?,Goals that focus on individual health problems.,Goals that aim to protect and improve the health of communities.,Goals that focus on medical treatments.,Goals that ignore public health issues.,b
What is the concept of the public health objectives?,Objectives that focus on individual health problems.,Objectives that aim to protect and improve the health of communities.,Objectives that focus on medical treatments.,Objectives that ignore public health issues.,b
What is the concept of the public health strategies?,Strategies that focus on individual health problems.,Strategies that aim to protect and improve the health of communities.,Strategies that focus on medical treatments.,Strategies that ignore public health issues.,b
What is the concept of the public health interventions?,Interventions that focus on individual health problems.,Interventions that aim to protect and improve the health of communities.,Interventions that focus on medical treatments.,Interventions that ignore public health issues.,b
What is the concept of the public health outcomes?,Outcomes that focus on individual health problems.,Outcomes that reflect the health status of communities.,Outcomes that focus on medical treatments.,Outcomes that ignore public health issues.,b
What is the concept of the public health indicators?,Indicators that measure individual health problems.,Indicators that measure the health status of communities.,Indicators that measure medical treatments.,Indicators that ignore public health issues.,b
What is the concept of the public health data?,Data that focuses on individual health problems.,Data that focuses on the health status of communities.,Data that focuses on medical treatments.,Data that ignores public health issues.,b
What is the concept of the public health information?,Information that focuses on individual health problems.,Information that focuses on the health status of communities.,Information that focuses on medical treatments.,Information that ignores public health issues.,b
What is the concept of the public health knowledge?,Knowledge that focuses on individual health problems.,Knowledge that focuses on the health status of communities.,Knowledge that focuses on medical treatments.,Knowledge that ignores public health issues.,b
What is the concept of the public health wisdom?,Wisdom that focuses on individual health problems.,Wisdom that focuses on the health status of communities.,Wisdom that focuses on medical treatments.,Wisdom that ignores public health issues.,b
What is the concept of the public health science?,Science that focuses on individual health problems.,Science that focuses on the health of populations and communities.,Science that focuses on medical treatments.,Science that ignores public health issues.,b
What is the concept of the public health practice?,Practice that focuses on individual health problems.,Practice that focuses on the health of populations and communities.,Practice that focuses on medical treatments.,Practice that ignores public health issues.,b
What is the concept of the public health research?,Research that focuses on individual health problems.,Research that focuses on the health of populations and communities.,Research that focuses on medical treatments.,Research that ignores public health issues.,b
What is the concept of the public health education?,Education that focuses on individual health problems.,Education that focuses on the health of populations and communities.,Education that focuses on medical treatments.,Education that ignores public health issues.,b
What is the concept of the public health promotion?,Promotion that focuses on individual health problems.,Promotion that focuses on the health of populations and communities.,Promotion that focuses on medical treatments.,Promotion that ignores public health issues.,b
What is the concept of the public health prevention?,Prevention that focuses on individual health problems.,Prevention that focuses on the health of populations and communities.,Prevention that focuses on medical treatments.,Prevention that ignores public health issues.,b
What is the concept of the public health policy?,Policy that focuses on individual health problems.,Policy that focuses on the health of populations and communities.,Policy that focuses on medical treatments.,Policy that ignores public health issues.,b
What is the concept of the public health law?,Law that focuses on individual health problems.,Law that focuses on the health of populations and communities.,Law that focuses on medical treatments.,Law that ignores public health issues.,b
What is the concept of the public health ethics?,Ethics that focus on individual health problems.,Ethics that focus on the health of populations and communities.,Ethics that focus on medical treatments.,Ethics that ignore public health issues.,b
What is the concept of the public health leadership?,Leadership that focuses on individual health problems.,Leadership that focuses on the health of populations and communities.,Leadership that focuses on medical treatments.,Leadership that ignores public health issues.,b
What is the concept of the public health management?,Management that focuses on individual health problems.,Management that focuses on the health of populations and communities.,Management that focuses on medical treatments.,Management that ignores public health issues.,b
What is the concept of the public health workforce?,Workforce that focuses on individual health problems.,Workforce that focuses on the health of populations and communities.,Workforce that focuses on medical treatments.,Workforce that ignores public health issues.,b
What is the concept of the public health infrastructure?,Infrastructure that focuses on individual health problems.,Infrastructure that focuses on the health of populations and communities.,Infrastructure that focuses on medical treatments.,Infrastructure that ignores public health issues.,b
What is the concept of the public health funding?,Funding that focuses on individual health problems.,Funding that focuses on the health of populations and communities.,Funding that focuses on medical treatments.,Funding that ignores public health issues.,b
What is the concept of the public health system?,System that focuses on individual health problems.,System that focuses on the health of populations and communities.,System that focuses on medical treatments.,System that ignores public health issues.,b
What is the concept of the public health approach?,Approach that focuses on individual health problems.,Approach that focuses on the health of populations and communities.,Approach that focuses on medical treatments.,Approach that ignores public health issues.,b
What is the concept of the public health goals?,Goals that focus on individual health problems.,Goals that focus on the health of populations and communities.,Goals that focus on medical treatments.,Goals that ignore public health issues.,b
What is the concept of the public health objectives?,Objectives that focus on individual health problems.,Objectives that focus on the health of populations and communities.,Objectives that focus on medical treatments.,Objectives that ignore public health issues.,b
What is the concept of the public health strategies?,Strategies that focus on individual health problems.,Strategies that focus on the health of populations and communities.,Strategies that focus on medical treatments.,Strategies that ignore public health issues.,b
What is the concept of the public health interventions?,Interventions that focus on individual health problems.,Interventions that focus on the health of populations and communities.,Interventions that focus on medical treatments.,Interventions that ignore public health issues.,b
What is the concept of the public health outcomes?,Outcomes that focus on individual health problems.,Outcomes that reflect the health status of communities.,Outcomes that focus on medical treatments.,Outcomes that ignore public health issues.,b
What is the concept of the public health indicators?,Indicators that measure individual health problems.,Indicators that measure the health status of communities.,Indicators that measure medical treatments.,Indicators that ignore public health issues.,b
What is the concept of the public health data?,Data that focuses on individual health problems.,Data that focuses on the health status of communities.,Data that focuses on medical treatments.,Data that ignores public health issues.,b
What is the concept of the public health information?,Information that focuses on individual health problems.,Information that focuses on the health status of communities.,Information that focuses on medical treatments.,Information that ignores public health issues.,b
What is the concept of the public health knowledge?,Knowledge that focuses on individual health problems.,Knowledge that focuses on the health status of communities.,Knowledge that focuses on medical treatments.,Knowledge that ignores public health issues.,b
What is the concept of the public health wisdom?,Wisdom that focuses on individual health problems.,Wisdom that focuses on the health status of communities.,Wisdom that focuses on medical treatments.,Wisdom that ignores public health issues.,b
What is the concept of the public health science?,Science that focuses on individual health problems.,Science that focuses on the health of populations and communities.,Science that focuses on medical treatments.,Science that ignores public health issues.,b
What is the concept of the public health practice?,Practice that focuses on individual health problems.,Practice that focuses on the health of populations and communities.,Practice that focuses on medical treatments.,Practice that ignores public health issues.,b
What is the concept of the public health research?,Research that focuses on individual health problems.,Research that focuses on the health of populations and communities.,Research that focuses on medical treatments.,Research that ignores public health issues.,b
What is the concept of the public health education?,Education that focuses on individual health problems.,Education that focuses on the health of populations and communities.,Education that focuses on medical treatments.,Education that ignores public health issues.,b
What is the concept of the public health promotion?,Promotion that focuses on individual health problems.,Promotion that focuses on the health of populations and communities.,Promotion that focuses on medical treatments.,Promotion that ignores public health issues.,b
What is the concept of the public health prevention?,Prevention that focuses on individual health problems.,Prevention that focuses on the health of populations and communities.,Prevention that focuses on medical treatments.,Prevention that ignores public health issues.,b
What is the concept of the public health policy?,Policy that focuses on individual health problems.,Policy that focuses on the health of populations and communities.,Policy that focuses on medical treatments.,Policy that ignores public health issues.,b
What is the concept of the public health law?,Law that focuses on individual health problems.,Law that focuses on the health of populations and communities.,Law that focuses on medical treatments.,Law that ignores public health issues.,b
What is the concept of the public health ethics?,Ethics that focus on individual health problems.,Ethics that focus on the health of populations and communities.,Ethics that focus on medical treatments.,Ethics that ignore public health issues.,b
What is the concept of the public health leadership?,Leadership that focuses on individual health problems.,Leadership that focuses on the health of populations and communities.,Leadership that focuses on medical treatments.,Leadership that ignores public health issues.,b
What is the concept of the public health management?,Management that focuses on individual health problems.,Management that focuses on the health of populations and communities.,Management that focuses on medical treatments.,Management that ignores public health issues.,b
What is the concept of the public health workforce?,Workforce that focuses on individual health problems.,Workforce that focuses on the health of populations and communities.,Workforce that focuses on medical treatments.,Workforce that ignores public health issues.,b
What is the concept of the public health infrastructure?,Infrastructure that focuses on individual health problems.,Infrastructure that focuses on the health of populations and communities.,Infrastructure that focuses on medical treatments.,Infrastructure that ignores public health issues.,b
What is the concept of the public health funding?,Funding that focuses on individual health problems.,Funding that focuses on the health of populations and communities.,Funding that focuses on medical treatments.,Funding that ignores public health issues.,b
What is the concept of the public health system?,System that focuses on individual health problems.,System that focuses on the health of populations and communities.,System that focuses on medical treatments.,System that ignores public health issues.,b
What is the concept of the public health approach?,Approach that focuses on individual health problems.,Approach that focuses on the health of populations and communities.,Approach that focuses on medical treatments.,Approach that ignores public health issues.,b
What is the concept of the public health goals?,Goals that focus on individual health problems.,Goals that focus on the health of populations and communities.,Goals that focus on medical treatments.,Goals that ignore public health issues.,b
What is the concept of the public health objectives?,Objectives that focus on individual health problems.,Objectives that focus on the health of populations and communities.,Objectives that focus on medical treatments.,Objectives that ignore public health issues.,b
What is the concept of the public health strategies?,Strategies that focus on individual health problems.,Strategies that focus on the health of populations and communities.,Strategies that focus on medical treatments.,Strategies that ignore public health issues.,b
What is the concept of the public health interventions?,Interventions that focus on individual health problems.,Interventions that focus on the health of populations and communities.,Interventions that focus on medical treatments.,Interventions that ignore public health issues.,b
What is the concept of the public health outcomes?,Outcomes that focus on individual health problems.,Outcomes that reflect the health status of communities.,Outcomes that focus on medical treatments.,Outcomes that ignore public health issues.,b
What is the concept of the public health indicators?,Indicators that measure individual health problems.,Indicators that measure the health status of communities.,Indicators that measure medical treatments.,Indicators that ignore public health issues.,b
What is the concept of the public health data?,Data that focuses on individual health problems.,Data that focuses on the health status of communities.,Data that focuses on medical treatments.,Data that ignores public health issues.,b
What is the concept of the public health information?,Information that focuses on individual health problems.,Information that focuses on the health status of communities.,Information that focuses on medical treatments.,Information that ignores public health issues.,b
What is the concept of the public health knowledge?,Knowledge that focuses on individual health problems.,Knowledge that focuses on the health status of communities.,Knowledge that focuses on medical treatments.,Knowledge that ignores public health issues.,b
What is the concept of the public health wisdom?,Wisdom that focuses on individual health problems.,Wisdom that focuses on the health status of communities.,Wisdom that focuses on medical treatments.,Wisdom that ignores public health issues.,b
What is the concept of the public health science?,Science that focuses on individual health problems.,Science that focuses on the health of populations and communities.,Science that focuses on medical treatments.,Science that ignores public health issues.,b
What is the concept of the public health practice?,Practice that focuses on individual health problems.,Practice that focuses on the health of populations and communities.,Practice that focuses on medical treatments.,Practice that ignores public health issues.,b
What is the concept of the public health research?,Research that focuses on individual health problems.,Research that focuses on the health of populations and communities.,Research that focuses on medical treatments.,Research that ignores public health issues.,b
What is the concept of the public health education?,Education that focuses on individual health problems.,Education that focuses on the health of populations and communities.,Education that focuses on medical treatments.,Education that ignores public health issues.,b
What is the concept of the public health promotion?,Promotion that focuses on individual health problems.,Promotion that focuses on the health of populations and communities.,Promotion that focuses on medical treatments.,Promotion that ignores public health issues.,b
What is the concept of the public health prevention?,Prevention that focuses on individual health problems.,Prevention that focuses on the health of populations and communities.,Prevention that focuses on medical treatments.,Prevention that ignores public health issues.,b
What is the concept of the public health policy?,Policy that focuses on individual health problems.,Policy that focuses on the health of populations and communities.,Policy that focuses on medical treatments.,Policy that ignores public health issues.,b
What is the concept of the public health law?,Law that focuses on individual health problems.,Law that focuses on the health of populations and communities.,Law that focuses on medical treatments.,Law that ignores public health issues.,b
What is the concept of the public health ethics?,Ethics that focus on individual health problems.,Ethics that focus on the health of populations and communities.,Ethics that focus on medical treatments.,Ethics that ignore public health issues.,b
What is the concept of the public health leadership?,Leadership that focuses on individual health problems.,Leadership that focuses on the health of populations and communities.,Leadership that focuses on medical treatments.,Leadership that ignores public health issues.,b
What is the concept of the public health management?,Management that focuses on individual health problems.,Management that focuses on the health of populations and communities.,Management that focuses on medical treatments.,Management that ignores public health issues.,b
What is the concept of the public health workforce?,Workforce that focuses on individual health problems.,Workforce that focuses on the health of populations and communities.,Workforce that focuses on medical treatments.,Workforce that ignores public health issues.,b
What is the concept of the public health infrastructure?,Infrastructure that focuses on individual health problems.,Infrastructure that focuses on the health of populations and communities.,Infrastructure that focuses on medical treatments.,Infrastructure that ignores public health issues.,b
What is the concept of the public health funding?,Funding that focuses on individual health problems.,Funding that focuses on the health of populations and communities.,Funding that focuses on medical treatments.,Funding that ignores public health issues.,b
What is the concept of the public health system?,System that focuses on individual health problems.,System that focuses on the health of populations and communities.,System that focuses on medical treatments.,System that ignores public health issues.,b
What is the concept of the public health approach?,Approach that focuses on individual health problems.,Approach that focuses on the health of populations and communities.,Approach that focuses on medical treatments.,Approach that ignores public health issues.,b
What is the concept of the public health goals?,Goals that focus on individual health problems.,Goals that focus on the health of populations and communities.,Goals that focus on medical treatments.,Goals that ignore public health issues.,b
What is the concept of the public health objectives?,Objectives that focus on individual health problems.,Objectives that focus on the health of populations and communities.,Objectives that focus on medical treatments.,Objectives that ignore public health issues.,b
What is the concept of the public health strategies?,Strategies that focus on individual health problems.,Strategies that focus on the health of populations and communities.,Strategies that focus on medical treatments.,Strategies that ignore public health issues.,b
What is the concept of the public health interventions?,Interventions that focus on individual health problems.,Interventions that focus on the health of populations and communities.,Interventions that focus on medical treatments.,Interventions that ignore public health issues.,b
What is the concept of the public health outcomes?,Outcomes that focus on individual health problems.,Outcomes that reflect the health status of communities.,Outcomes that focus on medical treatments.,Outcomes that ignore public health issues.,b
What is the concept of the public health indicators?,Indicators that measure individual health problems.,Indicators that measure the health status of communities.,Indicators that measure medical treatments.,Indicators that ignore public health issues.,b
What is the concept of the public health data?,Data that focuses on individual health problems.,Data that focuses on the health status of communities.,Data that focuses on medical treatments.,Data that ignores public health issues.,b
What is the concept of the public health information?,Information that focuses on individual health problems.,Information that focuses on the health status of communities.,Information that focuses on medical treatments.,Information that ignores public health issues.,b
What is the concept of the public health knowledge?,Knowledge that focuses on individual health problems.,Knowledge that focuses on the health status of communities.,Knowledge that focuses on medical treatments.,Knowledge that ignores public health issues.,b
What is the concept of the public health wisdom?,Wisdom that focuses on individual health problems.,Wisdom that focuses on the health status of communities.,Wisdom that focuses on medical treatments.,Wisdom that ignores public health issues.,b
What is the concept of the public health science?,Science that focuses on individual health problems.,Science that focuses on the health of populations and communities.,Science that focuses on medical treatments.,Science that ignores public health issues.,b
What is the concept of the public health practice?,Practice that focuses on individual health problems.,Practice that focuses on the health of populations and communities.,Practice that focuses on medical treatments.,Practice that ignores public health issues.,b
What is the concept of the public health research?,Research that focuses on individual health problems.,Research that focuses on the health of populations and communities.,Research that focuses on medical treatments.,Research that ignores public health issues.,b
What is the concept of the public health education?,Education that focuses on individual health problems.,Education that focuses on the health of populations and communities.,Education that focuses on medical treatments.,Education that ignores public health issues.,b
What is the concept of the public health promotion?,Promotion that focuses on individual health problems.,Promotion that focuses on the health of populations and communities.,Promotion that focuses on medical treatments.,Promotion that ignores public health issues.,b
What is the concept of the public health prevention?,Prevention that focuses on individual health problems.,Prevention that focuses on the health of populations and communities.,Prevention that focuses on medical treatments.,Prevention that ignores public health issues.,b
What is the concept of the public health policy?,Policy that focuses on individual health problems.,Policy that focuses on the health of populations and communities.,Policy that focuses on medical treatments.,Policy that ignores public health issues.,b
What is the concept of the public health law?,Law that focuses on individual health problems.,Law that focuses on the health of populations and communities.,Law that focuses on medical treatments.,Law that ignores public health issues.,b
What is the concept of the public health ethics?,Ethics that focus on individual health problems.,Ethics that focus on the health of populations and communities.,Ethics that focus on medical treatments.,Ethics that ignore public health issues.,b
What is the concept of the public health leadership?,Leadership that focuses on individual health problems.,Leadership that focuses on the health of populations and communities.,Leadership that focuses on medical treatments.,Leadership that ignores public health issues.,b
What is the concept of the public health management?,Management that focuses on individual health problems.,Management that focuses on the health of populations and communities.,Management that focuses on medical treatments.,Management that ignores public health issues.,b
What is the concept of the public health workforce?,Workforce that focuses on individual health problems.,Workforce that focuses on the health of populations and communities.,Workforce that focuses on medical treatments.,Workforce that ignores public health issues.,b
What is the concept of the public health infrastructure?,Infrastructure that focuses on individual health problems.,Infrastructure that focuses on the health of populations and communities.,Infrastructure that focuses on medical treatments.,Infrastructure that ignores public health issues.,b
What is the concept of the public health funding?,Funding that focuses on individual health problems.,Funding that focuses on the health of populations and communities.,Funding that focuses on medical treatments.,Funding that ignores public health issues.,b
What is the concept of the public health system?,System that focuses on individual health problems.,System that focuses on the health of populations and communities.,System that focuses on medical treatments.,System that ignores public health issues.,b
What is the concept of the public health approach?,Approach that focuses on individual health problems.,Approach that focuses on the health of populations and communities.,Approach that focuses on medical treatments.,Approach that ignores public health issues.,b
What is the concept of the public health goals?,Goals that focus on individual health problems.,Goals that focus on the health of populations and communities.,Goals that focus on medical treatments.,Goals that ignore public health issues.,b
What is the concept of the public health objectives?,Objectives that focus on individual health problems.,Objectives that focus on the health of populations and communities.,Objectives that focus on medical treatments.,Objectives that ignore public health issues.,b
What is the concept of the public health strategies?,Strategies that focus on individual health problems.,Strategies that focus on the health of populations and communities.,Strategies that focus on medical treatments.,Strategies that ignore public health issues.,b
What is the concept of the public health interventions?,Interventions that focus on individual health problems.,Interventions that focus on the health of populations and communities.,Interventions that focus on medical treatments.,Interventions that ignore public health issues.,b
What is the concept of the public health outcomes?,Outcomes that focus on individual health problems.,Outcomes that reflect the health status of communities.,Outcomes that focus on medical treatments.,Outcomes that ignore public health issues.,b
What is the concept of the public health indicators?,Indicators that measure individual health problems.,Indicators that measure the health status of communities.,Indicators that measure medical treatments.,Indicators that ignore public health issues.,b
What is the concept of the public health data?,Data that focuses on individual health problems.,Data that focuses on the health status of communities.,Data that focuses on medical treatments.,Data that ignores public health issues.,b
What is the concept of the public health information?,Information that focuses on individual health problems.,Information that focuses on the health status of communities.,Information that focuses on medical treatments.,Information that ignores public health issues.,b
What is the concept of the public health knowledge?,Knowledge that focuses on individual health problems.,Knowledge that focuses on the health status of communities.,Knowledge that focuses on medical treatments.,Knowledge that ignores public health issues.,b
What is the concept of the public health wisdom?,Wisdom that focuses on individual health problems.,Wisdom that focuses on the health status of communities.,Wisdom that focuses on medical treatments.,Wisdom that ignores public health issues.,b
What is the concept of the public health science?,Science that focuses on individual health problems.,Science that focuses on the health of populations and communities.,Science that focuses on medical treatments.,Science that ignores public health issues.,b
What is the concept of the public health practice?,Practice that focuses on individual health problems.,Practice that focuses on the health of populations and communities.,Practice that focuses on medical treatments.,Practice that ignores public health issues.,b
What is the concept of the public health research?,Research that focuses on individual health problems.,Research that focuses on the health of populations and communities.,Research that focuses on medical treatments.,Research that ignores public health issues.,b
What is the concept of the public health education?,Education that focuses on individual health problems.,Education that focuses on the health of populations and communities.,Education that focuses on medical treatments.,Education that ignores public health issues.,b
What is the concept of the public health promotion?,Promotion that focuses on individual health problems.,Promotion that focuses on the health of populations and communities.,Promotion that focuses on medical treatments.,Promotion that ignores public health issues.,b
What is the concept of the public health prevention?,Prevention that focuses on individual health problems.,Prevention that focuses on the health of populations and communities.,Prevention that focuses on medical treatments.,Prevention that ignores public health issues.,b
What is the concept of the public health policy?,Policy that focuses on individual health problems.,Policy that focuses on the health of populations and communities.,Policy that focuses on medical treatments.,Policy that ignores public health issues.,b
What is the concept of the public health law?,Law that focuses on individual health problems.,Law that focuses on the health of populations and communities.,Law that focuses on medical treatments.,Law that ignores public health issues.,b
What is the concept of the public health ethics?,Ethics that focus on individual health problems.,Ethics that focus on the health of populations and communities.,Ethics that focus on medical treatments.,Ethics that ignore public health issues.,b
What is the concept of the public health leadership?,Leadership that focuses on individual health problems.,Leadership that focuses on the health of populations and communities.,Leadership that focuses on medical treatments.,Leadership that ignores public health issues.,b
What is the concept of the public health management?,Management that focuses on individual health problems.,Management that focuses on the health of populations and communities.,Management that focuses on medical treatments.,Management that ignores public health issues.,b
What is the concept of the public health workforce?,Workforce that focuses on individual health problems.,Workforce that focuses on the health of populations and communities.,Workforce that focuses on medical treatments.,Workforce that ignores public health issues.,b
What is the concept of the public health infrastructure?,Infrastructure that focuses on individual health problems.,Infrastructure that focuses on the health of populations and communities.,Infrastructure that focuses on medical treatments.,Infrastructure that ignores public health issues.,b
What is the concept of the public health funding?,Funding that focuses on individual health problems.,Funding that focuses on the health of populations and communities.,Funding that focuses on medical treatments.,Funding that ignores public health issues.,b
What is the concept of the public health system?,System that focuses on individual health problems.,System that focuses on the health of populations and communities.,System that focuses on medical treatments.,System that ignores public health issues.,b
What is the concept of the public health approach?,Approach that focuses on individual health problems.,Approach that focuses on the health of populations and communities.,Approach that focuses on medical treatments.,Approach that ignores public health issues.,b
What is the concept of the public health goals?,Goals that focus on individual health problems.,Goals that focus on the health of populations and communities.,Goals that focus on medical treatments.,Goals that ignore public health issues.,b
What is the concept of the public health objectives?,Objectives that focus on individual health problems.,Objectives that focus on the health of populations and communities.,Objectives that focus on medical treatments.,Objectives that ignore public health issues.,b
What is the concept of the public health strategies?,Strategies that focus on individual health problems.,Strategies that focus on the health of populations and communities.,Strategies that focus on medical treatments.,Strategies that ignore public health issues.,b
What is the concept of the public health interventions?,Interventions that focus on individual health problems.,Interventions that focus on the health of populations and communities.,Interventions that focus on medical treatments.,Interventions that ignore public health issues.,b
What is the concept of the public health outcomes?,Outcomes that focus on individual health problems.,Outcomes that reflect the health status of communities.,Outcomes that focus on medical treatments.,Outcomes that ignore public health issues.,b
What is the concept of the public health indicators?,Indicators that measure individual health problems.,Indicators that measure the health status of communities.,Indicators that measure medical treatments.,Indicators that ignore public health issues.,b
What is the concept of the public health data?,Data that focuses on individual health problems.,Data that focuses on the health status of communities.,Data that focuses on medical treatments.,Data that ignores public health issues.,b
What is the concept of the public health information?,Information that focuses on individual health problems.,Information that focuses on the health status of communities.,Information that focuses on medical treatments.,Information that ignores public health issues.,b
What is the concept of the public health knowledge?,Knowledge that focuses on individual health problems.,Knowledge that focuses on the health status of communities.,Knowledge that focuses on medical treatments.,Knowledge that ignores public health issues.,b
What is the concept of the public health wisdom?,Wisdom that focuses on individual health problems.,Wisdom that focuses on the health status of communities.,Wisdom that focuses on medical treatments.,Wisdom that ignores public health issues.,b
What is the concept of the public health science?,Science that focuses on individual health problems.,Science that focuses on the health of populations and communities.,Science that focuses on medical treatments.,Science that ignores public health issues.,b
What is the concept of the public health practice?,Practice that focuses on individual health problems.,Practice that focuses on the health of populations and communities.,Practice that focuses on medical treatments.,Practice that ignores public health issues.,b
What is the concept of the public health research?,Research that focuses on individual health problems.,Research that focuses on the health of populations and communities.,Research that focuses on medical treatments.,Research that ignores public health issues.,b
What is the concept of the public health education?,Education that focuses on individual health problems.,Education that focuses on the health of populations and communities.,Education that focuses on medical treatments.,Education that ignores public health issues.,b
What is the concept of the public health promotion?,Promotion that focuses on individual health problems.,Promotion that focuses on the health of populations and communities.,Promotion that focuses on medical treatments.,Promotion that ignores public health issues.,b
What is the concept of the public health prevention?,Prevention that focuses on individual health problems.,Prevention that focuses on the health of populations and communities.,Prevention that focuses on medical treatments.,Prevention that ignores public health issues.,b
What is the concept of the public health policy?,Policy that focuses on individual health problems.,Policy that focuses on the health of populations and communities.,Policy that focuses on medical treatments.,Policy that ignores public health issues.,b
What is the concept of the public health law?,Law that focuses on individual health problems.,Law that focuses on the health of populations and communities.,Law that focuses on medical treatments.,Law that ignores public health issues.,b
What is the concept of the public health ethics?,Ethics that focus on individual health problems.,Ethics that focus on the health of populations and communities.,Ethics that focus on medical treatments.,Ethics that ignore public health issues.,b
What is the concept of the public health leadership?,Leadership that focuses on individual health problems.,Leadership that focuses on the health of populations and communities.,Leadership that focuses on medical treatments.,Leadership that ignores public health issues.,b
What is the concept of the public health management?,Management that focuses on individual health problems.,Management that focuses on the health of populations and communities.,Management that focuses on medical treatments.,Management that ignores public health issues.,b
What is the concept of the public health workforce?,Workforce that focuses on individual health problems.,Workforce that focuses on the health of populations and communities.,Workforce that focuses on medical treatments.,Workforce that ignores public health issues.,b
What is the concept of the public health infrastructure?,Infrastructure that focuses on individual health problems.,Infrastructure that focuses on the health of populations and communities.,Infrastructure that focuses on medical treatments.,Infrastructure that ignores public health issues.,b
What is the concept of the public health funding?,Funding that focuses on individual health problems.,Funding that focuses on the health of populations and communities.,Funding that focuses on medical treatments.,Funding that ignores public health issues.,b
What is the concept of the public health system?,System that focuses on individual health problems.,System that focuses on the health of populations and communities.,System that focuses on medical treatments.,System that ignores public health issues.,b
What is the concept of the public health approach?,Approach that focuses on individual health problems.,Approach that focuses on the health of populations and communities.,Approach that focuses on medical treatments.,Approach that ignores public health issues.,b
What is the concept of the public health goals?,Goals that focus on individual health problems.,Goals that focus on the health of populations and communities.,Goals that focus on medical treatments.,Goals that ignore public health issues.,b
What is the concept of the public health objectives?,Objectives that focus on individual health problems.,Objectives that focus on the health of populations and communities.,Objectives that focus on medical treatments.,Objectives that ignore public health issues.,b
What is the concept of the public health strategies?,Strategies that focus on individual health problems.,Strategies that focus on the health of populations and communities.,Strategies that focus on medical treatments.,Strategies that ignore public health issues.,b
What is the concept of the public health interventions?,Interventions that focus on individual health problems.,Interventions that focus on the health of populations and communities.,Interventions that focus on medical treatments.,Interventions that ignore public health issues.,b
