Question,Option A,Option B,Option C,Option D,Correct Answer
What is a share?,A unit of ownership in a company,A type of debt instrument,A government-issued security,A physical asset,a
What is the primary market in stock trading?,Where existing shares are traded,Where new shares are issued for the first time,Where bonds are traded,Where derivatives are traded,b
What is the secondary market in stock trading?,Where new shares are issued,Where existing shares are bought and sold,Where commodities are traded,Where foreign exchange is traded,b
What is a stock exchange?,A place where goods are exchanged,A market where securities are bought and sold,A bank that deals with stocks,A government regulatory body,b
What is a dividend?,A portion of a company's profit distributed to shareholders,A fee paid to a stockbroker,A tax on stock transactions,A type of interest payment,a
What is a stockbroker?,A person who manages a stock exchange,A licensed professional who buys and sells stocks on behalf of clients,A company that issues stocks,A government official who regulates stock markets,b
What is a bull market?,A market where prices are falling,A market where prices are rising,A market with stable prices,A market with high volatility,b
What is a bear market?,A market where prices are rising,A market where prices are falling,A market with stable prices,A market with low volatility,b
What is market capitalization?,The total value of a company's outstanding shares,The total profit of a company,The total debt of a company,The total assets of a company,a
What is an IPO?,Initial Public Offering,International Portfolio Option,Investment Performance Outlook,Indexed Price Opportunity,a
What is a mutual fund?,A type of stock,A professionally managed investment fund that pools money from many investors,A government bond,A real estate investment,b
What is a bond?,A share of ownership in a company,A debt instrument issued by governments or corporations,A type of mutual fund,A commodity,b
What is a portfolio?,A type of stock certificate,A collection of financial investments,A financial report,A trading platform,b
What is diversification in investing?,Investing in a single type of asset,Spreading investments across various assets to reduce risk,Concentrating investments in high-risk assets,Investing only in blue-chip stocks,b
What is a blue-chip stock?,"A stock of a new, unproven company","A stock of a well-established, financially sound company",A stock with high volatility,A stock that pays no dividends,b
What is a growth stock?,A stock that pays high dividends,A stock expected to grow at an above-average rate,A stock of a mature company,A stock with low risk,b
What is a value stock?,A stock that is currently undervalued by the market,A stock with high growth potential,A stock that pays no dividends,A stock of a new company,a
What is a stock split?,When a company issues new shares to existing shareholders,When a company divides its existing shares into multiple shares,When a company buys back its own shares,When a company merges with another company,b
What is a stock buyback?,When a company issues new shares,When a company repurchases its own shares from the open market,When a company sells its shares to another company,When a company declares a dividend,b
What is a P/E ratio?,Price-to-Earnings ratio,Profit-to-Equity ratio,Portfolio-to-Expense ratio,Performance-to-Efficiency ratio,a
What is an EPS?,Earnings Per Share,Equity Performance Standard,Economic Profitability System,Exchange Price System,a
What is a market order?,An order to buy or sell a stock at a specific price,An order to buy or sell a stock immediately at the best available price,An order to buy or sell a stock only if it reaches a certain price,An order to buy or sell a stock at the end of the trading day,b
What is a limit order?,An order to buy or sell a stock immediately at the best available price,An order to buy or sell a stock at a specific price or better,An order to buy or sell a stock at the end of the trading day,An order to buy or sell a stock only if it falls below a certain price,b
What is a stop order?,An order to buy or sell a stock at a specific price,"An order to buy or sell a stock when it reaches a certain price, triggering a market order",An order to buy or sell a stock immediately,An order to buy or sell a stock at the end of the trading day,b
What is a short sell?,Selling a stock that you own,"Selling a stock that you don't own, with the intention of buying it back later at a lower price",Buying a stock with borrowed money,Selling a stock to a short-term investor,b
What is a margin account?,A brokerage account that allows investors to borrow money to buy securities,A savings account with high interest rates,A retirement account,A checking account,a
What is a capital gain?,Profit from the sale of an asset,Loss from the sale of an asset,Income from dividends,Interest earned on bonds,a
What is a capital loss?,Profit from the sale of an asset,Loss from the sale of an asset,Income from dividends,Interest earned on bonds,b
What is a stock index?,A list of all stocks traded on an exchange,A measure of the performance of a group of stocks,A type of stock certificate,A financial report,b
What is the Dow Jones Industrial Average?,A stock index that tracks 30 large U.S. companies,A stock index that tracks all companies in the U.S.,A stock index that tracks technology companies,A stock index that tracks international companies,a
What is the S&P 500?,A stock index that tracks 500 large U.S. companies,A stock index that tracks all companies in the U.S.,A stock index that tracks small-cap companies,A stock index that tracks international companies,a
What is the NASDAQ Composite?,A stock index that tracks 30 large U.S. companies,A stock index that tracks technology and growth companies,A stock index that tracks all companies in the U.S.,A stock index that tracks international companies,b
What is a stock certificate?,A document that proves ownership of shares,A document that proves ownership of bonds,A document that proves ownership of mutual funds,A document that proves ownership of real estate,a
What is a proxy vote?,A vote cast by a shareholder in person,A vote cast by a shareholder through a representative,A vote cast by a company's board of directors,A vote cast by a government official,b
What is a tender offer?,An offer to buy a company's stock at a premium price,An offer to sell a company's stock at a discount price,An offer to merge with another company,An offer to issue new shares,a
What is a hostile takeover?,A takeover that is friendly and welcomed by the target company,A takeover that is resisted by the target company's management,A takeover that is initiated by the government,A takeover that involves a merger of equals,b
What is a golden parachute?,A bonus paid to employees for good performance,A severance package for executives in case of a takeover,A retirement plan for employees,A stock option plan for executives,b
What is insider trading?,Trading stocks based on publicly available information,"Trading stocks based on non-public, material information",Trading stocks with the permission of the company,Trading stocks through a licensed broker,b
What is a market maker?,A company that issues new stocks,A firm that stands ready to buy and sell a particular stock,A government regulator of stock markets,A financial advisor,b
What is a bid price?,The price at which a buyer is willing to sell a stock,The price at which a buyer is willing to buy a stock,The price at which a stock was last traded,The highest price a stock has reached,b
What is an ask price?,The price at which a seller is willing to sell a stock,The price at which a seller is willing to buy a stock,The price at which a stock was last traded,The lowest price a stock has reached,a
What is the spread in stock trading?,The difference between the bid and ask price,The difference between the opening and closing price,The difference between the highest and lowest price,The difference between the current price and the target price,a
What is liquidity in stock trading?,The ease with which a stock can be bought or sold without affecting its price,The amount of debt a company has,The profitability of a company,The growth potential of a company,a
What is volatility in stock trading?,The stability of a stock's price,The degree of variation of a trading price series over time,The amount of dividends paid by a stock,The market capitalization of a stock,b
What is a stock option?,A type of stock that pays high dividends,"A contract that gives the holder the right, but not the obligation, to buy or sell a stock at a specific price",A type of bond,A type of mutual fund,b
What is a call option?,A contract that gives the holder the right to sell a stock,A contract that gives the holder the right to buy a stock,A contract that obligates the holder to buy a stock,A contract that obligates the holder to sell a stock,b
What is a put option?,A contract that gives the holder the right to buy a stock,A contract that gives the holder the right to sell a stock,A contract that obligates the holder to buy a stock,A contract that obligates the holder to sell a stock,b
What is a strike price?,The current market price of a stock,The price at which an option can be exercised,The highest price a stock has reached,The lowest price a stock has reached,b
What is an expiration date for an option?,The date when the option can be exercised,The date when the option contract becomes void,The date when the stock pays dividends,The date when the company announces earnings,b
What is a futures contract?,An agreement to buy or sell an asset at a future date at a predetermined price,A type of stock option,A type of bond,A type of mutual fund,a
What is a commodity?,A financial asset like stocks or bonds,A raw material or primary agricultural product that can be bought and sold,A type of derivative,A type of currency,b
What is a derivative?,A financial instrument whose value is derived from an underlying asset,A type of stock,A type of bond,A type of mutual fund,a
What is a warrant?,A type of stock option,A long-term option to buy a company's stock at a predetermined price,A type of bond,A type of mutual fund,b
What is a convertible bond?,A bond that can be converted into cash,A bond that can be converted into shares of the issuing company's stock,A bond that can be converted into another type of bond,A bond that can be converted into a mutual fund,b
What is a preferred stock?,A type of stock that has voting rights,A type of stock that typically pays fixed dividends and has priority over common stock in receiving dividends and assets in liquidation,A type of stock that has no dividends,A type of stock that is traded only in the primary market,b
What is common stock?,A type of stock that typically has voting rights and variable dividends,A type of stock that pays fixed dividends,A type of stock that has no voting rights,A type of stock that is traded only in the primary market,a
What is a market order?,An order to buy or sell a stock at a specific price,An order to buy or sell a stock immediately at the best available current price,An order to buy or sell a stock only if it reaches a certain price,An order to buy or sell a stock at the end of the trading day,b
What is a stop-loss order?,An order to buy a stock when it reaches a certain price,An order to sell a stock when it reaches a certain price to limit potential losses,An order to buy a stock immediately,An order to sell a stock at the end of the trading day,b
What is a stop-limit order?,A stop order that becomes a limit order once the stop price is reached,A stop order that becomes a market order once the stop price is reached,A limit order that becomes a stop order once the limit price is reached,A market order that becomes a stop order once the market price is reached,a
What is a trailing stop order?,A stop order that remains fixed,A stop order that adjusts as the stock price moves in your favor,A stop order that adjusts as the stock price moves against you,A stop order that expires after a certain period,b
What is a day order?,An order that remains active until canceled,An order that is valid only for the remainder of the trading day,An order that is valid for a week,An order that is valid for a month,b
What is a good-till-canceled (GTC) order?,An order that is valid only for the remainder of the trading day,An order that remains active until it is executed or canceled,An order that is valid for a week,An order that is valid for a month,b
What is a fill-or-kill (FOK) order?,"An order that must be executed immediately and in its entirety, or canceled",An order that can be partially executed,An order that remains active until canceled,An order that is valid only for the remainder of the trading day,a
What is an immediate-or-cancel (IOC) order?,"An order that must be executed immediately, and any portion not executed is canceled",An order that must be executed in its entirety,An order that remains active until canceled,An order that is valid only for the remainder of the trading day,a
What is a market-on-open (MOO) order?,An order to buy or sell a stock at the opening price,An order to buy or sell a stock at the closing price,An order to buy or sell a stock at a specific price,An order to buy or sell a stock immediately,a
What is a market-on-close (MOC) order?,An order to buy or sell a stock at the opening price,An order to buy or sell a stock at the closing price,An order to buy or sell a stock at a specific price,An order to buy or sell a stock immediately,b
What is a dark pool?,A publicly accessible stock exchange,"A private forum for trading securities, not accessible to the public",A type of mutual fund,A type of bond,b
What is high-frequency trading (HFT)?,A type of long-term investing,A type of algorithmic trading characterized by high speeds and high turnover rates,A type of value investing,A type of passive investing,b
What is algorithmic trading?,Trading based on human intuition,Trading that uses computer programs to execute orders at high speeds,Trading based on fundamental analysis,Trading based on technical analysis,b
What is a stock dividend?,A cash payment to shareholders,A dividend paid in the form of additional shares of stock,A dividend paid in the form of bonds,A dividend paid in the form of commodities,b
What is a reverse stock split?,When a company issues new shares,When a company reduces the number of its outstanding shares by combining them,When a company buys back its own shares,When a company merges with another company,b
What is a rights issue?,When a company offers new shares to existing shareholders at a discount,When a company offers new shares to the public,When a company buys back its own shares,When a company merges with another company,a
What is a bonus issue?,When a company offers new shares to existing shareholders at a discount,When a company issues additional shares to existing shareholders for free,When a company buys back its own shares,When a company merges with another company,b
What is a delisting?,When a company's stock is added to a stock exchange,When a company's stock is removed from a stock exchange,When a company's stock price increases significantly,When a company's stock price decreases significantly,b
What is a listing?,When a company's stock is removed from a stock exchange,When a company's stock is added to a stock exchange,When a company's stock price increases significantly,When a company's stock price decreases significantly,b
What is a prospectus?,A financial report of a company,A legal document that provides details about an investment offering,A marketing brochure for a company,A stock certificate,b
What is a red herring prospectus?,A final prospectus,A preliminary prospectus filed with the SEC before the offering is finalized,A prospectus for a bond offering,A prospectus for a mutual fund,b
What is a green shoe option?,An option that allows underwriters to sell more shares than originally planned in an IPO,An option that allows underwriters to sell fewer shares than originally planned in an IPO,An option that allows investors to buy more shares than originally planned in an IPO,An option that allows investors to sell more shares than originally planned in an IPO,a
What is an underwriting agreement?,An agreement between a company and its shareholders,An agreement between a company and an investment bank to issue and sell new securities,An agreement between two companies to merge,An agreement between a company and its employees,b
What is a book-building process?,A process of writing financial reports,A process of determining the price of an IPO based on investor demand,A process of selling books to investors,A process of managing a company's finances,b
What is a lock-up period in an IPO?,A period during which investors cannot sell their shares,A period during which a company cannot issue new shares,A period during which a stock exchange is closed,A period during which dividends are not paid,a
What is a roadshow in an IPO?,A marketing event for a new product,A series of presentations by a company's management to potential investors,A tour of a company's facilities,A meeting of a company's board of directors,b
What is a primary offering?,The sale of existing shares by current shareholders,The sale of new shares by the company,The sale of bonds by the company,The sale of mutual funds by the company,b
What is a secondary offering?,The sale of new shares by the company,The sale of existing shares by current shareholders,The sale of bonds by the company,The sale of mutual funds by the company,b
What is a follow-on offering?,An initial public offering,A subsequent offering of shares by a company that is already publicly traded,A bond offering,A mutual fund offering,b
What is a seasoned equity offering (SEO)?,An initial public offering,A subsequent offering of shares by a company that is already publicly traded,A bond offering,A mutual fund offering,b
What is a rights offering?,An offering of new shares to existing shareholders at a discount,An offering of new shares to the public,An offering of bonds,An offering of mutual funds,a
What is a private placement?,An offering of securities to the general public,An offering of securities to a limited number of investors,An offering of securities to institutional investors only,An offering of securities to retail investors only,b
What is a venture capital?,Funding provided by large banks,"Funding provided to early-stage, high-potential growth companies",Funding provided by government agencies,Funding provided by public markets,b
What is private equity?,Investment in publicly traded companies,Investment in private companies or public companies that are delisted,Investment in government bonds,Investment in mutual funds,b
What is a leveraged buyout (LBO)?,A takeover of a company using a significant amount of borrowed money,A takeover of a company using only equity financing,A merger of two companies,A stock split,a
What is a management buyout (MBO)?,A takeover of a company by its employees,A takeover of a company by its existing management team,A takeover of a company by an external party,A takeover of a company by a competitor,b
What is a spin-off?,When a company acquires another company,When a company creates a new independent company from an existing division,When a company merges with another company,When a company goes bankrupt,b
What is a carve-out?,When a company sells a portion of its business to another company,"When a company creates a new independent company from an existing division, but retains a minority stake",When a company merges with another company,When a company goes bankrupt,b
What is a tracking stock?,A stock that tracks the performance of a specific division or asset of a company,A stock that tracks the performance of the entire company,A stock that tracks the performance of a stock index,A stock that tracks the performance of a commodity,a
What is a holding company?,A company that produces goods or services,A company that owns controlling interests in other companies,A company that provides financial services,A company that invests in real estate,b
What is a conglomerate?,A company that operates in a single industry,A company that owns multiple businesses operating in different industries,A company that focuses on technology,A company that focuses on finance,b
What is a joint venture?,A merger of two companies,A business arrangement in which two or more parties agree to pool their resources for the purpose of accomplishing a specific task,A hostile takeover,A stock split,b
What is a strategic alliance?,A formal partnership between two or more companies to achieve a common goal,A merger of two companies,A hostile takeover,A stock split,a
What is a market order?,An order to buy or sell a stock at a specific price,An order to buy or sell a stock immediately at the best available current price,An order to buy or sell a stock only if it reaches a certain price,An order to buy or sell a stock at the end of the trading day,b
What is a limit order?,An order to buy or sell a stock immediately at the best available price,An order to buy or sell a stock at a specific price or better,An order to buy or sell a stock at the end of the trading day,An order to buy or sell a stock only if it falls below a certain price,b
What is a stop order?,An order to buy or sell a stock at a specific price,"An order to buy or sell a stock when it reaches a certain price, triggering a market order",An order to buy or sell a stock immediately,An order to buy or sell a stock at the end of the trading day,b
What is a short sell?,Selling a stock that you own,"Selling a stock that you don't own, with the intention of buying it back later at a lower price",Buying a stock with borrowed money,Selling a stock to a short-term investor,b
What is a margin account?,A brokerage account that allows investors to borrow money to buy securities,A savings account with high interest rates,A retirement account,A checking account,a
What is a capital gain?,Profit from the sale of an asset,Loss from the sale of an asset,Income from dividends,Interest earned on bonds,a
What is a capital loss?,Profit from the sale of an asset,Loss from the sale of an asset,Income from dividends,Interest earned on bonds,b
What is a stock index?,A list of all stocks traded on an exchange,A measure of the performance of a group of stocks,A type of stock certificate,A financial report,b
What is the Dow Jones Industrial Average?,A stock index that tracks 30 large U.S. companies,A stock index that tracks all companies in the U.S.,A stock index that tracks technology companies,A stock index that tracks international companies,a
What is the S&P 500?,A stock index that tracks 500 large U.S. companies,A stock index that tracks all companies in the U.S.,A stock index that tracks small-cap companies,A stock index that tracks international companies,a
What is the NASDAQ Composite?,A stock index that tracks 30 large U.S. companies,A stock index that tracks technology and growth companies,A stock index that tracks all companies in the U.S.,A stock index that tracks international companies,b
What is a stock certificate?,A document that proves ownership of shares,A document that proves ownership of bonds,A document that proves ownership of mutual funds,A document that proves ownership of real estate,a
What is a proxy vote?,A vote cast by a shareholder in person,A vote cast by a shareholder through a representative,A vote cast by a company's board of directors,A vote cast by a government official,b
What is a tender offer?,An offer to buy a company's stock at a premium price,An offer to sell a company's stock at a discount price,An offer to merge with another company,An offer to issue new shares,a
What is a hostile takeover?,A takeover that is friendly and welcomed by the target company,A takeover that is resisted by the target company's management,A takeover that is initiated by the government,A takeover that involves a merger of equals,b
What is a golden parachute?,A bonus paid to employees for good performance,A severance package for executives in case of a takeover,A retirement plan for employees,A stock option plan for executives,b
What is insider trading?,Trading stocks based on publicly available information,"Trading stocks based on non-public, material information",Trading stocks with the permission of the company,Trading stocks through a licensed broker,b
What is a market maker?,A company that issues new stocks,A firm that stands ready to buy and sell a particular stock,A government regulator of stock markets,A financial advisor,b
What is a bid price?,The price at which a buyer is willing to sell a stock,The price at which a buyer is willing to buy a stock,The price at which a stock was last traded,The highest price a stock has reached,b
What is an ask price?,The price at which a seller is willing to sell a stock,The price at which a seller is willing to buy a stock,The price at which a stock was last traded,The lowest price a stock has reached,a
What is the spread in stock trading?,The difference between the bid and ask price,The difference between the opening and closing price,The difference between the highest and lowest price,The difference between the current price and the target price,a
What is liquidity in stock trading?,The ease with which a stock can be bought or sold without affecting its price,The amount of debt a company has,The profitability of a company,The growth potential of a company,a
What is volatility in stock trading?,The stability of a stock's price,The degree of variation of a trading price series over time,The amount of dividends paid by a stock,The market capitalization of a stock,b
What is a stock option?,A type of stock that pays high dividends,"A contract that gives the holder the right, but not the obligation, to buy or sell a stock at a specific price",A type of bond,A type of mutual fund,b
What is a call option?,A contract that gives the holder the right to sell a stock,A contract that gives the holder the right to buy a stock,A contract that obligates the holder to buy a stock,A contract that obligates the holder to sell a stock,b
What is a put option?,A contract that gives the holder the right to buy a stock,A contract that gives the holder the right to sell a stock,A contract that obligates the holder to buy a stock,A contract that obligates the holder to sell a stock,b
What is a strike price?,The current market price of a stock,The price at which an option can be exercised,The highest price a stock has reached,The lowest price a stock has reached,b
What is an expiration date for an option?,The date when the option can be exercised,The date when the option contract becomes void,The date when the stock pays dividends,The date when the company announces earnings,b
What is a futures contract?,An agreement to buy or sell an asset at a future date at a predetermined price,A type of stock option,A type of bond,A type of mutual fund,a
What is a commodity?,A financial asset like stocks or bonds,A raw material or primary agricultural product that can be bought and sold,A type of derivative,A type of currency,b
What is a derivative?,A financial instrument whose value is derived from an underlying asset,A type of stock,A type of bond,A type of mutual fund,a
What is a warrant?,A type of stock option,A long-term option to buy a company's stock at a predetermined price,A type of bond,A type of mutual fund,b
What is a convertible bond?,A bond that can be converted into cash,A bond that can be converted into shares of the issuing company's stock,A bond that can be converted into another type of bond,A bond that can be converted into a mutual fund,b
What is a preferred stock?,A type of stock that has voting rights,A type of stock that typically pays fixed dividends and has priority over common stock in receiving dividends and assets in liquidation,A type of stock that has no dividends,A type of stock that is traded only in the primary market,b
What is common stock?,A type of stock that typically has voting rights and variable dividends,A type of stock that pays fixed dividends,A type of stock that has no voting rights,A type of stock that is traded only in the primary market,a
What is a market order?,An order to buy or sell a stock at a specific price,An order to buy or sell a stock immediately at the best available current price,An order to buy or sell a stock only if it reaches a certain price,An order to buy or sell a stock at the end of the trading day,b
What is a stop-loss order?,An order to buy a stock when it reaches a certain price,An order to sell a stock when it reaches a certain price to limit potential losses,An order to buy a stock immediately,An order to sell a stock at the end of the trading day,b
What is a stop-limit order?,A stop order that becomes a limit order once the stop price is reached,A stop order that becomes a market order once the stop price is reached,A limit order that becomes a stop order once the limit price is reached,A market order that becomes a stop order once the market price is reached,a
What is a trailing stop order?,A stop order that remains fixed,A stop order that adjusts as the stock price moves in your favor,A stop order that adjusts as the stock price moves against you,A stop order that expires after a certain period,b
What is a day order?,An order that remains active until canceled,An order that is valid only for the remainder of the trading day,An order that is valid for a week,An order that is valid for a month,b
What is a good-till-canceled (GTC) order?,An order that is valid only for the remainder of the trading day,An order that remains active until it is executed or canceled,An order that is valid for a week,An order that is valid for a month,b
What is a fill-or-kill (FOK) order?,"An order that must be executed immediately and in its entirety, or canceled",An order that can be partially executed,An order that remains active until canceled,An order that is valid only for the remainder of the trading day,a
What is an immediate-or-cancel (IOC) order?,"An order that must be executed immediately, and any portion not executed is canceled",An order that must be executed in its entirety,An order that remains active until canceled,An order that is valid only for the remainder of the trading day,a
What is a market-on-open (MOO) order?,An order to buy or sell a stock at the opening price,An order to buy or sell a stock at the closing price,An order to buy or sell a stock at a specific price,An order to buy or sell a stock immediately,a
What is a market-on-close (MOC) order?,An order to buy or sell a stock at the opening price,An order to buy or sell a stock at the closing price,An order to buy or sell a stock at a specific price,An order to buy or sell a stock immediately,b
What is a dark pool?,A publicly accessible stock exchange,"A private forum for trading securities, not accessible to the public",A type of mutual fund,A type of bond,b
What is high-frequency trading (HFT)?,A type of long-term investing,A type of algorithmic trading characterized by high speeds and high turnover rates,A type of value investing,A type of passive investing,b
What is algorithmic trading?,Trading based on human intuition,Trading that uses computer programs to execute orders at high speeds,Trading based on fundamental analysis,Trading based on technical analysis,b
What is a stock dividend?,A cash payment to shareholders,A dividend paid in the form of additional shares of stock,A dividend paid in the form of bonds,A dividend paid in the form of commodities,b
What is a reverse stock split?,When a company issues new shares,When a company reduces the number of its outstanding shares by combining them,When a company buys back its own shares,When a company merges with another company,b
What is a rights issue?,When a company offers new shares to existing shareholders at a discount,When a company offers new shares to the public,When a company buys back its own shares,When a company merges with another company,a
What is a bonus issue?,When a company offers new shares to existing shareholders at a discount,When a company issues additional shares to existing shareholders for free,When a company buys back its own shares,When a company merges with another company,b
What is a delisting?,When a company's stock is added to a stock exchange,When a company's stock is removed from a stock exchange,When a company's stock price increases significantly,When a company's stock price decreases significantly,b
What is a listing?,When a company's stock is removed from a stock exchange,When a company's stock is added to a stock exchange,When a company's stock price increases significantly,When a company's stock price decreases significantly,b
What is a prospectus?,A financial report of a company,A legal document that provides details about an investment offering,A marketing brochure for a company,A stock certificate,b
What is a red herring prospectus?,A final prospectus,A preliminary prospectus filed with the SEC before the offering is finalized,A prospectus for a bond offering,A prospectus for a mutual fund,b
What is a green shoe option?,An option that allows underwriters to sell more shares than originally planned in an IPO,An option that allows underwriters to sell fewer shares than originally planned in an IPO,An option that allows investors to buy more shares than originally planned in an IPO,An option that allows investors to sell more shares than originally planned in an IPO,a
What is an underwriting agreement?,An agreement between a company and its shareholders,An agreement between a company and an investment bank to issue and sell new securities,An agreement between two companies to merge,An agreement between a company and its employees,b
What is a book-building process?,A process of writing financial reports,A process of determining the price of an IPO based on investor demand,A process of selling books to investors,A process of managing a company's finances,b
What is a lock-up period in an IPO?,A period during which investors cannot sell their shares,A period during which a company cannot issue new shares,A period during which a stock exchange is closed,A period during which dividends are not paid,a
What is a roadshow in an IPO?,A marketing event for a new product,A series of presentations by a company's management to potential investors,A tour of a company's facilities,A meeting of a company's board of directors,b
What is a primary offering?,The sale of existing shares by current shareholders,The sale of new shares by the company,The sale of bonds by the company,The sale of mutual funds by the company,b
What is a secondary offering?,The sale of new shares by the company,The sale of existing shares by current shareholders,The sale of bonds by the company,The sale of mutual funds by the company,b
What is a follow-on offering?,An initial public offering,A subsequent offering of shares by a company that is already publicly traded,A bond offering,A mutual fund offering,b
What is a seasoned equity offering (SEO)?,An initial public offering,A subsequent offering of shares by a company that is already publicly traded,A bond offering,A mutual fund offering,b
What is a rights offering?,An offering of new shares to existing shareholders at a discount,An offering of new shares to the public,An offering of bonds,An offering of mutual funds,a
What is a private placement?,An offering of securities to the general public,An offering of securities to a limited number of investors,An offering of securities to institutional investors only,An offering of securities to retail investors only,b
What is a venture capital?,Funding provided by large banks,"Funding provided to early-stage, high-potential growth companies",Funding provided by government agencies,Funding provided by public markets,b
What is private equity?,Investment in publicly traded companies,Investment in private companies or public companies that are delisted,Investment in government bonds,Investment in mutual funds,b
What is a leveraged buyout (LBO)?,A takeover of a company using a significant amount of borrowed money,A takeover of a company using only equity financing,A merger of two companies,A stock split,a
What is a management buyout (MBO)?,A takeover of a company by its employees,A takeover of a company by its existing management team,A takeover of a company by an external party,A takeover of a company by a competitor,b
What is a spin-off?,When a company acquires another company,When a company creates a new independent company from an existing division,When a company merges with another company,When a company goes bankrupt,b
What is a carve-out?,When a company sells a portion of its business to another company,"When a company creates a new independent company from an existing division, but retains a minority stake",When a company merges with another company,When a company goes bankrupt,b
What is a tracking stock?,A stock that tracks the performance of a specific division or asset of a company,A stock that tracks the performance of the entire company,A stock that tracks the performance of a stock index,A stock that tracks the performance of a commodity,a
What is a holding company?,A company that produces goods or services,A company that owns controlling interests in other companies,A company that provides financial services,A company that invests in real estate,b
What is a conglomerate?,A company that operates in a single industry,A company that owns multiple businesses operating in different industries,A company that focuses on technology,A company that focuses on finance,b
What is a joint venture?,A merger of two companies,A business arrangement in which two or more parties agree to pool their resources for the purpose of accomplishing a specific task,A hostile takeover,A stock split,b
What is a strategic alliance?,A formal partnership between two or more companies to achieve a common goal,A merger of two companies,A hostile takeover,A stock split,a
What is a market order?,An order to buy or sell a stock at a specific price,An order to buy or sell a stock immediately at the best available current price,An order to buy or sell a stock only if it reaches a certain price,An order to buy or sell a stock at the end of the trading day,b
What is a limit order?,An order to buy or sell a stock immediately at the best available price,An order to buy or sell a stock at a specific price or better,An order to buy or sell a stock at the end of the trading day,An order to buy or sell a stock only if it falls below a certain price,b
What is a stop order?,An order to buy or sell a stock at a specific price,"An order to buy or sell a stock when it reaches a certain price, triggering a market order",An order to buy or sell a stock immediately,An order to buy or sell a stock at the end of the trading day,b
What is a short sell?,Selling a stock that you own,"Selling a stock that you don't own, with the intention of buying it back later at a lower price",Buying a stock with borrowed money,Selling a stock to a short-term investor,b
What is a margin account?,A brokerage account that allows investors to borrow money to buy securities,A savings account with high interest rates,A retirement account,A checking account,a
What is a capital gain?,Profit from the sale of an asset,Loss from the sale of an asset,Income from dividends,Interest earned on bonds,a
What is a capital loss?,Profit from the sale of an asset,Loss from the sale of an asset,Income from dividends,Interest earned on bonds,b
What is a stock index?,A list of all stocks traded on an exchange,A measure of the performance of a group of stocks,A type of stock certificate,A financial report,b
What is the Dow Jones Industrial Average?,A stock index that tracks 30 large U.S. companies,A stock index that tracks all companies in the U.S.,A stock index that tracks technology companies,A stock index that tracks international companies,a
What is the S&P 500?,A stock index that tracks 500 large U.S. companies,A stock index that tracks all companies in the U.S.,A stock index that tracks small-cap companies,A stock index that tracks international companies,b
What is the NASDAQ Composite?,A stock index that tracks 30 large U.S. companies,A stock index that tracks technology and growth companies,A stock index that tracks all companies in the U.S.,A stock index that tracks international companies,b
What is a stock certificate?,A document that proves ownership of shares,A document that proves ownership of bonds,A document that proves ownership of mutual funds,A document that proves ownership of real estate,a
What is a proxy vote?,A vote cast by a shareholder in person,A vote cast by a shareholder through a representative,A vote cast by a company's board of directors,A vote cast by a government official,b
What is a tender offer?,An offer to buy a company's stock at a premium price,An offer to sell a company's stock at a discount price,An offer to merge with another company,An offer to issue new shares,a
What is a hostile takeover?,A takeover that is friendly and welcomed by the target company,A takeover that is resisted by the target company's management,A takeover that is initiated by the government,A takeover that involves a merger of equals,b
What is a golden parachute?,A bonus paid to employees for good performance,A severance package for executives in case of a takeover,A retirement plan for employees,A stock option plan for executives,b
What is insider trading?,Trading stocks based on publicly available information,"Trading stocks based on non-public, material information",Trading stocks with the permission of the company,Trading stocks through a licensed broker,b
What is a market maker?,A company that issues new stocks,A firm that stands ready to buy and sell a particular stock,A government regulator of stock markets,A financial advisor,b
What is a bid price?,The price at which a buyer is willing to sell a stock,The price at which a buyer is willing to buy a stock,The price at which a stock was last traded,The highest price a stock has reached,b
What is an ask price?,The price at which a seller is willing to sell a stock,The price at which a seller is willing to buy a stock,The price at which a stock was last traded,The lowest price a stock has reached,a
What is the spread in stock trading?,The difference between the bid and ask price,The difference between the opening and closing price,The difference between the highest and lowest price,The difference between the current price and the target price,a
What is liquidity in stock trading?,The ease with which a stock can be bought or sold without affecting its price,The amount of debt a company has,The profitability of a company,The growth potential of a company,b
What is volatility in stock trading?,The stability of a stock's price,The degree of variation of a trading price series over time,The amount of dividends paid by a stock,The market capitalization of a stock,b
What is a stock option?,A type of stock that pays high dividends,"A contract that gives the holder the right, but not the obligation, to buy or sell a stock at a specific price",A type of bond,A type of mutual fund,b
What is a call option?,A contract that gives the holder the right to sell a stock,A contract that gives the holder the right to buy a stock,A contract that obligates the holder to buy a stock,A contract that obligates the holder to sell a stock,b
What is a put option?,A contract that gives the holder the right to buy a stock,A contract that gives the holder the right to sell a stock,A contract that obligates the holder to buy a stock,A contract that obligates the holder to sell a stock,b
What is a strike price?,The current market price of a stock,The price at which an option can be exercised,The highest price a stock has reached,The lowest price a stock has reached,b
What is an expiration date for an option?,The date when the option can be exercised,The date when the option contract becomes void,The date when the stock pays dividends,The date when the company announces earnings,b
What is a futures contract?,An agreement to buy or sell an asset at a future date at a predetermined price,A type of stock option,A type of bond,A type of mutual fund,a
What is a commodity?,A financial asset like stocks or bonds,A raw material or primary agricultural product that can be bought and sold,A type of derivative,A type of currency,b
What is a derivative?,A financial instrument whose value is derived from an underlying asset,A type of stock,A type of bond,A type of mutual fund,a
What is a warrant?,A type of stock option,A long-term option to buy a company's stock at a predetermined price,A type of bond,A type of mutual fund,b
What is a convertible bond?,A bond that can be converted into cash,A bond that can be converted into shares of the issuing company's stock,A bond that can be converted into another type of bond,A bond that can be converted into a mutual fund,b
What is a preferred stock?,A type of stock that has voting rights,A type of stock that typically pays fixed dividends and has priority over common stock in receiving dividends and assets in liquidation,A type of stock that has no dividends,A type of stock that is traded only in the primary market,b
What is common stock?,A type of stock that typically has voting rights and variable dividends,A type of stock that pays fixed dividends,A type of stock that has no voting rights,A type of stock that is traded only in the primary market,a
What is a market order?,An order to buy or sell a stock at a specific price,An order to buy or sell a stock immediately at the best available current price,An order to buy or sell a stock only if it reaches a certain price,An order to buy or sell a stock at the end of the trading day,b
What is a stop-loss order?,An order to buy a stock when it reaches a certain price,An order to sell a stock when it reaches a certain price to limit potential losses,An order to buy a stock immediately,An order to sell a stock at the end of the trading day,b
What is a stop-limit order?,A stop order that becomes a limit order once the stop price is reached,A stop order that becomes a market order once the stop price is reached,A limit order that becomes a stop order once the limit price is reached,A market order that becomes a stop order once the market price is reached,a
What is a trailing stop order?,A stop order that remains fixed,A stop order that adjusts as the stock price moves in your favor,A stop order that adjusts as the stock price moves against you,A stop order that expires after a certain period,b
What is a day order?,An order that remains active until canceled,An order that is valid only for the remainder of the trading day,An order that is valid for a week,An order that is valid for a month,b
What is a good-till-canceled (GTC) order?,An order that is valid only for the remainder of the trading day,An order that remains active until it is executed or canceled,An order that is valid for a week,An order that is valid for a month,b
What is a fill-or-kill (FOK) order?,"An order that must be executed immediately and in its entirety, or canceled",An order that can be partially executed,An order that remains active until canceled,An order that is valid only for the remainder of the trading day,a
What is an immediate-or-cancel (IOC) order?,"An order that must be executed immediately, and any portion not executed is canceled",An order that must be executed in its entirety,An order that remains active until canceled,An order that is valid only for the remainder of the trading day,a
What is a market-on-open (MOO) order?,An order to buy or sell a stock at the opening price,An order to buy or sell a stock at the closing price,An order to buy or sell a stock at a specific price,An order to buy or sell a stock immediately,a
What is a market-on-close (MOC) order?,An order to buy or sell a stock at the opening price,An order to buy or sell a stock at the closing price,An order to buy or sell a stock at a specific price,An order to buy or sell a stock immediately,b
What is a dark pool?,A publicly accessible stock exchange,"A private forum for trading securities, not accessible to the public",A type of mutual fund,A type of bond,b
What is high-frequency trading (HFT)?,A type of long-term investing,A type of algorithmic trading characterized by high speeds and high turnover rates,A type of value investing,A type of passive investing,b
What is algorithmic trading?,Trading based on human intuition,Trading that uses computer programs to execute orders at high speeds,Trading based on fundamental analysis,Trading based on technical analysis,b
What is a stock dividend?,A cash payment to shareholders,A dividend paid in the form of additional shares of stock,A dividend paid in the form of bonds,A dividend paid in the form of commodities,b
What is a reverse stock split?,When a company issues new shares,When a company reduces the number of its outstanding shares by combining them,When a company buys back its own shares,When a company merges with another company,b
What is a rights issue?,When a company offers new shares to existing shareholders at a discount,When a company offers new shares to the public,When a company buys back its own shares,When a company merges with another company,a
What is a bonus issue?,When a company offers new shares to existing shareholders at a discount,When a company issues additional shares to existing shareholders for free,When a company buys back its own shares,When a company merges with another company,b
What is a delisting?,When a company's stock is added to a stock exchange,When a company's stock is removed from a stock exchange,When a company's stock price increases significantly,When a company's stock price decreases significantly,b
What is a listing?,When a company's stock is removed from a stock exchange,When a company's stock is added to a stock exchange,When a company's stock price increases significantly,When a company's stock price decreases significantly,b
What is a prospectus?,A financial report of a company,A legal document that provides details about an investment offering,A marketing brochure for a company,A stock certificate,b
What is a red herring prospectus?,A final prospectus,A preliminary prospectus filed with the SEC before the offering is finalized,A prospectus for a bond offering,A prospectus for a mutual fund,b
What is a green shoe option?,An option that allows underwriters to sell more shares than originally planned in an IPO,An option that allows underwriters to sell fewer shares than originally planned in an IPO,An option that allows investors to buy more shares than originally planned in an IPO,An option that allows investors to sell more shares than originally planned in an IPO,a
What is an underwriting agreement?,An agreement between a company and its shareholders,An agreement between a company and an investment bank to issue and sell new securities,An agreement between two companies to merge,An agreement between a company and its employees,b
What is a book-building process?,A process of writing financial reports,A process of determining the price of an IPO based on investor demand,A process of selling books to investors,A process of managing a company's finances,b
What is a lock-up period in an IPO?,A period during which investors cannot sell their shares,A period during which a company cannot issue new shares,A period during which a stock exchange is closed,A period during which dividends are not paid,a
What is a roadshow in an IPO?,A marketing event for a new product,A series of presentations by a company's management to potential investors,A tour of a company's facilities,A meeting of a company's board of directors,b
What is a primary offering?,The sale of existing shares by current shareholders,The sale of new shares by the company,The sale of bonds by the company,The sale of mutual funds by the company,b
What is a secondary offering?,The sale of new shares by the company,The sale of existing shares by current shareholders,The sale of bonds by the company,The sale of mutual funds by the company,b
What is a follow-on offering?,An initial public offering,A subsequent offering of shares by a company that is already publicly traded,A bond offering,A mutual fund offering,b
What is a seasoned equity offering (SEO)?,An initial public offering,A subsequent offering of shares by a company that is already publicly traded,A bond offering,A mutual fund offering,b
What is a rights offering?,An offering of new shares to existing shareholders at a discount,An offering of new shares to the public,An offering of bonds,An offering of mutual funds,a
What is a private placement?,An offering of securities to the general public,An offering of securities to a limited number of investors,An offering of securities to institutional investors only,An offering of securities to retail investors only,b
What is a venture capital?,Funding provided by large banks,"Funding provided to early-stage, high-potential growth companies",Funding provided by government agencies,Funding provided by public markets,b
What is private equity?,Investment in publicly traded companies,Investment in private companies or public companies that are delisted,Investment in government bonds,Investment in mutual funds,b
What is a leveraged buyout (LBO)?,A takeover of a company using a significant amount of borrowed money,A takeover of a company using only equity financing,A merger of two companies,A stock split,a
What is a management buyout (MBO)?,A takeover of a company by its employees,A takeover of a company by its existing management team,A takeover of a company by an external party,A takeover of a company by a competitor,b
What is a spin-off?,When a company acquires another company,When a company creates a new independent company from an existing division,When a company merges with another company,When a company goes bankrupt,b
What is a carve-out?,When a company sells a portion of its business to another company,"When a company creates a new independent company from an existing division, but retains a minority stake",When a company merges with another company,When a company goes bankrupt,b
What is a tracking stock?,A stock that tracks the performance of a specific division or asset of a company,A stock that tracks the performance of the entire company,A stock that tracks the performance of a stock index,A stock that tracks the performance of a commodity,a
What is a holding company?,A company that produces goods or services,A company that owns controlling interests in other companies,A company that provides financial services,A company that invests in real estate,b
What is a conglomerate?,A company that operates in a single industry,A company that owns multiple businesses operating in different industries,A company that focuses on technology,A company that focuses on finance,b
What is a joint venture?,A merger of two companies,A business arrangement in which two or more parties agree to pool their resources for the purpose of accomplishing a specific task,A hostile takeover,A stock split,b
What is a strategic alliance?,A formal partnership between two or more companies to achieve a common goal,A merger of two companies,A hostile takeover,A stock split,a
What is a market order?,An order to buy or sell a stock at a specific price,An order to buy or sell a stock immediately at the best available current price,An order to buy or sell a stock only if it reaches a certain price,An order to buy or sell a stock at the end of the trading day,b
What is a limit order?,An order to buy or sell a stock immediately at the best available price,An order to buy or sell a stock at a specific price or better,An order to buy or sell a stock at the end of the trading day,An order to buy or sell a stock only if it falls below a certain price,b
What is a stop order?,An order to buy or sell a stock at a specific price,"An order to buy or sell a stock when it reaches a certain price, triggering a market order",An order to buy or sell a stock immediately,An order to buy or sell a stock at the end of the trading day,b
What is a short sell?,Selling a stock that you own,"Selling a stock that you don't own, with the intention of buying it back later at a lower price",Buying a stock with borrowed money,Selling a stock to a short-term investor,b
What is a margin account?,A brokerage account that allows investors to borrow money to buy securities,A savings account with high interest rates,A retirement account,A checking account,a
What is a capital gain?,Profit from the sale of an asset,Loss from the sale of an asset,Income from dividends,Interest earned on bonds,a
What is a capital loss?,Profit from the sale of an asset,Loss from the sale of an asset,Income from dividends,Interest earned on bonds,b
What is a stock index?,A list of all stocks traded on an exchange,A measure of the performance of a group of stocks,A type of stock certificate,A financial report,b
What is the Dow Jones Industrial Average?,A stock index that tracks 30 large U.S. companies,A stock index that tracks all companies in the U.S.,A stock index that tracks technology companies,A stock index that tracks international companies,a
What is the S&P 500?,A stock index that tracks 500 large U.S. companies,A stock index that tracks all companies in the U.S.,A stock index that tracks small-cap companies,A stock index that tracks international companies,a
What is the NASDAQ Composite?,A stock index that tracks 30 large U.S. companies,A stock index that tracks technology and growth companies,A stock index that tracks all companies in the U.S.,A stock index that tracks international companies,b
What is a stock certificate?,A document that proves ownership of shares,A document that proves ownership of bonds,A document that proves ownership of mutual funds,A document that proves ownership of real estate,a
What is a proxy vote?,A vote cast by a shareholder in person,A vote cast by a shareholder through a representative,A vote cast by a company's board of directors,A vote cast by a government official,b
What is a tender offer?,An offer to buy a company's stock at a premium price,An offer to sell a company's stock at a discount price,An offer to merge with another company,An offer to issue new shares,a
What is a hostile takeover?,A takeover that is friendly and welcomed by the target company,A takeover that is resisted by the target company's management,A takeover that is initiated by the government,A takeover that involves a merger of equals,b
What is a golden parachute?,A bonus paid to employees for good performance,A severance package for executives in case of a takeover,A retirement plan for employees,A stock option plan for executives,b
What is insider trading?,Trading stocks based on publicly available information,"Trading stocks based on non-public, material information",Trading stocks with the permission of the company,Trading stocks through a licensed broker,b
What is a market maker?,A company that issues new stocks,A firm that stands ready to buy and sell a particular stock,A government regulator of stock markets,A financial advisor,b
What is a bid price?,The price at which a buyer is willing to sell a stock,The price at which a buyer is willing to buy a stock,The price at which a stock was last traded,The highest price a stock has reached,b
What is an ask price?,The price at which a seller is willing to sell a stock,The price at which a seller is willing to buy a stock,The price at which a stock was last traded,The lowest price a stock has reached,a
What is the spread in stock trading?,The difference between the bid and ask price,The difference between the opening and closing price,The difference between the highest and lowest price,The difference between the current price and the target price,a
What is liquidity in stock trading?,The ease with which a stock can be bought or sold without affecting its price,The amount of debt a company has,The profitability of a company,The growth potential of a company,a
What is volatility in stock trading?,The stability of a stock's price,The degree of variation of a trading price series over time,The amount of dividends paid by a stock,The market capitalization of a stock,b
What is a stock option?,A type of stock that pays high dividends,"A contract that gives the holder the right, but not the obligation, to buy or sell a stock at a specific price",A type of bond,A type of mutual fund,b
What is a call option?,A contract that gives the holder the right to sell a stock,A contract that gives the holder the right to buy a stock,A contract that obligates the holder to buy a stock,A contract that obligates the holder to sell a stock,b
What is a put option?,A contract that gives the holder the right to buy a stock,A contract that gives the holder the right to sell a stock,A contract that obligates the holder to buy a stock,A contract that obligates the holder to sell a stock,b
What is a strike price?,The current market price of a stock,The price at which an option can be exercised,The highest price a stock has reached,The lowest price a stock has reached,b
What is an expiration date for an option?,The date when the option can be exercised,The date when the option contract becomes void,The date when the stock pays dividends,The date when the company announces earnings,b
What is a futures contract?,An agreement to buy or sell an asset at a future date at a predetermined price,A type of stock option,A type of bond,A type of mutual fund,a
What is a commodity?,A financial asset like stocks or bonds,A raw material or primary agricultural product that can be bought and sold,A type of derivative,A type of currency,b
What is a derivative?,A financial instrument whose value is derived from an underlying asset,A type of stock,A type of bond,A type of mutual fund,a
What is a warrant?,A type of stock option,A long-term option to buy a company's stock at a predetermined price,A type of bond,A type of mutual fund,b
What is a convertible bond?,A bond that can be converted into cash,A bond that can be converted into shares of the issuing company's stock,A bond that can be converted into another type of bond,A bond that can be converted into a mutual fund,b
What is a preferred stock?,A type of stock that has voting rights,A type of stock that typically pays fixed dividends and has priority over common stock in receiving dividends and assets in liquidation,A type of stock that has no dividends,A type of stock that is traded only in the primary market,b
What is common stock?,A type of stock that typically has voting rights and variable dividends,A type of stock that pays fixed dividends,A type of stock that has no voting rights,A type of stock that is traded only in the primary market,a
What is a market order?,An order to buy or sell a stock at a specific price,An order to buy or sell a stock immediately at the best available current price,An order to buy or sell a stock only if it reaches a certain price,An order to buy or sell a stock at the end of the trading day,b
What is a stop-loss order?,An order to buy a stock when it reaches a certain price,An order to sell a stock when it reaches a certain price to limit potential losses,An order to buy a stock immediately,An order to sell a stock at the end of the trading day,b
What is a stop-limit order?,A stop order that becomes a limit order once the stop price is reached,A stop order that becomes a market order once the stop price is reached,A limit order that becomes a stop order once the limit price is reached,A market order that becomes a stop order once the market price is reached,a
What is a trailing stop order?,A stop order that remains fixed,A stop order that adjusts as the stock price moves in your favor,A stop order that adjusts as the stock price moves against you,A stop order that expires after a certain period,b
What is a day order?,An order that remains active until canceled,An order that is valid only for the remainder of the trading day,An order that is valid for a week,An order that is valid for a month,b
What is a good-till-canceled (GTC) order?,An order that is valid only for the remainder of the trading day,An order that remains active until it is executed or canceled,An order that is valid for a week,An order that is valid for a month,b
What is a fill-or-kill (FOK) order?,"An order that must be executed immediately and in its entirety, or canceled",An order that can be partially executed,An order that remains active until canceled,An order that is valid only for the remainder of the trading day,a
What is an immediate-or-cancel (IOC) order?,"An order that must be executed immediately, and any portion not executed is canceled",An order that must be executed in its entirety,An order that remains active until canceled,An order that is valid only for the remainder of the trading day,a
What is a market-on-open (MOO) order?,An order to buy or sell a stock at the opening price,An order to buy or sell a stock at the closing price,An order to buy or sell a stock at a specific price,An order to buy or sell a stock immediately,a
What is a market-on-close (MOC) order?,An order to buy or sell a stock at the opening price,An order to buy or sell a stock at the closing price,An order to buy or sell a stock at a specific price,An order to buy or sell a stock immediately,b
What is a dark pool?,A publicly accessible stock exchange,"A private forum for trading securities, not accessible to the public",A type of mutual fund,A type of bond,b
What is high-frequency trading (HFT)?,A type of long-term investing,A type of algorithmic trading characterized by high speeds and high turnover rates,A type of value investing,A type of passive investing,b
What is algorithmic trading?,Trading based on human intuition,Trading that uses computer programs to execute orders at high speeds,Trading based on fundamental analysis,Trading based on technical analysis,b
What is a stock dividend?,A cash payment to shareholders,A dividend paid in the form of additional shares of stock,A dividend paid in the form of bonds,A dividend paid in the form of commodities,b
What is a reverse stock split?,When a company issues new shares,When a company reduces the number of its outstanding shares by combining them,When a company buys back its own shares,When a company merges with another company,b
What is a rights issue?,When a company offers new shares to existing shareholders at a discount,When a company offers new shares to the public,When a company buys back its own shares,When a company merges with another company,a
What is a bonus issue?,When a company offers new shares to existing shareholders at a discount,When a company issues additional shares to existing shareholders for free,When a company buys back its own shares,When a company merges with another company,b
What is a delisting?,When a company's stock is added to a stock exchange,When a company's stock is removed from a stock exchange,When a company's stock price increases significantly,When a company's stock price decreases significantly,b
What is a listing?,When a company's stock is removed from a stock exchange,When a company's stock is added to a stock exchange,When a company's stock price increases significantly,When a company's stock price decreases significantly,b
What is a prospectus?,A financial report of a company,A legal document that provides details about an investment offering,A marketing brochure for a company,A stock certificate,b
What is a red herring prospectus?,A final prospectus,A preliminary prospectus filed with the SEC before the offering is finalized,A prospectus for a bond offering,A prospectus for a mutual fund,b
What is a green shoe option?,An option that allows underwriters to sell more shares than originally planned in an IPO,An option that allows underwriters to sell fewer shares than originally planned in an IPO,An option that allows investors to buy more shares than originally planned in an IPO,An option that allows investors to sell more shares than originally planned in an IPO,a
What is an underwriting agreement?,An agreement between a company and its shareholders,An agreement between a company and an investment bank to issue and sell new securities,An agreement between two companies to merge,An agreement between a company and its employees,b
What is a book-building process?,A process of writing financial reports,A process of determining the price of an IPO based on investor demand,A process of selling books to investors,A process of managing a company's finances,b
What is a lock-up period in an IPO?,A period during which investors cannot sell their shares,A period during which a company cannot issue new shares,A period during which a stock exchange is closed,A period during which dividends are not paid,a
What is a roadshow in an IPO?,A marketing event for a new product,A series of presentations by a company's management to potential investors,A tour of a company's facilities,A meeting of a company's board of directors,b
What is a primary offering?,The sale of existing shares by current shareholders,The sale of new shares by the company,The sale of bonds by the company,The sale of mutual funds by the company,b
What is a secondary offering?,The sale of new shares by the company,The sale of existing shares by current shareholders,The sale of bonds by the company,The sale of mutual funds by the company,b
What is a follow-on offering?,An initial public offering,A subsequent offering of shares by a company that is already publicly traded,A bond offering,A mutual fund offering,b
What is a seasoned equity offering (SEO)?,An initial public offering,A subsequent offering of shares by a company that is already publicly traded,A bond offering,A mutual fund offering,b
What is a rights offering?,An offering of new shares to existing shareholders at a discount,An offering of new shares to the public,An offering of bonds,An offering of mutual funds,a
What is a private placement?,An offering of securities to the general public,An offering of securities to a limited number of investors,An offering of securities to institutional investors only,An offering of securities to retail investors only,b
What is a venture capital?,Funding provided by large banks,"Funding provided to early-stage, high-potential growth companies",Funding provided by government agencies,Funding provided by public markets,b
What is private equity?,Investment in publicly traded companies,Investment in private companies or public companies that are delisted,Investment in government bonds,Investment in mutual funds,b
What is a leveraged buyout (LBO)?,A takeover of a company using a significant amount of borrowed money,A takeover of a company using only equity financing,A merger of two companies,A stock split,a
What is a management buyout (MBO)?,A takeover of a company by its employees,A takeover of a company by its existing management team,A takeover of a company by an external party,A takeover of a company by a competitor,b
What is a spin-off?,When a company acquires another company,When a company creates a new independent company from an existing division,When a company merges with another company,When a company goes bankrupt,b
What is a carve-out?,When a company sells a portion of its business to another company,"When a company creates a new independent company from an existing division, but retains a minority stake",When a company merges with another company,When a company goes bankrupt,b
What is a tracking stock?,A stock that tracks the performance of a specific division or asset of a company,A stock that tracks the performance of the entire company,A stock that tracks the performance of a stock index,A stock that tracks the performance of a commodity,a
What is a holding company?,A company that produces goods or services,A company that owns controlling interests in other companies,A company that provides financial services,A company that invests in real estate,b
What is a conglomerate?,A company that operates in a single industry,A company that owns multiple businesses operating in different industries,A company that focuses on technology,A company that focuses on finance,b
What is a joint venture?,A merger of two companies,A business arrangement in which two or more parties agree to pool their resources for the purpose of accomplishing a specific task,A hostile takeover,A stock split,b
What is a strategic alliance?,A formal partnership between two or more companies to achieve a common goal,A merger of two companies,A hostile takeover,A stock split,a
What is a market order?,An order to buy or sell a stock at a specific price,An order to buy or sell a stock immediately at the best available current price,An order to buy or sell a stock only if it reaches a certain price,An order to buy or sell a stock at the end of the trading day,b
What is a limit order?,An order to buy or sell a stock immediately at the best available price,An order to buy or sell a stock at a specific price or better,An order to buy or sell a stock at the end of the trading day,An order to buy or sell a stock only if it falls below a certain price,b
What is a stop order?,An order to buy or sell a stock at a specific price,"An order to buy or sell a stock when it reaches a certain price, triggering a market order",An order to buy or sell a stock immediately,An order to buy or sell a stock at the end of the trading day,b
What is a short sell?,Selling a stock that you own,"Selling a stock that you don't own, with the intention of buying it back later at a lower price",Buying a stock with borrowed money,Selling a stock to a short-term investor,b
What is a margin account?,A brokerage account that allows investors to borrow money to buy securities,A savings account with high interest rates,A retirement account,A checking account,a
What is a capital gain?,Profit from the sale of an asset,Loss from the sale of an asset,Income from dividends,Interest earned on bonds,a
What is a capital loss?,Profit from the sale of an asset,Loss from the sale of an asset,Income from dividends,Interest earned on bonds,b
What is a stock index?,A list of all stocks traded on an exchange,A measure of the performance of a group of stocks,A type of stock certificate,A financial report,b
What is the Dow Jones Industrial Average?,A stock index that tracks 30 large U.S. companies,A stock index that tracks all companies in the U.S.,A stock index that tracks technology companies,A stock index that tracks international companies,a
What is the S&P 500?,A stock index that tracks 500 large U.S. companies,A stock index that tracks all companies in the U.S.,A stock index that tracks small-cap companies,A stock index that tracks international companies,a
What is the NASDAQ Composite?,A stock index that tracks 30 large U.S. companies,A stock index that tracks technology and growth companies,A stock index that tracks all companies in the U.S.,A stock index that tracks international companies,b
What is a stock certificate?,A document that proves ownership of shares,A document that proves ownership of bonds,A document that proves ownership of mutual funds,A document that proves ownership of real estate,a
What is a proxy vote?,A vote cast by a shareholder in person,A vote cast by a shareholder through a representative,A vote cast by a company's board of directors,A vote cast by a government official,b
What is a tender offer?,An offer to buy a company's stock at a premium price,An offer to sell a company's stock at a discount price,An offer to merge with another company,An offer to issue new shares,a
What is a hostile takeover?,A takeover that is friendly and welcomed by the target company,A takeover that is resisted by the target company's management,A takeover that is initiated by the government,A takeover that involves a merger of equals,b
What is a golden parachute?,A bonus paid to employees for good performance,A severance package for executives in case of a takeover,A retirement plan for employees,A stock option plan for executives,b
What is insider trading?,Trading stocks based on publicly available information,"Trading stocks based on non-public, material information",Trading stocks with the permission of the company,Trading stocks through a licensed broker,b
What is a market maker?,A company that issues new stocks,A firm that stands ready to buy and sell a particular stock,A government regulator of stock markets,A financial advisor,b
What is a bid price?,The price at which a buyer is willing to sell a stock,The price at which a buyer is willing to buy a stock,The price at which a stock was last traded,The highest price a stock has reached,b
What is an ask price?,The price at which a seller is willing to sell a stock,The price at which a seller is willing to buy a stock,The price at which a stock was last traded,The lowest price a stock has reached,a
What is the spread in stock trading?,The difference between the bid and ask price,The difference between the opening and closing price,The difference between the highest and lowest price,The difference between the current price and the target price,a
What is liquidity in stock trading?,The ease with which a stock can be bought or sold without affecting its price,The amount of debt a company has,The profitability of a company,The growth potential of a company,a
What is volatility in stock trading?,The stability of a stock's price,The degree of variation of a trading price series over time,The amount of dividends paid by a stock,The market capitalization of a stock,b
What is a stock option?,A type of stock that pays high dividends,"A contract that gives the holder the right, but not the obligation, to buy or sell a stock at a specific price",A type of bond,A type of mutual fund,b
What is a call option?,A contract that gives the holder the right to sell a stock,A contract that gives the holder the right to buy a stock,A contract that obligates the holder to buy a stock,A contract that obligates the holder to sell a stock,b
What is a put option?,A contract that gives the holder the right to buy a stock,A contract that gives the holder the right to sell a stock,A contract that obligates the holder to buy a stock,A contract that obligates the holder to sell a stock,b
What is a strike price?,The current market price of a stock,The price at which an option can be exercised,The highest price a stock has reached,The lowest price a stock has reached,b
What is an expiration date for an option?,The date when the option can be exercised,The date when the option contract becomes void,The date when the stock pays dividends,The date when the company announces earnings,b
What is a futures contract?,An agreement to buy or sell an asset at a future date at a predetermined price,A type of stock option,A type of bond,A type of mutual fund,a
What is a commodity?,A financial asset like stocks or bonds,A raw material or primary agricultural product that can be bought and sold,A type of derivative,A type of currency,b
What is a derivative?,A financial instrument whose value is derived from an underlying asset,A type of stock,A type of bond,A type of mutual fund,a
What is a warrant?,A type of stock option,A long-term option to buy a company's stock at a predetermined price,A type of bond,A type of mutual fund,b
What is a convertible bond?,A bond that can be converted into cash,A bond that can be converted into shares of the issuing company's stock,A bond that can be converted into another type of bond,A bond that can be converted into a mutual fund,b
What is a preferred stock?,A type of stock that has voting rights,A type of stock that typically pays fixed dividends and has priority over common stock in receiving dividends and assets in liquidation,A type of stock that has no dividends,A type of stock that is traded only in the primary market,b
What is common stock?,A type of stock that typically has voting rights and variable dividends,A type of stock that pays fixed dividends,A type of stock that has no voting rights,A type of stock that is traded only in the primary market,a
What is a market order?,An order to buy or sell a stock at a specific price,An order to buy or sell a stock immediately at the best available current price,An order to buy or sell a stock only if it reaches a certain price,An order to buy or sell a stock at the end of the trading day,b
What is a stop-loss order?,An order to buy a stock when it reaches a certain price,An order to sell a stock when it reaches a certain price to limit potential losses,An order to buy a stock immediately,An order to sell a stock at the end of the trading day,b
What is a stop-limit order?,A stop order that becomes a limit order once the stop price is reached,A stop order that becomes a market order once the stop price is reached,A limit order that becomes a stop order once the limit price is reached,A market order that becomes a stop order once the market price is reached,a
What is a trailing stop order?,A stop order that remains fixed,A stop order that adjusts as the stock price moves in your favor,A stop order that adjusts as the stock price moves against you,A stop order that expires after a certain period,b
What is a day order?,An order that remains active until canceled,An order that is valid only for the remainder of the trading day,An order that is valid for a week,An order that is valid for a month,b
What is a good-till-canceled (GTC) order?,An order that is valid only for the remainder of the trading day,An order that remains active until it is executed or canceled,An order that is valid for a week,An order that is valid for a month,b
What is a fill-or-kill (FOK) order?,"An order that must be executed immediately and in its entirety, or canceled",An order that can be partially executed,An order that remains active until canceled,An order that is valid only for the remainder of the trading day,a
What is an immediate-or-cancel (IOC) order?,"An order that must be executed immediately, and any portion not executed is canceled",An order that must be executed in its entirety,An order that remains active until canceled,An order that is valid only for the remainder of the trading day,a
What is a market-on-open (MOO) order?,An order to buy or sell a stock at the opening price,An order to buy or sell a stock at the closing price,An order to buy or sell a stock at a specific price,An order to buy or sell a stock immediately,a
What is a market-on-close (MOC) order?,An order to buy or sell a stock at the opening price,An order to buy or sell a stock at the closing price,An order to buy or sell a stock at a specific price,An order to buy or sell a stock immediately,b
What is a dark pool?,A publicly accessible stock exchange,"A private forum for trading securities, not accessible to the public",A type of mutual fund,A type of bond,b
What is high-frequency trading (HFT)?,A type of long-term investing,A type of algorithmic trading characterized by high speeds and high turnover rates,A type of value investing,A type of passive investing,b
What is algorithmic trading?,Trading based on human intuition,Trading that uses computer programs to execute orders at high speeds,Trading based on fundamental analysis,Trading based on technical analysis,b
What is a stock dividend?,A cash payment to shareholders,A dividend paid in the form of additional shares of stock,A dividend paid in the form of bonds,A dividend paid in the form of commodities,b
What is a reverse stock split?,When a company issues new shares,When a company reduces the number of its outstanding shares by combining them,When a company buys back its own shares,When a company merges with another company,b
What is a rights issue?,When a company offers new shares to existing shareholders at a discount,When a company offers new shares to the public,When a company buys back its own shares,When a company merges with another company,a
What is a bonus issue?,When a company offers new shares to existing shareholders at a discount,When a company issues additional shares to existing shareholders for free,When a company buys back its own shares,When a company merges with another company,b
What is a delisting?,When a company's stock is added to a stock exchange,When a company's stock is removed from a stock exchange,When a company's stock price increases significantly,When a company's stock price decreases significantly,b
What is a listing?,When a company's stock is removed from a stock exchange,When a company's stock is added to a stock exchange,When a company's stock price increases significantly,When a company's stock price decreases significantly,b
What is a prospectus?,A financial report of a company,A legal document that provides details about an investment offering,A marketing brochure for a company,A stock certificate,b
What is a red herring prospectus?,A final prospectus,A preliminary prospectus filed with the SEC before the offering is finalized,A prospectus for a bond offering,A prospectus for a mutual fund,b
What is a green shoe option?,An option that allows underwriters to sell more shares than originally planned in an IPO,An option that allows underwriters to sell fewer shares than originally planned in an IPO,An option that allows investors to buy more shares than originally planned in an IPO,An option that allows investors to sell more shares than originally planned in an IPO,a
What is an underwriting agreement?,An agreement between a company and its shareholders,An agreement between a company and an investment bank to issue and sell new securities,An agreement between two companies to merge,An agreement between a company and its employees,b
What is a book-building process?,A process of writing financial reports,A process of determining the price of an IPO based on investor demand,A process of selling books to investors,A process of managing a company's finances,b
What is a lock-up period in an IPO?,A period during which investors cannot sell their shares,A period during which a company cannot issue new shares,A period during which a stock exchange is closed,A period during which dividends are not paid,a
What is a roadshow in an IPO?,A marketing event for a new product,A series of presentations by a company's management to potential investors,A tour of a company's facilities,A meeting of a company's board of directors,b
What is a primary offering?,The sale of existing shares by current shareholders,The sale of new shares by the company,The sale of bonds by the company,The sale of mutual funds by the company,b
What is a secondary offering?,The sale of new shares by the company,The sale of existing shares by current shareholders,The sale of bonds by the company,The sale of mutual funds by the company,b
What is a follow-on offering?,An initial public offering,A subsequent offering of shares by a company that is already publicly traded,A bond offering,A mutual fund offering,b
What is a seasoned equity offering (SEO)?,An initial public offering,A subsequent offering of shares by a company that is already publicly traded,A bond offering,A mutual fund offering,b
What is a rights offering?,An offering of new shares to existing shareholders at a discount,An offering of new shares to the public,An offering of bonds,An offering of mutual funds,a
What is a private placement?,An offering of securities to the general public,An offering of securities to a limited number of investors,An offering of securities to institutional investors only,An offering of securities to retail investors only,b
What is a venture capital?,Funding provided by large banks,"Funding provided to early-stage, high-potential growth companies",Funding provided by government agencies,Funding provided by public markets,b
What is private equity?,Investment in publicly traded companies,Investment in private companies or public companies that are delisted,Investment in government bonds,Investment in mutual funds,b
What is a leveraged buyout (LBO)?,A takeover of a company using a significant amount of borrowed money,A takeover of a company using only equity financing,A merger of two companies,A stock split,a
What is a management buyout (MBO)?,A takeover of a company by its employees,A takeover of a company by its existing management team,A takeover of a company by an external party,A takeover of a company by a competitor,b
What is a spin-off?,When a company acquires another company,When a company creates a new independent company from an existing division,When a company merges with another company,When a company goes bankrupt,b
What is a carve-out?,When a company sells a portion of its business to another company,"When a company creates a new independent company from an existing division, but retains a minority stake",When a company merges with another company,When a company goes bankrupt,b
What is a tracking stock?,A stock that tracks the performance of a specific division or asset of a company,A stock that tracks the performance of the entire company,A stock that tracks the performance of a stock index,A stock that tracks the performance of a commodity,a
What is a holding company?,A company that produces goods or services,A company that owns controlling interests in other companies,A company that provides financial services,A company that invests in real estate,b
What is a conglomerate?,A company that operates in a single industry,A company that owns multiple businesses operating in different industries,A company that focuses on technology,A company that focuses on finance,b
What is a joint venture?,A merger of two companies,A business arrangement in which two or more parties agree to pool their resources for the purpose of accomplishing a specific task,A hostile takeover,A stock split,b
What is a strategic alliance?,A formal partnership between two or more companies to achieve a common goal,A merger of two companies,A hostile takeover,A stock split,a
What is a market order?,An order to buy or sell a stock at a specific price,An order to buy or sell a stock immediately at the best available current price,An order to buy or sell a stock only if it reaches a certain price,An order to buy or sell a stock at the end of the trading day,b
What is a limit order?,An order to buy or sell a stock immediately at the best available price,An order to buy or sell a stock at a specific price or better,An order to buy or sell a stock at the end of the trading day,An order to buy or sell a stock only if it falls below a certain price,b
What is a stop order?,An order to buy or sell a stock at a specific price,"An order to buy or sell a stock when it reaches a certain price, triggering a market order",An order to buy or sell a stock immediately,An order to buy or sell a stock at the end of the trading day,b
What is a short sell?,Selling a stock that you own,"Selling a stock that you don't own, with the intention of buying it back later at a lower price",Buying a stock with borrowed money,Selling a stock to a short-term investor,b
What is a margin account?,A brokerage account that allows investors to borrow money to buy securities,A savings account with high interest rates,A retirement account,A checking account,a
What is a capital gain?,Profit from the sale of an asset,Loss from the sale of an asset,Income from dividends,Interest earned on bonds,a
What is a capital loss?,Profit from the sale of an asset,Loss from the sale of an asset,Income from dividends,Interest earned on bonds,b
What is a stock index?,A list of all stocks traded on an exchange,A measure of the performance of a group of stocks,A type of stock certificate,A financial report,b
What is the Dow Jones Industrial Average?,A stock index that tracks 30 large U.S. companies,A stock index that tracks all companies in the U.S.,A stock index that tracks technology companies,A stock index that tracks international companies,a
What is the S&P 500?,A stock index that tracks 500 large U.S. companies,A stock index that tracks all companies in the U.S.,A stock index that tracks small-cap companies,A stock index that tracks international companies,a
What is the NASDAQ Composite?,A stock index that tracks 30 large U.S. companies,A stock index that tracks technology and growth companies,A stock index that tracks all companies in the U.S.,A stock index that tracks international companies,b
What is a stock certificate?,A document that proves ownership of shares,A document that proves ownership of bonds,A document that proves ownership of mutual funds,A document that proves ownership of real estate,a
What is a proxy vote?,A vote cast by a shareholder in person,A vote cast by a shareholder through a representative,A vote cast by a company's board of directors,A vote cast by a government official,b
What is a tender offer?,An offer to buy a company's stock at a premium price,An offer to sell a company's stock at a discount price,An offer to merge with another company,An offer to issue new shares,a
What is a hostile takeover?,A takeover that is friendly and welcomed by the target company,A takeover that is resisted by the target company's management,A takeover that is initiated by the government,A takeover that involves a merger of equals,b
What is a golden parachute?,A bonus paid to employees for good performance,A severance package for executives in case of a takeover,A retirement plan for employees,A stock option plan for executives,b
What is insider trading?,Trading stocks based on publicly available information,"Trading stocks based on non-public, material information",Trading stocks with the permission of the company,Trading stocks through a licensed broker,b
What is a market maker?,A company that issues new stocks,A firm that stands ready to buy and sell a particular stock,A government regulator of stock markets,A financial advisor,b
What is a bid price?,The price at which a buyer is willing to sell a stock,The price at which a buyer is willing to buy a stock,The price at which a stock was last traded,The highest price a stock has reached,b
What is an ask price?,The price at which a seller is willing to sell a stock,The price at which a seller is willing to buy a stock,The price at which a stock was last traded,The lowest price a stock has reached,a
What is the spread in stock trading?,The difference between the bid and ask price,The difference between the opening and closing price,The difference between the highest and lowest price,The difference between the current price and the target price,a
What is liquidity in stock trading?,The ease with which a stock can be bought or sold without affecting its price,The amount of debt a company has,The profitability of a company,The growth potential of a company,a
What is volatility in stock trading?,The stability of a stock's price,The degree of variation of a trading price series over time,The amount of dividends paid by a stock,The market capitalization of a stock,b
What is a stock option?,A type of stock that pays high dividends,"A contract that gives the holder the right, but not the obligation, to buy or sell a stock at a specific price",A type of bond,A type of mutual fund,b
What is a call option?,A contract that gives the holder the right to sell a stock,A contract that gives the holder the right to buy a stock,A contract that obligates the holder to buy a stock,A contract that obligates the holder to sell a stock,b
What is a put option?,A contract that gives the holder the right to buy a stock,A contract that gives the holder the right to sell a stock,A contract that obligates the holder to buy a stock,A contract that obligates the holder to sell a stock,b
What is a strike price?,The current market price of a stock,The price at which an option can be exercised,The highest price a stock has reached,The lowest price a stock has reached,b
What is an expiration date for an option?,The date when the option can be exercised,The date when the option contract becomes void,The date when the stock pays dividends,The date when the company announces earnings,b
What is a futures contract?,An agreement to buy or sell an asset at a future date at a predetermined price,A type of stock option,A type of bond,A type of mutual fund,a
What is a commodity?,A financial asset like stocks or bonds,A raw material or primary agricultural product that can be bought and sold,A type of derivative,A type of currency,b
What is a derivative?,A financial instrument whose value is derived from an underlying asset,A type of stock,A type of bond,A type of mutual fund,a
What is a warrant?,A type of stock option,A long-term option to buy a company's stock at a predetermined price,A type of bond,A type of mutual fund,b
What is a convertible bond?,A bond that can be converted into cash,A bond that can be converted into shares of the issuing company's stock,A bond that can be converted into another type of bond,A bond that can be converted into a mutual fund,b
What is a preferred stock?,A type of stock that has voting rights,A type of stock that typically pays fixed dividends and has priority over common stock in receiving dividends and assets in liquidation,A type of stock that has no dividends,A type of stock that is traded only in the primary market,b
What is common stock?,A type of stock that typically has voting rights and variable dividends,A type of stock that pays fixed dividends,A type of stock that has no voting rights,A type of stock that is traded only in the primary market,a
What is a market order?,An order to buy or sell a stock at a specific price,An order to buy or sell a stock immediately at the best available current price,An order to buy or sell a stock only if it reaches a certain price,An order to buy or sell a stock at the end of the trading day,b
What is a stop-loss order?,An order to buy a stock when it reaches a certain price,An order to sell a stock when it reaches a certain price to limit potential losses,An order to buy a stock immediately,An order to sell a stock at the end of the trading day,b
What is a stop-limit order?,A stop order that becomes a limit order once the stop price is reached,A stop order that becomes a market order once the stop price is reached,A limit order that becomes a stop order once the limit price is reached,A market order that becomes a stop order once the market price is reached,a
What is a trailing stop order?,A stop order that remains fixed,A stop order that adjusts as the stock price moves in your favor,A stop order that adjusts as the stock price moves against you,A stop order that expires after a certain period,b
What is a day order?,An order that remains active until canceled,An order that is valid only for the remainder of the trading day,An order that is valid for a week,An order that is valid for a month,b
What is a good-till-canceled (GTC) order?,An order that is valid only for the remainder of the trading day,An order that remains active until it is executed or canceled,An order that is valid for a week,An order that is valid for a month,b
What is a fill-or-kill (FOK) order?,"An order that must be executed immediately and in its entirety, or canceled",An order that can be partially executed,An order that remains active until canceled,An order that is valid only for the remainder of the trading day,a
What is an immediate-or-cancel (IOC) order?,"An order that must be executed immediately, and any portion not executed is canceled",An order that must be executed in its entirety,An order that remains active until canceled,An order that is valid only for the remainder of the trading day,a
What is a market-on-open (MOO) order?,An order to buy or sell a stock at the opening price,An order to buy or sell a stock at the closing price,An order to buy or sell a stock at a specific price,An order to buy or sell a stock immediately,a
What is a market-on-close (MOC) order?,An order to buy or sell a stock at the opening price,An order to buy or sell a stock at the closing price,An order to buy or sell a stock at a specific price,An order to buy or sell a stock immediately,b
What is a dark pool?,A publicly accessible stock exchange,"A private forum for trading securities, not accessible to the public",A type of mutual fund,A type of bond,b
What is high-frequency trading (HFT)?,A type of long-term investing,A type of algorithmic trading characterized by high speeds and high turnover rates,A type of value investing,A type of passive investing,b
What is algorithmic trading?,Trading based on human intuition,Trading that uses computer programs to execute orders at high speeds,Trading based on fundamental analysis,Trading based on technical analysis,b
What is a stock dividend?,A cash payment to shareholders,A dividend paid in the form of additional shares of stock,A dividend paid in the form of bonds,A dividend paid in the form of commodities,b
What is a reverse stock split?,When a company issues new shares,When a company reduces the number of its outstanding shares by combining them,When a company buys back its own shares,When a company merges with another company,b
What is a rights issue?,When a company offers new shares to existing shareholders at a discount,When a company offers new shares to the public,When a company buys back its own shares,When a company merges with another company,a
What is a bonus issue?,When a company offers new shares to existing shareholders at a discount,When a company issues additional shares to existing shareholders for free,When a company buys back its own shares,When a company merges with another company,b
What is a delisting?,When a company's stock is added to a stock exchange,When a company's stock is removed from a stock exchange,When a company's stock price increases significantly,When a company's stock price decreases significantly,b
What is a listing?,When a company's stock is removed from a stock exchange,When a company's stock is added to a stock exchange,When a company's stock price increases significantly,When a company's stock price decreases significantly,b
What is a prospectus?,A financial report of a company,A legal document that provides details about an investment offering,A marketing brochure for a company,A stock certificate,b
What is a red herring prospectus?,A final prospectus,A preliminary prospectus filed with the SEC before the offering is finalized,A prospectus for a bond offering,A prospectus for a mutual fund,b
What is a green shoe option?,An option that allows underwriters to sell more shares than originally planned in an IPO,An option that allows underwriters to sell fewer shares than originally planned in an IPO,An option that allows investors to buy more shares than originally planned in an IPO,An option that allows investors to sell more shares than originally planned in an IPO,a
What is an underwriting agreement?,An agreement between a company and its shareholders,An agreement between a company and an investment bank to issue and sell new securities,An agreement between two companies to merge,An agreement between a company and its employees,b
What is a book-building process?,A process of writing financial reports,A process of determining the price of an IPO based on investor demand,A process of selling books to investors,A process of managing a company's finances,b
What is a lock-up period in an IPO?,A period during which investors cannot sell their shares,A period during which a company cannot issue new shares,A period during which a stock exchange is closed,A period during which dividends are not paid,a
What is a roadshow in an IPO?,A marketing event for a new product,A series of presentations by a company's management to potential investors,A tour of a company's facilities,A meeting of a company's board of directors,b
What is a primary offering?,The sale of existing shares by current shareholders,The sale of new shares by the company,The sale of bonds by the company,The sale of mutual funds by the company,b
What is a secondary offering?,The sale of new shares by the company,The sale of existing shares by current shareholders,The sale of bonds by the company,The sale of mutual funds by the company,b
What is a follow-on offering?,An initial public offering,A subsequent offering of shares by a company that is already publicly traded,A bond offering,A mutual fund offering,b
What is a seasoned equity offering (SEO)?,An initial public offering,A subsequent offering of shares by a company that is already publicly traded,A bond offering,A mutual fund offering,b
What is a rights offering?,An offering of new shares to existing shareholders at a discount,An offering of new shares to the public,An offering of bonds,An offering of mutual funds,a
What is a private placement?,An offering of securities to the general public,An offering of securities to a limited number of investors,An offering of securities to institutional investors only,An offering of securities to retail investors only,b
What is a venture capital?,Funding provided by large banks,"Funding provided to early-stage, high-potential growth companies",Funding provided by government agencies,Funding provided by public markets,b
What is private equity?,Investment in publicly traded companies,Investment in private companies or public companies that are delisted,Investment in government bonds,Investment in mutual funds,b
What is a leveraged buyout (LBO)?,A takeover of a company using a significant amount of borrowed money,A takeover of a company using only equity financing,A merger of two companies,A stock split,a
What is a management buyout (MBO)?,A takeover of a company by its employees,A takeover of a company by its existing management team,A takeover of a company by an external party,A takeover of a company by a competitor,b
What is a spin-off?,When a company acquires another company,When a company creates a new independent company from an existing division,When a company merges with another company,When a company goes bankrupt,b
What is a carve-out?,When a company sells a portion of its business to another company,"When a company creates a new independent company from an existing division, but retains a minority stake",When a company merges with another company,When a company goes bankrupt,b
What is a tracking stock?,A stock that tracks the performance of a specific division or asset of a company,A stock that tracks the performance of the entire company,A stock that tracks the performance of a stock index,A stock that tracks the performance of a commodity,a
What is a holding company?,A company that produces goods or services,A company that owns controlling interests in other companies,A company that provides financial services,A company that invests in real estate,b
What is a conglomerate?,A company that operates in a single industry,A company that owns multiple businesses operating in different industries,A company that focuses on technology,A company that focuses on finance,b
What is a joint venture?,A merger of two companies,A business arrangement in which two or more parties agree to pool their resources for the purpose of accomplishing a specific task,A hostile takeover,A stock split,b
What is a strategic alliance?,A formal partnership between two or more companies to achieve a common goal,A merger of two companies,A hostile takeover,A stock split,a
What is a market order?,An order to buy or sell a stock at a specific price,An order to buy or sell a stock immediately at the best available current price,An order to buy or sell a stock only if it reaches a certain price,An order to buy or sell a stock at the end of the trading day,b
What is a limit order?,An order to buy or sell a stock immediately at the best available price,An order to buy or sell a stock at a specific price or better,An order to buy or sell a stock at the end of the trading day,An order to buy or sell a stock only if it falls below a certain price,b
What is a stop order?,An order to buy or sell a stock at a specific price,"An order to buy or sell a stock when it reaches a certain price, triggering a market order",An order to buy or sell a stock immediately,An order to buy or sell a stock at the end of the trading day,b
What is a short sell?,Selling a stock that you own,"Selling a stock that you don't own, with the intention of buying it back later at a lower price",Buying a stock with borrowed money,Selling a stock to a short-term investor,b
What is a margin account?,A brokerage account that allows investors to borrow money to buy securities,A savings account with high interest rates,A retirement account,A checking account,a
What is a capital gain?,Profit from the sale of an asset,Loss from the sale of an asset,Income from dividends,Interest earned on bonds,a
What is a capital loss?,Profit from the sale of an asset,Loss from the sale of an asset,Income from dividends,Interest earned on bonds,b
What is a stock index?,A list of all stocks traded on an exchange,A measure of the performance of a group of stocks,A type of stock certificate,A financial report,b
What is the Dow Jones Industrial Average?,A stock index that tracks 30 large U.S. companies,A stock index that tracks all companies in the U.S.,A stock index that tracks technology companies,A stock index that tracks international companies,a
What is the S&P 500?,A stock index that tracks 500 large U.S. companies,A stock index that tracks all companies in the U.S.,A stock index that tracks small-cap companies,A stock index that tracks international companies,a
What is the NASDAQ Composite?,A stock index that tracks 30 large U.S. companies,A stock index that tracks technology and growth companies,A stock index that tracks all companies in the U.S.,A stock index that tracks international companies,b
What is a stock certificate?,A document that proves ownership of shares,A document that proves ownership of bonds,A document that proves ownership of mutual funds,A document that proves ownership of real estate,a
What is a proxy vote?,A vote cast by a shareholder in person,A vote cast by a shareholder through a representative,A vote cast by a company's board of directors,A vote cast by a government official,b
What is a tender offer?,An offer to buy a company's stock at a premium price,An offer to sell a company's stock at a discount price,An offer to merge with another company,An offer to issue new shares,a
What is a hostile takeover?,A takeover that is friendly and welcomed by the target company,A takeover that is resisted by the target company's management,A takeover that is initiated by the government,A takeover that involves a merger of equals,b
What is a golden parachute?,A bonus paid to employees for good performance,A severance package for executives in case of a takeover,A retirement plan for employees,A stock option plan for executives,b
What is insider trading?,Trading stocks based on publicly available information,"Trading stocks based on non-public, material information",Trading stocks with the permission of the company,Trading stocks through a licensed broker,b
What is a market maker?,A company that issues new stocks,A firm that stands ready to buy and sell a particular stock,A government regulator of stock markets,A financial advisor,b
What is a bid price?,The price at which a buyer is willing to sell a stock,The price at which a buyer is willing to buy a stock,The price at which a stock was last traded,The highest price a stock has reached,b
What is an ask price?,The price at which a seller is willing to sell a stock,The price at which a seller is willing to buy a stock,The price at which a stock was last traded,The lowest price a stock has reached,a
What is the spread in stock trading?,The difference between the bid and ask price,The difference between the opening and closing price,The difference between the highest and lowest price,The difference between the current price and the target price,a
What is liquidity in stock trading?,The ease with which a stock can be bought or sold without affecting its price,The amount of debt a company has,The profitability of a company,The growth potential of a company,a
What is volatility in stock trading?,The stability of a stock's price,The degree of variation of a trading price series over time,The amount of dividends paid by a stock,The market capitalization of a stock,b
What is a stock option?,A type of stock that pays high dividends,"A contract that gives the holder the right, but not the obligation, to buy or sell a stock at a specific price",A type of bond,A type of mutual fund,b
What is a call option?,A contract that gives the holder the right to sell a stock,A contract that gives the holder the right to buy a stock,A contract that obligates the holder to buy a stock,A contract that obligates the holder to sell a stock,b
What is a put option?,A contract that gives the holder the right to buy a stock,A contract that gives the holder the right to sell a stock,A contract that obligates the holder to buy a stock,A contract that obligates the holder to sell a stock,b
What is a strike price?,The current market price of a stock,The price at which an option can be exercised,The highest price a stock has reached,The lowest price a stock has reached,b
What is an expiration date for an option?,The date when the option can be exercised,The date when the option contract becomes void,The date when the stock pays dividends,The date when the company announces earnings,b
What is a futures contract?,An agreement to buy or sell an asset at a future date at a predetermined price,A type of stock option,A type of bond,A type of mutual fund,a
What is a commodity?,A financial asset like stocks or bonds,A raw material or primary agricultural product that can be bought and sold,A type of derivative,A type of currency,b
What is a derivative?,A financial instrument whose value is derived from an underlying asset,A type of stock,A type of bond,A type of mutual fund,a
What is a warrant?,A type of stock option,A long-term option to buy a company's stock at a predetermined price,A type of bond,A type of mutual fund,b
What is a convertible bond?,A bond that can be converted into cash,A bond that can be converted into shares of the issuing company's stock,A bond that can be converted into another type of bond,A bond that can be converted into a mutual fund,b
What is a preferred stock?,A type of stock that has voting rights,A type of stock that typically pays fixed dividends and has priority over common stock in receiving dividends and assets in liquidation,A type of stock that has no dividends,A type of stock that is traded only in the primary market,b
What is common stock?,A type of stock that typically has voting rights and variable dividends,A type of stock that pays fixed dividends,A type of stock that has no voting rights,A type of stock that is traded only in the primary market,a
What is a market order?,An order to buy or sell a stock at a specific price,An order to buy or sell a stock immediately at the best available current price,An order to buy or sell a stock only if it reaches a certain price,An order to buy or sell a stock at the end of the trading day,b
What is a stop-loss order?,An order to buy a stock when it reaches a certain price,An order to sell a stock when it reaches a certain price to limit potential losses,An order to buy a stock immediately,An order to sell a stock at the end of the trading day,b
What is a stop-limit order?,A stop order that becomes a limit order once the stop price is reached,A stop order that becomes a market order once the stop price is reached,A limit order that becomes a stop order once the limit price is reached,A market order that becomes a stop order once the market price is reached,a
What is a trailing stop order?,A stop order that remains fixed,A stop order that adjusts as the stock price moves in your favor,A stop order that adjusts as the stock price moves against you,A stop order that expires after a certain period,b
What is a day order?,An order that remains active until canceled,An order that is valid only for the remainder of the trading day,An order that is valid for a week,An order that is valid for a month,b
What is a good-till-canceled (GTC) order?,An order that is valid only for the remainder of the trading day,An order that remains active until it is executed or canceled,An order that is valid for a week,An order that is valid for a month,b
What is a fill-or-kill (FOK) order?,"An order that must be executed immediately and in its entirety, or canceled",An order that can be partially executed,An order that remains active until canceled,An order that is valid only for the remainder of the trading day,a
What is an immediate-or-cancel (IOC) order?,"An order that must be executed immediately, and any portion not executed is canceled",An order that must be executed in its entirety,An order that remains active until canceled,An order that is valid only for the remainder of the trading day,a
What is a market-on-open (MOO) order?,An order to buy or sell a stock at the opening price,An order to buy or sell a stock at the closing price,An order to buy or sell a stock at a specific price,An order to buy or sell a stock immediately,a
What is a market-on-close (MOC) order?,An order to buy or sell a stock at the opening price,An order to buy or sell a stock at the closing price,An order to buy or sell a stock at a specific price,An order to buy or sell a stock immediately,b
What is a dark pool?,A publicly accessible stock exchange,"A private forum for trading securities, not accessible to the public",A type of mutual fund,A type of bond,b
What is high-frequency trading (HFT)?,A type of long-term investing,A type of algorithmic trading characterized by high speeds and high turnover rates,A type of value investing,A type of passive investing,b
What is algorithmic trading?,Trading based on human intuition,Trading that uses computer programs to execute orders at high speeds,Trading based on fundamental analysis,Trading based on technical analysis,b
What is a stock dividend?,A cash payment to shareholders,A dividend paid in the form of additional shares of stock,A dividend paid in the form of bonds,A dividend paid in the form of commodities,b
What is a reverse stock split?,When a company issues new shares,When a company reduces the number of its outstanding shares by combining them,When a company buys back its own shares,When a company merges with another company,b
What is a rights issue?,When a company offers new shares to existing shareholders at a discount,When a company offers new shares to the public,When a company buys back its own shares,When a company merges with another company,a
What is a bonus issue?,When a company offers new shares to existing shareholders at a discount,When a company issues additional shares to existing shareholders for free,When a company buys back its own shares,When a company merges with another company,b
What is a delisting?,When a company's stock is added to a stock exchange,When a company's stock is removed from a stock exchange,When a company's stock price increases significantly,When a company's stock price decreases significantly,b
What is a listing?,When a company's stock is removed from a stock exchange,When a company's stock is added to a stock exchange,When a company's stock price increases significantly,When a company's stock price decreases significantly,b
What is a prospectus?,A financial report of a company,A legal document that provides details about an investment offering,A marketing brochure for a company,A stock certificate,b
What is a red herring prospectus?,A final prospectus,A preliminary prospectus filed with the SEC before the offering is finalized,A prospectus for a bond offering,A prospectus for a mutual fund,b
What is a green shoe option?,An option that allows underwriters to sell more shares than originally planned in an IPO,An option that allows underwriters to sell fewer shares than originally planned in an IPO,An option that allows investors to buy more shares than originally planned in an IPO,An option that allows investors to sell more shares than originally planned in an IPO,a
What is an underwriting agreement?,An agreement between a company and its shareholders,An agreement between a company and an investment bank to issue and sell new securities,An agreement between two companies to merge,An agreement between a company and its employees,b
What is a book-building process?,A process of writing financial reports,A process of determining the price of an IPO based on investor demand,A process of selling books to investors,A process of managing a company's finances,b
What is a lock-up period in an IPO?,A period during which investors cannot sell their shares,A period during which a company cannot issue new shares,A period during which a stock exchange is closed,A period during which dividends are not paid,a
What is a roadshow in an IPO?,A marketing event for a new product,A series of presentations by a company's management to potential investors,A tour of a company's facilities,A meeting of a company's board of directors,b
What is a primary offering?,The sale of existing shares by current shareholders,The sale of new shares by the company,The sale of bonds by the company,The sale of mutual funds by the company,b
What is a secondary offering?,The sale of new shares by the company,The sale of existing shares by current shareholders,The sale of bonds by the company,The sale of mutual funds by the company,b
What is a follow-on offering?,An initial public offering,A subsequent offering of shares by a company that is already publicly traded,A bond offering,A mutual fund offering,b
What is a seasoned equity offering (SEO)?,An initial public offering,A subsequent offering of shares by a company that is already publicly traded,A bond offering,A mutual fund offering,b
What is a rights offering?,An offering of new shares to existing shareholders at a discount,An offering of new shares to the public,An offering of bonds,An offering of mutual funds,a
What is a private placement?,An offering of securities to the general public,An offering of securities to a limited number of investors,An offering of securities to institutional investors only,An offering of securities to retail investors only,b
What is a venture capital?,Funding provided by large banks,"Funding provided to early-stage, high-potential growth companies",Funding provided by government agencies,Funding provided by public markets,b
What is private equity?,Investment in publicly traded companies,Investment in private companies or public companies that are delisted,Investment in government bonds,Investment in mutual funds,b
What is a leveraged buyout (LBO)?,A takeover of a company using a significant amount of borrowed money,A takeover of a company using only equity financing,A merger of two companies,A stock split,a
What is a management buyout (MBO)?,A takeover of a company by its employees,A takeover of a company by its existing management team,A takeover of a company by an external party,A takeover of a company by a competitor,b
What is a spin-off?,When a company acquires another company,When a company creates a new independent company from an existing division,When a company merges with another company,When a company goes bankrupt,b
What is a carve-out?,When a company sells a portion of its business to another company,"When a company creates a new independent company from an existing division, but retains a minority stake",When a company merges with another company,When a company goes bankrupt,b
What is a tracking stock?,A stock that tracks the performance of a specific division or asset of a company,A stock that tracks the performance of the entire company,A stock that tracks the performance of a stock index,A stock that tracks the performance of a commodity,a
What is a holding company?,A company that produces goods or services,A company that owns controlling interests in other companies,A company that provides financial services,A company that invests in real estate,b
What is a conglomerate?,A company that operates in a single industry,A company that owns multiple businesses operating in different industries,A company that focuses on technology,A company that focuses on finance,b
What is a joint venture?,A merger of two companies,A business arrangement in which two or more parties agree to pool their resources for the purpose of accomplishing a specific task,A hostile takeover,A stock split,b
What is a strategic alliance?,A formal partnership between two or more companies to achieve a common goal,A merger of two companies,A hostile takeover,A stock split,a
